filepath,true_label,n_steps,prediction,reasoning,roc_probability,success,error,api_time,confidence_score,actual_steps,enough_steps,rule_details,rule_score
vasp-data-files/101001010001001101100100/OSZICAR,1,100,1,可能收敛(得分=0.535)。详细: 能量收敛趋势规则: 能量变化趋势不明确(trend_score=-0.000); 电荷密度收敛趋势规则: 电荷密度残差趋势不明确(trend_score=-0.000); 震荡检测规则: 严重震荡(比例=0.62),,True,,0.0020432472229003906,5,100,True,"{""能量收敛趋势规则"": {""score"": 0.3, ""weight"": 0.25, ""reason"": ""能量变化趋势不明确(trend_score=-0.000)""}, ""电荷密度收敛趋势规则"": {""score"": 0.3, ""weight"": 0.2, ""reason"": ""电荷密度残差趋势不明确(trend_score=-0.000)""}, ""震荡检测规则"": {""score"": 0.0, ""weight"": 0.15, ""reason"": ""严重震荡(比例=0.62)""}, ""收敛阈值规则"": {""score"": 1.0, ""weight"": 0.4, ""reason"": ""已达到收敛标准(dE=2.00e-03<6e-03, rms=1.04e-02<7e-02)""}}",0.535
vasp-data-files/111110000100010000011110/OSZICAR,1,100,1,可能收敛(得分=0.535)。详细: 能量收敛趋势规则: 能量变化趋势不明确(trend_score=-0.000); 电荷密度收敛趋势规则: 电荷密度残差趋势不明确(trend_score=-0.001); 震荡检测规则: 严重震荡(比例=0.62),,True,,0.001100778579711914,5,100,True,"{""能量收敛趋势规则"": {""score"": 0.3, ""weight"": 0.25, ""reason"": ""能量变化趋势不明确(trend_score=-0.000)""}, ""电荷密度收敛趋势规则"": {""score"": 0.3, ""weight"": 0.2, ""reason"": ""电荷密度残差趋势不明确(trend_score=-0.001)""}, ""震荡检测规则"": {""score"": 0.0, ""weight"": 0.15, ""reason"": ""严重震荡(比例=0.62)""}, ""收敛阈值规则"": {""score"": 1.0, ""weight"": 0.4, ""reason"": ""已达到收敛标准(dE=4.17e-03<6e-03, rms=1.22e-02<7e-02)""}}",0.535
vasp-data-files/101101000101010011100011/OSZICAR,0,100,0,可能不收敛(得分=0.415)。详细: 能量收敛趋势规则: 能量变化趋势不明确(trend_score=-0.002); 电荷密度收敛趋势规则: 电荷密度残差趋势不明确(trend_score=-0.000); 震荡检测规则: 严重震荡(比例=0.50),,True,,0.0010845661163330078,4,100,True,"{""能量收敛趋势规则"": {""score"": 0.3, ""weight"": 0.25, ""reason"": ""能量变化趋势不明确(trend_score=-0.002)""}, ""电荷密度收敛趋势规则"": {""score"": 0.3, ""weight"": 0.2, ""reason"": ""电荷密度残差趋势不明确(trend_score=-0.000)""}, ""震荡检测规则"": {""score"": 0.0, ""weight"": 0.15, ""reason"": ""严重震荡(比例=0.50)""}, ""收敛阈值规则"": {""score"": 0.7, ""weight"": 0.4, ""reason"": ""电荷密度已收敛(rms=2.73e-02<7e-02)，但能量未收敛(dE=9.93e-03)""}}",0.415
vasp-data-files/110110100000011000100100/OSZICAR,1,100,1,很可能收敛(得分=0.765)。详细: 能量收敛趋势规则: 能量变化呈轻微稳定趋势(trend_score=0.000)，当前dE=1.64e-05很小; 电荷密度收敛趋势规则: 电荷密度残差呈轻微稳定趋势(trend_score=0.000); 震荡检测规则: 严重震荡(比例=1.00),,True,,0.0011363029479980469,7,100,True,"{""能量收敛趋势规则"": {""score"": 0.8999999999999999, ""weight"": 0.25, ""reason"": ""能量变化呈轻微稳定趋势(trend_score=0.000)，当前dE=1.64e-05很小""}, ""电荷密度收敛趋势规则"": {""score"": 0.7, ""weight"": 0.2, ""reason"": ""电荷密度残差呈轻微稳定趋势(trend_score=0.000)""}, ""震荡检测规则"": {""score"": 0.0, ""weight"": 0.15, ""reason"": ""严重震荡(比例=1.00)""}, ""收敛阈值规则"": {""score"": 1.0, ""weight"": 0.4, ""reason"": ""已达到收敛标准(dE=1.64e-05<6e-03, rms=2.38e-03<7e-02)""}}",0.765
vasp-data-files/110001111011001111111001/OSZICAR,1,100,1,可能收敛(得分=0.685)。详细: 能量收敛趋势规则: 能量变化呈轻微稳定趋势(trend_score=0.000)，当前dE=6.45e-05很小; 电荷密度收敛趋势规则: 电荷密度残差趋势不明确(trend_score=-0.000); 震荡检测规则: 严重震荡(比例=0.50),,True,,0.0010645389556884766,6,100,True,"{""能量收敛趋势规则"": {""score"": 0.8999999999999999, ""weight"": 0.25, ""reason"": ""能量变化呈轻微稳定趋势(trend_score=0.000)，当前dE=6.45e-05很小""}, ""电荷密度收敛趋势规则"": {""score"": 0.3, ""weight"": 0.2, ""reason"": ""电荷密度残差趋势不明确(trend_score=-0.000)""}, ""震荡检测规则"": {""score"": 0.0, ""weight"": 0.15, ""reason"": ""严重震荡(比例=0.50)""}, ""收敛阈值规则"": {""score"": 1.0, ""weight"": 0.4, ""reason"": ""已达到收敛标准(dE=6.45e-05<6e-03, rms=1.57e-03<7e-02)""}}",0.685
vasp-data-files/110000011100111100000000/OSZICAR,0,100,0,很可能不收敛(得分=0.295)。详细: 能量收敛趋势规则: 能量变化呈轻微稳定趋势(trend_score=0.001); 电荷密度收敛趋势规则: 电荷密度残差趋势不明确(trend_score=-0.008)，当前rms=1.37e-01较大; 震荡检测规则: 严重震荡(比例=0.62),,True,,0.0011069774627685547,3,100,True,"{""能量收敛趋势规则"": {""score"": 0.7, ""weight"": 0.25, ""reason"": ""能量变化呈轻微稳定趋势(trend_score=0.001)""}, ""电荷密度收敛趋势规则"": {""score"": 0.0, ""weight"": 0.2, ""reason"": ""电荷密度残差趋势不明确(trend_score=-0.008)，当前rms=1.37e-01较大""}, ""震荡检测规则"": {""score"": 0.0, ""weight"": 0.15, ""reason"": ""严重震荡(比例=0.62)""}, ""收敛阈值规则"": {""score"": 0.3, ""weight"": 0.4, ""reason"": ""均未达到收敛标准(dE=2.36e-02, rms=1.37e-01)""}}",0.295
vasp-data-files/101110111010110011001111/OSZICAR,0,100,1,可能收敛(得分=0.535)。详细: 能量收敛趋势规则: 能量变化趋势不明确(trend_score=-0.000); 电荷密度收敛趋势规则: 电荷密度残差趋势不明确(trend_score=-0.000); 震荡检测规则: 严重震荡(比例=0.50),,True,,0.0011026859283447266,5,100,True,"{""能量收敛趋势规则"": {""score"": 0.3, ""weight"": 0.25, ""reason"": ""能量变化趋势不明确(trend_score=-0.000)""}, ""电荷密度收敛趋势规则"": {""score"": 0.3, ""weight"": 0.2, ""reason"": ""电荷密度残差趋势不明确(trend_score=-0.000)""}, ""震荡检测规则"": {""score"": 0.0, ""weight"": 0.15, ""reason"": ""严重震荡(比例=0.50)""}, ""收敛阈值规则"": {""score"": 1.0, ""weight"": 0.4, ""reason"": ""已达到收敛标准(dE=2.51e-03<6e-03, rms=2.99e-03<7e-02)""}}",0.535
vasp-data-files/101111010100110000100100/OSZICAR,0,100,1,可能收敛(得分=0.515)。详细: 能量收敛趋势规则: 能量变化呈轻微稳定趋势(trend_score=0.000); 电荷密度收敛趋势规则: 电荷密度残差趋势不明确(trend_score=-0.000); 震荡检测规则: 严重震荡(比例=0.62),,True,,0.001069784164428711,5,100,True,"{""能量收敛趋势规则"": {""score"": 0.7, ""weight"": 0.25, ""reason"": ""能量变化呈轻微稳定趋势(trend_score=0.000)""}, ""电荷密度收敛趋势规则"": {""score"": 0.3, ""weight"": 0.2, ""reason"": ""电荷密度残差趋势不明确(trend_score=-0.000)""}, ""震荡检测规则"": {""score"": 0.0, ""weight"": 0.15, ""reason"": ""严重震荡(比例=0.62)""}, ""收敛阈值规则"": {""score"": 0.7, ""weight"": 0.4, ""reason"": ""电荷密度已收敛(rms=5.03e-02<7e-02)，但能量未收敛(dE=7.57e-02)""}}",0.5149999999999999
vasp-data-files/111111011101110001001010/OSZICAR,1,100,1,很可能收敛(得分=0.715)。详细: 能量收敛趋势规则: 能量变化呈轻微稳定趋势(trend_score=0.000); 电荷密度收敛趋势规则: 电荷密度残差呈轻微稳定趋势(trend_score=0.001); 震荡检测规则: 严重震荡(比例=0.88),,True,,0.001088857650756836,6,100,True,"{""能量收敛趋势规则"": {""score"": 0.7, ""weight"": 0.25, ""reason"": ""能量变化呈轻微稳定趋势(trend_score=0.000)""}, ""电荷密度收敛趋势规则"": {""score"": 0.7, ""weight"": 0.2, ""reason"": ""电荷密度残差呈轻微稳定趋势(trend_score=0.001)""}, ""震荡检测规则"": {""score"": 0.0, ""weight"": 0.15, ""reason"": ""严重震荡(比例=0.88)""}, ""收敛阈值规则"": {""score"": 1.0, ""weight"": 0.4, ""reason"": ""已达到收敛标准(dE=3.48e-04<6e-03, rms=2.97e-03<7e-02)""}}",0.715
vasp-data-files/111100110011000100101100/OSZICAR,0,100,1,可能收敛(得分=0.535)。详细: 能量收敛趋势规则: 能量变化趋势不明确(trend_score=-0.000); 电荷密度收敛趋势规则: 电荷密度残差趋势不明确(trend_score=-0.000); 震荡检测规则: 严重震荡(比例=0.75),,True,,0.0010657310485839844,5,100,True,"{""能量收敛趋势规则"": {""score"": 0.3, ""weight"": 0.25, ""reason"": ""能量变化趋势不明确(trend_score=-0.000)""}, ""电荷密度收敛趋势规则"": {""score"": 0.3, ""weight"": 0.2, ""reason"": ""电荷密度残差趋势不明确(trend_score=-0.000)""}, ""震荡检测规则"": {""score"": 0.0, ""weight"": 0.15, ""reason"": ""严重震荡(比例=0.75)""}, ""收敛阈值规则"": {""score"": 1.0, ""weight"": 0.4, ""reason"": ""已达到收敛标准(dE=1.28e-03<6e-03, rms=5.61e-03<7e-02)""}}",0.535
vasp-data-files/111110000101010000100000/OSZICAR,0,100,1,很可能收敛(得分=0.715)。详细: 能量收敛趋势规则: 能量变化呈轻微稳定趋势(trend_score=0.000); 电荷密度收敛趋势规则: 电荷密度残差呈轻微稳定趋势(trend_score=0.000); 震荡检测规则: 严重震荡(比例=0.50),,True,,0.001062631607055664,6,100,True,"{""能量收敛趋势规则"": {""score"": 0.7, ""weight"": 0.25, ""reason"": ""能量变化呈轻微稳定趋势(trend_score=0.000)""}, ""电荷密度收敛趋势规则"": {""score"": 0.7, ""weight"": 0.2, ""reason"": ""电荷密度残差呈轻微稳定趋势(trend_score=0.000)""}, ""震荡检测规则"": {""score"": 0.0, ""weight"": 0.15, ""reason"": ""严重震荡(比例=0.50)""}, ""收敛阈值规则"": {""score"": 1.0, ""weight"": 0.4, ""reason"": ""已达到收敛标准(dE=1.02e-03<6e-03, rms=4.64e-03<7e-02)""}}",0.715
vasp-data-files/101000010100011110000010/OSZICAR,1,100,1,可能收敛(得分=0.535)。详细: 能量收敛趋势规则: 能量变化趋势不明确(trend_score=-0.000); 电荷密度收敛趋势规则: 电荷密度残差趋势不明确(trend_score=-0.001); 震荡检测规则: 严重震荡(比例=0.75),,True,,0.0010938644409179688,5,100,True,"{""能量收敛趋势规则"": {""score"": 0.3, ""weight"": 0.25, ""reason"": ""能量变化趋势不明确(trend_score=-0.000)""}, ""电荷密度收敛趋势规则"": {""score"": 0.3, ""weight"": 0.2, ""reason"": ""电荷密度残差趋势不明确(trend_score=-0.001)""}, ""震荡检测规则"": {""score"": 0.0, ""weight"": 0.15, ""reason"": ""严重震荡(比例=0.75)""}, ""收敛阈值规则"": {""score"": 1.0, ""weight"": 0.4, ""reason"": ""已达到收敛标准(dE=2.25e-03<6e-03, rms=1.33e-02<7e-02)""}}",0.535
vasp-data-files/111000011100111110100100/OSZICAR,1,100,1,可能收敛(得分=0.535)。详细: 能量收敛趋势规则: 能量变化趋势不明确(trend_score=-0.000); 电荷密度收敛趋势规则: 电荷密度残差趋势不明确(trend_score=-0.000); 震荡检测规则: 严重震荡(比例=0.50),,True,,0.0010781288146972656,5,100,True,"{""能量收敛趋势规则"": {""score"": 0.3, ""weight"": 0.25, ""reason"": ""能量变化趋势不明确(trend_score=-0.000)""}, ""电荷密度收敛趋势规则"": {""score"": 0.3, ""weight"": 0.2, ""reason"": ""电荷密度残差趋势不明确(trend_score=-0.000)""}, ""震荡检测规则"": {""score"": 0.0, ""weight"": 0.15, ""reason"": ""严重震荡(比例=0.50)""}, ""收敛阈值规则"": {""score"": 1.0, ""weight"": 0.4, ""reason"": ""已达到收敛标准(dE=4.75e-04<6e-03, rms=3.77e-03<7e-02)""}}",0.535
vasp-data-files/100100110010001101011001/OSZICAR,0,100,0,可能不收敛(得分=0.415)。详细: 能量收敛趋势规则: 能量变化趋势不明确(trend_score=-0.003); 电荷密度收敛趋势规则: 电荷密度残差趋势不明确(trend_score=-0.000); 震荡检测规则: 严重震荡(比例=0.88),,True,,0.0010712146759033203,4,100,True,"{""能量收敛趋势规则"": {""score"": 0.3, ""weight"": 0.25, ""reason"": ""能量变化趋势不明确(trend_score=-0.003)""}, ""电荷密度收敛趋势规则"": {""score"": 0.3, ""weight"": 0.2, ""reason"": ""电荷密度残差趋势不明确(trend_score=-0.000)""}, ""震荡检测规则"": {""score"": 0.0, ""weight"": 0.15, ""reason"": ""严重震荡(比例=0.88)""}, ""收敛阈值规则"": {""score"": 0.7, ""weight"": 0.4, ""reason"": ""电荷密度已收敛(rms=6.77e-03<7e-02)，但能量未收敛(dE=3.66e-02)""}}",0.415
vasp-data-files/100001111010000001010101/OSZICAR,0,100,1,可能收敛(得分=0.535)。详细: 能量收敛趋势规则: 能量变化趋势不明确(trend_score=-0.000); 电荷密度收敛趋势规则: 电荷密度残差趋势不明确(trend_score=-0.000); 震荡检测规则: 严重震荡(比例=0.62),,True,,0.0011067390441894531,5,100,True,"{""能量收敛趋势规则"": {""score"": 0.3, ""weight"": 0.25, ""reason"": ""能量变化趋势不明确(trend_score=-0.000)""}, ""电荷密度收敛趋势规则"": {""score"": 0.3, ""weight"": 0.2, ""reason"": ""电荷密度残差趋势不明确(trend_score=-0.000)""}, ""震荡检测规则"": {""score"": 0.0, ""weight"": 0.15, ""reason"": ""严重震荡(比例=0.62)""}, ""收敛阈值规则"": {""score"": 1.0, ""weight"": 0.4, ""reason"": ""已达到收敛标准(dE=1.07e-03<6e-03, rms=6.21e-03<7e-02)""}}",0.535
vasp-data-files/100001010111110011101110/OSZICAR,0,100,1,可能收敛(得分=0.515)。详细: 能量收敛趋势规则: 能量变化呈轻微稳定趋势(trend_score=0.006); 电荷密度收敛趋势规则: 电荷密度残差趋势不明确(trend_score=-0.000); 震荡检测规则: 严重震荡(比例=0.62),,True,,0.0010693073272705078,5,100,True,"{""能量收敛趋势规则"": {""score"": 0.7, ""weight"": 0.25, ""reason"": ""能量变化呈轻微稳定趋势(trend_score=0.006)""}, ""电荷密度收敛趋势规则"": {""score"": 0.3, ""weight"": 0.2, ""reason"": ""电荷密度残差趋势不明确(trend_score=-0.000)""}, ""震荡检测规则"": {""score"": 0.0, ""weight"": 0.15, ""reason"": ""严重震荡(比例=0.62)""}, ""收敛阈值规则"": {""score"": 0.7, ""weight"": 0.4, ""reason"": ""电荷密度已收敛(rms=5.54e-03<7e-02)，但能量未收敛(dE=1.53e-02)""}}",0.5149999999999999
vasp-data-files/111100010101111011110101/OSZICAR,0,100,0,可能不收敛(得分=0.440)。详细: 能量收敛趋势规则: 能量变化呈轻微稳定趋势(trend_score=0.001)，当前dE=1.17e-01较大; 电荷密度收敛趋势规则: 电荷密度残差趋势不明确(trend_score=-0.000); 震荡检测规则: 严重震荡(比例=0.50),,True,,0.0010650157928466797,4,100,True,"{""能量收敛趋势规则"": {""score"": 0.39999999999999997, ""weight"": 0.25, ""reason"": ""能量变化呈轻微稳定趋势(trend_score=0.001)，当前dE=1.17e-01较大""}, ""电荷密度收敛趋势规则"": {""score"": 0.3, ""weight"": 0.2, ""reason"": ""电荷密度残差趋势不明确(trend_score=-0.000)""}, ""震荡检测规则"": {""score"": 0.0, ""weight"": 0.15, ""reason"": ""严重震荡(比例=0.50)""}, ""收敛阈值规则"": {""score"": 0.7, ""weight"": 0.4, ""reason"": ""电荷密度已收敛(rms=3.27e-02<7e-02)，但能量未收敛(dE=1.17e-01)""}}",0.43999999999999995
vasp-data-files/101011010100110010100100/OSZICAR,0,100,1,很可能收敛(得分=0.715)。详细: 能量收敛趋势规则: 能量变化呈轻微稳定趋势(trend_score=0.000); 电荷密度收敛趋势规则: 电荷密度残差呈轻微稳定趋势(trend_score=0.000); 震荡检测规则: 严重震荡(比例=0.75),,True,,0.0010652542114257812,6,100,True,"{""能量收敛趋势规则"": {""score"": 0.7, ""weight"": 0.25, ""reason"": ""能量变化呈轻微稳定趋势(trend_score=0.000)""}, ""电荷密度收敛趋势规则"": {""score"": 0.7, ""weight"": 0.2, ""reason"": ""电荷密度残差呈轻微稳定趋势(trend_score=0.000)""}, ""震荡检测规则"": {""score"": 0.0, ""weight"": 0.15, ""reason"": ""严重震荡(比例=0.75)""}, ""收敛阈值规则"": {""score"": 1.0, ""weight"": 0.4, ""reason"": ""已达到收敛标准(dE=4.81e-04<6e-03, rms=4.27e-03<7e-02)""}}",0.715
vasp-data-files/110100001110001101011001/OSZICAR,0,100,0,可能不收敛(得分=0.490)。详细: 能量收敛趋势规则: 能量变化趋势不明确(trend_score=-0.002); 电荷密度收敛趋势规则: 电荷密度残差趋势不明确(trend_score=-0.000); 震荡检测规则: 存在一定震荡(比例=0.25),,True,,0.001058340072631836,4,100,True,"{""能量收敛趋势规则"": {""score"": 0.3, ""weight"": 0.25, ""reason"": ""能量变化趋势不明确(trend_score=-0.002)""}, ""电荷密度收敛趋势规则"": {""score"": 0.3, ""weight"": 0.2, ""reason"": ""电荷密度残差趋势不明确(trend_score=-0.000)""}, ""震荡检测规则"": {""score"": 0.5, ""weight"": 0.15, ""reason"": ""存在一定震荡(比例=0.25)""}, ""收敛阈值规则"": {""score"": 0.7, ""weight"": 0.4, ""reason"": ""电荷密度已收敛(rms=2.68e-03<7e-02)，但能量未收敛(dE=1.61e-02)""}}",0.49
vasp-data-files/100100111111011001010111/OSZICAR,0,100,0,很可能不收敛(得分=0.340)。详细: 能量收敛趋势规则: 能量变化趋势不明确(trend_score=-0.010)，当前dE=1.11e-01较大; 电荷密度收敛趋势规则: 电荷密度残差趋势不明确(trend_score=-0.004); 震荡检测规则: 严重震荡(比例=0.62),,True,,0.001089334487915039,3,100,True,"{""能量收敛趋势规则"": {""score"": 0.0, ""weight"": 0.25, ""reason"": ""能量变化趋势不明确(trend_score=-0.010)，当前dE=1.11e-01较大""}, ""电荷密度收敛趋势规则"": {""score"": 0.3, ""weight"": 0.2, ""reason"": ""电荷密度残差趋势不明确(trend_score=-0.004)""}, ""震荡检测规则"": {""score"": 0.0, ""weight"": 0.15, ""reason"": ""严重震荡(比例=0.62)""}, ""收敛阈值规则"": {""score"": 0.7, ""weight"": 0.4, ""reason"": ""电荷密度已收敛(rms=3.14e-02<7e-02)，但能量未收敛(dE=1.11e-01)""}}",0.33999999999999997
vasp-data-files/100001011101111010001100/OSZICAR,0,100,1,可能收敛(得分=0.610)。详细: 能量收敛趋势规则: 能量变化趋势不明确(trend_score=-0.000); 电荷密度收敛趋势规则: 电荷密度残差趋势不明确(trend_score=-0.000); 震荡检测规则: 存在一定震荡(比例=0.38),,True,,0.0011148452758789062,5,100,True,"{""能量收敛趋势规则"": {""score"": 0.3, ""weight"": 0.25, ""reason"": ""能量变化趋势不明确(trend_score=-0.000)""}, ""电荷密度收敛趋势规则"": {""score"": 0.3, ""weight"": 0.2, ""reason"": ""电荷密度残差趋势不明确(trend_score=-0.000)""}, ""震荡检测规则"": {""score"": 0.5, ""weight"": 0.15, ""reason"": ""存在一定震荡(比例=0.38)""}, ""收敛阈值规则"": {""score"": 1.0, ""weight"": 0.4, ""reason"": ""已达到收敛标准(dE=1.03e-04<6e-03, rms=1.75e-03<7e-02)""}}",0.6100000000000001
vasp-data-files/101110010100111011000100/OSZICAR,1,100,0,可能不收敛(得分=0.415)。详细: 能量收敛趋势规则: 能量变化趋势不明确(trend_score=-0.002); 电荷密度收敛趋势规则: 电荷密度残差趋势不明确(trend_score=-0.000); 震荡检测规则: 严重震荡(比例=0.75),,True,,0.0010538101196289062,4,100,True,"{""能量收敛趋势规则"": {""score"": 0.3, ""weight"": 0.25, ""reason"": ""能量变化趋势不明确(trend_score=-0.002)""}, ""电荷密度收敛趋势规则"": {""score"": 0.3, ""weight"": 0.2, ""reason"": ""电荷密度残差趋势不明确(trend_score=-0.000)""}, ""震荡检测规则"": {""score"": 0.0, ""weight"": 0.15, ""reason"": ""严重震荡(比例=0.75)""}, ""收敛阈值规则"": {""score"": 0.7, ""weight"": 0.4, ""reason"": ""电荷密度已收敛(rms=1.88e-02<7e-02)，但能量未收敛(dE=1.87e-02)""}}",0.415
vasp-data-files/110100001101111100101000/OSZICAR,1,100,1,很可能收敛(得分=0.715)。详细: 能量收敛趋势规则: 能量变化呈轻微稳定趋势(trend_score=0.000); 电荷密度收敛趋势规则: 电荷密度残差呈轻微稳定趋势(trend_score=0.000); 震荡检测规则: 严重震荡(比例=0.88),,True,,0.0010738372802734375,6,100,True,"{""能量收敛趋势规则"": {""score"": 0.7, ""weight"": 0.25, ""reason"": ""能量变化呈轻微稳定趋势(trend_score=0.000)""}, ""电荷密度收敛趋势规则"": {""score"": 0.7, ""weight"": 0.2, ""reason"": ""电荷密度残差呈轻微稳定趋势(trend_score=0.000)""}, ""震荡检测规则"": {""score"": 0.0, ""weight"": 0.15, ""reason"": ""严重震荡(比例=0.88)""}, ""收敛阈值规则"": {""score"": 1.0, ""weight"": 0.4, ""reason"": ""已达到收敛标准(dE=2.66e-04<6e-03, rms=1.37e-03<7e-02)""}}",0.715
vasp-data-files/111100000101111100101000/OSZICAR,0,100,1,可能收敛(得分=0.635)。详细: 能量收敛趋势规则: 能量变化呈轻微稳定趋势(trend_score=0.000); 电荷密度收敛趋势规则: 电荷密度残差趋势不明确(trend_score=-0.000); 震荡检测规则: 严重震荡(比例=0.62),,True,,0.0010607242584228516,6,100,True,"{""能量收敛趋势规则"": {""score"": 0.7, ""weight"": 0.25, ""reason"": ""能量变化呈轻微稳定趋势(trend_score=0.000)""}, ""电荷密度收敛趋势规则"": {""score"": 0.3, ""weight"": 0.2, ""reason"": ""电荷密度残差趋势不明确(trend_score=-0.000)""}, ""震荡检测规则"": {""score"": 0.0, ""weight"": 0.15, ""reason"": ""严重震荡(比例=0.62)""}, ""收敛阈值规则"": {""score"": 1.0, ""weight"": 0.4, ""reason"": ""已达到收敛标准(dE=9.18e-04<6e-03, rms=3.19e-03<7e-02)""}}",0.635
vasp-data-files/110101101100111101010011/OSZICAR,1,100,1,可能收敛(得分=0.575)。详细: 能量收敛趋势规则: 能量变化趋势不明确(trend_score=-0.000); 电荷密度收敛趋势规则: 电荷密度残差趋势不明确(trend_score=-0.000)，当前rms=6.20e-04很小; 震荡检测规则: 严重震荡(比例=0.75),,True,,0.0010666847229003906,5,100,True,"{""能量收敛趋势规则"": {""score"": 0.3, ""weight"": 0.25, ""reason"": ""能量变化趋势不明确(trend_score=-0.000)""}, ""电荷密度收敛趋势规则"": {""score"": 0.5, ""weight"": 0.2, ""reason"": ""电荷密度残差趋势不明确(trend_score=-0.000)，当前rms=6.20e-04很小""}, ""震荡检测规则"": {""score"": 0.0, ""weight"": 0.15, ""reason"": ""严重震荡(比例=0.75)""}, ""收敛阈值规则"": {""score"": 1.0, ""weight"": 0.4, ""reason"": ""已达到收敛标准(dE=1.73e-04<6e-03, rms=6.20e-04<7e-02)""}}",0.575
vasp-data-files/101001110010000111111111/OSZICAR,1,100,1,很可能收敛(得分=0.715)。详细: 能量收敛趋势规则: 能量变化呈轻微稳定趋势(trend_score=0.000); 电荷密度收敛趋势规则: 电荷密度残差呈轻微稳定趋势(trend_score=0.001); 震荡检测规则: 严重震荡(比例=0.62),,True,,0.001062631607055664,6,100,True,"{""能量收敛趋势规则"": {""score"": 0.7, ""weight"": 0.25, ""reason"": ""能量变化呈轻微稳定趋势(trend_score=0.000)""}, ""电荷密度收敛趋势规则"": {""score"": 0.7, ""weight"": 0.2, ""reason"": ""电荷密度残差呈轻微稳定趋势(trend_score=0.001)""}, ""震荡检测规则"": {""score"": 0.0, ""weight"": 0.15, ""reason"": ""严重震荡(比例=0.62)""}, ""收敛阈值规则"": {""score"": 1.0, ""weight"": 0.4, ""reason"": ""已达到收敛标准(dE=6.05e-04<6e-03, rms=2.96e-03<7e-02)""}}",0.715
vasp-data-files/101011010111111010100100/OSZICAR,0,100,1,可能收敛(得分=0.595)。详细: 能量收敛趋势规则: 能量变化呈轻微稳定趋势(trend_score=0.002); 电荷密度收敛趋势规则: 电荷密度残差呈轻微稳定趋势(trend_score=0.000); 震荡检测规则: 严重震荡(比例=0.50),,True,,0.0010654926300048828,5,100,True,"{""能量收敛趋势规则"": {""score"": 0.7, ""weight"": 0.25, ""reason"": ""能量变化呈轻微稳定趋势(trend_score=0.002)""}, ""电荷密度收敛趋势规则"": {""score"": 0.7, ""weight"": 0.2, ""reason"": ""电荷密度残差呈轻微稳定趋势(trend_score=0.000)""}, ""震荡检测规则"": {""score"": 0.0, ""weight"": 0.15, ""reason"": ""严重震荡(比例=0.50)""}, ""收敛阈值规则"": {""score"": 0.7, ""weight"": 0.4, ""reason"": ""电荷密度已收敛(rms=8.51e-03<7e-02)，但能量未收敛(dE=7.32e-03)""}}",0.595
vasp-data-files/111110000101110010010000/OSZICAR,0,100,0,可能不收敛(得分=0.415)。详细: 能量收敛趋势规则: 能量变化趋势不明确(trend_score=-0.003); 电荷密度收敛趋势规则: 电荷密度残差趋势不明确(trend_score=-0.000); 震荡检测规则: 严重震荡(比例=0.88),,True,,0.0010533332824707031,4,100,True,"{""能量收敛趋势规则"": {""score"": 0.3, ""weight"": 0.25, ""reason"": ""能量变化趋势不明确(trend_score=-0.003)""}, ""电荷密度收敛趋势规则"": {""score"": 0.3, ""weight"": 0.2, ""reason"": ""电荷密度残差趋势不明确(trend_score=-0.000)""}, ""震荡检测规则"": {""score"": 0.0, ""weight"": 0.15, ""reason"": ""严重震荡(比例=0.88)""}, ""收敛阈值规则"": {""score"": 0.7, ""weight"": 0.4, ""reason"": ""电荷密度已收敛(rms=9.92e-03<7e-02)，但能量未收敛(dE=3.40e-02)""}}",0.415
vasp-data-files/100001110001101111000111/OSZICAR,0,100,0,可能不收敛(得分=0.415)。详细: 能量收敛趋势规则: 能量变化趋势不明确(trend_score=-0.000); 电荷密度收敛趋势规则: 电荷密度残差趋势不明确(trend_score=-0.000); 震荡检测规则: 严重震荡(比例=0.75),,True,,0.0011081695556640625,4,100,True,"{""能量收敛趋势规则"": {""score"": 0.3, ""weight"": 0.25, ""reason"": ""能量变化趋势不明确(trend_score=-0.000)""}, ""电荷密度收敛趋势规则"": {""score"": 0.3, ""weight"": 0.2, ""reason"": ""电荷密度残差趋势不明确(trend_score=-0.000)""}, ""震荡检测规则"": {""score"": 0.0, ""weight"": 0.15, ""reason"": ""严重震荡(比例=0.75)""}, ""收敛阈值规则"": {""score"": 0.7, ""weight"": 0.4, ""reason"": ""电荷密度已收敛(rms=2.12e-02<7e-02)，但能量未收敛(dE=3.96e-02)""}}",0.415
vasp-data-files/101100110111111001010101/OSZICAR,0,100,0,可能不收敛(得分=0.415)。详细: 能量收敛趋势规则: 能量变化趋势不明确(trend_score=-0.002); 电荷密度收敛趋势规则: 电荷密度残差趋势不明确(trend_score=-0.001); 震荡检测规则: 严重震荡(比例=0.62),,True,,0.0010833740234375,4,100,True,"{""能量收敛趋势规则"": {""score"": 0.3, ""weight"": 0.25, ""reason"": ""能量变化趋势不明确(trend_score=-0.002)""}, ""电荷密度收敛趋势规则"": {""score"": 0.3, ""weight"": 0.2, ""reason"": ""电荷密度残差趋势不明确(trend_score=-0.001)""}, ""震荡检测规则"": {""score"": 0.0, ""weight"": 0.15, ""reason"": ""严重震荡(比例=0.62)""}, ""收敛阈值规则"": {""score"": 0.7, ""weight"": 0.4, ""reason"": ""电荷密度已收敛(rms=3.09e-02<7e-02)，但能量未收敛(dE=9.86e-02)""}}",0.415
vasp-data-files/111010000101010010101110/OSZICAR,1,100,1,可能收敛(得分=0.615)。详细: 能量收敛趋势规则: 能量变化趋势不明确(trend_score=-0.000); 电荷密度收敛趋势规则: 电荷密度残差呈轻微稳定趋势(trend_score=0.001); 震荡检测规则: 严重震荡(比例=0.62),,True,,0.0010554790496826172,6,100,True,"{""能量收敛趋势规则"": {""score"": 0.3, ""weight"": 0.25, ""reason"": ""能量变化趋势不明确(trend_score=-0.000)""}, ""电荷密度收敛趋势规则"": {""score"": 0.7, ""weight"": 0.2, ""reason"": ""电荷密度残差呈轻微稳定趋势(trend_score=0.001)""}, ""震荡检测规则"": {""score"": 0.0, ""weight"": 0.15, ""reason"": ""严重震荡(比例=0.62)""}, ""收敛阈值规则"": {""score"": 1.0, ""weight"": 0.4, ""reason"": ""已达到收敛标准(dE=1.27e-03<6e-03, rms=4.67e-03<7e-02)""}}",0.615
vasp-data-files/101100010110110001010100/OSZICAR,1,100,1,可能收敛(得分=0.520)。详细: 能量收敛趋势规则: 能量变化呈轻微稳定趋势(trend_score=0.001)，当前dE=3.09e-01较大; 电荷密度收敛趋势规则: 电荷密度残差呈轻微稳定趋势(trend_score=0.006); 震荡检测规则: 严重震荡(比例=0.75),,True,,0.0010721683502197266,5,100,True,"{""能量收敛趋势规则"": {""score"": 0.39999999999999997, ""weight"": 0.25, ""reason"": ""能量变化呈轻微稳定趋势(trend_score=0.001)，当前dE=3.09e-01较大""}, ""电荷密度收敛趋势规则"": {""score"": 0.7, ""weight"": 0.2, ""reason"": ""电荷密度残差呈轻微稳定趋势(trend_score=0.006)""}, ""震荡检测规则"": {""score"": 0.0, ""weight"": 0.15, ""reason"": ""严重震荡(比例=0.75)""}, ""收敛阈值规则"": {""score"": 0.7, ""weight"": 0.4, ""reason"": ""电荷密度已收敛(rms=4.76e-02<7e-02)，但能量未收敛(dE=3.09e-01)""}}",0.52
vasp-data-files/111010001000000111111000/OSZICAR,0,100,1,可能收敛(得分=0.595)。详细: 能量收敛趋势规则: 能量变化呈轻微稳定趋势(trend_score=0.002); 电荷密度收敛趋势规则: 电荷密度残差呈轻微稳定趋势(trend_score=0.007); 震荡检测规则: 严重震荡(比例=0.88),,True,,0.0010595321655273438,5,100,True,"{""能量收敛趋势规则"": {""score"": 0.7, ""weight"": 0.25, ""reason"": ""能量变化呈轻微稳定趋势(trend_score=0.002)""}, ""电荷密度收敛趋势规则"": {""score"": 0.7, ""weight"": 0.2, ""reason"": ""电荷密度残差呈轻微稳定趋势(trend_score=0.007)""}, ""震荡检测规则"": {""score"": 0.0, ""weight"": 0.15, ""reason"": ""严重震荡(比例=0.88)""}, ""收敛阈值规则"": {""score"": 0.7, ""weight"": 0.4, ""reason"": ""电荷密度已收敛(rms=1.60e-02<7e-02)，但能量未收敛(dE=6.54e-02)""}}",0.595
vasp-data-files/110100011100111100100000/OSZICAR,0,100,1,可能收敛(得分=0.670)。详细: 能量收敛趋势规则: 能量变化呈下降趋势(trend_score=0.044); 电荷密度收敛趋势规则: 电荷密度残差呈轻微稳定趋势(trend_score=0.000); 震荡检测规则: 严重震荡(比例=0.62),,True,,0.0010590553283691406,6,100,True,"{""能量收敛趋势规则"": {""score"": 1.0, ""weight"": 0.25, ""reason"": ""能量变化呈下降趋势(trend_score=0.044)""}, ""电荷密度收敛趋势规则"": {""score"": 0.7, ""weight"": 0.2, ""reason"": ""电荷密度残差呈轻微稳定趋势(trend_score=0.000)""}, ""震荡检测规则"": {""score"": 0.0, ""weight"": 0.15, ""reason"": ""严重震荡(比例=0.62)""}, ""收敛阈值规则"": {""score"": 0.7, ""weight"": 0.4, ""reason"": ""电荷密度已收敛(rms=3.57e-02<7e-02)，但能量未收敛(dE=1.34e-02)""}}",0.6699999999999999
vasp-data-files/111110001100010000111110/OSZICAR,1,100,1,很可能收敛(得分=0.715)。详细: 能量收敛趋势规则: 能量变化呈轻微稳定趋势(trend_score=0.000); 电荷密度收敛趋势规则: 电荷密度残差呈轻微稳定趋势(trend_score=0.000); 震荡检测规则: 严重震荡(比例=0.88),,True,,0.0010600090026855469,6,100,True,"{""能量收敛趋势规则"": {""score"": 0.7, ""weight"": 0.25, ""reason"": ""能量变化呈轻微稳定趋势(trend_score=0.000)""}, ""电荷密度收敛趋势规则"": {""score"": 0.7, ""weight"": 0.2, ""reason"": ""电荷密度残差呈轻微稳定趋势(trend_score=0.000)""}, ""震荡检测规则"": {""score"": 0.0, ""weight"": 0.15, ""reason"": ""严重震荡(比例=0.88)""}, ""收敛阈值规则"": {""score"": 1.0, ""weight"": 0.4, ""reason"": ""已达到收敛标准(dE=6.77e-04<6e-03, rms=1.88e-03<7e-02)""}}",0.715
vasp-data-files/100000110100111111010001/OSZICAR,1,100,0,可能不收敛(得分=0.490)。详细: 能量收敛趋势规则: 能量变化趋势不明确(trend_score=-0.000); 电荷密度收敛趋势规则: 电荷密度残差趋势不明确(trend_score=-0.001); 震荡检测规则: 存在一定震荡(比例=0.38),,True,,0.001056671142578125,4,100,True,"{""能量收敛趋势规则"": {""score"": 0.3, ""weight"": 0.25, ""reason"": ""能量变化趋势不明确(trend_score=-0.000)""}, ""电荷密度收敛趋势规则"": {""score"": 0.3, ""weight"": 0.2, ""reason"": ""电荷密度残差趋势不明确(trend_score=-0.001)""}, ""震荡检测规则"": {""score"": 0.5, ""weight"": 0.15, ""reason"": ""存在一定震荡(比例=0.38)""}, ""收敛阈值规则"": {""score"": 0.7, ""weight"": 0.4, ""reason"": ""电荷密度已收敛(rms=3.87e-02<7e-02)，但能量未收敛(dE=2.30e-02)""}}",0.49
vasp-data-files/101110000001100001100001/OSZICAR,0,100,0,很可能不收敛(得分=0.340)。详细: 能量收敛趋势规则: 能量变化趋势不明确(trend_score=-0.008)，当前dE=3.93e-01较大; 电荷密度收敛趋势规则: 电荷密度残差趋势不明确(trend_score=-0.002); 震荡检测规则: 严重震荡(比例=0.62),,True,,0.0010957717895507812,3,100,True,"{""能量收敛趋势规则"": {""score"": 0.0, ""weight"": 0.25, ""reason"": ""能量变化趋势不明确(trend_score=-0.008)，当前dE=3.93e-01较大""}, ""电荷密度收敛趋势规则"": {""score"": 0.3, ""weight"": 0.2, ""reason"": ""电荷密度残差趋势不明确(trend_score=-0.002)""}, ""震荡检测规则"": {""score"": 0.0, ""weight"": 0.15, ""reason"": ""严重震荡(比例=0.62)""}, ""收敛阈值规则"": {""score"": 0.7, ""weight"": 0.4, ""reason"": ""电荷密度已收敛(rms=5.70e-02<7e-02)，但能量未收敛(dE=3.93e-01)""}}",0.33999999999999997
vasp-data-files/111101000101011101110000/OSZICAR,0,100,1,可能收敛(得分=0.670)。详细: 能量收敛趋势规则: 能量变化呈轻微稳定趋势(trend_score=0.000); 电荷密度收敛趋势规则: 电荷密度残差呈轻微稳定趋势(trend_score=0.000); 震荡检测规则: 存在一定震荡(比例=0.38),,True,,0.0011065006256103516,6,100,True,"{""能量收敛趋势规则"": {""score"": 0.7, ""weight"": 0.25, ""reason"": ""能量变化呈轻微稳定趋势(trend_score=0.000)""}, ""电荷密度收敛趋势规则"": {""score"": 0.7, ""weight"": 0.2, ""reason"": ""电荷密度残差呈轻微稳定趋势(trend_score=0.000)""}, ""震荡检测规则"": {""score"": 0.5, ""weight"": 0.15, ""reason"": ""存在一定震荡(比例=0.38)""}, ""收敛阈值规则"": {""score"": 0.7, ""weight"": 0.4, ""reason"": ""电荷密度已收敛(rms=1.59e-02<7e-02)，但能量未收敛(dE=3.27e-02)""}}",0.6699999999999999
vasp-data-files/101111000100111010100011/OSZICAR,1,100,1,可能收敛(得分=0.690)。详细: 能量收敛趋势规则: 能量变化趋势不明确(trend_score=-0.000); 电荷密度收敛趋势规则: 电荷密度残差呈轻微稳定趋势(trend_score=0.000); 震荡检测规则: 存在一定震荡(比例=0.38),,True,,0.001056671142578125,6,100,True,"{""能量收敛趋势规则"": {""score"": 0.3, ""weight"": 0.25, ""reason"": ""能量变化趋势不明确(trend_score=-0.000)""}, ""电荷密度收敛趋势规则"": {""score"": 0.7, ""weight"": 0.2, ""reason"": ""电荷密度残差呈轻微稳定趋势(trend_score=0.000)""}, ""震荡检测规则"": {""score"": 0.5, ""weight"": 0.15, ""reason"": ""存在一定震荡(比例=0.38)""}, ""收敛阈值规则"": {""score"": 1.0, ""weight"": 0.4, ""reason"": ""已达到收敛标准(dE=3.03e-03<6e-03, rms=1.03e-02<7e-02)""}}",0.69
vasp-data-files/110101100010001010011111/OSZICAR,0,100,0,很可能不收敛(得分=0.355)。详细: 能量收敛趋势规则: 能量变化呈轻微稳定趋势(trend_score=0.000); 电荷密度收敛趋势规则: 电荷密度残差趋势不明确(trend_score=-0.005); 震荡检测规则: 严重震荡(比例=0.75),,True,,0.001068115234375,3,100,True,"{""能量收敛趋势规则"": {""score"": 0.7, ""weight"": 0.25, ""reason"": ""能量变化呈轻微稳定趋势(trend_score=0.000)""}, ""电荷密度收敛趋势规则"": {""score"": 0.3, ""weight"": 0.2, ""reason"": ""电荷密度残差趋势不明确(trend_score=-0.005)""}, ""震荡检测规则"": {""score"": 0.0, ""weight"": 0.15, ""reason"": ""严重震荡(比例=0.75)""}, ""收敛阈值规则"": {""score"": 0.3, ""weight"": 0.4, ""reason"": ""均未达到收敛标准(dE=3.67e-02, rms=7.18e-02)""}}",0.355
vasp-data-files/100001010110001011010101/OSZICAR,1,100,1,很可能收敛(得分=0.715)。详细: 能量收敛趋势规则: 能量变化呈轻微稳定趋势(trend_score=0.000); 电荷密度收敛趋势规则: 电荷密度残差呈轻微稳定趋势(trend_score=0.000); 震荡检测规则: 严重震荡(比例=0.75),,True,,0.0010492801666259766,6,100,True,"{""能量收敛趋势规则"": {""score"": 0.7, ""weight"": 0.25, ""reason"": ""能量变化呈轻微稳定趋势(trend_score=0.000)""}, ""电荷密度收敛趋势规则"": {""score"": 0.7, ""weight"": 0.2, ""reason"": ""电荷密度残差呈轻微稳定趋势(trend_score=0.000)""}, ""震荡检测规则"": {""score"": 0.0, ""weight"": 0.15, ""reason"": ""严重震荡(比例=0.75)""}, ""收敛阈值规则"": {""score"": 1.0, ""weight"": 0.4, ""reason"": ""已达到收敛标准(dE=1.25e-04<6e-03, rms=1.27e-03<7e-02)""}}",0.715
vasp-data-files/110010001001100111111001/OSZICAR,1,100,1,可能收敛(得分=0.615)。详细: 能量收敛趋势规则: 能量变化趋势不明确(trend_score=-0.000); 电荷密度收敛趋势规则: 电荷密度残差呈轻微稳定趋势(trend_score=0.000); 震荡检测规则: 严重震荡(比例=0.75),,True,,0.0010542869567871094,6,100,True,"{""能量收敛趋势规则"": {""score"": 0.3, ""weight"": 0.25, ""reason"": ""能量变化趋势不明确(trend_score=-0.000)""}, ""电荷密度收敛趋势规则"": {""score"": 0.7, ""weight"": 0.2, ""reason"": ""电荷密度残差呈轻微稳定趋势(trend_score=0.000)""}, ""震荡检测规则"": {""score"": 0.0, ""weight"": 0.15, ""reason"": ""严重震荡(比例=0.75)""}, ""收敛阈值规则"": {""score"": 1.0, ""weight"": 0.4, ""reason"": ""已达到收敛标准(dE=1.18e-04<6e-03, rms=2.22e-03<7e-02)""}}",0.615
vasp-data-files/111111001000011110110001/OSZICAR,1,100,0,可能不收敛(得分=0.495)。详细: 能量收敛趋势规则: 能量变化趋势不明确(trend_score=-0.000); 电荷密度收敛趋势规则: 电荷密度残差呈轻微稳定趋势(trend_score=0.000); 震荡检测规则: 严重震荡(比例=0.50),,True,,0.0010879039764404297,4,100,True,"{""能量收敛趋势规则"": {""score"": 0.3, ""weight"": 0.25, ""reason"": ""能量变化趋势不明确(trend_score=-0.000)""}, ""电荷密度收敛趋势规则"": {""score"": 0.7, ""weight"": 0.2, ""reason"": ""电荷密度残差呈轻微稳定趋势(trend_score=0.000)""}, ""震荡检测规则"": {""score"": 0.0, ""weight"": 0.15, ""reason"": ""严重震荡(比例=0.50)""}, ""收敛阈值规则"": {""score"": 0.7, ""weight"": 0.4, ""reason"": ""电荷密度已收敛(rms=6.12e-03<7e-02)，但能量未收敛(dE=7.15e-03)""}}",0.49499999999999994
vasp-data-files/100001111101001011011111/OSZICAR,1,100,1,很可能收敛(得分=0.880)。详细: 能量收敛趋势规则: 能量变化呈轻微稳定趋势(trend_score=0.000)，当前dE=3.48e-05很小; 电荷密度收敛趋势规则: 电荷密度残差呈轻微稳定趋势(trend_score=0.000)，当前rms=5.61e-04很小; 震荡检测规则: 存在一定震荡(比例=0.38),,True,,0.0010843276977539062,8,100,True,"{""能量收敛趋势规则"": {""score"": 0.8999999999999999, ""weight"": 0.25, ""reason"": ""能量变化呈轻微稳定趋势(trend_score=0.000)，当前dE=3.48e-05很小""}, ""电荷密度收敛趋势规则"": {""score"": 0.8999999999999999, ""weight"": 0.2, ""reason"": ""电荷密度残差呈轻微稳定趋势(trend_score=0.000)，当前rms=5.61e-04很小""}, ""震荡检测规则"": {""score"": 0.5, ""weight"": 0.15, ""reason"": ""存在一定震荡(比例=0.38)""}, ""收敛阈值规则"": {""score"": 1.0, ""weight"": 0.4, ""reason"": ""已达到收敛标准(dE=3.48e-05<6e-03, rms=5.61e-04<7e-02)""}}",0.88
vasp-data-files/101100110110100100000001/OSZICAR,1,100,0,很可能不收敛(得分=0.340)。详细: 能量收敛趋势规则: 能量变化趋势不明确(trend_score=-0.018)，当前dE=2.26e-01较大; 电荷密度收敛趋势规则: 电荷密度残差趋势不明确(trend_score=-0.010); 震荡检测规则: 严重震荡(比例=0.62),,True,,0.0010671615600585938,3,100,True,"{""能量收敛趋势规则"": {""score"": 0.0, ""weight"": 0.25, ""reason"": ""能量变化趋势不明确(trend_score=-0.018)，当前dE=2.26e-01较大""}, ""电荷密度收敛趋势规则"": {""score"": 0.3, ""weight"": 0.2, ""reason"": ""电荷密度残差趋势不明确(trend_score=-0.010)""}, ""震荡检测规则"": {""score"": 0.0, ""weight"": 0.15, ""reason"": ""严重震荡(比例=0.62)""}, ""收敛阈值规则"": {""score"": 0.7, ""weight"": 0.4, ""reason"": ""电荷密度已收敛(rms=5.96e-02<7e-02)，但能量未收敛(dE=2.26e-01)""}}",0.33999999999999997
vasp-data-files/100110100101011100100000/OSZICAR,1,100,1,很可能收敛(得分=0.790)。详细: 能量收敛趋势规则: 能量变化呈轻微稳定趋势(trend_score=0.000); 电荷密度收敛趋势规则: 电荷密度残差呈轻微稳定趋势(trend_score=0.001); 震荡检测规则: 存在一定震荡(比例=0.38),,True,,0.0010907649993896484,7,100,True,"{""能量收敛趋势规则"": {""score"": 0.7, ""weight"": 0.25, ""reason"": ""能量变化呈轻微稳定趋势(trend_score=0.000)""}, ""电荷密度收敛趋势规则"": {""score"": 0.7, ""weight"": 0.2, ""reason"": ""电荷密度残差呈轻微稳定趋势(trend_score=0.001)""}, ""震荡检测规则"": {""score"": 0.5, ""weight"": 0.15, ""reason"": ""存在一定震荡(比例=0.38)""}, ""收敛阈值规则"": {""score"": 1.0, ""weight"": 0.4, ""reason"": ""已达到收敛标准(dE=2.49e-04<6e-03, rms=4.99e-03<7e-02)""}}",0.79
vasp-data-files/100011011101001010011111/OSZICAR,1,100,1,可能收敛(得分=0.595)。详细: 能量收敛趋势规则: 能量变化呈轻微下降趋势(trend_score=0.028)，当前dE=1.60e-01较大; 电荷密度收敛趋势规则: 电荷密度残差呈轻微稳定趋势(trend_score=0.001); 震荡检测规则: 存在一定震荡(比例=0.38),,True,,0.0010886192321777344,5,100,True,"{""能量收敛趋势规则"": {""score"": 0.39999999999999997, ""weight"": 0.25, ""reason"": ""能量变化呈轻微下降趋势(trend_score=0.028)，当前dE=1.60e-01较大""}, ""电荷密度收敛趋势规则"": {""score"": 0.7, ""weight"": 0.2, ""reason"": ""电荷密度残差呈轻微稳定趋势(trend_score=0.001)""}, ""震荡检测规则"": {""score"": 0.5, ""weight"": 0.15, ""reason"": ""存在一定震荡(比例=0.38)""}, ""收敛阈值规则"": {""score"": 0.7, ""weight"": 0.4, ""reason"": ""电荷密度已收敛(rms=2.45e-02<7e-02)，但能量未收敛(dE=1.60e-01)""}}",0.595
vasp-data-files/111011110001111110010000/OSZICAR,0,100,0,可能不收敛(得分=0.490)。详细: 能量收敛趋势规则: 能量变化趋势不明确(trend_score=-0.001); 电荷密度收敛趋势规则: 电荷密度残差趋势不明确(trend_score=-0.001); 震荡检测规则: 存在一定震荡(比例=0.38),,True,,0.0010616779327392578,4,100,True,"{""能量收敛趋势规则"": {""score"": 0.3, ""weight"": 0.25, ""reason"": ""能量变化趋势不明确(trend_score=-0.001)""}, ""电荷密度收敛趋势规则"": {""score"": 0.3, ""weight"": 0.2, ""reason"": ""电荷密度残差趋势不明确(trend_score=-0.001)""}, ""震荡检测规则"": {""score"": 0.5, ""weight"": 0.15, ""reason"": ""存在一定震荡(比例=0.38)""}, ""收敛阈值规则"": {""score"": 0.7, ""weight"": 0.4, ""reason"": ""电荷密度已收敛(rms=1.74e-02<7e-02)，但能量未收敛(dE=2.45e-02)""}}",0.49
vasp-data-files/101001101101011010111100/OSZICAR,1,100,1,很可能收敛(得分=0.875)。详细: 能量收敛趋势规则: 能量变化呈轻微稳定趋势(trend_score=0.000)，当前dE=1.59e-05很小; 电荷密度收敛趋势规则: 电荷密度残差趋势不明确(trend_score=-0.000)，当前rms=9.45e-04很小; 震荡检测规则: 震荡轻微(比例=0.12),,True,,0.0011107921600341797,8,100,True,"{""能量收敛趋势规则"": {""score"": 0.8999999999999999, ""weight"": 0.25, ""reason"": ""能量变化呈轻微稳定趋势(trend_score=0.000)，当前dE=1.59e-05很小""}, ""电荷密度收敛趋势规则"": {""score"": 0.5, ""weight"": 0.2, ""reason"": ""电荷密度残差趋势不明确(trend_score=-0.000)，当前rms=9.45e-04很小""}, ""震荡检测规则"": {""score"": 1.0, ""weight"": 0.15, ""reason"": ""震荡轻微(比例=0.12)""}, ""收敛阈值规则"": {""score"": 1.0, ""weight"": 0.4, ""reason"": ""已达到收敛标准(dE=1.59e-05<6e-03, rms=9.45e-04<7e-02)""}}",0.875
vasp-data-files/111011010100100010111110/OSZICAR,1,100,1,很可能收敛(得分=0.705)。详细: 能量收敛趋势规则: 能量变化趋势不明确(trend_score=-0.000)，当前dE=2.69e-05很小; 电荷密度收敛趋势规则: 电荷密度残差呈轻微稳定趋势(trend_score=0.000)，当前rms=6.24e-04很小; 震荡检测规则: 严重震荡(比例=0.75),,True,,0.001096963882446289,6,100,True,"{""能量收敛趋势规则"": {""score"": 0.5, ""weight"": 0.25, ""reason"": ""能量变化趋势不明确(trend_score=-0.000)，当前dE=2.69e-05很小""}, ""电荷密度收敛趋势规则"": {""score"": 0.8999999999999999, ""weight"": 0.2, ""reason"": ""电荷密度残差呈轻微稳定趋势(trend_score=0.000)，当前rms=6.24e-04很小""}, ""震荡检测规则"": {""score"": 0.0, ""weight"": 0.15, ""reason"": ""严重震荡(比例=0.75)""}, ""收敛阈值规则"": {""score"": 1.0, ""weight"": 0.4, ""reason"": ""已达到收敛标准(dE=2.69e-05<6e-03, rms=6.24e-04<7e-02)""}}",0.7050000000000001
vasp-data-files/100100001001101001001001/OSZICAR,0,100,0,可能不收敛(得分=0.490)。详细: 能量收敛趋势规则: 能量变化趋势不明确(trend_score=-0.001); 电荷密度收敛趋势规则: 电荷密度残差趋势不明确(trend_score=-0.001); 震荡检测规则: 存在一定震荡(比例=0.38),,True,,0.0010833740234375,4,100,True,"{""能量收敛趋势规则"": {""score"": 0.3, ""weight"": 0.25, ""reason"": ""能量变化趋势不明确(trend_score=-0.001)""}, ""电荷密度收敛趋势规则"": {""score"": 0.3, ""weight"": 0.2, ""reason"": ""电荷密度残差趋势不明确(trend_score=-0.001)""}, ""震荡检测规则"": {""score"": 0.5, ""weight"": 0.15, ""reason"": ""存在一定震荡(比例=0.38)""}, ""收敛阈值规则"": {""score"": 0.7, ""weight"": 0.4, ""reason"": ""电荷密度已收敛(rms=2.79e-02<7e-02)，但能量未收敛(dE=1.20e-02)""}}",0.49
vasp-data-files/111100001100111110100000/OSZICAR,0,100,1,很可能收敛(得分=0.715)。详细: 能量收敛趋势规则: 能量变化呈轻微稳定趋势(trend_score=0.000); 电荷密度收敛趋势规则: 电荷密度残差呈轻微稳定趋势(trend_score=0.000); 震荡检测规则: 严重震荡(比例=0.62),,True,,0.0010941028594970703,6,100,True,"{""能量收敛趋势规则"": {""score"": 0.7, ""weight"": 0.25, ""reason"": ""能量变化呈轻微稳定趋势(trend_score=0.000)""}, ""电荷密度收敛趋势规则"": {""score"": 0.7, ""weight"": 0.2, ""reason"": ""电荷密度残差呈轻微稳定趋势(trend_score=0.000)""}, ""震荡检测规则"": {""score"": 0.0, ""weight"": 0.15, ""reason"": ""严重震荡(比例=0.62)""}, ""收敛阈值规则"": {""score"": 1.0, ""weight"": 0.4, ""reason"": ""已达到收敛标准(dE=8.32e-04<6e-03, rms=3.19e-03<7e-02)""}}",0.715
vasp-data-files/101011110110111110100101/OSZICAR,0,100,0,很可能不收敛(得分=0.120)。详细: 能量收敛趋势规则: 能量变化趋势不明确(trend_score=-0.003)，当前dE=5.11e-01较大; 电荷密度收敛趋势规则: 电荷密度残差趋势不明确(trend_score=-0.001)，当前rms=1.14e-01较大; 震荡检测规则: 严重震荡(比例=0.88),,True,,0.0010654926300048828,1,100,True,"{""能量收敛趋势规则"": {""score"": 0.0, ""weight"": 0.25, ""reason"": ""能量变化趋势不明确(trend_score=-0.003)，当前dE=5.11e-01较大""}, ""电荷密度收敛趋势规则"": {""score"": 0.0, ""weight"": 0.2, ""reason"": ""电荷密度残差趋势不明确(trend_score=-0.001)，当前rms=1.14e-01较大""}, ""震荡检测规则"": {""score"": 0.0, ""weight"": 0.15, ""reason"": ""严重震荡(比例=0.88)""}, ""收敛阈值规则"": {""score"": 0.3, ""weight"": 0.4, ""reason"": ""均未达到收敛标准(dE=5.11e-01, rms=1.14e-01)""}}",0.12
vasp-data-files/111111000101000100110110/OSZICAR,1,100,1,可能收敛(得分=0.690)。详细: 能量收敛趋势规则: 能量变化趋势不明确(trend_score=-0.000); 电荷密度收敛趋势规则: 电荷密度残差呈轻微稳定趋势(trend_score=0.001); 震荡检测规则: 存在一定震荡(比例=0.38),,True,,0.001085519790649414,6,100,True,"{""能量收敛趋势规则"": {""score"": 0.3, ""weight"": 0.25, ""reason"": ""能量变化趋势不明确(trend_score=-0.000)""}, ""电荷密度收敛趋势规则"": {""score"": 0.7, ""weight"": 0.2, ""reason"": ""电荷密度残差呈轻微稳定趋势(trend_score=0.001)""}, ""震荡检测规则"": {""score"": 0.5, ""weight"": 0.15, ""reason"": ""存在一定震荡(比例=0.38)""}, ""收敛阈值规则"": {""score"": 1.0, ""weight"": 0.4, ""reason"": ""已达到收敛标准(dE=2.71e-03<6e-03, rms=5.94e-03<7e-02)""}}",0.69
vasp-data-files/111100000001111110100000/OSZICAR,1,100,1,很可能收敛(得分=0.715)。详细: 能量收敛趋势规则: 能量变化呈轻微稳定趋势(trend_score=0.000); 电荷密度收敛趋势规则: 电荷密度残差呈轻微稳定趋势(trend_score=0.001); 震荡检测规则: 严重震荡(比例=0.75),,True,,0.0010921955108642578,6,100,True,"{""能量收敛趋势规则"": {""score"": 0.7, ""weight"": 0.25, ""reason"": ""能量变化呈轻微稳定趋势(trend_score=0.000)""}, ""电荷密度收敛趋势规则"": {""score"": 0.7, ""weight"": 0.2, ""reason"": ""电荷密度残差呈轻微稳定趋势(trend_score=0.001)""}, ""震荡检测规则"": {""score"": 0.0, ""weight"": 0.15, ""reason"": ""严重震荡(比例=0.75)""}, ""收敛阈值规则"": {""score"": 1.0, ""weight"": 0.4, ""reason"": ""已达到收敛标准(dE=2.59e-04<6e-03, rms=2.71e-03<7e-02)""}}",0.715
vasp-data-files/101011010010111110100000/OSZICAR,1,100,1,很可能收敛(得分=0.715)。详细: 能量收敛趋势规则: 能量变化呈轻微稳定趋势(trend_score=0.000); 电荷密度收敛趋势规则: 电荷密度残差呈轻微稳定趋势(trend_score=0.000); 震荡检测规则: 严重震荡(比例=0.50),,True,,0.0010771751403808594,6,100,True,"{""能量收敛趋势规则"": {""score"": 0.7, ""weight"": 0.25, ""reason"": ""能量变化呈轻微稳定趋势(trend_score=0.000)""}, ""电荷密度收敛趋势规则"": {""score"": 0.7, ""weight"": 0.2, ""reason"": ""电荷密度残差呈轻微稳定趋势(trend_score=0.000)""}, ""震荡检测规则"": {""score"": 0.0, ""weight"": 0.15, ""reason"": ""严重震荡(比例=0.50)""}, ""收敛阈值规则"": {""score"": 1.0, ""weight"": 0.4, ""reason"": ""已达到收敛标准(dE=1.13e-03<6e-03, rms=5.13e-03<7e-02)""}}",0.715
vasp-data-files/100100010111111000000110/OSZICAR,0,100,1,可能收敛(得分=0.635)。详细: 能量收敛趋势规则: 能量变化呈轻微稳定趋势(trend_score=0.000); 电荷密度收敛趋势规则: 电荷密度残差趋势不明确(trend_score=-0.000); 震荡检测规则: 严重震荡(比例=0.75),,True,,0.0010974407196044922,6,100,True,"{""能量收敛趋势规则"": {""score"": 0.7, ""weight"": 0.25, ""reason"": ""能量变化呈轻微稳定趋势(trend_score=0.000)""}, ""电荷密度收敛趋势规则"": {""score"": 0.3, ""weight"": 0.2, ""reason"": ""电荷密度残差趋势不明确(trend_score=-0.000)""}, ""震荡检测规则"": {""score"": 0.0, ""weight"": 0.15, ""reason"": ""严重震荡(比例=0.75)""}, ""收敛阈值规则"": {""score"": 1.0, ""weight"": 0.4, ""reason"": ""已达到收敛标准(dE=1.20e-03<6e-03, rms=5.12e-03<7e-02)""}}",0.635
vasp-data-files/101100010100110000110100/OSZICAR,0,100,0,可能不收敛(得分=0.495)。详细: 能量收敛趋势规则: 能量变化趋势不明确(trend_score=-0.000); 电荷密度收敛趋势规则: 电荷密度残差呈轻微稳定趋势(trend_score=0.001); 震荡检测规则: 严重震荡(比例=0.75),,True,,0.0010836124420166016,4,100,True,"{""能量收敛趋势规则"": {""score"": 0.3, ""weight"": 0.25, ""reason"": ""能量变化趋势不明确(trend_score=-0.000)""}, ""电荷密度收敛趋势规则"": {""score"": 0.7, ""weight"": 0.2, ""reason"": ""电荷密度残差呈轻微稳定趋势(trend_score=0.001)""}, ""震荡检测规则"": {""score"": 0.0, ""weight"": 0.15, ""reason"": ""严重震荡(比例=0.75)""}, ""收敛阈值规则"": {""score"": 0.7, ""weight"": 0.4, ""reason"": ""电荷密度已收敛(rms=2.17e-02<7e-02)，但能量未收敛(dE=4.13e-02)""}}",0.49499999999999994
vasp-data-files/111011110010110010101010/OSZICAR,0,100,0,很可能不收敛(得分=0.180)。详细: 能量收敛趋势规则: 能量变化趋势不明确(trend_score=-0.000)，当前dE=1.40e-01较大; 电荷密度收敛趋势规则: 电荷密度残差趋势不明确(trend_score=-0.005); 震荡检测规则: 严重震荡(比例=0.75),,True,,0.0010442733764648438,2,100,True,"{""能量收敛趋势规则"": {""score"": 0.0, ""weight"": 0.25, ""reason"": ""能量变化趋势不明确(trend_score=-0.000)，当前dE=1.40e-01较大""}, ""电荷密度收敛趋势规则"": {""score"": 0.3, ""weight"": 0.2, ""reason"": ""电荷密度残差趋势不明确(trend_score=-0.005)""}, ""震荡检测规则"": {""score"": 0.0, ""weight"": 0.15, ""reason"": ""严重震荡(比例=0.75)""}, ""收敛阈值规则"": {""score"": 0.3, ""weight"": 0.4, ""reason"": ""均未达到收敛标准(dE=1.40e-01, rms=9.90e-02)""}}",0.18
vasp-data-files/111110000101010010101110/OSZICAR,0,100,1,很可能收敛(得分=0.715)。详细: 能量收敛趋势规则: 能量变化呈轻微稳定趋势(trend_score=0.001); 电荷密度收敛趋势规则: 电荷密度残差呈轻微稳定趋势(trend_score=0.000); 震荡检测规则: 严重震荡(比例=0.75),,True,,0.001096487045288086,6,100,True,"{""能量收敛趋势规则"": {""score"": 0.7, ""weight"": 0.25, ""reason"": ""能量变化呈轻微稳定趋势(trend_score=0.001)""}, ""电荷密度收敛趋势规则"": {""score"": 0.7, ""weight"": 0.2, ""reason"": ""电荷密度残差呈轻微稳定趋势(trend_score=0.000)""}, ""震荡检测规则"": {""score"": 0.0, ""weight"": 0.15, ""reason"": ""严重震荡(比例=0.75)""}, ""收敛阈值规则"": {""score"": 1.0, ""weight"": 0.4, ""reason"": ""已达到收敛标准(dE=2.21e-03<6e-03, rms=3.58e-03<7e-02)""}}",0.715
vasp-data-files/110010100101011101000011/OSZICAR,0,100,1,可能收敛(得分=0.610)。详细: 能量收敛趋势规则: 能量变化趋势不明确(trend_score=-0.000); 电荷密度收敛趋势规则: 电荷密度残差趋势不明确(trend_score=-0.000); 震荡检测规则: 存在一定震荡(比例=0.38),,True,,0.0010936260223388672,5,100,True,"{""能量收敛趋势规则"": {""score"": 0.3, ""weight"": 0.25, ""reason"": ""能量变化趋势不明确(trend_score=-0.000)""}, ""电荷密度收敛趋势规则"": {""score"": 0.3, ""weight"": 0.2, ""reason"": ""电荷密度残差趋势不明确(trend_score=-0.000)""}, ""震荡检测规则"": {""score"": 0.5, ""weight"": 0.15, ""reason"": ""存在一定震荡(比例=0.38)""}, ""收敛阈值规则"": {""score"": 1.0, ""weight"": 0.4, ""reason"": ""已达到收敛标准(dE=2.70e-03<6e-03, rms=9.57e-03<7e-02)""}}",0.6100000000000001
vasp-data-files/110000111110100001010011/OSZICAR,0,100,1,可能收敛(得分=0.635)。详细: 能量收敛趋势规则: 能量变化呈轻微稳定趋势(trend_score=0.000); 电荷密度收敛趋势规则: 电荷密度残差趋势不明确(trend_score=-0.000); 震荡检测规则: 严重震荡(比例=0.62),,True,,0.001062631607055664,6,100,True,"{""能量收敛趋势规则"": {""score"": 0.7, ""weight"": 0.25, ""reason"": ""能量变化呈轻微稳定趋势(trend_score=0.000)""}, ""电荷密度收敛趋势规则"": {""score"": 0.3, ""weight"": 0.2, ""reason"": ""电荷密度残差趋势不明确(trend_score=-0.000)""}, ""震荡检测规则"": {""score"": 0.0, ""weight"": 0.15, ""reason"": ""严重震荡(比例=0.62)""}, ""收敛阈值规则"": {""score"": 1.0, ""weight"": 0.4, ""reason"": ""已达到收敛标准(dE=2.18e-03<6e-03, rms=5.49e-03<7e-02)""}}",0.635
vasp-data-files/110011111101000001111111/OSZICAR,0,100,1,很可能收敛(得分=0.715)。详细: 能量收敛趋势规则: 能量变化呈轻微稳定趋势(trend_score=0.002); 电荷密度收敛趋势规则: 电荷密度残差呈轻微稳定趋势(trend_score=0.000); 震荡检测规则: 严重震荡(比例=0.62),,True,,0.0011060237884521484,6,100,True,"{""能量收敛趋势规则"": {""score"": 0.7, ""weight"": 0.25, ""reason"": ""能量变化呈轻微稳定趋势(trend_score=0.002)""}, ""电荷密度收敛趋势规则"": {""score"": 0.7, ""weight"": 0.2, ""reason"": ""电荷密度残差呈轻微稳定趋势(trend_score=0.000)""}, ""震荡检测规则"": {""score"": 0.0, ""weight"": 0.15, ""reason"": ""严重震荡(比例=0.62)""}, ""收敛阈值规则"": {""score"": 1.0, ""weight"": 0.4, ""reason"": ""已达到收敛标准(dE=1.61e-03<6e-03, rms=5.47e-03<7e-02)""}}",0.715
vasp-data-files/101011110000011111011000/OSZICAR,0,100,1,可能收敛(得分=0.595)。详细: 能量收敛趋势规则: 能量变化呈轻微稳定趋势(trend_score=0.000); 电荷密度收敛趋势规则: 电荷密度残差呈轻微稳定趋势(trend_score=0.000); 震荡检测规则: 严重震荡(比例=0.62),,True,,0.0010752677917480469,5,100,True,"{""能量收敛趋势规则"": {""score"": 0.7, ""weight"": 0.25, ""reason"": ""能量变化呈轻微稳定趋势(trend_score=0.000)""}, ""电荷密度收敛趋势规则"": {""score"": 0.7, ""weight"": 0.2, ""reason"": ""电荷密度残差呈轻微稳定趋势(trend_score=0.000)""}, ""震荡检测规则"": {""score"": 0.0, ""weight"": 0.15, ""reason"": ""严重震荡(比例=0.62)""}, ""收敛阈值规则"": {""score"": 0.7, ""weight"": 0.4, ""reason"": ""电荷密度已收敛(rms=1.12e-02<7e-02)，但能量未收敛(dE=8.40e-03)""}}",0.595
vasp-data-files/101100000101110011000000/OSZICAR,0,100,1,可能收敛(得分=0.595)。详细: 能量收敛趋势规则: 能量变化呈轻微稳定趋势(trend_score=0.000); 电荷密度收敛趋势规则: 电荷密度残差呈轻微稳定趋势(trend_score=0.002); 震荡检测规则: 严重震荡(比例=0.75),,True,,0.0010895729064941406,5,100,True,"{""能量收敛趋势规则"": {""score"": 0.7, ""weight"": 0.25, ""reason"": ""能量变化呈轻微稳定趋势(trend_score=0.000)""}, ""电荷密度收敛趋势规则"": {""score"": 0.7, ""weight"": 0.2, ""reason"": ""电荷密度残差呈轻微稳定趋势(trend_score=0.002)""}, ""震荡检测规则"": {""score"": 0.0, ""weight"": 0.15, ""reason"": ""严重震荡(比例=0.75)""}, ""收敛阈值规则"": {""score"": 0.7, ""weight"": 0.4, ""reason"": ""电荷密度已收敛(rms=1.40e-02<7e-02)，但能量未收敛(dE=1.98e-02)""}}",0.595
vasp-data-files/101011010101010010110110/OSZICAR,0,100,0,可能不收敛(得分=0.415)。详细: 能量收敛趋势规则: 能量变化趋势不明确(trend_score=-0.000); 电荷密度收敛趋势规则: 电荷密度残差趋势不明确(trend_score=-0.001); 震荡检测规则: 严重震荡(比例=0.75),,True,,0.0011043548583984375,4,100,True,"{""能量收敛趋势规则"": {""score"": 0.3, ""weight"": 0.25, ""reason"": ""能量变化趋势不明确(trend_score=-0.000)""}, ""电荷密度收敛趋势规则"": {""score"": 0.3, ""weight"": 0.2, ""reason"": ""电荷密度残差趋势不明确(trend_score=-0.001)""}, ""震荡检测规则"": {""score"": 0.0, ""weight"": 0.15, ""reason"": ""严重震荡(比例=0.75)""}, ""收敛阈值规则"": {""score"": 0.7, ""weight"": 0.4, ""reason"": ""电荷密度已收敛(rms=9.77e-03<7e-02)，但能量未收敛(dE=2.96e-02)""}}",0.415
vasp-data-files/111110100100111000100000/OSZICAR,1,100,1,很可能收敛(得分=0.805)。详细: 能量收敛趋势规则: 能量变化呈轻微稳定趋势(trend_score=0.000)，当前dE=8.29e-05很小; 电荷密度收敛趋势规则: 电荷密度残差呈轻微稳定趋势(trend_score=0.000)，当前rms=6.94e-04很小; 震荡检测规则: 严重震荡(比例=0.75),,True,,0.0010650157928466797,7,100,True,"{""能量收敛趋势规则"": {""score"": 0.8999999999999999, ""weight"": 0.25, ""reason"": ""能量变化呈轻微稳定趋势(trend_score=0.000)，当前dE=8.29e-05很小""}, ""电荷密度收敛趋势规则"": {""score"": 0.8999999999999999, ""weight"": 0.2, ""reason"": ""电荷密度残差呈轻微稳定趋势(trend_score=0.000)，当前rms=6.94e-04很小""}, ""震荡检测规则"": {""score"": 0.0, ""weight"": 0.15, ""reason"": ""严重震荡(比例=0.75)""}, ""收敛阈值规则"": {""score"": 1.0, ""weight"": 0.4, ""reason"": ""已达到收敛标准(dE=8.29e-05<6e-03, rms=6.94e-04<7e-02)""}}",0.8049999999999999
vasp-data-files/111110000100010010111110/OSZICAR,1,100,1,可能收敛(得分=0.535)。详细: 能量收敛趋势规则: 能量变化趋势不明确(trend_score=-0.000); 电荷密度收敛趋势规则: 电荷密度残差趋势不明确(trend_score=-0.000); 震荡检测规则: 严重震荡(比例=0.62),,True,,0.0010843276977539062,5,100,True,"{""能量收敛趋势规则"": {""score"": 0.3, ""weight"": 0.25, ""reason"": ""能量变化趋势不明确(trend_score=-0.000)""}, ""电荷密度收敛趋势规则"": {""score"": 0.3, ""weight"": 0.2, ""reason"": ""电荷密度残差趋势不明确(trend_score=-0.000)""}, ""震荡检测规则"": {""score"": 0.0, ""weight"": 0.15, ""reason"": ""严重震荡(比例=0.62)""}, ""收敛阈值规则"": {""score"": 1.0, ""weight"": 0.4, ""reason"": ""已达到收敛标准(dE=2.47e-03<6e-03, rms=7.37e-03<7e-02)""}}",0.535
vasp-data-files/101001011100111101100000/OSZICAR,0,100,1,可能收敛(得分=0.515)。详细: 能量收敛趋势规则: 能量变化呈轻微稳定趋势(trend_score=0.001); 电荷密度收敛趋势规则: 电荷密度残差趋势不明确(trend_score=-0.000); 震荡检测规则: 严重震荡(比例=0.88),,True,,0.0010955333709716797,5,100,True,"{""能量收敛趋势规则"": {""score"": 0.7, ""weight"": 0.25, ""reason"": ""能量变化呈轻微稳定趋势(trend_score=0.001)""}, ""电荷密度收敛趋势规则"": {""score"": 0.3, ""weight"": 0.2, ""reason"": ""电荷密度残差趋势不明确(trend_score=-0.000)""}, ""震荡检测规则"": {""score"": 0.0, ""weight"": 0.15, ""reason"": ""严重震荡(比例=0.88)""}, ""收敛阈值规则"": {""score"": 0.7, ""weight"": 0.4, ""reason"": ""电荷密度已收敛(rms=2.26e-02<7e-02)，但能量未收敛(dE=2.13e-02)""}}",0.5149999999999999
vasp-data-files/111100000101010110100001/OSZICAR,1,100,1,很可能收敛(得分=0.715)。详细: 能量收敛趋势规则: 能量变化呈轻微稳定趋势(trend_score=0.001); 电荷密度收敛趋势规则: 电荷密度残差呈轻微稳定趋势(trend_score=0.003); 震荡检测规则: 严重震荡(比例=0.75),,True,,0.0010559558868408203,6,100,True,"{""能量收敛趋势规则"": {""score"": 0.7, ""weight"": 0.25, ""reason"": ""能量变化呈轻微稳定趋势(trend_score=0.001)""}, ""电荷密度收敛趋势规则"": {""score"": 0.7, ""weight"": 0.2, ""reason"": ""电荷密度残差呈轻微稳定趋势(trend_score=0.003)""}, ""震荡检测规则"": {""score"": 0.0, ""weight"": 0.15, ""reason"": ""严重震荡(比例=0.75)""}, ""收敛阈值规则"": {""score"": 1.0, ""weight"": 0.4, ""reason"": ""已达到收敛标准(dE=4.38e-03<6e-03, rms=9.17e-03<7e-02)""}}",0.715
vasp-data-files/100011011111001001011111/OSZICAR,1,100,1,可能收敛(得分=0.535)。详细: 能量收敛趋势规则: 能量变化趋势不明确(trend_score=-0.001); 电荷密度收敛趋势规则: 电荷密度残差趋势不明确(trend_score=-0.001); 震荡检测规则: 严重震荡(比例=0.88),,True,,0.0010952949523925781,5,100,True,"{""能量收敛趋势规则"": {""score"": 0.3, ""weight"": 0.25, ""reason"": ""能量变化趋势不明确(trend_score=-0.001)""}, ""电荷密度收敛趋势规则"": {""score"": 0.3, ""weight"": 0.2, ""reason"": ""电荷密度残差趋势不明确(trend_score=-0.001)""}, ""震荡检测规则"": {""score"": 0.0, ""weight"": 0.15, ""reason"": ""严重震荡(比例=0.88)""}, ""收敛阈值规则"": {""score"": 1.0, ""weight"": 0.4, ""reason"": ""已达到收敛标准(dE=3.31e-03<6e-03, rms=7.88e-03<7e-02)""}}",0.535
vasp-data-files/111010011011110010101000/OSZICAR,0,100,1,很可能收敛(得分=0.765)。详细: 能量收敛趋势规则: 能量变化呈轻微稳定趋势(trend_score=0.000)，当前dE=8.98e-05很小; 电荷密度收敛趋势规则: 电荷密度残差呈轻微稳定趋势(trend_score=0.000); 震荡检测规则: 严重震荡(比例=0.50),,True,,0.0011017322540283203,7,100,True,"{""能量收敛趋势规则"": {""score"": 0.8999999999999999, ""weight"": 0.25, ""reason"": ""能量变化呈轻微稳定趋势(trend_score=0.000)，当前dE=8.98e-05很小""}, ""电荷密度收敛趋势规则"": {""score"": 0.7, ""weight"": 0.2, ""reason"": ""电荷密度残差呈轻微稳定趋势(trend_score=0.000)""}, ""震荡检测规则"": {""score"": 0.0, ""weight"": 0.15, ""reason"": ""严重震荡(比例=0.50)""}, ""收敛阈值规则"": {""score"": 1.0, ""weight"": 0.4, ""reason"": ""已达到收敛标准(dE=8.98e-05<6e-03, rms=4.17e-03<7e-02)""}}",0.765
vasp-data-files/100110010100110000011100/OSZICAR,1,100,1,可能收敛(得分=0.685)。详细: 能量收敛趋势规则: 能量变化呈轻微稳定趋势(trend_score=0.000)，当前dE=3.41e-05很小; 电荷密度收敛趋势规则: 电荷密度残差趋势不明确(trend_score=-0.000); 震荡检测规则: 严重震荡(比例=0.75),,True,,0.0011074542999267578,6,100,True,"{""能量收敛趋势规则"": {""score"": 0.8999999999999999, ""weight"": 0.25, ""reason"": ""能量变化呈轻微稳定趋势(trend_score=0.000)，当前dE=3.41e-05很小""}, ""电荷密度收敛趋势规则"": {""score"": 0.3, ""weight"": 0.2, ""reason"": ""电荷密度残差趋势不明确(trend_score=-0.000)""}, ""震荡检测规则"": {""score"": 0.0, ""weight"": 0.15, ""reason"": ""严重震荡(比例=0.75)""}, ""收敛阈值规则"": {""score"": 1.0, ""weight"": 0.4, ""reason"": ""已达到收敛标准(dE=3.41e-05<6e-03, rms=1.24e-03<7e-02)""}}",0.685
vasp-data-files/111001111011111010000110/OSZICAR,0,100,0,很可能不收敛(得分=0.340)。详细: 能量收敛趋势规则: 能量变化趋势不明确(trend_score=-0.000)，当前dE=1.44e-01较大; 电荷密度收敛趋势规则: 电荷密度残差趋势不明确(trend_score=-0.001); 震荡检测规则: 严重震荡(比例=1.00),,True,,0.0011091232299804688,3,100,True,"{""能量收敛趋势规则"": {""score"": 0.0, ""weight"": 0.25, ""reason"": ""能量变化趋势不明确(trend_score=-0.000)，当前dE=1.44e-01较大""}, ""电荷密度收敛趋势规则"": {""score"": 0.3, ""weight"": 0.2, ""reason"": ""电荷密度残差趋势不明确(trend_score=-0.001)""}, ""震荡检测规则"": {""score"": 0.0, ""weight"": 0.15, ""reason"": ""严重震荡(比例=1.00)""}, ""收敛阈值规则"": {""score"": 0.7, ""weight"": 0.4, ""reason"": ""电荷密度已收敛(rms=4.64e-02<7e-02)，但能量未收敛(dE=1.44e-01)""}}",0.33999999999999997
vasp-data-files/100100110101100001011111/OSZICAR,1,100,1,可能收敛(得分=0.635)。详细: 能量收敛趋势规则: 能量变化呈轻微稳定趋势(trend_score=0.000); 电荷密度收敛趋势规则: 电荷密度残差趋势不明确(trend_score=-0.000); 震荡检测规则: 严重震荡(比例=0.62),,True,,0.0010864734649658203,6,100,True,"{""能量收敛趋势规则"": {""score"": 0.7, ""weight"": 0.25, ""reason"": ""能量变化呈轻微稳定趋势(trend_score=0.000)""}, ""电荷密度收敛趋势规则"": {""score"": 0.3, ""weight"": 0.2, ""reason"": ""电荷密度残差趋势不明确(trend_score=-0.000)""}, ""震荡检测规则"": {""score"": 0.0, ""weight"": 0.15, ""reason"": ""严重震荡(比例=0.62)""}, ""收敛阈值规则"": {""score"": 1.0, ""weight"": 0.4, ""reason"": ""已达到收敛标准(dE=6.37e-04<6e-03, rms=2.17e-03<7e-02)""}}",0.635
vasp-data-files/100101001000001110011001/OSZICAR,1,100,1,可能收敛(得分=0.535)。详细: 能量收敛趋势规则: 能量变化趋势不明确(trend_score=-0.000); 电荷密度收敛趋势规则: 电荷密度残差趋势不明确(trend_score=-0.000); 震荡检测规则: 严重震荡(比例=0.50),,True,,0.0010533332824707031,5,100,True,"{""能量收敛趋势规则"": {""score"": 0.3, ""weight"": 0.25, ""reason"": ""能量变化趋势不明确(trend_score=-0.000)""}, ""电荷密度收敛趋势规则"": {""score"": 0.3, ""weight"": 0.2, ""reason"": ""电荷密度残差趋势不明确(trend_score=-0.000)""}, ""震荡检测规则"": {""score"": 0.0, ""weight"": 0.15, ""reason"": ""严重震荡(比例=0.50)""}, ""收敛阈值规则"": {""score"": 1.0, ""weight"": 0.4, ""reason"": ""已达到收敛标准(dE=1.64e-03<6e-03, rms=3.33e-03<7e-02)""}}",0.535
vasp-data-files/111001010110111000010000/OSZICAR,1,100,1,很可能收敛(得分=0.765)。详细: 能量收敛趋势规则: 能量变化呈轻微稳定趋势(trend_score=0.000)，当前dE=4.20e-05很小; 电荷密度收敛趋势规则: 电荷密度残差呈轻微稳定趋势(trend_score=0.003); 震荡检测规则: 严重震荡(比例=0.75),,True,,0.0011014938354492188,7,100,True,"{""能量收敛趋势规则"": {""score"": 0.8999999999999999, ""weight"": 0.25, ""reason"": ""能量变化呈轻微稳定趋势(trend_score=0.000)，当前dE=4.20e-05很小""}, ""电荷密度收敛趋势规则"": {""score"": 0.7, ""weight"": 0.2, ""reason"": ""电荷密度残差呈轻微稳定趋势(trend_score=0.003)""}, ""震荡检测规则"": {""score"": 0.0, ""weight"": 0.15, ""reason"": ""严重震荡(比例=0.75)""}, ""收敛阈值规则"": {""score"": 1.0, ""weight"": 0.4, ""reason"": ""已达到收敛标准(dE=4.20e-05<6e-03, rms=1.66e-03<7e-02)""}}",0.765
vasp-data-files/111001111111011110011110/OSZICAR,0,100,1,可能收敛(得分=0.615)。详细: 能量收敛趋势规则: 能量变化趋势不明确(trend_score=-0.001); 电荷密度收敛趋势规则: 电荷密度残差呈轻微稳定趋势(trend_score=0.000); 震荡检测规则: 严重震荡(比例=0.62),,True,,0.0010678768157958984,6,100,True,"{""能量收敛趋势规则"": {""score"": 0.3, ""weight"": 0.25, ""reason"": ""能量变化趋势不明确(trend_score=-0.001)""}, ""电荷密度收敛趋势规则"": {""score"": 0.7, ""weight"": 0.2, ""reason"": ""电荷密度残差呈轻微稳定趋势(trend_score=0.000)""}, ""震荡检测规则"": {""score"": 0.0, ""weight"": 0.15, ""reason"": ""严重震荡(比例=0.62)""}, ""收敛阈值规则"": {""score"": 1.0, ""weight"": 0.4, ""reason"": ""已达到收敛标准(dE=4.51e-03<6e-03, rms=3.06e-03<7e-02)""}}",0.615
vasp-data-files/100111111001010011101101/OSZICAR,0,100,1,可能收敛(得分=0.615)。详细: 能量收敛趋势规则: 能量变化趋势不明确(trend_score=-0.000); 电荷密度收敛趋势规则: 电荷密度残差呈轻微稳定趋势(trend_score=0.000); 震荡检测规则: 严重震荡(比例=0.75),,True,,0.0011029243469238281,6,100,True,"{""能量收敛趋势规则"": {""score"": 0.3, ""weight"": 0.25, ""reason"": ""能量变化趋势不明确(trend_score=-0.000)""}, ""电荷密度收敛趋势规则"": {""score"": 0.7, ""weight"": 0.2, ""reason"": ""电荷密度残差呈轻微稳定趋势(trend_score=0.000)""}, ""震荡检测规则"": {""score"": 0.0, ""weight"": 0.15, ""reason"": ""严重震荡(比例=0.75)""}, ""收敛阈值规则"": {""score"": 1.0, ""weight"": 0.4, ""reason"": ""已达到收敛标准(dE=2.06e-03<6e-03, rms=6.50e-03<7e-02)""}}",0.615
vasp-data-files/110010111000111100000000/OSZICAR,1,100,1,可能收敛(得分=0.635)。详细: 能量收敛趋势规则: 能量变化呈轻微稳定趋势(trend_score=0.003); 电荷密度收敛趋势规则: 电荷密度残差趋势不明确(trend_score=-0.001); 震荡检测规则: 严重震荡(比例=0.62),,True,,0.0010807514190673828,6,100,True,"{""能量收敛趋势规则"": {""score"": 0.7, ""weight"": 0.25, ""reason"": ""能量变化呈轻微稳定趋势(trend_score=0.003)""}, ""电荷密度收敛趋势规则"": {""score"": 0.3, ""weight"": 0.2, ""reason"": ""电荷密度残差趋势不明确(trend_score=-0.001)""}, ""震荡检测规则"": {""score"": 0.0, ""weight"": 0.15, ""reason"": ""严重震荡(比例=0.62)""}, ""收敛阈值规则"": {""score"": 1.0, ""weight"": 0.4, ""reason"": ""已达到收敛标准(dE=4.13e-04<6e-03, rms=2.58e-02<7e-02)""}}",0.635
vasp-data-files/101101010101110011010100/OSZICAR,0,100,1,可能收敛(得分=0.635)。详细: 能量收敛趋势规则: 能量变化呈轻微稳定趋势(trend_score=0.000); 电荷密度收敛趋势规则: 电荷密度残差趋势不明确(trend_score=-0.000); 震荡检测规则: 严重震荡(比例=0.50),,True,,0.0010592937469482422,6,100,True,"{""能量收敛趋势规则"": {""score"": 0.7, ""weight"": 0.25, ""reason"": ""能量变化呈轻微稳定趋势(trend_score=0.000)""}, ""电荷密度收敛趋势规则"": {""score"": 0.3, ""weight"": 0.2, ""reason"": ""电荷密度残差趋势不明确(trend_score=-0.000)""}, ""震荡检测规则"": {""score"": 0.0, ""weight"": 0.15, ""reason"": ""严重震荡(比例=0.50)""}, ""收敛阈值规则"": {""score"": 1.0, ""weight"": 0.4, ""reason"": ""已达到收敛标准(dE=5.82e-03<6e-03, rms=5.01e-02<7e-02)""}}",0.635
vasp-data-files/101011010101110010100100/OSZICAR,0,100,1,可能收敛(得分=0.595)。详细: 能量收敛趋势规则: 能量变化呈轻微稳定趋势(trend_score=0.000); 电荷密度收敛趋势规则: 电荷密度残差呈轻微稳定趋势(trend_score=0.002); 震荡检测规则: 严重震荡(比例=0.50),,True,,0.0011227130889892578,5,100,True,"{""能量收敛趋势规则"": {""score"": 0.7, ""weight"": 0.25, ""reason"": ""能量变化呈轻微稳定趋势(trend_score=0.000)""}, ""电荷密度收敛趋势规则"": {""score"": 0.7, ""weight"": 0.2, ""reason"": ""电荷密度残差呈轻微稳定趋势(trend_score=0.002)""}, ""震荡检测规则"": {""score"": 0.0, ""weight"": 0.15, ""reason"": ""严重震荡(比例=0.50)""}, ""收敛阈值规则"": {""score"": 0.7, ""weight"": 0.4, ""reason"": ""电荷密度已收敛(rms=9.67e-03<7e-02)，但能量未收敛(dE=7.75e-03)""}}",0.595
vasp-data-files/100011110111011010011111/OSZICAR,1,100,1,很可能收敛(得分=0.715)。详细: 能量收敛趋势规则: 能量变化呈轻微稳定趋势(trend_score=0.000); 电荷密度收敛趋势规则: 电荷密度残差呈轻微稳定趋势(trend_score=0.000); 震荡检测规则: 严重震荡(比例=0.50),,True,,0.001074075698852539,6,100,True,"{""能量收敛趋势规则"": {""score"": 0.7, ""weight"": 0.25, ""reason"": ""能量变化呈轻微稳定趋势(trend_score=0.000)""}, ""电荷密度收敛趋势规则"": {""score"": 0.7, ""weight"": 0.2, ""reason"": ""电荷密度残差呈轻微稳定趋势(trend_score=0.000)""}, ""震荡检测规则"": {""score"": 0.0, ""weight"": 0.15, ""reason"": ""严重震荡(比例=0.50)""}, ""收敛阈值规则"": {""score"": 1.0, ""weight"": 0.4, ""reason"": ""已达到收敛标准(dE=6.12e-04<6e-03, rms=3.75e-03<7e-02)""}}",0.715
vasp-data-files/101101011101111011011100/OSZICAR,0,100,1,很可能收敛(得分=0.755)。详细: 能量收敛趋势规则: 能量变化呈轻微稳定趋势(trend_score=0.000); 电荷密度收敛趋势规则: 电荷密度残差呈轻微稳定趋势(trend_score=0.000)，当前rms=6.66e-04很小; 震荡检测规则: 严重震荡(比例=0.75),,True,,0.0010671615600585938,7,100,True,"{""能量收敛趋势规则"": {""score"": 0.7, ""weight"": 0.25, ""reason"": ""能量变化呈轻微稳定趋势(trend_score=0.000)""}, ""电荷密度收敛趋势规则"": {""score"": 0.8999999999999999, ""weight"": 0.2, ""reason"": ""电荷密度残差呈轻微稳定趋势(trend_score=0.000)，当前rms=6.66e-04很小""}, ""震荡检测规则"": {""score"": 0.0, ""weight"": 0.15, ""reason"": ""严重震荡(比例=0.75)""}, ""收敛阈值规则"": {""score"": 1.0, ""weight"": 0.4, ""reason"": ""已达到收敛标准(dE=2.19e-04<6e-03, rms=6.66e-04<7e-02)""}}",0.755
vasp-data-files/110100000111000100101000/OSZICAR,0,100,1,很可能收敛(得分=0.790)。详细: 能量收敛趋势规则: 能量变化呈轻微稳定趋势(trend_score=0.002); 电荷密度收敛趋势规则: 电荷密度残差呈轻微稳定趋势(trend_score=0.000); 震荡检测规则: 存在一定震荡(比例=0.38),,True,,0.0011096000671386719,7,100,True,"{""能量收敛趋势规则"": {""score"": 0.7, ""weight"": 0.25, ""reason"": ""能量变化呈轻微稳定趋势(trend_score=0.002)""}, ""电荷密度收敛趋势规则"": {""score"": 0.7, ""weight"": 0.2, ""reason"": ""电荷密度残差呈轻微稳定趋势(trend_score=0.000)""}, ""震荡检测规则"": {""score"": 0.5, ""weight"": 0.15, ""reason"": ""存在一定震荡(比例=0.38)""}, ""收敛阈值规则"": {""score"": 1.0, ""weight"": 0.4, ""reason"": ""已达到收敛标准(dE=4.64e-04<6e-03, rms=1.96e-03<7e-02)""}}",0.79
vasp-data-files/111100011101110000010101/OSZICAR,0,100,0,很可能不收敛(得分=0.120)。详细: 能量收敛趋势规则: 能量变化趋势不明确(trend_score=-0.021)，当前dE=2.90e-01较大; 电荷密度收敛趋势规则: 电荷密度残差趋势不明确(trend_score=-0.006)，当前rms=1.61e-01较大; 震荡检测规则: 严重震荡(比例=0.50),,True,,0.0010876655578613281,1,100,True,"{""能量收敛趋势规则"": {""score"": 0.0, ""weight"": 0.25, ""reason"": ""能量变化趋势不明确(trend_score=-0.021)，当前dE=2.90e-01较大""}, ""电荷密度收敛趋势规则"": {""score"": 0.0, ""weight"": 0.2, ""reason"": ""电荷密度残差趋势不明确(trend_score=-0.006)，当前rms=1.61e-01较大""}, ""震荡检测规则"": {""score"": 0.0, ""weight"": 0.15, ""reason"": ""严重震荡(比例=0.50)""}, ""收敛阈值规则"": {""score"": 0.3, ""weight"": 0.4, ""reason"": ""均未达到收敛标准(dE=2.90e-01, rms=1.61e-01)""}}",0.12
vasp-data-files/101010010100111010000100/OSZICAR,0,100,0,可能不收敛(得分=0.415)。详细: 能量收敛趋势规则: 能量变化趋势不明确(trend_score=-0.003); 电荷密度收敛趋势规则: 电荷密度残差趋势不明确(trend_score=-0.001); 震荡检测规则: 严重震荡(比例=0.50),,True,,0.0010581016540527344,4,100,True,"{""能量收敛趋势规则"": {""score"": 0.3, ""weight"": 0.25, ""reason"": ""能量变化趋势不明确(trend_score=-0.003)""}, ""电荷密度收敛趋势规则"": {""score"": 0.3, ""weight"": 0.2, ""reason"": ""电荷密度残差趋势不明确(trend_score=-0.001)""}, ""震荡检测规则"": {""score"": 0.0, ""weight"": 0.15, ""reason"": ""严重震荡(比例=0.50)""}, ""收敛阈值规则"": {""score"": 0.7, ""weight"": 0.4, ""reason"": ""电荷密度已收敛(rms=1.73e-02<7e-02)，但能量未收敛(dE=1.64e-02)""}}",0.415
vasp-data-files/111100111100111110010000/OSZICAR,0,100,1,可能收敛(得分=0.595)。详细: 能量收敛趋势规则: 能量变化呈轻微稳定趋势(trend_score=0.000); 电荷密度收敛趋势规则: 电荷密度残差呈轻微稳定趋势(trend_score=0.000); 震荡检测规则: 严重震荡(比例=0.75),,True,,0.0011029243469238281,5,100,True,"{""能量收敛趋势规则"": {""score"": 0.7, ""weight"": 0.25, ""reason"": ""能量变化呈轻微稳定趋势(trend_score=0.000)""}, ""电荷密度收敛趋势规则"": {""score"": 0.7, ""weight"": 0.2, ""reason"": ""电荷密度残差呈轻微稳定趋势(trend_score=0.000)""}, ""震荡检测规则"": {""score"": 0.0, ""weight"": 0.15, ""reason"": ""严重震荡(比例=0.75)""}, ""收敛阈值规则"": {""score"": 0.7, ""weight"": 0.4, ""reason"": ""电荷密度已收敛(rms=4.43e-03<7e-02)，但能量未收敛(dE=7.69e-03)""}}",0.595
vasp-data-files/101111100101111000100000/OSZICAR,1,100,1,很可能收敛(得分=0.880)。详细: 能量收敛趋势规则: 能量变化呈轻微稳定趋势(trend_score=0.000)，当前dE=5.01e-06很小; 电荷密度收敛趋势规则: 电荷密度残差呈轻微稳定趋势(trend_score=0.000)，当前rms=1.94e-04很小; 震荡检测规则: 存在一定震荡(比例=0.38),,True,,0.0010712146759033203,8,100,True,"{""能量收敛趋势规则"": {""score"": 0.8999999999999999, ""weight"": 0.25, ""reason"": ""能量变化呈轻微稳定趋势(trend_score=0.000)，当前dE=5.01e-06很小""}, ""电荷密度收敛趋势规则"": {""score"": 0.8999999999999999, ""weight"": 0.2, ""reason"": ""电荷密度残差呈轻微稳定趋势(trend_score=0.000)，当前rms=1.94e-04很小""}, ""震荡检测规则"": {""score"": 0.5, ""weight"": 0.15, ""reason"": ""存在一定震荡(比例=0.38)""}, ""收敛阈值规则"": {""score"": 1.0, ""weight"": 0.4, ""reason"": ""已达到收敛标准(dE=5.01e-06<6e-03, rms=1.94e-04<7e-02)""}}",0.88
vasp-data-files/101101000101011100000000/OSZICAR,0,100,1,可能收敛(得分=0.635)。详细: 能量收敛趋势规则: 能量变化呈轻微稳定趋势(trend_score=0.000); 电荷密度收敛趋势规则: 电荷密度残差趋势不明确(trend_score=-0.000); 震荡检测规则: 严重震荡(比例=0.62),,True,,0.0010840892791748047,6,100,True,"{""能量收敛趋势规则"": {""score"": 0.7, ""weight"": 0.25, ""reason"": ""能量变化呈轻微稳定趋势(trend_score=0.000)""}, ""电荷密度收敛趋势规则"": {""score"": 0.3, ""weight"": 0.2, ""reason"": ""电荷密度残差趋势不明确(trend_score=-0.000)""}, ""震荡检测规则"": {""score"": 0.0, ""weight"": 0.15, ""reason"": ""严重震荡(比例=0.62)""}, ""收敛阈值规则"": {""score"": 1.0, ""weight"": 0.4, ""reason"": ""已达到收敛标准(dE=8.21e-04<6e-03, rms=6.71e-03<7e-02)""}}",0.635
vasp-data-files/110001001100001101110101/OSZICAR,0,100,1,可能收敛(得分=0.670)。详细: 能量收敛趋势规则: 能量变化呈下降趋势(trend_score=0.049); 电荷密度收敛趋势规则: 电荷密度残差呈轻微稳定趋势(trend_score=0.006); 震荡检测规则: 严重震荡(比例=0.62),,True,,0.001092672348022461,6,100,True,"{""能量收敛趋势规则"": {""score"": 1.0, ""weight"": 0.25, ""reason"": ""能量变化呈下降趋势(trend_score=0.049)""}, ""电荷密度收敛趋势规则"": {""score"": 0.7, ""weight"": 0.2, ""reason"": ""电荷密度残差呈轻微稳定趋势(trend_score=0.006)""}, ""震荡检测规则"": {""score"": 0.0, ""weight"": 0.15, ""reason"": ""严重震荡(比例=0.62)""}, ""收敛阈值规则"": {""score"": 0.7, ""weight"": 0.4, ""reason"": ""电荷密度已收敛(rms=1.30e-02<7e-02)，但能量未收敛(dE=1.58e-02)""}}",0.6699999999999999
vasp-data-files/101100001100111110000000/OSZICAR,0,100,1,可能收敛(得分=0.535)。详细: 能量收敛趋势规则: 能量变化趋势不明确(trend_score=-0.000); 电荷密度收敛趋势规则: 电荷密度残差趋势不明确(trend_score=-0.002); 震荡检测规则: 严重震荡(比例=0.50),,True,,0.001058340072631836,5,100,True,"{""能量收敛趋势规则"": {""score"": 0.3, ""weight"": 0.25, ""reason"": ""能量变化趋势不明确(trend_score=-0.000)""}, ""电荷密度收敛趋势规则"": {""score"": 0.3, ""weight"": 0.2, ""reason"": ""电荷密度残差趋势不明确(trend_score=-0.002)""}, ""震荡检测规则"": {""score"": 0.0, ""weight"": 0.15, ""reason"": ""严重震荡(比例=0.50)""}, ""收敛阈值规则"": {""score"": 1.0, ""weight"": 0.4, ""reason"": ""已达到收敛标准(dE=3.68e-03<6e-03, rms=1.81e-02<7e-02)""}}",0.535
vasp-data-files/111110000100010000111110/OSZICAR,0,100,1,很可能收敛(得分=0.765)。详细: 能量收敛趋势规则: 能量变化呈轻微稳定趋势(trend_score=0.000)，当前dE=8.24e-05很小; 电荷密度收敛趋势规则: 电荷密度残差呈轻微稳定趋势(trend_score=0.001); 震荡检测规则: 严重震荡(比例=0.62),,True,,0.0010917186737060547,7,100,True,"{""能量收敛趋势规则"": {""score"": 0.8999999999999999, ""weight"": 0.25, ""reason"": ""能量变化呈轻微稳定趋势(trend_score=0.000)，当前dE=8.24e-05很小""}, ""电荷密度收敛趋势规则"": {""score"": 0.7, ""weight"": 0.2, ""reason"": ""电荷密度残差呈轻微稳定趋势(trend_score=0.001)""}, ""震荡检测规则"": {""score"": 0.0, ""weight"": 0.15, ""reason"": ""严重震荡(比例=0.62)""}, ""收敛阈值规则"": {""score"": 1.0, ""weight"": 0.4, ""reason"": ""已达到收敛标准(dE=8.24e-05<6e-03, rms=2.46e-03<7e-02)""}}",0.765
vasp-data-files/100101001100010000001100/OSZICAR,1,100,0,可能不收敛(得分=0.415)。详细: 能量收敛趋势规则: 能量变化趋势不明确(trend_score=-0.004); 电荷密度收敛趋势规则: 电荷密度残差趋势不明确(trend_score=-0.003); 震荡检测规则: 严重震荡(比例=0.62),,True,,0.0010819435119628906,4,100,True,"{""能量收敛趋势规则"": {""score"": 0.3, ""weight"": 0.25, ""reason"": ""能量变化趋势不明确(trend_score=-0.004)""}, ""电荷密度收敛趋势规则"": {""score"": 0.3, ""weight"": 0.2, ""reason"": ""电荷密度残差趋势不明确(trend_score=-0.003)""}, ""震荡检测规则"": {""score"": 0.0, ""weight"": 0.15, ""reason"": ""严重震荡(比例=0.62)""}, ""收敛阈值规则"": {""score"": 0.7, ""weight"": 0.4, ""reason"": ""电荷密度已收敛(rms=2.84e-02<7e-02)，但能量未收敛(dE=2.97e-02)""}}",0.415
vasp-data-files/100010001001111100101001/OSZICAR,1,100,1,很可能收敛(得分=0.715)。详细: 能量收敛趋势规则: 能量变化呈轻微稳定趋势(trend_score=0.000); 电荷密度收敛趋势规则: 电荷密度残差呈轻微稳定趋势(trend_score=0.000); 震荡检测规则: 严重震荡(比例=0.75),,True,,0.0010523796081542969,6,100,True,"{""能量收敛趋势规则"": {""score"": 0.7, ""weight"": 0.25, ""reason"": ""能量变化呈轻微稳定趋势(trend_score=0.000)""}, ""电荷密度收敛趋势规则"": {""score"": 0.7, ""weight"": 0.2, ""reason"": ""电荷密度残差呈轻微稳定趋势(trend_score=0.000)""}, ""震荡检测规则"": {""score"": 0.0, ""weight"": 0.15, ""reason"": ""严重震荡(比例=0.75)""}, ""收敛阈值规则"": {""score"": 1.0, ""weight"": 0.4, ""reason"": ""已达到收敛标准(dE=3.79e-03<6e-03, rms=6.69e-03<7e-02)""}}",0.715
vasp-data-files/100101101101101011001111/OSZICAR,0,100,1,可能收敛(得分=0.595)。详细: 能量收敛趋势规则: 能量变化呈轻微稳定趋势(trend_score=0.000); 电荷密度收敛趋势规则: 电荷密度残差呈轻微稳定趋势(trend_score=0.000); 震荡检测规则: 严重震荡(比例=0.50),,True,,0.0010852813720703125,5,100,True,"{""能量收敛趋势规则"": {""score"": 0.7, ""weight"": 0.25, ""reason"": ""能量变化呈轻微稳定趋势(trend_score=0.000)""}, ""电荷密度收敛趋势规则"": {""score"": 0.7, ""weight"": 0.2, ""reason"": ""电荷密度残差呈轻微稳定趋势(trend_score=0.000)""}, ""震荡检测规则"": {""score"": 0.0, ""weight"": 0.15, ""reason"": ""严重震荡(比例=0.50)""}, ""收敛阈值规则"": {""score"": 0.7, ""weight"": 0.4, ""reason"": ""电荷密度已收敛(rms=7.95e-03<7e-02)，但能量未收敛(dE=1.21e-02)""}}",0.595
vasp-data-files/101100010101110001000100/OSZICAR,1,100,1,很可能收敛(得分=0.715)。详细: 能量收敛趋势规则: 能量变化呈轻微稳定趋势(trend_score=0.000); 电荷密度收敛趋势规则: 电荷密度残差呈轻微稳定趋势(trend_score=0.001); 震荡检测规则: 严重震荡(比例=0.62),,True,,0.0010907649993896484,6,100,True,"{""能量收敛趋势规则"": {""score"": 0.7, ""weight"": 0.25, ""reason"": ""能量变化呈轻微稳定趋势(trend_score=0.000)""}, ""电荷密度收敛趋势规则"": {""score"": 0.7, ""weight"": 0.2, ""reason"": ""电荷密度残差呈轻微稳定趋势(trend_score=0.001)""}, ""震荡检测规则"": {""score"": 0.0, ""weight"": 0.15, ""reason"": ""严重震荡(比例=0.62)""}, ""收敛阈值规则"": {""score"": 1.0, ""weight"": 0.4, ""reason"": ""已达到收敛标准(dE=6.14e-04<6e-03, rms=2.09e-03<7e-02)""}}",0.715
vasp-data-files/110110100101001100111100/OSZICAR,1,100,1,很可能收敛(得分=0.715)。详细: 能量收敛趋势规则: 能量变化呈轻微稳定趋势(trend_score=0.001); 电荷密度收敛趋势规则: 电荷密度残差呈轻微稳定趋势(trend_score=0.000); 震荡检测规则: 严重震荡(比例=0.75),,True,,0.0010480880737304688,6,100,True,"{""能量收敛趋势规则"": {""score"": 0.7, ""weight"": 0.25, ""reason"": ""能量变化呈轻微稳定趋势(trend_score=0.001)""}, ""电荷密度收敛趋势规则"": {""score"": 0.7, ""weight"": 0.2, ""reason"": ""电荷密度残差呈轻微稳定趋势(trend_score=0.000)""}, ""震荡检测规则"": {""score"": 0.0, ""weight"": 0.15, ""reason"": ""严重震荡(比例=0.75)""}, ""收敛阈值规则"": {""score"": 1.0, ""weight"": 0.4, ""reason"": ""已达到收敛标准(dE=1.54e-04<6e-03, rms=7.09e-03<7e-02)""}}",0.715
vasp-data-files/100011110011111010000110/OSZICAR,1,100,1,很可能收敛(得分=0.715)。详细: 能量收敛趋势规则: 能量变化呈轻微稳定趋势(trend_score=0.001); 电荷密度收敛趋势规则: 电荷密度残差呈轻微稳定趋势(trend_score=0.000); 震荡检测规则: 严重震荡(比例=0.62),,True,,0.0011067390441894531,6,100,True,"{""能量收敛趋势规则"": {""score"": 0.7, ""weight"": 0.25, ""reason"": ""能量变化呈轻微稳定趋势(trend_score=0.001)""}, ""电荷密度收敛趋势规则"": {""score"": 0.7, ""weight"": 0.2, ""reason"": ""电荷密度残差呈轻微稳定趋势(trend_score=0.000)""}, ""震荡检测规则"": {""score"": 0.0, ""weight"": 0.15, ""reason"": ""严重震荡(比例=0.62)""}, ""收敛阈值规则"": {""score"": 1.0, ""weight"": 0.4, ""reason"": ""已达到收敛标准(dE=4.75e-04<6e-03, rms=1.69e-03<7e-02)""}}",0.715
vasp-data-files/110100111100111101010011/OSZICAR,0,100,0,可能不收敛(得分=0.415)。详细: 能量收敛趋势规则: 能量变化趋势不明确(trend_score=-0.002); 电荷密度收敛趋势规则: 电荷密度残差趋势不明确(trend_score=-0.004); 震荡检测规则: 严重震荡(比例=0.50),,True,,0.0010826587677001953,4,100,True,"{""能量收敛趋势规则"": {""score"": 0.3, ""weight"": 0.25, ""reason"": ""能量变化趋势不明确(trend_score=-0.002)""}, ""电荷密度收敛趋势规则"": {""score"": 0.3, ""weight"": 0.2, ""reason"": ""电荷密度残差趋势不明确(trend_score=-0.004)""}, ""震荡检测规则"": {""score"": 0.0, ""weight"": 0.15, ""reason"": ""严重震荡(比例=0.50)""}, ""收敛阈值规则"": {""score"": 0.7, ""weight"": 0.4, ""reason"": ""电荷密度已收敛(rms=3.15e-02<7e-02)，但能量未收敛(dE=1.26e-02)""}}",0.415
vasp-data-files/101001001100111011000101/OSZICAR,1,100,1,很可能收敛(得分=0.715)。详细: 能量收敛趋势规则: 能量变化呈轻微稳定趋势(trend_score=0.000); 电荷密度收敛趋势规则: 电荷密度残差呈轻微稳定趋势(trend_score=0.003); 震荡检测规则: 严重震荡(比例=0.75),,True,,0.0010464191436767578,6,100,True,"{""能量收敛趋势规则"": {""score"": 0.7, ""weight"": 0.25, ""reason"": ""能量变化呈轻微稳定趋势(trend_score=0.000)""}, ""电荷密度收敛趋势规则"": {""score"": 0.7, ""weight"": 0.2, ""reason"": ""电荷密度残差呈轻微稳定趋势(trend_score=0.003)""}, ""震荡检测规则"": {""score"": 0.0, ""weight"": 0.15, ""reason"": ""严重震荡(比例=0.75)""}, ""收敛阈值规则"": {""score"": 1.0, ""weight"": 0.4, ""reason"": ""已达到收敛标准(dE=5.35e-04<6e-03, rms=3.97e-03<7e-02)""}}",0.715
vasp-data-files/110100110001110001011001/OSZICAR,0,100,1,可能收敛(得分=0.595)。详细: 能量收敛趋势规则: 能量变化呈轻微稳定趋势(trend_score=0.000); 电荷密度收敛趋势规则: 电荷密度残差呈轻微稳定趋势(trend_score=0.000); 震荡检测规则: 严重震荡(比例=0.62),,True,,0.0011036396026611328,5,100,True,"{""能量收敛趋势规则"": {""score"": 0.7, ""weight"": 0.25, ""reason"": ""能量变化呈轻微稳定趋势(trend_score=0.000)""}, ""电荷密度收敛趋势规则"": {""score"": 0.7, ""weight"": 0.2, ""reason"": ""电荷密度残差呈轻微稳定趋势(trend_score=0.000)""}, ""震荡检测规则"": {""score"": 0.0, ""weight"": 0.15, ""reason"": ""严重震荡(比例=0.62)""}, ""收敛阈值规则"": {""score"": 0.7, ""weight"": 0.4, ""reason"": ""电荷密度已收敛(rms=1.20e-02<7e-02)，但能量未收敛(dE=1.02e-02)""}}",0.595
vasp-data-files/111010110000111110010000/OSZICAR,0,100,0,很可能不收敛(得分=0.340)。详细: 能量收敛趋势规则: 能量变化趋势不明确(trend_score=-0.030)，当前dE=1.71e-01较大; 电荷密度收敛趋势规则: 电荷密度残差趋势不明确(trend_score=-0.001); 震荡检测规则: 严重震荡(比例=0.50),,True,,0.0010676383972167969,3,100,True,"{""能量收敛趋势规则"": {""score"": 0.0, ""weight"": 0.25, ""reason"": ""能量变化趋势不明确(trend_score=-0.030)，当前dE=1.71e-01较大""}, ""电荷密度收敛趋势规则"": {""score"": 0.3, ""weight"": 0.2, ""reason"": ""电荷密度残差趋势不明确(trend_score=-0.001)""}, ""震荡检测规则"": {""score"": 0.0, ""weight"": 0.15, ""reason"": ""严重震荡(比例=0.50)""}, ""收敛阈值规则"": {""score"": 0.7, ""weight"": 0.4, ""reason"": ""电荷密度已收敛(rms=4.40e-02<7e-02)，但能量未收敛(dE=1.71e-01)""}}",0.33999999999999997
vasp-data-files/101100000100111110000000/OSZICAR,0,100,0,可能不收敛(得分=0.415)。详细: 能量收敛趋势规则: 能量变化趋势不明确(trend_score=-0.004); 电荷密度收敛趋势规则: 电荷密度残差趋势不明确(trend_score=-0.002); 震荡检测规则: 严重震荡(比例=0.62),,True,,0.0010530948638916016,4,100,True,"{""能量收敛趋势规则"": {""score"": 0.3, ""weight"": 0.25, ""reason"": ""能量变化趋势不明确(trend_score=-0.004)""}, ""电荷密度收敛趋势规则"": {""score"": 0.3, ""weight"": 0.2, ""reason"": ""电荷密度残差趋势不明确(trend_score=-0.002)""}, ""震荡检测规则"": {""score"": 0.0, ""weight"": 0.15, ""reason"": ""严重震荡(比例=0.62)""}, ""收敛阈值规则"": {""score"": 0.7, ""weight"": 0.4, ""reason"": ""电荷密度已收敛(rms=3.48e-02<7e-02)，但能量未收敛(dE=4.07e-02)""}}",0.415
vasp-data-files/100001011111111001010111/OSZICAR,0,100,1,可能收敛(得分=0.535)。详细: 能量收敛趋势规则: 能量变化趋势不明确(trend_score=-0.000); 电荷密度收敛趋势规则: 电荷密度残差趋势不明确(trend_score=-0.000); 震荡检测规则: 严重震荡(比例=0.50),,True,,0.0010945796966552734,5,100,True,"{""能量收敛趋势规则"": {""score"": 0.3, ""weight"": 0.25, ""reason"": ""能量变化趋势不明确(trend_score=-0.000)""}, ""电荷密度收敛趋势规则"": {""score"": 0.3, ""weight"": 0.2, ""reason"": ""电荷密度残差趋势不明确(trend_score=-0.000)""}, ""震荡检测规则"": {""score"": 0.0, ""weight"": 0.15, ""reason"": ""严重震荡(比例=0.50)""}, ""收敛阈值规则"": {""score"": 1.0, ""weight"": 0.4, ""reason"": ""已达到收敛标准(dE=4.39e-03<6e-03, rms=9.96e-03<7e-02)""}}",0.535
vasp-data-files/111110001100010010111111/OSZICAR,0,100,1,很可能收敛(得分=0.715)。详细: 能量收敛趋势规则: 能量变化呈轻微稳定趋势(trend_score=0.000); 电荷密度收敛趋势规则: 电荷密度残差呈轻微稳定趋势(trend_score=0.000); 震荡检测规则: 严重震荡(比例=0.62),,True,,0.0010559558868408203,6,100,True,"{""能量收敛趋势规则"": {""score"": 0.7, ""weight"": 0.25, ""reason"": ""能量变化呈轻微稳定趋势(trend_score=0.000)""}, ""电荷密度收敛趋势规则"": {""score"": 0.7, ""weight"": 0.2, ""reason"": ""电荷密度残差呈轻微稳定趋势(trend_score=0.000)""}, ""震荡检测规则"": {""score"": 0.0, ""weight"": 0.15, ""reason"": ""严重震荡(比例=0.62)""}, ""收敛阈值规则"": {""score"": 1.0, ""weight"": 0.4, ""reason"": ""已达到收敛标准(dE=2.34e-04<6e-03, rms=5.96e-03<7e-02)""}}",0.715
vasp-data-files/110000000011100101010001/OSZICAR,0,100,0,可能不收敛(得分=0.415)。详细: 能量收敛趋势规则: 能量变化趋势不明确(trend_score=-0.001); 电荷密度收敛趋势规则: 电荷密度残差趋势不明确(trend_score=-0.001); 震荡检测规则: 严重震荡(比例=0.62),,True,,0.0010826587677001953,4,100,True,"{""能量收敛趋势规则"": {""score"": 0.3, ""weight"": 0.25, ""reason"": ""能量变化趋势不明确(trend_score=-0.001)""}, ""电荷密度收敛趋势规则"": {""score"": 0.3, ""weight"": 0.2, ""reason"": ""电荷密度残差趋势不明确(trend_score=-0.001)""}, ""震荡检测规则"": {""score"": 0.0, ""weight"": 0.15, ""reason"": ""严重震荡(比例=0.62)""}, ""收敛阈值规则"": {""score"": 0.7, ""weight"": 0.4, ""reason"": ""电荷密度已收敛(rms=5.11e-03<7e-02)，但能量未收敛(dE=7.08e-03)""}}",0.415
vasp-data-files/111100000101111100100000/OSZICAR,1,100,1,可能收敛(得分=0.635)。详细: 能量收敛趋势规则: 能量变化呈轻微稳定趋势(trend_score=0.000); 电荷密度收敛趋势规则: 电荷密度残差趋势不明确(trend_score=-0.000); 震荡检测规则: 严重震荡(比例=0.50),,True,,0.0010836124420166016,6,100,True,"{""能量收敛趋势规则"": {""score"": 0.7, ""weight"": 0.25, ""reason"": ""能量变化呈轻微稳定趋势(trend_score=0.000)""}, ""电荷密度收敛趋势规则"": {""score"": 0.3, ""weight"": 0.2, ""reason"": ""电荷密度残差趋势不明确(trend_score=-0.000)""}, ""震荡检测规则"": {""score"": 0.0, ""weight"": 0.15, ""reason"": ""严重震荡(比例=0.50)""}, ""收敛阈值规则"": {""score"": 1.0, ""weight"": 0.4, ""reason"": ""已达到收敛标准(dE=1.84e-03<6e-03, rms=7.81e-03<7e-02)""}}",0.635
vasp-data-files/100011110011111010100110/OSZICAR,1,100,1,很可能收敛(得分=0.840)。详细: 能量收敛趋势规则: 能量变化呈轻微稳定趋势(trend_score=0.003)，当前dE=4.55e-05很小; 电荷密度收敛趋势规则: 电荷密度残差呈轻微稳定趋势(trend_score=0.002); 震荡检测规则: 存在一定震荡(比例=0.38),,True,,0.0010581016540527344,8,100,True,"{""能量收敛趋势规则"": {""score"": 0.8999999999999999, ""weight"": 0.25, ""reason"": ""能量变化呈轻微稳定趋势(trend_score=0.003)，当前dE=4.55e-05很小""}, ""电荷密度收敛趋势规则"": {""score"": 0.7, ""weight"": 0.2, ""reason"": ""电荷密度残差呈轻微稳定趋势(trend_score=0.002)""}, ""震荡检测规则"": {""score"": 0.5, ""weight"": 0.15, ""reason"": ""存在一定震荡(比例=0.38)""}, ""收敛阈值规则"": {""score"": 1.0, ""weight"": 0.4, ""reason"": ""已达到收敛标准(dE=4.55e-05<6e-03, rms=2.03e-03<7e-02)""}}",0.8400000000000001
vasp-data-files/111110110101110100110100/OSZICAR,0,100,1,很可能收敛(得分=0.715)。详细: 能量收敛趋势规则: 能量变化呈轻微稳定趋势(trend_score=0.000); 电荷密度收敛趋势规则: 电荷密度残差呈轻微稳定趋势(trend_score=0.000); 震荡检测规则: 严重震荡(比例=0.88),,True,,0.0010912418365478516,6,100,True,"{""能量收敛趋势规则"": {""score"": 0.7, ""weight"": 0.25, ""reason"": ""能量变化呈轻微稳定趋势(trend_score=0.000)""}, ""电荷密度收敛趋势规则"": {""score"": 0.7, ""weight"": 0.2, ""reason"": ""电荷密度残差呈轻微稳定趋势(trend_score=0.000)""}, ""震荡检测规则"": {""score"": 0.0, ""weight"": 0.15, ""reason"": ""严重震荡(比例=0.88)""}, ""收敛阈值规则"": {""score"": 1.0, ""weight"": 0.4, ""reason"": ""已达到收敛标准(dE=1.54e-03<6e-03, rms=4.85e-03<7e-02)""}}",0.715
vasp-data-files/100111001111010100101000/OSZICAR,0,100,0,很可能不收敛(得分=0.340)。详细: 能量收敛趋势规则: 能量变化趋势不明确(trend_score=-0.015)，当前dE=1.49e-01较大; 电荷密度收敛趋势规则: 电荷密度残差趋势不明确(trend_score=-0.009); 震荡检测规则: 严重震荡(比例=0.50),,True,,0.001088857650756836,3,100,True,"{""能量收敛趋势规则"": {""score"": 0.0, ""weight"": 0.25, ""reason"": ""能量变化趋势不明确(trend_score=-0.015)，当前dE=1.49e-01较大""}, ""电荷密度收敛趋势规则"": {""score"": 0.3, ""weight"": 0.2, ""reason"": ""电荷密度残差趋势不明确(trend_score=-0.009)""}, ""震荡检测规则"": {""score"": 0.0, ""weight"": 0.15, ""reason"": ""严重震荡(比例=0.50)""}, ""收敛阈值规则"": {""score"": 0.7, ""weight"": 0.4, ""reason"": ""电荷密度已收敛(rms=5.53e-02<7e-02)，但能量未收敛(dE=1.49e-01)""}}",0.33999999999999997
vasp-data-files/101100000101010001101100/OSZICAR,1,100,0,可能不收敛(得分=0.415)。详细: 能量收敛趋势规则: 能量变化趋势不明确(trend_score=-0.000); 电荷密度收敛趋势规则: 电荷密度残差趋势不明确(trend_score=-0.001); 震荡检测规则: 严重震荡(比例=0.62),,True,,0.0010519027709960938,4,100,True,"{""能量收敛趋势规则"": {""score"": 0.3, ""weight"": 0.25, ""reason"": ""能量变化趋势不明确(trend_score=-0.000)""}, ""电荷密度收敛趋势规则"": {""score"": 0.3, ""weight"": 0.2, ""reason"": ""电荷密度残差趋势不明确(trend_score=-0.001)""}, ""震荡检测规则"": {""score"": 0.0, ""weight"": 0.15, ""reason"": ""严重震荡(比例=0.62)""}, ""收敛阈值规则"": {""score"": 0.7, ""weight"": 0.4, ""reason"": ""电荷密度已收敛(rms=1.74e-02<7e-02)，但能量未收敛(dE=7.05e-03)""}}",0.415
vasp-data-files/101100010101110000111100/OSZICAR,1,100,1,可能收敛(得分=0.535)。详细: 能量收敛趋势规则: 能量变化趋势不明确(trend_score=-0.000); 电荷密度收敛趋势规则: 电荷密度残差趋势不明确(trend_score=-0.000); 震荡检测规则: 严重震荡(比例=0.75),,True,,0.0010905265808105469,5,100,True,"{""能量收敛趋势规则"": {""score"": 0.3, ""weight"": 0.25, ""reason"": ""能量变化趋势不明确(trend_score=-0.000)""}, ""电荷密度收敛趋势规则"": {""score"": 0.3, ""weight"": 0.2, ""reason"": ""电荷密度残差趋势不明确(trend_score=-0.000)""}, ""震荡检测规则"": {""score"": 0.0, ""weight"": 0.15, ""reason"": ""严重震荡(比例=0.75)""}, ""收敛阈值规则"": {""score"": 1.0, ""weight"": 0.4, ""reason"": ""已达到收敛标准(dE=1.38e-04<6e-03, rms=2.72e-03<7e-02)""}}",0.535
vasp-data-files/110101000101000011111110/OSZICAR,1,100,0,可能不收敛(得分=0.415)。详细: 能量收敛趋势规则: 能量变化趋势不明确(trend_score=-0.000); 电荷密度收敛趋势规则: 电荷密度残差趋势不明确(trend_score=-0.000); 震荡检测规则: 严重震荡(比例=0.50),,True,,0.0010745525360107422,4,100,True,"{""能量收敛趋势规则"": {""score"": 0.3, ""weight"": 0.25, ""reason"": ""能量变化趋势不明确(trend_score=-0.000)""}, ""电荷密度收敛趋势规则"": {""score"": 0.3, ""weight"": 0.2, ""reason"": ""电荷密度残差趋势不明确(trend_score=-0.000)""}, ""震荡检测规则"": {""score"": 0.0, ""weight"": 0.15, ""reason"": ""严重震荡(比例=0.50)""}, ""收敛阈值规则"": {""score"": 0.7, ""weight"": 0.4, ""reason"": ""电荷密度已收敛(rms=2.45e-02<7e-02)，但能量未收敛(dE=2.96e-02)""}}",0.415
vasp-data-files/101101000101111100000000/OSZICAR,1,100,1,可能收敛(得分=0.615)。详细: 能量收敛趋势规则: 能量变化趋势不明确(trend_score=-0.000); 电荷密度收敛趋势规则: 电荷密度残差呈轻微稳定趋势(trend_score=0.000); 震荡检测规则: 严重震荡(比例=0.62),,True,,0.0010466575622558594,6,100,True,"{""能量收敛趋势规则"": {""score"": 0.3, ""weight"": 0.25, ""reason"": ""能量变化趋势不明确(trend_score=-0.000)""}, ""电荷密度收敛趋势规则"": {""score"": 0.7, ""weight"": 0.2, ""reason"": ""电荷密度残差呈轻微稳定趋势(trend_score=0.000)""}, ""震荡检测规则"": {""score"": 0.0, ""weight"": 0.15, ""reason"": ""严重震荡(比例=0.62)""}, ""收敛阈值规则"": {""score"": 1.0, ""weight"": 0.4, ""reason"": ""已达到收敛标准(dE=2.66e-04<6e-03, rms=2.78e-03<7e-02)""}}",0.615
vasp-data-files/110001111110110011011111/OSZICAR,0,100,1,可能收敛(得分=0.520)。详细: 能量收敛趋势规则: 能量变化呈轻微稳定趋势(trend_score=0.000)，当前dE=3.12e-01较大; 电荷密度收敛趋势规则: 电荷密度残差呈轻微稳定趋势(trend_score=0.005); 震荡检测规则: 严重震荡(比例=0.75),,True,,0.001107931137084961,5,100,True,"{""能量收敛趋势规则"": {""score"": 0.39999999999999997, ""weight"": 0.25, ""reason"": ""能量变化呈轻微稳定趋势(trend_score=0.000)，当前dE=3.12e-01较大""}, ""电荷密度收敛趋势规则"": {""score"": 0.7, ""weight"": 0.2, ""reason"": ""电荷密度残差呈轻微稳定趋势(trend_score=0.005)""}, ""震荡检测规则"": {""score"": 0.0, ""weight"": 0.15, ""reason"": ""严重震荡(比例=0.75)""}, ""收敛阈值规则"": {""score"": 0.7, ""weight"": 0.4, ""reason"": ""电荷密度已收敛(rms=4.11e-02<7e-02)，但能量未收敛(dE=3.12e-01)""}}",0.52
vasp-data-files/101110001110011101010011/OSZICAR,0,100,1,很可能收敛(得分=0.715)。详细: 能量收敛趋势规则: 能量变化呈轻微下降趋势(trend_score=0.011); 电荷密度收敛趋势规则: 电荷密度残差呈轻微稳定趋势(trend_score=0.002); 震荡检测规则: 严重震荡(比例=0.50),,True,,0.0011031627655029297,6,100,True,"{""能量收敛趋势规则"": {""score"": 0.7, ""weight"": 0.25, ""reason"": ""能量变化呈轻微下降趋势(trend_score=0.011)""}, ""电荷密度收敛趋势规则"": {""score"": 0.7, ""weight"": 0.2, ""reason"": ""电荷密度残差呈轻微稳定趋势(trend_score=0.002)""}, ""震荡检测规则"": {""score"": 0.0, ""weight"": 0.15, ""reason"": ""严重震荡(比例=0.50)""}, ""收敛阈值规则"": {""score"": 1.0, ""weight"": 0.4, ""reason"": ""已达到收敛标准(dE=5.29e-04<6e-03, rms=6.93e-03<7e-02)""}}",0.715
vasp-data-files/110000011100011000001011/OSZICAR,1,100,1,很可能收敛(得分=0.765)。详细: 能量收敛趋势规则: 能量变化呈轻微稳定趋势(trend_score=0.000)，当前dE=8.84e-05很小; 电荷密度收敛趋势规则: 电荷密度残差呈轻微稳定趋势(trend_score=0.000); 震荡检测规则: 严重震荡(比例=0.62),,True,,0.0010552406311035156,7,100,True,"{""能量收敛趋势规则"": {""score"": 0.8999999999999999, ""weight"": 0.25, ""reason"": ""能量变化呈轻微稳定趋势(trend_score=0.000)，当前dE=8.84e-05很小""}, ""电荷密度收敛趋势规则"": {""score"": 0.7, ""weight"": 0.2, ""reason"": ""电荷密度残差呈轻微稳定趋势(trend_score=0.000)""}, ""震荡检测规则"": {""score"": 0.0, ""weight"": 0.15, ""reason"": ""严重震荡(比例=0.62)""}, ""收敛阈值规则"": {""score"": 1.0, ""weight"": 0.4, ""reason"": ""已达到收敛标准(dE=8.84e-05<6e-03, rms=1.22e-03<7e-02)""}}",0.765
vasp-data-files/101000001110001111010111/OSZICAR,1,100,1,很可能收敛(得分=0.715)。详细: 能量收敛趋势规则: 能量变化呈轻微稳定趋势(trend_score=0.000); 电荷密度收敛趋势规则: 电荷密度残差呈轻微稳定趋势(trend_score=0.000); 震荡检测规则: 严重震荡(比例=0.62),,True,,0.0011000633239746094,6,100,True,"{""能量收敛趋势规则"": {""score"": 0.7, ""weight"": 0.25, ""reason"": ""能量变化呈轻微稳定趋势(trend_score=0.000)""}, ""电荷密度收敛趋势规则"": {""score"": 0.7, ""weight"": 0.2, ""reason"": ""电荷密度残差呈轻微稳定趋势(trend_score=0.000)""}, ""震荡检测规则"": {""score"": 0.0, ""weight"": 0.15, ""reason"": ""严重震荡(比例=0.62)""}, ""收敛阈值规则"": {""score"": 1.0, ""weight"": 0.4, ""reason"": ""已达到收敛标准(dE=1.78e-04<6e-03, rms=1.75e-03<7e-02)""}}",0.715
vasp-data-files/101111100000000011101101/OSZICAR,0,100,1,可能收敛(得分=0.535)。详细: 能量收敛趋势规则: 能量变化趋势不明确(trend_score=-0.000); 电荷密度收敛趋势规则: 电荷密度残差趋势不明确(trend_score=-0.001); 震荡检测规则: 严重震荡(比例=0.75),,True,,0.0010514259338378906,5,100,True,"{""能量收敛趋势规则"": {""score"": 0.3, ""weight"": 0.25, ""reason"": ""能量变化趋势不明确(trend_score=-0.000)""}, ""电荷密度收敛趋势规则"": {""score"": 0.3, ""weight"": 0.2, ""reason"": ""电荷密度残差趋势不明确(trend_score=-0.001)""}, ""震荡检测规则"": {""score"": 0.0, ""weight"": 0.15, ""reason"": ""严重震荡(比例=0.75)""}, ""收敛阈值规则"": {""score"": 1.0, ""weight"": 0.4, ""reason"": ""已达到收敛标准(dE=1.01e-03<6e-03, rms=1.29e-02<7e-02)""}}",0.535
vasp-data-files/110110001000011100100000/OSZICAR,1,100,1,可能收敛(得分=0.610)。详细: 能量收敛趋势规则: 能量变化趋势不明确(trend_score=-0.000); 电荷密度收敛趋势规则: 电荷密度残差趋势不明确(trend_score=-0.000); 震荡检测规则: 存在一定震荡(比例=0.38),,True,,0.0010998249053955078,5,100,True,"{""能量收敛趋势规则"": {""score"": 0.3, ""weight"": 0.25, ""reason"": ""能量变化趋势不明确(trend_score=-0.000)""}, ""电荷密度收敛趋势规则"": {""score"": 0.3, ""weight"": 0.2, ""reason"": ""电荷密度残差趋势不明确(trend_score=-0.000)""}, ""震荡检测规则"": {""score"": 0.5, ""weight"": 0.15, ""reason"": ""存在一定震荡(比例=0.38)""}, ""收敛阈值规则"": {""score"": 1.0, ""weight"": 0.4, ""reason"": ""已达到收敛标准(dE=1.54e-03<6e-03, rms=6.48e-03<7e-02)""}}",0.6100000000000001
vasp-data-files/100001010110011010010010/OSZICAR,1,100,1,可能收敛(得分=0.615)。详细: 能量收敛趋势规则: 能量变化趋势不明确(trend_score=-0.000); 电荷密度收敛趋势规则: 电荷密度残差呈轻微稳定趋势(trend_score=0.000); 震荡检测规则: 严重震荡(比例=0.50),,True,,0.0010905265808105469,6,100,True,"{""能量收敛趋势规则"": {""score"": 0.3, ""weight"": 0.25, ""reason"": ""能量变化趋势不明确(trend_score=-0.000)""}, ""电荷密度收敛趋势规则"": {""score"": 0.7, ""weight"": 0.2, ""reason"": ""电荷密度残差呈轻微稳定趋势(trend_score=0.000)""}, ""震荡检测规则"": {""score"": 0.0, ""weight"": 0.15, ""reason"": ""严重震荡(比例=0.50)""}, ""收敛阈值规则"": {""score"": 1.0, ""weight"": 0.4, ""reason"": ""已达到收敛标准(dE=7.20e-04<6e-03, rms=3.02e-03<7e-02)""}}",0.615
vasp-data-files/101001010101000011001101/OSZICAR,1,100,1,很可能收敛(得分=0.715)。详细: 能量收敛趋势规则: 能量变化呈轻微稳定趋势(trend_score=0.002); 电荷密度收敛趋势规则: 电荷密度残差呈轻微稳定趋势(trend_score=0.001); 震荡检测规则: 严重震荡(比例=0.62),,True,,0.0010523796081542969,6,100,True,"{""能量收敛趋势规则"": {""score"": 0.7, ""weight"": 0.25, ""reason"": ""能量变化呈轻微稳定趋势(trend_score=0.002)""}, ""电荷密度收敛趋势规则"": {""score"": 0.7, ""weight"": 0.2, ""reason"": ""电荷密度残差呈轻微稳定趋势(trend_score=0.001)""}, ""震荡检测规则"": {""score"": 0.0, ""weight"": 0.15, ""reason"": ""严重震荡(比例=0.62)""}, ""收敛阈值规则"": {""score"": 1.0, ""weight"": 0.4, ""reason"": ""已达到收敛标准(dE=7.07e-04<6e-03, rms=4.44e-03<7e-02)""}}",0.715
vasp-data-files/111101010111011110011110/OSZICAR,1,100,1,可能收敛(得分=0.535)。详细: 能量收敛趋势规则: 能量变化趋势不明确(trend_score=-0.000); 电荷密度收敛趋势规则: 电荷密度残差趋势不明确(trend_score=-0.000); 震荡检测规则: 严重震荡(比例=0.50),,True,,0.0010919570922851562,5,100,True,"{""能量收敛趋势规则"": {""score"": 0.3, ""weight"": 0.25, ""reason"": ""能量变化趋势不明确(trend_score=-0.000)""}, ""电荷密度收敛趋势规则"": {""score"": 0.3, ""weight"": 0.2, ""reason"": ""电荷密度残差趋势不明确(trend_score=-0.000)""}, ""震荡检测规则"": {""score"": 0.0, ""weight"": 0.15, ""reason"": ""严重震荡(比例=0.50)""}, ""收敛阈值规则"": {""score"": 1.0, ""weight"": 0.4, ""reason"": ""已达到收敛标准(dE=3.50e-04<6e-03, rms=2.68e-03<7e-02)""}}",0.535
vasp-data-files/101100000101010000110100/OSZICAR,0,100,1,可能收敛(得分=0.535)。详细: 能量收敛趋势规则: 能量变化趋势不明确(trend_score=-0.000); 电荷密度收敛趋势规则: 电荷密度残差趋势不明确(trend_score=-0.000); 震荡检测规则: 严重震荡(比例=0.62),,True,,0.0010874271392822266,5,100,True,"{""能量收敛趋势规则"": {""score"": 0.3, ""weight"": 0.25, ""reason"": ""能量变化趋势不明确(trend_score=-0.000)""}, ""电荷密度收敛趋势规则"": {""score"": 0.3, ""weight"": 0.2, ""reason"": ""电荷密度残差趋势不明确(trend_score=-0.000)""}, ""震荡检测规则"": {""score"": 0.0, ""weight"": 0.15, ""reason"": ""严重震荡(比例=0.62)""}, ""收敛阈值规则"": {""score"": 1.0, ""weight"": 0.4, ""reason"": ""已达到收敛标准(dE=1.76e-03<6e-03, rms=1.36e-02<7e-02)""}}",0.535
vasp-data-files/100010010110001011010101/OSZICAR,0,100,0,可能不收敛(得分=0.490)。详细: 能量收敛趋势规则: 能量变化趋势不明确(trend_score=-0.005); 电荷密度收敛趋势规则: 电荷密度残差趋势不明确(trend_score=-0.003); 震荡检测规则: 存在一定震荡(比例=0.38),,True,,0.001056671142578125,4,100,True,"{""能量收敛趋势规则"": {""score"": 0.3, ""weight"": 0.25, ""reason"": ""能量变化趋势不明确(trend_score=-0.005)""}, ""电荷密度收敛趋势规则"": {""score"": 0.3, ""weight"": 0.2, ""reason"": ""电荷密度残差趋势不明确(trend_score=-0.003)""}, ""震荡检测规则"": {""score"": 0.5, ""weight"": 0.15, ""reason"": ""存在一定震荡(比例=0.38)""}, ""收敛阈值规则"": {""score"": 0.7, ""weight"": 0.4, ""reason"": ""电荷密度已收敛(rms=1.73e-02<7e-02)，但能量未收敛(dE=1.78e-02)""}}",0.49
vasp-data-files/101101000101111110100101/OSZICAR,0,100,1,可能收敛(得分=0.535)。详细: 能量收敛趋势规则: 能量变化趋势不明确(trend_score=-0.000); 电荷密度收敛趋势规则: 电荷密度残差趋势不明确(trend_score=-0.001); 震荡检测规则: 严重震荡(比例=0.50),,True,,0.0010957717895507812,5,100,True,"{""能量收敛趋势规则"": {""score"": 0.3, ""weight"": 0.25, ""reason"": ""能量变化趋势不明确(trend_score=-0.000)""}, ""电荷密度收敛趋势规则"": {""score"": 0.3, ""weight"": 0.2, ""reason"": ""电荷密度残差趋势不明确(trend_score=-0.001)""}, ""震荡检测规则"": {""score"": 0.0, ""weight"": 0.15, ""reason"": ""严重震荡(比例=0.50)""}, ""收敛阈值规则"": {""score"": 1.0, ""weight"": 0.4, ""reason"": ""已达到收敛标准(dE=1.98e-03<6e-03, rms=2.76e-02<7e-02)""}}",0.535
vasp-data-files/110001000011001111101110/OSZICAR,0,100,0,可能不收敛(得分=0.415)。详细: 能量收敛趋势规则: 能量变化趋势不明确(trend_score=-0.001); 电荷密度收敛趋势规则: 电荷密度残差趋势不明确(trend_score=-0.001); 震荡检测规则: 严重震荡(比例=0.75),,True,,0.0010752677917480469,4,100,True,"{""能量收敛趋势规则"": {""score"": 0.3, ""weight"": 0.25, ""reason"": ""能量变化趋势不明确(trend_score=-0.001)""}, ""电荷密度收敛趋势规则"": {""score"": 0.3, ""weight"": 0.2, ""reason"": ""电荷密度残差趋势不明确(trend_score=-0.001)""}, ""震荡检测规则"": {""score"": 0.0, ""weight"": 0.15, ""reason"": ""严重震荡(比例=0.75)""}, ""收敛阈值规则"": {""score"": 0.7, ""weight"": 0.4, ""reason"": ""电荷密度已收敛(rms=3.90e-02<7e-02)，但能量未收敛(dE=4.79e-02)""}}",0.415
vasp-data-files/101000111000110101100100/OSZICAR,1,100,1,很可能收敛(得分=0.715)。详细: 能量收敛趋势规则: 能量变化呈轻微稳定趋势(trend_score=0.000); 电荷密度收敛趋势规则: 电荷密度残差呈轻微稳定趋势(trend_score=0.001); 震荡检测规则: 严重震荡(比例=0.88),,True,,0.0010685920715332031,6,100,True,"{""能量收敛趋势规则"": {""score"": 0.7, ""weight"": 0.25, ""reason"": ""能量变化呈轻微稳定趋势(trend_score=0.000)""}, ""电荷密度收敛趋势规则"": {""score"": 0.7, ""weight"": 0.2, ""reason"": ""电荷密度残差呈轻微稳定趋势(trend_score=0.001)""}, ""震荡检测规则"": {""score"": 0.0, ""weight"": 0.15, ""reason"": ""严重震荡(比例=0.88)""}, ""收敛阈值规则"": {""score"": 1.0, ""weight"": 0.4, ""reason"": ""已达到收敛标准(dE=6.68e-04<6e-03, rms=1.70e-03<7e-02)""}}",0.715
vasp-data-files/111110001100111010101000/OSZICAR,0,100,1,很可能收敛(得分=0.715)。详细: 能量收敛趋势规则: 能量变化呈轻微稳定趋势(trend_score=0.000); 电荷密度收敛趋势规则: 电荷密度残差呈轻微稳定趋势(trend_score=0.000); 震荡检测规则: 严重震荡(比例=0.75),,True,,0.0011096000671386719,6,100,True,"{""能量收敛趋势规则"": {""score"": 0.7, ""weight"": 0.25, ""reason"": ""能量变化呈轻微稳定趋势(trend_score=0.000)""}, ""电荷密度收敛趋势规则"": {""score"": 0.7, ""weight"": 0.2, ""reason"": ""电荷密度残差呈轻微稳定趋势(trend_score=0.000)""}, ""震荡检测规则"": {""score"": 0.0, ""weight"": 0.15, ""reason"": ""严重震荡(比例=0.75)""}, ""收敛阈值规则"": {""score"": 1.0, ""weight"": 0.4, ""reason"": ""已达到收敛标准(dE=1.20e-03<6e-03, rms=4.03e-03<7e-02)""}}",0.715
vasp-data-files/101010010101111010100110/OSZICAR,1,100,0,可能不收敛(得分=0.415)。详细: 能量收敛趋势规则: 能量变化趋势不明确(trend_score=-0.000); 电荷密度收敛趋势规则: 电荷密度残差趋势不明确(trend_score=-0.000); 震荡检测规则: 严重震荡(比例=0.50),,True,,0.0010693073272705078,4,100,True,"{""能量收敛趋势规则"": {""score"": 0.3, ""weight"": 0.25, ""reason"": ""能量变化趋势不明确(trend_score=-0.000)""}, ""电荷密度收敛趋势规则"": {""score"": 0.3, ""weight"": 0.2, ""reason"": ""电荷密度残差趋势不明确(trend_score=-0.000)""}, ""震荡检测规则"": {""score"": 0.0, ""weight"": 0.15, ""reason"": ""严重震荡(比例=0.50)""}, ""收敛阈值规则"": {""score"": 0.7, ""weight"": 0.4, ""reason"": ""电荷密度已收敛(rms=1.41e-02<7e-02)，但能量未收敛(dE=3.25e-02)""}}",0.415
vasp-data-files/101001110011110001100110/OSZICAR,1,100,1,很可能收敛(得分=0.715)。详细: 能量收敛趋势规则: 能量变化呈轻微稳定趋势(trend_score=0.000); 电荷密度收敛趋势规则: 电荷密度残差呈轻微稳定趋势(trend_score=0.002); 震荡检测规则: 严重震荡(比例=0.75),,True,,0.0010571479797363281,6,100,True,"{""能量收敛趋势规则"": {""score"": 0.7, ""weight"": 0.25, ""reason"": ""能量变化呈轻微稳定趋势(trend_score=0.000)""}, ""电荷密度收敛趋势规则"": {""score"": 0.7, ""weight"": 0.2, ""reason"": ""电荷密度残差呈轻微稳定趋势(trend_score=0.002)""}, ""震荡检测规则"": {""score"": 0.0, ""weight"": 0.15, ""reason"": ""严重震荡(比例=0.75)""}, ""收敛阈值规则"": {""score"": 1.0, ""weight"": 0.4, ""reason"": ""已达到收敛标准(dE=9.81e-04<6e-03, rms=2.62e-03<7e-02)""}}",0.715
vasp-data-files/101110000101110011000100/OSZICAR,1,100,0,可能不收敛(得分=0.415)。详细: 能量收敛趋势规则: 能量变化呈强上升趋势，可能发散(trend_score=-0.110)，当前dE=4.57e-01较大; 电荷密度收敛趋势规则: 电荷密度残差趋势不明确(trend_score=-0.001); 震荡检测规则: 存在一定震荡(比例=0.25),,True,,0.0011076927185058594,4,100,True,"{""能量收敛趋势规则"": {""score"": 0.0, ""weight"": 0.25, ""reason"": ""能量变化呈强上升趋势，可能发散(trend_score=-0.110)，当前dE=4.57e-01较大""}, ""电荷密度收敛趋势规则"": {""score"": 0.3, ""weight"": 0.2, ""reason"": ""电荷密度残差趋势不明确(trend_score=-0.001)""}, ""震荡检测规则"": {""score"": 0.5, ""weight"": 0.15, ""reason"": ""存在一定震荡(比例=0.25)""}, ""收敛阈值规则"": {""score"": 0.7, ""weight"": 0.4, ""reason"": ""电荷密度已收敛(rms=5.92e-02<7e-02)，但能量未收敛(dE=4.57e-01)""}}",0.415
vasp-data-files/110111100001000100111111/OSZICAR,1,100,1,很可能收敛(得分=0.710)。详细: 能量收敛趋势规则: 能量变化呈轻微稳定趋势(trend_score=0.000); 电荷密度收敛趋势规则: 电荷密度残差趋势不明确(trend_score=-0.000); 震荡检测规则: 存在一定震荡(比例=0.38),,True,,0.0010714530944824219,6,100,True,"{""能量收敛趋势规则"": {""score"": 0.7, ""weight"": 0.25, ""reason"": ""能量变化呈轻微稳定趋势(trend_score=0.000)""}, ""电荷密度收敛趋势规则"": {""score"": 0.3, ""weight"": 0.2, ""reason"": ""电荷密度残差趋势不明确(trend_score=-0.000)""}, ""震荡检测规则"": {""score"": 0.5, ""weight"": 0.15, ""reason"": ""存在一定震荡(比例=0.38)""}, ""收敛阈值规则"": {""score"": 1.0, ""weight"": 0.4, ""reason"": ""已达到收敛标准(dE=2.23e-03<6e-03, rms=3.26e-03<7e-02)""}}",0.71
vasp-data-files/111110000100110000100000/OSZICAR,0,100,0,可能不收敛(得分=0.415)。详细: 能量收敛趋势规则: 能量变化趋势不明确(trend_score=-0.000); 电荷密度收敛趋势规则: 电荷密度残差趋势不明确(trend_score=-0.001); 震荡检测规则: 严重震荡(比例=0.75),,True,,0.0010862350463867188,4,100,True,"{""能量收敛趋势规则"": {""score"": 0.3, ""weight"": 0.25, ""reason"": ""能量变化趋势不明确(trend_score=-0.000)""}, ""电荷密度收敛趋势规则"": {""score"": 0.3, ""weight"": 0.2, ""reason"": ""电荷密度残差趋势不明确(trend_score=-0.001)""}, ""震荡检测规则"": {""score"": 0.0, ""weight"": 0.15, ""reason"": ""严重震荡(比例=0.75)""}, ""收敛阈值规则"": {""score"": 0.7, ""weight"": 0.4, ""reason"": ""电荷密度已收敛(rms=1.70e-02<7e-02)，但能量未收敛(dE=2.01e-02)""}}",0.415
vasp-data-files/101011010101011011011110/OSZICAR,0,100,1,很可能收敛(得分=0.715)。详细: 能量收敛趋势规则: 能量变化呈轻微稳定趋势(trend_score=0.000); 电荷密度收敛趋势规则: 电荷密度残差呈轻微稳定趋势(trend_score=0.001); 震荡检测规则: 严重震荡(比例=0.50),,True,,0.0010788440704345703,6,100,True,"{""能量收敛趋势规则"": {""score"": 0.7, ""weight"": 0.25, ""reason"": ""能量变化呈轻微稳定趋势(trend_score=0.000)""}, ""电荷密度收敛趋势规则"": {""score"": 0.7, ""weight"": 0.2, ""reason"": ""电荷密度残差呈轻微稳定趋势(trend_score=0.001)""}, ""震荡检测规则"": {""score"": 0.0, ""weight"": 0.15, ""reason"": ""严重震荡(比例=0.50)""}, ""收敛阈值规则"": {""score"": 1.0, ""weight"": 0.4, ""reason"": ""已达到收敛标准(dE=2.54e-03<6e-03, rms=5.13e-03<7e-02)""}}",0.715
vasp-data-files/101010101001110001011110/OSZICAR,1,100,0,可能不收敛(得分=0.415)。详细: 能量收敛趋势规则: 能量变化趋势不明确(trend_score=-0.000); 电荷密度收敛趋势规则: 电荷密度残差趋势不明确(trend_score=-0.000); 震荡检测规则: 严重震荡(比例=0.50),,True,,0.001049041748046875,4,100,True,"{""能量收敛趋势规则"": {""score"": 0.3, ""weight"": 0.25, ""reason"": ""能量变化趋势不明确(trend_score=-0.000)""}, ""电荷密度收敛趋势规则"": {""score"": 0.3, ""weight"": 0.2, ""reason"": ""电荷密度残差趋势不明确(trend_score=-0.000)""}, ""震荡检测规则"": {""score"": 0.0, ""weight"": 0.15, ""reason"": ""严重震荡(比例=0.50)""}, ""收敛阈值规则"": {""score"": 0.7, ""weight"": 0.4, ""reason"": ""电荷密度已收敛(rms=1.20e-02<7e-02)，但能量未收敛(dE=8.71e-03)""}}",0.415
vasp-data-files/100001010100111010100000/OSZICAR,1,100,1,可能收敛(得分=0.610)。详细: 能量收敛趋势规则: 能量变化趋势不明确(trend_score=-0.000); 电荷密度收敛趋势规则: 电荷密度残差趋势不明确(trend_score=-0.001); 震荡检测规则: 存在一定震荡(比例=0.25),,True,,0.001085519790649414,5,100,True,"{""能量收敛趋势规则"": {""score"": 0.3, ""weight"": 0.25, ""reason"": ""能量变化趋势不明确(trend_score=-0.000)""}, ""电荷密度收敛趋势规则"": {""score"": 0.3, ""weight"": 0.2, ""reason"": ""电荷密度残差趋势不明确(trend_score=-0.001)""}, ""震荡检测规则"": {""score"": 0.5, ""weight"": 0.15, ""reason"": ""存在一定震荡(比例=0.25)""}, ""收敛阈值规则"": {""score"": 1.0, ""weight"": 0.4, ""reason"": ""已达到收敛标准(dE=1.67e-03<6e-03, rms=6.16e-03<7e-02)""}}",0.6100000000000001
vasp-data-files/111101011101000110100110/OSZICAR,0,100,0,很可能不收敛(得分=0.340)。详细: 能量收敛趋势规则: 能量变化趋势不明确(trend_score=-0.001)，当前dE=1.34e-01较大; 电荷密度收敛趋势规则: 电荷密度残差趋势不明确(trend_score=-0.000); 震荡检测规则: 严重震荡(比例=0.62),,True,,0.001087188720703125,3,100,True,"{""能量收敛趋势规则"": {""score"": 0.0, ""weight"": 0.25, ""reason"": ""能量变化趋势不明确(trend_score=-0.001)，当前dE=1.34e-01较大""}, ""电荷密度收敛趋势规则"": {""score"": 0.3, ""weight"": 0.2, ""reason"": ""电荷密度残差趋势不明确(trend_score=-0.000)""}, ""震荡检测规则"": {""score"": 0.0, ""weight"": 0.15, ""reason"": ""严重震荡(比例=0.62)""}, ""收敛阈值规则"": {""score"": 0.7, ""weight"": 0.4, ""reason"": ""电荷密度已收敛(rms=2.07e-02<7e-02)，但能量未收敛(dE=1.34e-01)""}}",0.33999999999999997
vasp-data-files/110100001001001111000001/OSZICAR,0,100,1,可能收敛(得分=0.595)。详细: 能量收敛趋势规则: 能量变化呈轻微稳定趋势(trend_score=0.000); 电荷密度收敛趋势规则: 电荷密度残差呈轻微稳定趋势(trend_score=0.000); 震荡检测规则: 严重震荡(比例=0.62),,True,,0.0010602474212646484,5,100,True,"{""能量收敛趋势规则"": {""score"": 0.7, ""weight"": 0.25, ""reason"": ""能量变化呈轻微稳定趋势(trend_score=0.000)""}, ""电荷密度收敛趋势规则"": {""score"": 0.7, ""weight"": 0.2, ""reason"": ""电荷密度残差呈轻微稳定趋势(trend_score=0.000)""}, ""震荡检测规则"": {""score"": 0.0, ""weight"": 0.15, ""reason"": ""严重震荡(比例=0.62)""}, ""收敛阈值规则"": {""score"": 0.7, ""weight"": 0.4, ""reason"": ""电荷密度已收敛(rms=3.69e-02<7e-02)，但能量未收敛(dE=7.76e-03)""}}",0.595
vasp-data-files/111100100000110110111001/OSZICAR,1,100,1,可能收敛(得分=0.595)。详细: 能量收敛趋势规则: 能量变化呈轻微下降趋势(trend_score=0.026); 电荷密度收敛趋势规则: 电荷密度残差呈轻微稳定趋势(trend_score=0.001); 震荡检测规则: 严重震荡(比例=0.75),,True,,0.0010938644409179688,5,100,True,"{""能量收敛趋势规则"": {""score"": 0.7, ""weight"": 0.25, ""reason"": ""能量变化呈轻微下降趋势(trend_score=0.026)""}, ""电荷密度收敛趋势规则"": {""score"": 0.7, ""weight"": 0.2, ""reason"": ""电荷密度残差呈轻微稳定趋势(trend_score=0.001)""}, ""震荡检测规则"": {""score"": 0.0, ""weight"": 0.15, ""reason"": ""严重震荡(比例=0.75)""}, ""收敛阈值规则"": {""score"": 0.7, ""weight"": 0.4, ""reason"": ""电荷密度已收敛(rms=1.58e-02<7e-02)，但能量未收敛(dE=8.60e-03)""}}",0.595
vasp-data-files/101111000110011100100100/OSZICAR,0,100,0,可能不收敛(得分=0.415)。详细: 能量收敛趋势规则: 能量变化趋势不明确(trend_score=-0.000); 电荷密度收敛趋势规则: 电荷密度残差趋势不明确(trend_score=-0.001); 震荡检测规则: 严重震荡(比例=0.62),,True,,0.0010790824890136719,4,100,True,"{""能量收敛趋势规则"": {""score"": 0.3, ""weight"": 0.25, ""reason"": ""能量变化趋势不明确(trend_score=-0.000)""}, ""电荷密度收敛趋势规则"": {""score"": 0.3, ""weight"": 0.2, ""reason"": ""电荷密度残差趋势不明确(trend_score=-0.001)""}, ""震荡检测规则"": {""score"": 0.0, ""weight"": 0.15, ""reason"": ""严重震荡(比例=0.62)""}, ""收敛阈值规则"": {""score"": 0.7, ""weight"": 0.4, ""reason"": ""电荷密度已收敛(rms=2.55e-02<7e-02)，但能量未收敛(dE=9.44e-03)""}}",0.415
vasp-data-files/100110011100000111011100/OSZICAR,0,100,1,可能收敛(得分=0.690)。详细: 能量收敛趋势规则: 能量变化趋势不明确(trend_score=-0.000); 电荷密度收敛趋势规则: 电荷密度残差呈轻微稳定趋势(trend_score=0.000); 震荡检测规则: 存在一定震荡(比例=0.38),,True,,0.001062154769897461,6,100,True,"{""能量收敛趋势规则"": {""score"": 0.3, ""weight"": 0.25, ""reason"": ""能量变化趋势不明确(trend_score=-0.000)""}, ""电荷密度收敛趋势规则"": {""score"": 0.7, ""weight"": 0.2, ""reason"": ""电荷密度残差呈轻微稳定趋势(trend_score=0.000)""}, ""震荡检测规则"": {""score"": 0.5, ""weight"": 0.15, ""reason"": ""存在一定震荡(比例=0.38)""}, ""收敛阈值规则"": {""score"": 1.0, ""weight"": 0.4, ""reason"": ""已达到收敛标准(dE=2.21e-03<6e-03, rms=5.87e-03<7e-02)""}}",0.69
vasp-data-files/101111001000100011010111/OSZICAR,1,100,1,很可能收敛(得分=0.805)。详细: 能量收敛趋势规则: 能量变化呈轻微稳定趋势(trend_score=0.000)，当前dE=2.21e-05很小; 电荷密度收敛趋势规则: 电荷密度残差呈轻微稳定趋势(trend_score=0.000)，当前rms=9.04e-04很小; 震荡检测规则: 严重震荡(比例=0.75),,True,,0.0011014938354492188,7,100,True,"{""能量收敛趋势规则"": {""score"": 0.8999999999999999, ""weight"": 0.25, ""reason"": ""能量变化呈轻微稳定趋势(trend_score=0.000)，当前dE=2.21e-05很小""}, ""电荷密度收敛趋势规则"": {""score"": 0.8999999999999999, ""weight"": 0.2, ""reason"": ""电荷密度残差呈轻微稳定趋势(trend_score=0.000)，当前rms=9.04e-04很小""}, ""震荡检测规则"": {""score"": 0.0, ""weight"": 0.15, ""reason"": ""严重震荡(比例=0.75)""}, ""收敛阈值规则"": {""score"": 1.0, ""weight"": 0.4, ""reason"": ""已达到收敛标准(dE=2.21e-05<6e-03, rms=9.04e-04<7e-02)""}}",0.8049999999999999
vasp-data-files/100001111100010010011110/OSZICAR,1,100,0,可能不收敛(得分=0.415)。详细: 能量收敛趋势规则: 能量变化趋势不明确(trend_score=-0.001); 电荷密度收敛趋势规则: 电荷密度残差趋势不明确(trend_score=-0.002); 震荡检测规则: 严重震荡(比例=0.75),,True,,0.0010650157928466797,4,100,True,"{""能量收敛趋势规则"": {""score"": 0.3, ""weight"": 0.25, ""reason"": ""能量变化趋势不明确(trend_score=-0.001)""}, ""电荷密度收敛趋势规则"": {""score"": 0.3, ""weight"": 0.2, ""reason"": ""电荷密度残差趋势不明确(trend_score=-0.002)""}, ""震荡检测规则"": {""score"": 0.0, ""weight"": 0.15, ""reason"": ""严重震荡(比例=0.75)""}, ""收敛阈值规则"": {""score"": 0.7, ""weight"": 0.4, ""reason"": ""电荷密度已收敛(rms=1.70e-02<7e-02)，但能量未收敛(dE=7.05e-03)""}}",0.415
vasp-data-files/110000111011001111011011/OSZICAR,0,100,0,可能不收敛(得分=0.415)。详细: 能量收敛趋势规则: 能量变化趋势不明确(trend_score=-0.003); 电荷密度收敛趋势规则: 电荷密度残差趋势不明确(trend_score=-0.000); 震荡检测规则: 严重震荡(比例=0.62),,True,,0.0010519027709960938,4,100,True,"{""能量收敛趋势规则"": {""score"": 0.3, ""weight"": 0.25, ""reason"": ""能量变化趋势不明确(trend_score=-0.003)""}, ""电荷密度收敛趋势规则"": {""score"": 0.3, ""weight"": 0.2, ""reason"": ""电荷密度残差趋势不明确(trend_score=-0.000)""}, ""震荡检测规则"": {""score"": 0.0, ""weight"": 0.15, ""reason"": ""严重震荡(比例=0.62)""}, ""收敛阈值规则"": {""score"": 0.7, ""weight"": 0.4, ""reason"": ""电荷密度已收敛(rms=1.62e-02<7e-02)，但能量未收敛(dE=6.42e-02)""}}",0.415
vasp-data-files/101011110000111111101101/OSZICAR,1,100,1,可能收敛(得分=0.615)。详细: 能量收敛趋势规则: 能量变化趋势不明确(trend_score=-0.000); 电荷密度收敛趋势规则: 电荷密度残差呈轻微稳定趋势(trend_score=0.000); 震荡检测规则: 严重震荡(比例=0.50),,True,,0.0010933876037597656,6,100,True,"{""能量收敛趋势规则"": {""score"": 0.3, ""weight"": 0.25, ""reason"": ""能量变化趋势不明确(trend_score=-0.000)""}, ""电荷密度收敛趋势规则"": {""score"": 0.7, ""weight"": 0.2, ""reason"": ""电荷密度残差呈轻微稳定趋势(trend_score=0.000)""}, ""震荡检测规则"": {""score"": 0.0, ""weight"": 0.15, ""reason"": ""严重震荡(比例=0.50)""}, ""收敛阈值规则"": {""score"": 1.0, ""weight"": 0.4, ""reason"": ""已达到收敛标准(dE=6.51e-04<6e-03, rms=3.12e-03<7e-02)""}}",0.615
vasp-data-files/111110001101110001100000/OSZICAR,0,100,0,可能不收敛(得分=0.415)。详细: 能量收敛趋势规则: 能量变化趋势不明确(trend_score=-0.001); 电荷密度收敛趋势规则: 电荷密度残差趋势不明确(trend_score=-0.003); 震荡检测规则: 严重震荡(比例=0.62),,True,,0.0010716915130615234,4,100,True,"{""能量收敛趋势规则"": {""score"": 0.3, ""weight"": 0.25, ""reason"": ""能量变化趋势不明确(trend_score=-0.001)""}, ""电荷密度收敛趋势规则"": {""score"": 0.3, ""weight"": 0.2, ""reason"": ""电荷密度残差趋势不明确(trend_score=-0.003)""}, ""震荡检测规则"": {""score"": 0.0, ""weight"": 0.15, ""reason"": ""严重震荡(比例=0.62)""}, ""收敛阈值规则"": {""score"": 0.7, ""weight"": 0.4, ""reason"": ""电荷密度已收敛(rms=1.49e-02<7e-02)，但能量未收敛(dE=6.35e-03)""}}",0.415
vasp-data-files/111010101111100011110111/OSZICAR,1,100,1,可能收敛(得分=0.635)。详细: 能量收敛趋势规则: 能量变化呈轻微稳定趋势(trend_score=0.000); 电荷密度收敛趋势规则: 电荷密度残差趋势不明确(trend_score=-0.000); 震荡检测规则: 严重震荡(比例=0.62),,True,,0.0010750293731689453,6,100,True,"{""能量收敛趋势规则"": {""score"": 0.7, ""weight"": 0.25, ""reason"": ""能量变化呈轻微稳定趋势(trend_score=0.000)""}, ""电荷密度收敛趋势规则"": {""score"": 0.3, ""weight"": 0.2, ""reason"": ""电荷密度残差趋势不明确(trend_score=-0.000)""}, ""震荡检测规则"": {""score"": 0.0, ""weight"": 0.15, ""reason"": ""严重震荡(比例=0.62)""}, ""收敛阈值规则"": {""score"": 1.0, ""weight"": 0.4, ""reason"": ""已达到收敛标准(dE=7.12e-04<6e-03, rms=9.37e-03<7e-02)""}}",0.635
vasp-data-files/111110001100010000101110/OSZICAR,1,100,1,可能收敛(得分=0.615)。详细: 能量收敛趋势规则: 能量变化趋势不明确(trend_score=-0.000); 电荷密度收敛趋势规则: 电荷密度残差呈轻微稳定趋势(trend_score=0.000); 震荡检测规则: 严重震荡(比例=0.75),,True,,0.0010821819305419922,6,100,True,"{""能量收敛趋势规则"": {""score"": 0.3, ""weight"": 0.25, ""reason"": ""能量变化趋势不明确(trend_score=-0.000)""}, ""电荷密度收敛趋势规则"": {""score"": 0.7, ""weight"": 0.2, ""reason"": ""电荷密度残差呈轻微稳定趋势(trend_score=0.000)""}, ""震荡检测规则"": {""score"": 0.0, ""weight"": 0.15, ""reason"": ""严重震荡(比例=0.75)""}, ""收敛阈值规则"": {""score"": 1.0, ""weight"": 0.4, ""reason"": ""已达到收敛标准(dE=2.49e-04<6e-03, rms=2.88e-03<7e-02)""}}",0.615
vasp-data-files/111110000000111100100000/OSZICAR,1,100,1,很可能收敛(得分=0.715)。详细: 能量收敛趋势规则: 能量变化呈轻微稳定趋势(trend_score=0.000); 电荷密度收敛趋势规则: 电荷密度残差呈轻微稳定趋势(trend_score=0.000); 震荡检测规则: 严重震荡(比例=0.75),,True,,0.001055002212524414,6,100,True,"{""能量收敛趋势规则"": {""score"": 0.7, ""weight"": 0.25, ""reason"": ""能量变化呈轻微稳定趋势(trend_score=0.000)""}, ""电荷密度收敛趋势规则"": {""score"": 0.7, ""weight"": 0.2, ""reason"": ""电荷密度残差呈轻微稳定趋势(trend_score=0.000)""}, ""震荡检测规则"": {""score"": 0.0, ""weight"": 0.15, ""reason"": ""严重震荡(比例=0.75)""}, ""收敛阈值规则"": {""score"": 1.0, ""weight"": 0.4, ""reason"": ""已达到收敛标准(dE=1.14e-03<6e-03, rms=1.62e-03<7e-02)""}}",0.715
vasp-data-files/110101101100011001010011/OSZICAR,1,100,0,可能不收敛(得分=0.495)。详细: 能量收敛趋势规则: 能量变化趋势不明确(trend_score=-0.001); 电荷密度收敛趋势规则: 电荷密度残差呈轻微稳定趋势(trend_score=0.000); 震荡检测规则: 严重震荡(比例=0.62),,True,,0.0010755062103271484,4,100,True,"{""能量收敛趋势规则"": {""score"": 0.3, ""weight"": 0.25, ""reason"": ""能量变化趋势不明确(trend_score=-0.001)""}, ""电荷密度收敛趋势规则"": {""score"": 0.7, ""weight"": 0.2, ""reason"": ""电荷密度残差呈轻微稳定趋势(trend_score=0.000)""}, ""震荡检测规则"": {""score"": 0.0, ""weight"": 0.15, ""reason"": ""严重震荡(比例=0.62)""}, ""收敛阈值规则"": {""score"": 0.7, ""weight"": 0.4, ""reason"": ""电荷密度已收敛(rms=9.92e-03<7e-02)，但能量未收敛(dE=1.12e-02)""}}",0.49499999999999994
vasp-data-files/101110101100010000111110/OSZICAR,0,100,0,可能不收敛(得分=0.490)。详细: 能量收敛趋势规则: 能量变化趋势不明确(trend_score=-0.002); 电荷密度收敛趋势规则: 电荷密度残差趋势不明确(trend_score=-0.000); 震荡检测规则: 存在一定震荡(比例=0.38),,True,,0.0010900497436523438,4,100,True,"{""能量收敛趋势规则"": {""score"": 0.3, ""weight"": 0.25, ""reason"": ""能量变化趋势不明确(trend_score=-0.002)""}, ""电荷密度收敛趋势规则"": {""score"": 0.3, ""weight"": 0.2, ""reason"": ""电荷密度残差趋势不明确(trend_score=-0.000)""}, ""震荡检测规则"": {""score"": 0.5, ""weight"": 0.15, ""reason"": ""存在一定震荡(比例=0.38)""}, ""收敛阈值规则"": {""score"": 0.7, ""weight"": 0.4, ""reason"": ""电荷密度已收敛(rms=9.38e-03<7e-02)，但能量未收敛(dE=4.51e-02)""}}",0.49
vasp-data-files/110110101000101111100011/OSZICAR,1,100,1,可能收敛(得分=0.615)。详细: 能量收敛趋势规则: 能量变化趋势不明确(trend_score=-0.000); 电荷密度收敛趋势规则: 电荷密度残差呈轻微稳定趋势(trend_score=0.000); 震荡检测规则: 严重震荡(比例=0.50),,True,,0.0010533332824707031,6,100,True,"{""能量收敛趋势规则"": {""score"": 0.3, ""weight"": 0.25, ""reason"": ""能量变化趋势不明确(trend_score=-0.000)""}, ""电荷密度收敛趋势规则"": {""score"": 0.7, ""weight"": 0.2, ""reason"": ""电荷密度残差呈轻微稳定趋势(trend_score=0.000)""}, ""震荡检测规则"": {""score"": 0.0, ""weight"": 0.15, ""reason"": ""严重震荡(比例=0.50)""}, ""收敛阈值规则"": {""score"": 1.0, ""weight"": 0.4, ""reason"": ""已达到收敛标准(dE=1.49e-03<6e-03, rms=5.01e-03<7e-02)""}}",0.615
vasp-data-files/100001111100010010111110/OSZICAR,1,100,1,可能收敛(得分=0.535)。详细: 能量收敛趋势规则: 能量变化趋势不明确(trend_score=-0.000); 电荷密度收敛趋势规则: 电荷密度残差趋势不明确(trend_score=-0.000); 震荡检测规则: 严重震荡(比例=0.75),,True,,0.001100301742553711,5,100,True,"{""能量收敛趋势规则"": {""score"": 0.3, ""weight"": 0.25, ""reason"": ""能量变化趋势不明确(trend_score=-0.000)""}, ""电荷密度收敛趋势规则"": {""score"": 0.3, ""weight"": 0.2, ""reason"": ""电荷密度残差趋势不明确(trend_score=-0.000)""}, ""震荡检测规则"": {""score"": 0.0, ""weight"": 0.15, ""reason"": ""严重震荡(比例=0.75)""}, ""收敛阈值规则"": {""score"": 1.0, ""weight"": 0.4, ""reason"": ""已达到收敛标准(dE=2.24e-03<6e-03, rms=3.54e-03<7e-02)""}}",0.535
vasp-data-files/101101000100011010011110/OSZICAR,1,100,1,很可能收敛(得分=0.840)。详细: 能量收敛趋势规则: 能量变化呈轻微稳定趋势(trend_score=0.000)，当前dE=1.74e-05很小; 电荷密度收敛趋势规则: 电荷密度残差呈轻微稳定趋势(trend_score=0.000); 震荡检测规则: 存在一定震荡(比例=0.38),,True,,0.0011131763458251953,8,100,True,"{""能量收敛趋势规则"": {""score"": 0.8999999999999999, ""weight"": 0.25, ""reason"": ""能量变化呈轻微稳定趋势(trend_score=0.000)，当前dE=1.74e-05很小""}, ""电荷密度收敛趋势规则"": {""score"": 0.7, ""weight"": 0.2, ""reason"": ""电荷密度残差呈轻微稳定趋势(trend_score=0.000)""}, ""震荡检测规则"": {""score"": 0.5, ""weight"": 0.15, ""reason"": ""存在一定震荡(比例=0.38)""}, ""收敛阈值规则"": {""score"": 1.0, ""weight"": 0.4, ""reason"": ""已达到收敛标准(dE=1.74e-05<6e-03, rms=1.46e-03<7e-02)""}}",0.8400000000000001
vasp-data-files/100001000101111011011110/OSZICAR,1,100,1,很可能收敛(得分=0.805)。详细: 能量收敛趋势规则: 能量变化呈轻微稳定趋势(trend_score=0.000)，当前dE=4.14e-06很小; 电荷密度收敛趋势规则: 电荷密度残差呈轻微稳定趋势(trend_score=0.000)，当前rms=3.45e-04很小; 震荡检测规则: 严重震荡(比例=0.62),,True,,0.001112222671508789,7,100,True,"{""能量收敛趋势规则"": {""score"": 0.8999999999999999, ""weight"": 0.25, ""reason"": ""能量变化呈轻微稳定趋势(trend_score=0.000)，当前dE=4.14e-06很小""}, ""电荷密度收敛趋势规则"": {""score"": 0.8999999999999999, ""weight"": 0.2, ""reason"": ""电荷密度残差呈轻微稳定趋势(trend_score=0.000)，当前rms=3.45e-04很小""}, ""震荡检测规则"": {""score"": 0.0, ""weight"": 0.15, ""reason"": ""严重震荡(比例=0.62)""}, ""收敛阈值规则"": {""score"": 1.0, ""weight"": 0.4, ""reason"": ""已达到收敛标准(dE=4.14e-06<6e-03, rms=3.45e-04<7e-02)""}}",0.8049999999999999
vasp-data-files/100010111000111100100101/OSZICAR,1,100,1,可能收敛(得分=0.535)。详细: 能量收敛趋势规则: 能量变化趋势不明确(trend_score=-0.000); 电荷密度收敛趋势规则: 电荷密度残差趋势不明确(trend_score=-0.000); 震荡检测规则: 严重震荡(比例=0.62),,True,,0.0011012554168701172,5,100,True,"{""能量收敛趋势规则"": {""score"": 0.3, ""weight"": 0.25, ""reason"": ""能量变化趋势不明确(trend_score=-0.000)""}, ""电荷密度收敛趋势规则"": {""score"": 0.3, ""weight"": 0.2, ""reason"": ""电荷密度残差趋势不明确(trend_score=-0.000)""}, ""震荡检测规则"": {""score"": 0.0, ""weight"": 0.15, ""reason"": ""严重震荡(比例=0.62)""}, ""收敛阈值规则"": {""score"": 1.0, ""weight"": 0.4, ""reason"": ""已达到收敛标准(dE=5.41e-03<6e-03, rms=6.68e-03<7e-02)""}}",0.535
vasp-data-files/111110000100111010101010/OSZICAR,1,100,1,可能收敛(得分=0.615)。详细: 能量收敛趋势规则: 能量变化趋势不明确(trend_score=-0.000); 电荷密度收敛趋势规则: 电荷密度残差呈轻微稳定趋势(trend_score=0.000); 震荡检测规则: 严重震荡(比例=0.62),,True,,0.0010640621185302734,6,100,True,"{""能量收敛趋势规则"": {""score"": 0.3, ""weight"": 0.25, ""reason"": ""能量变化趋势不明确(trend_score=-0.000)""}, ""电荷密度收敛趋势规则"": {""score"": 0.7, ""weight"": 0.2, ""reason"": ""电荷密度残差呈轻微稳定趋势(trend_score=0.000)""}, ""震荡检测规则"": {""score"": 0.0, ""weight"": 0.15, ""reason"": ""严重震荡(比例=0.62)""}, ""收敛阈值规则"": {""score"": 1.0, ""weight"": 0.4, ""reason"": ""已达到收敛标准(dE=5.66e-04<6e-03, rms=4.59e-03<7e-02)""}}",0.615
vasp-data-files/100010111011110101000001/OSZICAR,0,100,1,可能收敛(得分=0.670)。详细: 能量收敛趋势规则: 能量变化呈轻微稳定趋势(trend_score=0.000); 电荷密度收敛趋势规则: 电荷密度残差呈轻微稳定趋势(trend_score=0.000); 震荡检测规则: 存在一定震荡(比例=0.38),,True,,0.0010733604431152344,6,100,True,"{""能量收敛趋势规则"": {""score"": 0.7, ""weight"": 0.25, ""reason"": ""能量变化呈轻微稳定趋势(trend_score=0.000)""}, ""电荷密度收敛趋势规则"": {""score"": 0.7, ""weight"": 0.2, ""reason"": ""电荷密度残差呈轻微稳定趋势(trend_score=0.000)""}, ""震荡检测规则"": {""score"": 0.5, ""weight"": 0.15, ""reason"": ""存在一定震荡(比例=0.38)""}, ""收敛阈值规则"": {""score"": 0.7, ""weight"": 0.4, ""reason"": ""电荷密度已收敛(rms=2.10e-02<7e-02)，但能量未收敛(dE=2.14e-02)""}}",0.6699999999999999
vasp-data-files/111110000000111000100100/OSZICAR,0,100,1,可能收敛(得分=0.520)。详细: 能量收敛趋势规则: 能量变化呈轻微稳定趋势(trend_score=0.001)，当前dE=5.55e-01较大; 电荷密度收敛趋势规则: 电荷密度残差呈轻微稳定趋势(trend_score=0.003); 震荡检测规则: 严重震荡(比例=0.62),,True,,0.001129150390625,5,100,True,"{""能量收敛趋势规则"": {""score"": 0.39999999999999997, ""weight"": 0.25, ""reason"": ""能量变化呈轻微稳定趋势(trend_score=0.001)，当前dE=5.55e-01较大""}, ""电荷密度收敛趋势规则"": {""score"": 0.7, ""weight"": 0.2, ""reason"": ""电荷密度残差呈轻微稳定趋势(trend_score=0.003)""}, ""震荡检测规则"": {""score"": 0.0, ""weight"": 0.15, ""reason"": ""严重震荡(比例=0.62)""}, ""收敛阈值规则"": {""score"": 0.7, ""weight"": 0.4, ""reason"": ""电荷密度已收敛(rms=5.29e-02<7e-02)，但能量未收敛(dE=5.55e-01)""}}",0.52
vasp-data-files/100011111110010010011110/OSZICAR,1,100,1,可能收敛(得分=0.515)。详细: 能量收敛趋势规则: 能量变化呈轻微稳定趋势(trend_score=0.000); 电荷密度收敛趋势规则: 电荷密度残差趋势不明确(trend_score=-0.000); 震荡检测规则: 严重震荡(比例=0.75),,True,,0.0010762214660644531,5,100,True,"{""能量收敛趋势规则"": {""score"": 0.7, ""weight"": 0.25, ""reason"": ""能量变化呈轻微稳定趋势(trend_score=0.000)""}, ""电荷密度收敛趋势规则"": {""score"": 0.3, ""weight"": 0.2, ""reason"": ""电荷密度残差趋势不明确(trend_score=-0.000)""}, ""震荡检测规则"": {""score"": 0.0, ""weight"": 0.15, ""reason"": ""严重震荡(比例=0.75)""}, ""收敛阈值规则"": {""score"": 0.7, ""weight"": 0.4, ""reason"": ""电荷密度已收敛(rms=7.10e-03<7e-02)，但能量未收敛(dE=6.74e-03)""}}",0.5149999999999999
vasp-data-files/101101000100001011000011/OSZICAR,1,100,0,很可能不收敛(得分=0.180)。详细: 能量收敛趋势规则: 能量变化趋势不明确(trend_score=-0.001)，当前dE=1.62e-01较大; 电荷密度收敛趋势规则: 电荷密度残差趋势不明确(trend_score=-0.001); 震荡检测规则: 严重震荡(比例=0.75),,True,,0.0010864734649658203,2,100,True,"{""能量收敛趋势规则"": {""score"": 0.0, ""weight"": 0.25, ""reason"": ""能量变化趋势不明确(trend_score=-0.001)，当前dE=1.62e-01较大""}, ""电荷密度收敛趋势规则"": {""score"": 0.3, ""weight"": 0.2, ""reason"": ""电荷密度残差趋势不明确(trend_score=-0.001)""}, ""震荡检测规则"": {""score"": 0.0, ""weight"": 0.15, ""reason"": ""严重震荡(比例=0.75)""}, ""收敛阈值规则"": {""score"": 0.3, ""weight"": 0.4, ""reason"": ""均未达到收敛标准(dE=1.62e-01, rms=9.52e-02)""}}",0.18
vasp-data-files/110110101111001101111100/OSZICAR,0,100,1,可能收敛(得分=0.610)。详细: 能量收敛趋势规则: 能量变化趋势不明确(trend_score=-0.000); 电荷密度收敛趋势规则: 电荷密度残差趋势不明确(trend_score=-0.000); 震荡检测规则: 存在一定震荡(比例=0.38),,True,,0.0010943412780761719,5,100,True,"{""能量收敛趋势规则"": {""score"": 0.3, ""weight"": 0.25, ""reason"": ""能量变化趋势不明确(trend_score=-0.000)""}, ""电荷密度收敛趋势规则"": {""score"": 0.3, ""weight"": 0.2, ""reason"": ""电荷密度残差趋势不明确(trend_score=-0.000)""}, ""震荡检测规则"": {""score"": 0.5, ""weight"": 0.15, ""reason"": ""存在一定震荡(比例=0.38)""}, ""收敛阈值规则"": {""score"": 1.0, ""weight"": 0.4, ""reason"": ""已达到收敛标准(dE=9.07e-04<6e-03, rms=5.10e-03<7e-02)""}}",0.6100000000000001
vasp-data-files/101001001111110111100101/OSZICAR,1,100,1,很可能收敛(得分=0.705)。详细: 能量收敛趋势规则: 能量变化趋势不明确(trend_score=-0.000)，当前dE=4.72e-05很小; 电荷密度收敛趋势规则: 电荷密度残差呈轻微稳定趋势(trend_score=0.000)，当前rms=9.10e-04很小; 震荡检测规则: 严重震荡(比例=0.62),,True,,0.0010540485382080078,6,100,True,"{""能量收敛趋势规则"": {""score"": 0.5, ""weight"": 0.25, ""reason"": ""能量变化趋势不明确(trend_score=-0.000)，当前dE=4.72e-05很小""}, ""电荷密度收敛趋势规则"": {""score"": 0.8999999999999999, ""weight"": 0.2, ""reason"": ""电荷密度残差呈轻微稳定趋势(trend_score=0.000)，当前rms=9.10e-04很小""}, ""震荡检测规则"": {""score"": 0.0, ""weight"": 0.15, ""reason"": ""严重震荡(比例=0.62)""}, ""收敛阈值规则"": {""score"": 1.0, ""weight"": 0.4, ""reason"": ""已达到收敛标准(dE=4.72e-05<6e-03, rms=9.10e-04<7e-02)""}}",0.7050000000000001
vasp-data-files/110100101100101110100011/OSZICAR,1,100,1,可能收敛(得分=0.635)。详细: 能量收敛趋势规则: 能量变化呈轻微稳定趋势(trend_score=0.001); 电荷密度收敛趋势规则: 电荷密度残差趋势不明确(trend_score=-0.000); 震荡检测规则: 严重震荡(比例=1.00),,True,,0.001092672348022461,6,100,True,"{""能量收敛趋势规则"": {""score"": 0.7, ""weight"": 0.25, ""reason"": ""能量变化呈轻微稳定趋势(trend_score=0.001)""}, ""电荷密度收敛趋势规则"": {""score"": 0.3, ""weight"": 0.2, ""reason"": ""电荷密度残差趋势不明确(trend_score=-0.000)""}, ""震荡检测规则"": {""score"": 0.0, ""weight"": 0.15, ""reason"": ""严重震荡(比例=1.00)""}, ""收敛阈值规则"": {""score"": 1.0, ""weight"": 0.4, ""reason"": ""已达到收敛标准(dE=5.16e-04<6e-03, rms=1.23e-02<7e-02)""}}",0.635
vasp-data-files/110110000011010000111100/OSZICAR,1,100,0,可能不收敛(得分=0.415)。详细: 能量收敛趋势规则: 能量变化趋势不明确(trend_score=-0.003); 电荷密度收敛趋势规则: 电荷密度残差趋势不明确(trend_score=-0.001); 震荡检测规则: 严重震荡(比例=0.50),,True,,0.0010793209075927734,4,100,True,"{""能量收敛趋势规则"": {""score"": 0.3, ""weight"": 0.25, ""reason"": ""能量变化趋势不明确(trend_score=-0.003)""}, ""电荷密度收敛趋势规则"": {""score"": 0.3, ""weight"": 0.2, ""reason"": ""电荷密度残差趋势不明确(trend_score=-0.001)""}, ""震荡检测规则"": {""score"": 0.0, ""weight"": 0.15, ""reason"": ""严重震荡(比例=0.50)""}, ""收敛阈值规则"": {""score"": 0.7, ""weight"": 0.4, ""reason"": ""电荷密度已收敛(rms=1.53e-02<7e-02)，但能量未收敛(dE=3.29e-02)""}}",0.415
vasp-data-files/110011110100000011011101/OSZICAR,1,100,1,很可能收敛(得分=0.805)。详细: 能量收敛趋势规则: 能量变化呈轻微稳定趋势(trend_score=0.000)，当前dE=6.10e-05很小; 电荷密度收敛趋势规则: 电荷密度残差呈轻微稳定趋势(trend_score=0.000)，当前rms=5.96e-04很小; 震荡检测规则: 严重震荡(比例=0.75),,True,,0.0010581016540527344,7,100,True,"{""能量收敛趋势规则"": {""score"": 0.8999999999999999, ""weight"": 0.25, ""reason"": ""能量变化呈轻微稳定趋势(trend_score=0.000)，当前dE=6.10e-05很小""}, ""电荷密度收敛趋势规则"": {""score"": 0.8999999999999999, ""weight"": 0.2, ""reason"": ""电荷密度残差呈轻微稳定趋势(trend_score=0.000)，当前rms=5.96e-04很小""}, ""震荡检测规则"": {""score"": 0.0, ""weight"": 0.15, ""reason"": ""严重震荡(比例=0.75)""}, ""收敛阈值规则"": {""score"": 1.0, ""weight"": 0.4, ""reason"": ""已达到收敛标准(dE=6.10e-05<6e-03, rms=5.96e-04<7e-02)""}}",0.8049999999999999
vasp-data-files/111100001101111010100000/OSZICAR,0,100,1,可能收敛(得分=0.515)。详细: 能量收敛趋势规则: 能量变化呈轻微稳定趋势(trend_score=0.000); 电荷密度收敛趋势规则: 电荷密度残差趋势不明确(trend_score=-0.000); 震荡检测规则: 严重震荡(比例=0.88),,True,,0.0010955333709716797,5,100,True,"{""能量收敛趋势规则"": {""score"": 0.7, ""weight"": 0.25, ""reason"": ""能量变化呈轻微稳定趋势(trend_score=0.000)""}, ""电荷密度收敛趋势规则"": {""score"": 0.3, ""weight"": 0.2, ""reason"": ""电荷密度残差趋势不明确(trend_score=-0.000)""}, ""震荡检测规则"": {""score"": 0.0, ""weight"": 0.15, ""reason"": ""严重震荡(比例=0.88)""}, ""收敛阈值规则"": {""score"": 0.7, ""weight"": 0.4, ""reason"": ""电荷密度已收敛(rms=4.04e-02<7e-02)，但能量未收敛(dE=1.48e-02)""}}",0.5149999999999999
vasp-data-files/101010001100011000000111/OSZICAR,1,100,1,可能收敛(得分=0.535)。详细: 能量收敛趋势规则: 能量变化趋势不明确(trend_score=-0.000); 电荷密度收敛趋势规则: 电荷密度残差趋势不明确(trend_score=-0.002); 震荡检测规则: 严重震荡(比例=0.88),,True,,0.0010724067687988281,5,100,True,"{""能量收敛趋势规则"": {""score"": 0.3, ""weight"": 0.25, ""reason"": ""能量变化趋势不明确(trend_score=-0.000)""}, ""电荷密度收敛趋势规则"": {""score"": 0.3, ""weight"": 0.2, ""reason"": ""电荷密度残差趋势不明确(trend_score=-0.002)""}, ""震荡检测规则"": {""score"": 0.0, ""weight"": 0.15, ""reason"": ""严重震荡(比例=0.88)""}, ""收敛阈值规则"": {""score"": 1.0, ""weight"": 0.4, ""reason"": ""已达到收敛标准(dE=1.10e-03<6e-03, rms=9.70e-03<7e-02)""}}",0.535
vasp-data-files/111010010100011100100010/OSZICAR,1,100,1,很可能收敛(得分=0.715)。详细: 能量收敛趋势规则: 能量变化呈轻微稳定趋势(trend_score=0.000); 电荷密度收敛趋势规则: 电荷密度残差呈轻微稳定趋势(trend_score=0.001); 震荡检测规则: 严重震荡(比例=0.62),,True,,0.0010478496551513672,6,100,True,"{""能量收敛趋势规则"": {""score"": 0.7, ""weight"": 0.25, ""reason"": ""能量变化呈轻微稳定趋势(trend_score=0.000)""}, ""电荷密度收敛趋势规则"": {""score"": 0.7, ""weight"": 0.2, ""reason"": ""电荷密度残差呈轻微稳定趋势(trend_score=0.001)""}, ""震荡检测规则"": {""score"": 0.0, ""weight"": 0.15, ""reason"": ""严重震荡(比例=0.62)""}, ""收敛阈值规则"": {""score"": 1.0, ""weight"": 0.4, ""reason"": ""已达到收敛标准(dE=3.35e-04<6e-03, rms=1.21e-03<7e-02)""}}",0.715
vasp-data-files/101001010101011110100000/OSZICAR,1,100,1,可能收敛(得分=0.610)。详细: 能量收敛趋势规则: 能量变化趋势不明确(trend_score=-0.000); 电荷密度收敛趋势规则: 电荷密度残差趋势不明确(trend_score=-0.000); 震荡检测规则: 存在一定震荡(比例=0.38),,True,,0.0011031627655029297,5,100,True,"{""能量收敛趋势规则"": {""score"": 0.3, ""weight"": 0.25, ""reason"": ""能量变化趋势不明确(trend_score=-0.000)""}, ""电荷密度收敛趋势规则"": {""score"": 0.3, ""weight"": 0.2, ""reason"": ""电荷密度残差趋势不明确(trend_score=-0.000)""}, ""震荡检测规则"": {""score"": 0.5, ""weight"": 0.15, ""reason"": ""存在一定震荡(比例=0.38)""}, ""收敛阈值规则"": {""score"": 1.0, ""weight"": 0.4, ""reason"": ""已达到收敛标准(dE=8.50e-04<6e-03, rms=2.19e-03<7e-02)""}}",0.6100000000000001
vasp-data-files/101001011100111010100010/OSZICAR,0,100,0,很可能不收敛(得分=0.180)。详细: 能量收敛趋势规则: 能量变化趋势不明确(trend_score=-0.020)，当前dE=1.69e-01较大; 电荷密度收敛趋势规则: 电荷密度残差趋势不明确(trend_score=-0.006); 震荡检测规则: 严重震荡(比例=0.50),,True,,0.0010721683502197266,2,100,True,"{""能量收敛趋势规则"": {""score"": 0.0, ""weight"": 0.25, ""reason"": ""能量变化趋势不明确(trend_score=-0.020)，当前dE=1.69e-01较大""}, ""电荷密度收敛趋势规则"": {""score"": 0.3, ""weight"": 0.2, ""reason"": ""电荷密度残差趋势不明确(trend_score=-0.006)""}, ""震荡检测规则"": {""score"": 0.0, ""weight"": 0.15, ""reason"": ""严重震荡(比例=0.50)""}, ""收敛阈值规则"": {""score"": 0.3, ""weight"": 0.4, ""reason"": ""均未达到收敛标准(dE=1.69e-01, rms=7.61e-02)""}}",0.18
vasp-data-files/101011011110100110110110/OSZICAR,1,100,1,可能收敛(得分=0.535)。详细: 能量收敛趋势规则: 能量变化趋势不明确(trend_score=-0.001); 电荷密度收敛趋势规则: 电荷密度残差趋势不明确(trend_score=-0.002); 震荡检测规则: 严重震荡(比例=0.50),,True,,0.0010416507720947266,5,100,True,"{""能量收敛趋势规则"": {""score"": 0.3, ""weight"": 0.25, ""reason"": ""能量变化趋势不明确(trend_score=-0.001)""}, ""电荷密度收敛趋势规则"": {""score"": 0.3, ""weight"": 0.2, ""reason"": ""电荷密度残差趋势不明确(trend_score=-0.002)""}, ""震荡检测规则"": {""score"": 0.0, ""weight"": 0.15, ""reason"": ""严重震荡(比例=0.50)""}, ""收敛阈值规则"": {""score"": 1.0, ""weight"": 0.4, ""reason"": ""已达到收敛标准(dE=3.23e-03<6e-03, rms=9.64e-03<7e-02)""}}",0.535
vasp-data-files/101000010111100101110111/OSZICAR,0,100,0,可能不收敛(得分=0.495)。详细: 能量收敛趋势规则: 能量变化趋势不明确(trend_score=-0.000); 电荷密度收敛趋势规则: 电荷密度残差呈轻微稳定趋势(trend_score=0.001); 震荡检测规则: 严重震荡(比例=0.62),,True,,0.0011026859283447266,4,100,True,"{""能量收敛趋势规则"": {""score"": 0.3, ""weight"": 0.25, ""reason"": ""能量变化趋势不明确(trend_score=-0.000)""}, ""电荷密度收敛趋势规则"": {""score"": 0.7, ""weight"": 0.2, ""reason"": ""电荷密度残差呈轻微稳定趋势(trend_score=0.001)""}, ""震荡检测规则"": {""score"": 0.0, ""weight"": 0.15, ""reason"": ""严重震荡(比例=0.62)""}, ""收敛阈值规则"": {""score"": 0.7, ""weight"": 0.4, ""reason"": ""电荷密度已收敛(rms=3.83e-02<7e-02)，但能量未收敛(dE=3.29e-02)""}}",0.49499999999999994
vasp-data-files/110110101000111110101001/OSZICAR,1,100,1,很可能收敛(得分=0.715)。详细: 能量收敛趋势规则: 能量变化呈轻微稳定趋势(trend_score=0.000); 电荷密度收敛趋势规则: 电荷密度残差呈轻微稳定趋势(trend_score=0.001); 震荡检测规则: 严重震荡(比例=0.50),,True,,0.0010571479797363281,6,100,True,"{""能量收敛趋势规则"": {""score"": 0.7, ""weight"": 0.25, ""reason"": ""能量变化呈轻微稳定趋势(trend_score=0.000)""}, ""电荷密度收敛趋势规则"": {""score"": 0.7, ""weight"": 0.2, ""reason"": ""电荷密度残差呈轻微稳定趋势(trend_score=0.001)""}, ""震荡检测规则"": {""score"": 0.0, ""weight"": 0.15, ""reason"": ""严重震荡(比例=0.50)""}, ""收敛阈值规则"": {""score"": 1.0, ""weight"": 0.4, ""reason"": ""已达到收敛标准(dE=1.56e-03<6e-03, rms=4.31e-03<7e-02)""}}",0.715
vasp-data-files/100100010110111000000110/OSZICAR,1,100,1,很可能收敛(得分=0.740)。详细: 能量收敛趋势规则: 能量变化趋势不明确(trend_score=-0.000)，当前dE=4.32e-05很小; 电荷密度收敛趋势规则: 电荷密度残差呈轻微稳定趋势(trend_score=0.000); 震荡检测规则: 存在一定震荡(比例=0.38),,True,,0.0010635852813720703,7,100,True,"{""能量收敛趋势规则"": {""score"": 0.5, ""weight"": 0.25, ""reason"": ""能量变化趋势不明确(trend_score=-0.000)，当前dE=4.32e-05很小""}, ""电荷密度收敛趋势规则"": {""score"": 0.7, ""weight"": 0.2, ""reason"": ""电荷密度残差呈轻微稳定趋势(trend_score=0.000)""}, ""震荡检测规则"": {""score"": 0.5, ""weight"": 0.15, ""reason"": ""存在一定震荡(比例=0.38)""}, ""收敛阈值规则"": {""score"": 1.0, ""weight"": 0.4, ""reason"": ""已达到收敛标准(dE=4.32e-05<6e-03, rms=1.15e-03<7e-02)""}}",0.74
vasp-data-files/101001111100100011011111/OSZICAR,1,100,1,可能收敛(得分=0.615)。详细: 能量收敛趋势规则: 能量变化趋势不明确(trend_score=-0.000); 电荷密度收敛趋势规则: 电荷密度残差呈轻微稳定趋势(trend_score=0.001); 震荡检测规则: 严重震荡(比例=0.50),,True,,0.0010814666748046875,6,100,True,"{""能量收敛趋势规则"": {""score"": 0.3, ""weight"": 0.25, ""reason"": ""能量变化趋势不明确(trend_score=-0.000)""}, ""电荷密度收敛趋势规则"": {""score"": 0.7, ""weight"": 0.2, ""reason"": ""电荷密度残差呈轻微稳定趋势(trend_score=0.001)""}, ""震荡检测规则"": {""score"": 0.0, ""weight"": 0.15, ""reason"": ""严重震荡(比例=0.50)""}, ""收敛阈值规则"": {""score"": 1.0, ""weight"": 0.4, ""reason"": ""已达到收敛标准(dE=6.58e-04<6e-03, rms=5.24e-03<7e-02)""}}",0.615
vasp-data-files/100001111101001001011111/OSZICAR,0,100,1,很可能收敛(得分=0.715)。详细: 能量收敛趋势规则: 能量变化呈轻微稳定趋势(trend_score=0.001); 电荷密度收敛趋势规则: 电荷密度残差呈轻微稳定趋势(trend_score=0.002); 震荡检测规则: 严重震荡(比例=0.75),,True,,0.0010721683502197266,6,100,True,"{""能量收敛趋势规则"": {""score"": 0.7, ""weight"": 0.25, ""reason"": ""能量变化呈轻微稳定趋势(trend_score=0.001)""}, ""电荷密度收敛趋势规则"": {""score"": 0.7, ""weight"": 0.2, ""reason"": ""电荷密度残差呈轻微稳定趋势(trend_score=0.002)""}, ""震荡检测规则"": {""score"": 0.0, ""weight"": 0.15, ""reason"": ""严重震荡(比例=0.75)""}, ""收敛阈值规则"": {""score"": 1.0, ""weight"": 0.4, ""reason"": ""已达到收敛标准(dE=2.39e-03<6e-03, rms=3.27e-03<7e-02)""}}",0.715
vasp-data-files/100110100000001100111101/OSZICAR,0,100,0,很可能不收敛(得分=0.120)。详细: 能量收敛趋势规则: 能量变化趋势不明确(trend_score=-0.005)，当前dE=8.28e-01较大; 电荷密度收敛趋势规则: 电荷密度残差趋势不明确(trend_score=-0.006)，当前rms=1.25e-01较大; 震荡检测规则: 严重震荡(比例=0.75),,True,,0.0010955333709716797,1,100,True,"{""能量收敛趋势规则"": {""score"": 0.0, ""weight"": 0.25, ""reason"": ""能量变化趋势不明确(trend_score=-0.005)，当前dE=8.28e-01较大""}, ""电荷密度收敛趋势规则"": {""score"": 0.0, ""weight"": 0.2, ""reason"": ""电荷密度残差趋势不明确(trend_score=-0.006)，当前rms=1.25e-01较大""}, ""震荡检测规则"": {""score"": 0.0, ""weight"": 0.15, ""reason"": ""严重震荡(比例=0.75)""}, ""收敛阈值规则"": {""score"": 0.3, ""weight"": 0.4, ""reason"": ""均未达到收敛标准(dE=8.28e-01, rms=1.25e-01)""}}",0.12
vasp-data-files/101101000101000010111110/OSZICAR,0,100,0,可能不收敛(得分=0.415)。详细: 能量收敛趋势规则: 能量变化趋势不明确(trend_score=-0.004); 电荷密度收敛趋势规则: 电荷密度残差趋势不明确(trend_score=-0.003); 震荡检测规则: 严重震荡(比例=0.75),,True,,0.001096963882446289,4,100,True,"{""能量收敛趋势规则"": {""score"": 0.3, ""weight"": 0.25, ""reason"": ""能量变化趋势不明确(trend_score=-0.004)""}, ""电荷密度收敛趋势规则"": {""score"": 0.3, ""weight"": 0.2, ""reason"": ""电荷密度残差趋势不明确(trend_score=-0.003)""}, ""震荡检测规则"": {""score"": 0.0, ""weight"": 0.15, ""reason"": ""严重震荡(比例=0.75)""}, ""收敛阈值规则"": {""score"": 0.7, ""weight"": 0.4, ""reason"": ""电荷密度已收敛(rms=4.56e-02<7e-02)，但能量未收敛(dE=3.13e-02)""}}",0.415
vasp-data-files/110111101101001000111100/OSZICAR,1,100,0,可能不收敛(得分=0.495)。详细: 能量收敛趋势规则: 能量变化趋势不明确(trend_score=-0.001); 电荷密度收敛趋势规则: 电荷密度残差呈轻微稳定趋势(trend_score=0.000); 震荡检测规则: 严重震荡(比例=0.75),,True,,0.0010476112365722656,4,100,True,"{""能量收敛趋势规则"": {""score"": 0.3, ""weight"": 0.25, ""reason"": ""能量变化趋势不明确(trend_score=-0.001)""}, ""电荷密度收敛趋势规则"": {""score"": 0.7, ""weight"": 0.2, ""reason"": ""电荷密度残差呈轻微稳定趋势(trend_score=0.000)""}, ""震荡检测规则"": {""score"": 0.0, ""weight"": 0.15, ""reason"": ""严重震荡(比例=0.75)""}, ""收敛阈值规则"": {""score"": 0.7, ""weight"": 0.4, ""reason"": ""电荷密度已收敛(rms=1.57e-02<7e-02)，但能量未收敛(dE=2.05e-02)""}}",0.49499999999999994
vasp-data-files/101101000101000011101101/OSZICAR,0,100,1,可能收敛(得分=0.590)。详细: 能量收敛趋势规则: 能量变化呈轻微稳定趋势(trend_score=0.003); 电荷密度收敛趋势规则: 电荷密度残差趋势不明确(trend_score=-0.000); 震荡检测规则: 存在一定震荡(比例=0.38),,True,,0.0011014938354492188,5,100,True,"{""能量收敛趋势规则"": {""score"": 0.7, ""weight"": 0.25, ""reason"": ""能量变化呈轻微稳定趋势(trend_score=0.003)""}, ""电荷密度收敛趋势规则"": {""score"": 0.3, ""weight"": 0.2, ""reason"": ""电荷密度残差趋势不明确(trend_score=-0.000)""}, ""震荡检测规则"": {""score"": 0.5, ""weight"": 0.15, ""reason"": ""存在一定震荡(比例=0.38)""}, ""收敛阈值规则"": {""score"": 0.7, ""weight"": 0.4, ""reason"": ""电荷密度已收敛(rms=2.48e-02<7e-02)，但能量未收敛(dE=2.21e-02)""}}",0.59
vasp-data-files/111110010001110000111000/OSZICAR,1,100,1,很可能收敛(得分=0.715)。详细: 能量收敛趋势规则: 能量变化呈轻微稳定趋势(trend_score=0.000); 电荷密度收敛趋势规则: 电荷密度残差呈轻微稳定趋势(trend_score=0.002); 震荡检测规则: 严重震荡(比例=0.75),,True,,0.0010826587677001953,6,100,True,"{""能量收敛趋势规则"": {""score"": 0.7, ""weight"": 0.25, ""reason"": ""能量变化呈轻微稳定趋势(trend_score=0.000)""}, ""电荷密度收敛趋势规则"": {""score"": 0.7, ""weight"": 0.2, ""reason"": ""电荷密度残差呈轻微稳定趋势(trend_score=0.002)""}, ""震荡检测规则"": {""score"": 0.0, ""weight"": 0.15, ""reason"": ""严重震荡(比例=0.75)""}, ""收敛阈值规则"": {""score"": 1.0, ""weight"": 0.4, ""reason"": ""已达到收敛标准(dE=7.00e-04<6e-03, rms=6.76e-03<7e-02)""}}",0.715
vasp-data-files/110110100100001100111100/OSZICAR,1,100,1,可能收敛(得分=0.535)。详细: 能量收敛趋势规则: 能量变化趋势不明确(trend_score=-0.000); 电荷密度收敛趋势规则: 电荷密度残差趋势不明确(trend_score=-0.000); 震荡检测规则: 严重震荡(比例=0.62),,True,,0.0010554790496826172,5,100,True,"{""能量收敛趋势规则"": {""score"": 0.3, ""weight"": 0.25, ""reason"": ""能量变化趋势不明确(trend_score=-0.000)""}, ""电荷密度收敛趋势规则"": {""score"": 0.3, ""weight"": 0.2, ""reason"": ""电荷密度残差趋势不明确(trend_score=-0.000)""}, ""震荡检测规则"": {""score"": 0.0, ""weight"": 0.15, ""reason"": ""严重震荡(比例=0.62)""}, ""收敛阈值规则"": {""score"": 1.0, ""weight"": 0.4, ""reason"": ""已达到收敛标准(dE=9.05e-04<6e-03, rms=7.16e-03<7e-02)""}}",0.535
vasp-data-files/101001010101111010100100/OSZICAR,1,100,1,可能收敛(得分=0.615)。详细: 能量收敛趋势规则: 能量变化趋势不明确(trend_score=-0.000); 电荷密度收敛趋势规则: 电荷密度残差呈轻微稳定趋势(trend_score=0.000); 震荡检测规则: 严重震荡(比例=0.62),,True,,0.0010962486267089844,6,100,True,"{""能量收敛趋势规则"": {""score"": 0.3, ""weight"": 0.25, ""reason"": ""能量变化趋势不明确(trend_score=-0.000)""}, ""电荷密度收敛趋势规则"": {""score"": 0.7, ""weight"": 0.2, ""reason"": ""电荷密度残差呈轻微稳定趋势(trend_score=0.000)""}, ""震荡检测规则"": {""score"": 0.0, ""weight"": 0.15, ""reason"": ""严重震荡(比例=0.62)""}, ""收敛阈值规则"": {""score"": 1.0, ""weight"": 0.4, ""reason"": ""已达到收敛标准(dE=4.01e-04<6e-03, rms=1.27e-03<7e-02)""}}",0.615
vasp-data-files/101000010110110001010100/OSZICAR,0,100,0,很可能不收敛(得分=0.120)。详细: 能量收敛趋势规则: 能量变化趋势不明确(trend_score=-0.004)，当前dE=5.52e-01较大; 电荷密度收敛趋势规则: 电荷密度残差趋势不明确(trend_score=-0.003)，当前rms=1.34e-01较大; 震荡检测规则: 严重震荡(比例=0.62),,True,,0.0010769367218017578,1,100,True,"{""能量收敛趋势规则"": {""score"": 0.0, ""weight"": 0.25, ""reason"": ""能量变化趋势不明确(trend_score=-0.004)，当前dE=5.52e-01较大""}, ""电荷密度收敛趋势规则"": {""score"": 0.0, ""weight"": 0.2, ""reason"": ""电荷密度残差趋势不明确(trend_score=-0.003)，当前rms=1.34e-01较大""}, ""震荡检测规则"": {""score"": 0.0, ""weight"": 0.15, ""reason"": ""严重震荡(比例=0.62)""}, ""收敛阈值规则"": {""score"": 0.3, ""weight"": 0.4, ""reason"": ""均未达到收敛标准(dE=5.52e-01, rms=1.34e-01)""}}",0.12
vasp-data-files/111000011111001011010011/OSZICAR,0,100,1,很可能收敛(得分=0.790)。详细: 能量收敛趋势规则: 能量变化呈轻微下降趋势(trend_score=0.014); 电荷密度收敛趋势规则: 电荷密度残差呈轻微稳定趋势(trend_score=0.000); 震荡检测规则: 存在一定震荡(比例=0.25),,True,,0.0010483264923095703,7,100,True,"{""能量收敛趋势规则"": {""score"": 0.7, ""weight"": 0.25, ""reason"": ""能量变化呈轻微下降趋势(trend_score=0.014)""}, ""电荷密度收敛趋势规则"": {""score"": 0.7, ""weight"": 0.2, ""reason"": ""电荷密度残差呈轻微稳定趋势(trend_score=0.000)""}, ""震荡检测规则"": {""score"": 0.5, ""weight"": 0.15, ""reason"": ""存在一定震荡(比例=0.25)""}, ""收敛阈值规则"": {""score"": 1.0, ""weight"": 0.4, ""reason"": ""已达到收敛标准(dE=1.99e-03<6e-03, rms=9.28e-03<7e-02)""}}",0.79
vasp-data-files/110110111001001000110010/OSZICAR,1,100,1,很可能收敛(得分=0.715)。详细: 能量收敛趋势规则: 能量变化呈轻微稳定趋势(trend_score=0.009); 电荷密度收敛趋势规则: 电荷密度残差呈轻微稳定趋势(trend_score=0.001); 震荡检测规则: 严重震荡(比例=0.50),,True,,0.0010967254638671875,6,100,True,"{""能量收敛趋势规则"": {""score"": 0.7, ""weight"": 0.25, ""reason"": ""能量变化呈轻微稳定趋势(trend_score=0.009)""}, ""电荷密度收敛趋势规则"": {""score"": 0.7, ""weight"": 0.2, ""reason"": ""电荷密度残差呈轻微稳定趋势(trend_score=0.001)""}, ""震荡检测规则"": {""score"": 0.0, ""weight"": 0.15, ""reason"": ""严重震荡(比例=0.50)""}, ""收敛阈值规则"": {""score"": 1.0, ""weight"": 0.4, ""reason"": ""已达到收敛标准(dE=1.71e-03<6e-03, rms=1.31e-02<7e-02)""}}",0.715
vasp-data-files/111100000101010100100001/OSZICAR,1,100,1,可能收敛(得分=0.535)。详细: 能量收敛趋势规则: 能量变化趋势不明确(trend_score=-0.000); 电荷密度收敛趋势规则: 电荷密度残差趋势不明确(trend_score=-0.001); 震荡检测规则: 严重震荡(比例=0.75),,True,,0.0010712146759033203,5,100,True,"{""能量收敛趋势规则"": {""score"": 0.3, ""weight"": 0.25, ""reason"": ""能量变化趋势不明确(trend_score=-0.000)""}, ""电荷密度收敛趋势规则"": {""score"": 0.3, ""weight"": 0.2, ""reason"": ""电荷密度残差趋势不明确(trend_score=-0.001)""}, ""震荡检测规则"": {""score"": 0.0, ""weight"": 0.15, ""reason"": ""严重震荡(比例=0.75)""}, ""收敛阈值规则"": {""score"": 1.0, ""weight"": 0.4, ""reason"": ""已达到收敛标准(dE=1.54e-03<6e-03, rms=8.87e-03<7e-02)""}}",0.535
vasp-data-files/101011011100110010010111/OSZICAR,0,100,0,可能不收敛(得分=0.490)。详细: 能量收敛趋势规则: 能量变化趋势不明确(trend_score=-0.001); 电荷密度收敛趋势规则: 电荷密度残差趋势不明确(trend_score=-0.000); 震荡检测规则: 存在一定震荡(比例=0.38),,True,,0.0010535717010498047,4,100,True,"{""能量收敛趋势规则"": {""score"": 0.3, ""weight"": 0.25, ""reason"": ""能量变化趋势不明确(trend_score=-0.001)""}, ""电荷密度收敛趋势规则"": {""score"": 0.3, ""weight"": 0.2, ""reason"": ""电荷密度残差趋势不明确(trend_score=-0.000)""}, ""震荡检测规则"": {""score"": 0.5, ""weight"": 0.15, ""reason"": ""存在一定震荡(比例=0.38)""}, ""收敛阈值规则"": {""score"": 0.7, ""weight"": 0.4, ""reason"": ""电荷密度已收敛(rms=3.98e-02<7e-02)，但能量未收敛(dE=2.89e-02)""}}",0.49
vasp-data-files/111011100111011111010111/OSZICAR,1,100,1,很可能收敛(得分=0.790)。详细: 能量收敛趋势规则: 能量变化呈轻微稳定趋势(trend_score=0.000); 电荷密度收敛趋势规则: 电荷密度残差呈轻微稳定趋势(trend_score=0.000); 震荡检测规则: 存在一定震荡(比例=0.25),,True,,0.0010848045349121094,7,100,True,"{""能量收敛趋势规则"": {""score"": 0.7, ""weight"": 0.25, ""reason"": ""能量变化呈轻微稳定趋势(trend_score=0.000)""}, ""电荷密度收敛趋势规则"": {""score"": 0.7, ""weight"": 0.2, ""reason"": ""电荷密度残差呈轻微稳定趋势(trend_score=0.000)""}, ""震荡检测规则"": {""score"": 0.5, ""weight"": 0.15, ""reason"": ""存在一定震荡(比例=0.25)""}, ""收敛阈值规则"": {""score"": 1.0, ""weight"": 0.4, ""reason"": ""已达到收敛标准(dE=1.23e-04<6e-03, rms=2.83e-03<7e-02)""}}",0.79
vasp-data-files/111001010111111000010000/OSZICAR,0,100,0,可能不收敛(得分=0.415)。详细: 能量收敛趋势规则: 能量变化趋势不明确(trend_score=-0.003); 电荷密度收敛趋势规则: 电荷密度残差趋势不明确(trend_score=-0.000); 震荡检测规则: 严重震荡(比例=0.75),,True,,0.0010650157928466797,4,100,True,"{""能量收敛趋势规则"": {""score"": 0.3, ""weight"": 0.25, ""reason"": ""能量变化趋势不明确(trend_score=-0.003)""}, ""电荷密度收敛趋势规则"": {""score"": 0.3, ""weight"": 0.2, ""reason"": ""电荷密度残差趋势不明确(trend_score=-0.000)""}, ""震荡检测规则"": {""score"": 0.0, ""weight"": 0.15, ""reason"": ""严重震荡(比例=0.75)""}, ""收敛阈值规则"": {""score"": 0.7, ""weight"": 0.4, ""reason"": ""电荷密度已收敛(rms=1.27e-02<7e-02)，但能量未收敛(dE=1.75e-02)""}}",0.415
vasp-data-files/100010001111111111111010/OSZICAR,0,100,1,可能收敛(得分=0.515)。详细: 能量收敛趋势规则: 能量变化呈轻微稳定趋势(trend_score=0.000)，当前dE=2.00e-01较大; 电荷密度收敛趋势规则: 电荷密度残差趋势不明确(trend_score=-0.000); 震荡检测规则: 存在一定震荡(比例=0.38),,True,,0.0010890960693359375,5,100,True,"{""能量收敛趋势规则"": {""score"": 0.39999999999999997, ""weight"": 0.25, ""reason"": ""能量变化呈轻微稳定趋势(trend_score=0.000)，当前dE=2.00e-01较大""}, ""电荷密度收敛趋势规则"": {""score"": 0.3, ""weight"": 0.2, ""reason"": ""电荷密度残差趋势不明确(trend_score=-0.000)""}, ""震荡检测规则"": {""score"": 0.5, ""weight"": 0.15, ""reason"": ""存在一定震荡(比例=0.38)""}, ""收敛阈值规则"": {""score"": 0.7, ""weight"": 0.4, ""reason"": ""电荷密度已收敛(rms=4.57e-02<7e-02)，但能量未收敛(dE=2.00e-01)""}}",0.5149999999999999
vasp-data-files/100010101011000001011111/OSZICAR,0,100,1,很可能收敛(得分=0.715)。详细: 能量收敛趋势规则: 能量变化呈轻微稳定趋势(trend_score=0.000); 电荷密度收敛趋势规则: 电荷密度残差呈轻微稳定趋势(trend_score=0.000); 震荡检测规则: 严重震荡(比例=0.75),,True,,0.0010957717895507812,6,100,True,"{""能量收敛趋势规则"": {""score"": 0.7, ""weight"": 0.25, ""reason"": ""能量变化呈轻微稳定趋势(trend_score=0.000)""}, ""电荷密度收敛趋势规则"": {""score"": 0.7, ""weight"": 0.2, ""reason"": ""电荷密度残差呈轻微稳定趋势(trend_score=0.000)""}, ""震荡检测规则"": {""score"": 0.0, ""weight"": 0.15, ""reason"": ""严重震荡(比例=0.75)""}, ""收敛阈值规则"": {""score"": 1.0, ""weight"": 0.4, ""reason"": ""已达到收敛标准(dE=1.14e-04<6e-03, rms=1.05e-03<7e-02)""}}",0.715
vasp-data-files/101100000101100111000000/OSZICAR,1,100,1,很可能收敛(得分=0.765)。详细: 能量收敛趋势规则: 能量变化呈轻微稳定趋势(trend_score=0.000)，当前dE=2.55e-05很小; 电荷密度收敛趋势规则: 电荷密度残差呈轻微稳定趋势(trend_score=0.000); 震荡检测规则: 严重震荡(比例=0.75),,True,,0.001055002212524414,7,100,True,"{""能量收敛趋势规则"": {""score"": 0.8999999999999999, ""weight"": 0.25, ""reason"": ""能量变化呈轻微稳定趋势(trend_score=0.000)，当前dE=2.55e-05很小""}, ""电荷密度收敛趋势规则"": {""score"": 0.7, ""weight"": 0.2, ""reason"": ""电荷密度残差呈轻微稳定趋势(trend_score=0.000)""}, ""震荡检测规则"": {""score"": 0.0, ""weight"": 0.15, ""reason"": ""严重震荡(比例=0.75)""}, ""收敛阈值规则"": {""score"": 1.0, ""weight"": 0.4, ""reason"": ""已达到收敛标准(dE=2.55e-05<6e-03, rms=1.86e-03<7e-02)""}}",0.765
vasp-data-files/101111001100010010100010/OSZICAR,1,100,1,可能收敛(得分=0.535)。详细: 能量收敛趋势规则: 能量变化趋势不明确(trend_score=-0.000); 电荷密度收敛趋势规则: 电荷密度残差趋势不明确(trend_score=-0.000); 震荡检测规则: 严重震荡(比例=0.62),,True,,0.0010921955108642578,5,100,True,"{""能量收敛趋势规则"": {""score"": 0.3, ""weight"": 0.25, ""reason"": ""能量变化趋势不明确(trend_score=-0.000)""}, ""电荷密度收敛趋势规则"": {""score"": 0.3, ""weight"": 0.2, ""reason"": ""电荷密度残差趋势不明确(trend_score=-0.000)""}, ""震荡检测规则"": {""score"": 0.0, ""weight"": 0.15, ""reason"": ""严重震荡(比例=0.62)""}, ""收敛阈值规则"": {""score"": 1.0, ""weight"": 0.4, ""reason"": ""已达到收敛标准(dE=2.19e-03<6e-03, rms=7.23e-03<7e-02)""}}",0.535
vasp-data-files/101111010101001111101011/OSZICAR,1,100,1,很可能收敛(得分=0.790)。详细: 能量收敛趋势规则: 能量变化呈轻微稳定趋势(trend_score=0.001); 电荷密度收敛趋势规则: 电荷密度残差呈轻微稳定趋势(trend_score=0.000); 震荡检测规则: 存在一定震荡(比例=0.38),,True,,0.0010676383972167969,7,100,True,"{""能量收敛趋势规则"": {""score"": 0.7, ""weight"": 0.25, ""reason"": ""能量变化呈轻微稳定趋势(trend_score=0.001)""}, ""电荷密度收敛趋势规则"": {""score"": 0.7, ""weight"": 0.2, ""reason"": ""电荷密度残差呈轻微稳定趋势(trend_score=0.000)""}, ""震荡检测规则"": {""score"": 0.5, ""weight"": 0.15, ""reason"": ""存在一定震荡(比例=0.38)""}, ""收敛阈值规则"": {""score"": 1.0, ""weight"": 0.4, ""reason"": ""已达到收敛标准(dE=7.37e-04<6e-03, rms=6.77e-03<7e-02)""}}",0.79
vasp-data-files/100000010111101001010111/OSZICAR,0,100,1,很可能收敛(得分=0.715)。详细: 能量收敛趋势规则: 能量变化呈轻微稳定趋势(trend_score=0.000); 电荷密度收敛趋势规则: 电荷密度残差呈轻微稳定趋势(trend_score=0.000); 震荡检测规则: 严重震荡(比例=0.88),,True,,0.0010673999786376953,6,100,True,"{""能量收敛趋势规则"": {""score"": 0.7, ""weight"": 0.25, ""reason"": ""能量变化呈轻微稳定趋势(trend_score=0.000)""}, ""电荷密度收敛趋势规则"": {""score"": 0.7, ""weight"": 0.2, ""reason"": ""电荷密度残差呈轻微稳定趋势(trend_score=0.000)""}, ""震荡检测规则"": {""score"": 0.0, ""weight"": 0.15, ""reason"": ""严重震荡(比例=0.88)""}, ""收敛阈值规则"": {""score"": 1.0, ""weight"": 0.4, ""reason"": ""已达到收敛标准(dE=2.71e-03<6e-03, rms=4.64e-03<7e-02)""}}",0.715
vasp-data-files/111010101001110101110100/OSZICAR,1,100,1,很可能收敛(得分=0.805)。详细: 能量收敛趋势规则: 能量变化呈轻微稳定趋势(trend_score=0.000)，当前dE=3.02e-05很小; 电荷密度收敛趋势规则: 电荷密度残差呈轻微稳定趋势(trend_score=0.000)，当前rms=7.43e-04很小; 震荡检测规则: 严重震荡(比例=0.75),,True,,0.0010790824890136719,7,100,True,"{""能量收敛趋势规则"": {""score"": 0.8999999999999999, ""weight"": 0.25, ""reason"": ""能量变化呈轻微稳定趋势(trend_score=0.000)，当前dE=3.02e-05很小""}, ""电荷密度收敛趋势规则"": {""score"": 0.8999999999999999, ""weight"": 0.2, ""reason"": ""电荷密度残差呈轻微稳定趋势(trend_score=0.000)，当前rms=7.43e-04很小""}, ""震荡检测规则"": {""score"": 0.0, ""weight"": 0.15, ""reason"": ""严重震荡(比例=0.75)""}, ""收敛阈值规则"": {""score"": 1.0, ""weight"": 0.4, ""reason"": ""已达到收敛标准(dE=3.02e-05<6e-03, rms=7.43e-04<7e-02)""}}",0.8049999999999999
vasp-data-files/110000101010001110011011/OSZICAR,0,100,1,很可能收敛(得分=0.715)。详细: 能量收敛趋势规则: 能量变化呈轻微稳定趋势(trend_score=0.007); 电荷密度收敛趋势规则: 电荷密度残差呈轻微稳定趋势(trend_score=0.004); 震荡检测规则: 严重震荡(比例=0.75),,True,,0.0010828971862792969,6,100,True,"{""能量收敛趋势规则"": {""score"": 0.7, ""weight"": 0.25, ""reason"": ""能量变化呈轻微稳定趋势(trend_score=0.007)""}, ""电荷密度收敛趋势规则"": {""score"": 0.7, ""weight"": 0.2, ""reason"": ""电荷密度残差呈轻微稳定趋势(trend_score=0.004)""}, ""震荡检测规则"": {""score"": 0.0, ""weight"": 0.15, ""reason"": ""严重震荡(比例=0.75)""}, ""收敛阈值规则"": {""score"": 1.0, ""weight"": 0.4, ""reason"": ""已达到收敛标准(dE=4.56e-03<6e-03, rms=1.14e-02<7e-02)""}}",0.715
vasp-data-files/101011010101000010111110/OSZICAR,0,100,0,可能不收敛(得分=0.415)。详细: 能量收敛趋势规则: 能量变化趋势不明确(trend_score=-0.000); 电荷密度收敛趋势规则: 电荷密度残差趋势不明确(trend_score=-0.000); 震荡检测规则: 严重震荡(比例=0.50),,True,,0.001062631607055664,4,100,True,"{""能量收敛趋势规则"": {""score"": 0.3, ""weight"": 0.25, ""reason"": ""能量变化趋势不明确(trend_score=-0.000)""}, ""电荷密度收敛趋势规则"": {""score"": 0.3, ""weight"": 0.2, ""reason"": ""电荷密度残差趋势不明确(trend_score=-0.000)""}, ""震荡检测规则"": {""score"": 0.0, ""weight"": 0.15, ""reason"": ""严重震荡(比例=0.50)""}, ""收敛阈值规则"": {""score"": 0.7, ""weight"": 0.4, ""reason"": ""电荷密度已收敛(rms=3.61e-02<7e-02)，但能量未收敛(dE=9.61e-03)""}}",0.415
vasp-data-files/111100000101110000100000/OSZICAR,1,100,1,可能收敛(得分=0.585)。详细: 能量收敛趋势规则: 能量变化趋势不明确(trend_score=-0.000)，当前dE=4.94e-05很小; 电荷密度收敛趋势规则: 电荷密度残差趋势不明确(trend_score=-0.000); 震荡检测规则: 严重震荡(比例=0.75),,True,,0.0011014938354492188,5,100,True,"{""能量收敛趋势规则"": {""score"": 0.5, ""weight"": 0.25, ""reason"": ""能量变化趋势不明确(trend_score=-0.000)，当前dE=4.94e-05很小""}, ""电荷密度收敛趋势规则"": {""score"": 0.3, ""weight"": 0.2, ""reason"": ""电荷密度残差趋势不明确(trend_score=-0.000)""}, ""震荡检测规则"": {""score"": 0.0, ""weight"": 0.15, ""reason"": ""严重震荡(比例=0.75)""}, ""收敛阈值规则"": {""score"": 1.0, ""weight"": 0.4, ""reason"": ""已达到收敛标准(dE=4.94e-05<6e-03, rms=1.74e-03<7e-02)""}}",0.585
vasp-data-files/101111100101000010111111/OSZICAR,0,100,1,可能收敛(得分=0.665)。详细: 能量收敛趋势规则: 能量变化呈下降趋势(trend_score=0.078); 电荷密度收敛趋势规则: 电荷密度残差趋势不明确(trend_score=-0.000); 震荡检测规则: 存在一定震荡(比例=0.38),,True,,0.0010728836059570312,6,100,True,"{""能量收敛趋势规则"": {""score"": 1.0, ""weight"": 0.25, ""reason"": ""能量变化呈下降趋势(trend_score=0.078)""}, ""电荷密度收敛趋势规则"": {""score"": 0.3, ""weight"": 0.2, ""reason"": ""电荷密度残差趋势不明确(trend_score=-0.000)""}, ""震荡检测规则"": {""score"": 0.5, ""weight"": 0.15, ""reason"": ""存在一定震荡(比例=0.38)""}, ""收敛阈值规则"": {""score"": 0.7, ""weight"": 0.4, ""reason"": ""电荷密度已收敛(rms=3.83e-02<7e-02)，但能量未收敛(dE=6.39e-02)""}}",0.665
vasp-data-files/101001110101111010010110/OSZICAR,1,100,1,可能收敛(得分=0.535)。详细: 能量收敛趋势规则: 能量变化趋势不明确(trend_score=-0.000); 电荷密度收敛趋势规则: 电荷密度残差趋势不明确(trend_score=-0.000); 震荡检测规则: 严重震荡(比例=0.50),,True,,0.0010492801666259766,5,100,True,"{""能量收敛趋势规则"": {""score"": 0.3, ""weight"": 0.25, ""reason"": ""能量变化趋势不明确(trend_score=-0.000)""}, ""电荷密度收敛趋势规则"": {""score"": 0.3, ""weight"": 0.2, ""reason"": ""电荷密度残差趋势不明确(trend_score=-0.000)""}, ""震荡检测规则"": {""score"": 0.0, ""weight"": 0.15, ""reason"": ""严重震荡(比例=0.50)""}, ""收敛阈值规则"": {""score"": 1.0, ""weight"": 0.4, ""reason"": ""已达到收敛标准(dE=1.02e-04<6e-03, rms=1.31e-03<7e-02)""}}",0.535
vasp-data-files/110100111100111101010001/OSZICAR,1,100,1,可能收敛(得分=0.535)。详细: 能量收敛趋势规则: 能量变化趋势不明确(trend_score=-0.001); 电荷密度收敛趋势规则: 电荷密度残差趋势不明确(trend_score=-0.001); 震荡检测规则: 严重震荡(比例=0.50),,True,,0.0010907649993896484,5,100,True,"{""能量收敛趋势规则"": {""score"": 0.3, ""weight"": 0.25, ""reason"": ""能量变化趋势不明确(trend_score=-0.001)""}, ""电荷密度收敛趋势规则"": {""score"": 0.3, ""weight"": 0.2, ""reason"": ""电荷密度残差趋势不明确(trend_score=-0.001)""}, ""震荡检测规则"": {""score"": 0.0, ""weight"": 0.15, ""reason"": ""严重震荡(比例=0.50)""}, ""收敛阈值规则"": {""score"": 1.0, ""weight"": 0.4, ""reason"": ""已达到收敛标准(dE=5.92e-03<6e-03, rms=8.36e-03<7e-02)""}}",0.535
vasp-data-files/101101001101001101000111/OSZICAR,0,100,1,可能收敛(得分=0.615)。详细: 能量收敛趋势规则: 能量变化趋势不明确(trend_score=-0.000); 电荷密度收敛趋势规则: 电荷密度残差呈轻微稳定趋势(trend_score=0.000); 震荡检测规则: 严重震荡(比例=0.50),,True,,0.0010745525360107422,6,100,True,"{""能量收敛趋势规则"": {""score"": 0.3, ""weight"": 0.25, ""reason"": ""能量变化趋势不明确(trend_score=-0.000)""}, ""电荷密度收敛趋势规则"": {""score"": 0.7, ""weight"": 0.2, ""reason"": ""电荷密度残差呈轻微稳定趋势(trend_score=0.000)""}, ""震荡检测规则"": {""score"": 0.0, ""weight"": 0.15, ""reason"": ""严重震荡(比例=0.50)""}, ""收敛阈值规则"": {""score"": 1.0, ""weight"": 0.4, ""reason"": ""已达到收敛标准(dE=1.63e-03<6e-03, rms=3.86e-03<7e-02)""}}",0.615
vasp-data-files/101011110000111110100101/OSZICAR,1,100,1,很可能收敛(得分=0.715)。详细: 能量收敛趋势规则: 能量变化呈轻微稳定趋势(trend_score=0.001); 电荷密度收敛趋势规则: 电荷密度残差呈轻微稳定趋势(trend_score=0.000); 震荡检测规则: 严重震荡(比例=0.62),,True,,0.0010793209075927734,6,100,True,"{""能量收敛趋势规则"": {""score"": 0.7, ""weight"": 0.25, ""reason"": ""能量变化呈轻微稳定趋势(trend_score=0.001)""}, ""电荷密度收敛趋势规则"": {""score"": 0.7, ""weight"": 0.2, ""reason"": ""电荷密度残差呈轻微稳定趋势(trend_score=0.000)""}, ""震荡检测规则"": {""score"": 0.0, ""weight"": 0.15, ""reason"": ""严重震荡(比例=0.62)""}, ""收敛阈值规则"": {""score"": 1.0, ""weight"": 0.4, ""reason"": ""已达到收敛标准(dE=3.84e-03<6e-03, rms=6.69e-03<7e-02)""}}",0.715
vasp-data-files/111110110101000101010101/OSZICAR,0,100,0,可能不收敛(得分=0.415)。详细: 能量收敛趋势规则: 能量变化趋势不明确(trend_score=-0.000); 电荷密度收敛趋势规则: 电荷密度残差趋势不明确(trend_score=-0.000); 震荡检测规则: 严重震荡(比例=0.50),,True,,0.0010921955108642578,4,100,True,"{""能量收敛趋势规则"": {""score"": 0.3, ""weight"": 0.25, ""reason"": ""能量变化趋势不明确(trend_score=-0.000)""}, ""电荷密度收敛趋势规则"": {""score"": 0.3, ""weight"": 0.2, ""reason"": ""电荷密度残差趋势不明确(trend_score=-0.000)""}, ""震荡检测规则"": {""score"": 0.0, ""weight"": 0.15, ""reason"": ""严重震荡(比例=0.50)""}, ""收敛阈值规则"": {""score"": 0.7, ""weight"": 0.4, ""reason"": ""电荷密度已收敛(rms=1.16e-02<7e-02)，但能量未收敛(dE=6.01e-03)""}}",0.415
vasp-data-files/100111001011101101101000/OSZICAR,0,100,0,可能不收敛(得分=0.495)。详细: 能量收敛趋势规则: 能量变化趋势不明确(trend_score=-0.000); 电荷密度收敛趋势规则: 电荷密度残差呈轻微稳定趋势(trend_score=0.000); 震荡检测规则: 严重震荡(比例=0.62),,True,,0.0010771751403808594,4,100,True,"{""能量收敛趋势规则"": {""score"": 0.3, ""weight"": 0.25, ""reason"": ""能量变化趋势不明确(trend_score=-0.000)""}, ""电荷密度收敛趋势规则"": {""score"": 0.7, ""weight"": 0.2, ""reason"": ""电荷密度残差呈轻微稳定趋势(trend_score=0.000)""}, ""震荡检测规则"": {""score"": 0.0, ""weight"": 0.15, ""reason"": ""严重震荡(比例=0.62)""}, ""收敛阈值规则"": {""score"": 0.7, ""weight"": 0.4, ""reason"": ""电荷密度已收敛(rms=1.89e-02<7e-02)，但能量未收敛(dE=5.82e-02)""}}",0.49499999999999994
vasp-data-files/101011110101111010011110/OSZICAR,1,100,1,可能收敛(得分=0.595)。详细: 能量收敛趋势规则: 能量变化呈轻微稳定趋势(trend_score=0.001); 电荷密度收敛趋势规则: 电荷密度残差呈轻微稳定趋势(trend_score=0.001); 震荡检测规则: 严重震荡(比例=0.62),,True,,0.001077890396118164,5,100,True,"{""能量收敛趋势规则"": {""score"": 0.7, ""weight"": 0.25, ""reason"": ""能量变化呈轻微稳定趋势(trend_score=0.001)""}, ""电荷密度收敛趋势规则"": {""score"": 0.7, ""weight"": 0.2, ""reason"": ""电荷密度残差呈轻微稳定趋势(trend_score=0.001)""}, ""震荡检测规则"": {""score"": 0.0, ""weight"": 0.15, ""reason"": ""严重震荡(比例=0.62)""}, ""收敛阈值规则"": {""score"": 0.7, ""weight"": 0.4, ""reason"": ""电荷密度已收敛(rms=1.67e-02<7e-02)，但能量未收敛(dE=6.68e-03)""}}",0.595
vasp-data-files/100101011111111001001100/OSZICAR,0,100,1,可能收敛(得分=0.535)。详细: 能量收敛趋势规则: 能量变化趋势不明确(trend_score=-0.000); 电荷密度收敛趋势规则: 电荷密度残差趋势不明确(trend_score=-0.000); 震荡检测规则: 严重震荡(比例=0.62),,True,,0.0010933876037597656,5,100,True,"{""能量收敛趋势规则"": {""score"": 0.3, ""weight"": 0.25, ""reason"": ""能量变化趋势不明确(trend_score=-0.000)""}, ""电荷密度收敛趋势规则"": {""score"": 0.3, ""weight"": 0.2, ""reason"": ""电荷密度残差趋势不明确(trend_score=-0.000)""}, ""震荡检测规则"": {""score"": 0.0, ""weight"": 0.15, ""reason"": ""严重震荡(比例=0.62)""}, ""收敛阈值规则"": {""score"": 1.0, ""weight"": 0.4, ""reason"": ""已达到收敛标准(dE=7.86e-04<6e-03, rms=1.58e-03<7e-02)""}}",0.535
vasp-data-files/101000010101000011010111/OSZICAR,0,100,1,可能收敛(得分=0.535)。详细: 能量收敛趋势规则: 能量变化趋势不明确(trend_score=-0.000); 电荷密度收敛趋势规则: 电荷密度残差趋势不明确(trend_score=-0.000); 震荡检测规则: 严重震荡(比例=0.62),,True,,0.0010595321655273438,5,100,True,"{""能量收敛趋势规则"": {""score"": 0.3, ""weight"": 0.25, ""reason"": ""能量变化趋势不明确(trend_score=-0.000)""}, ""电荷密度收敛趋势规则"": {""score"": 0.3, ""weight"": 0.2, ""reason"": ""电荷密度残差趋势不明确(trend_score=-0.000)""}, ""震荡检测规则"": {""score"": 0.0, ""weight"": 0.15, ""reason"": ""严重震荡(比例=0.62)""}, ""收敛阈值规则"": {""score"": 1.0, ""weight"": 0.4, ""reason"": ""已达到收敛标准(dE=3.19e-04<6e-03, rms=2.19e-03<7e-02)""}}",0.535
vasp-data-files/101010010100111110100100/OSZICAR,1,100,0,很可能不收敛(得分=0.260)。详细: 能量收敛趋势规则: 能量变化趋势不明确(trend_score=-0.021)，当前dE=1.76e-01较大; 电荷密度收敛趋势规则: 电荷密度残差呈轻微稳定趋势(trend_score=0.001); 震荡检测规则: 严重震荡(比例=0.62),,True,,0.0011005401611328125,2,100,True,"{""能量收敛趋势规则"": {""score"": 0.0, ""weight"": 0.25, ""reason"": ""能量变化趋势不明确(trend_score=-0.021)，当前dE=1.76e-01较大""}, ""电荷密度收敛趋势规则"": {""score"": 0.7, ""weight"": 0.2, ""reason"": ""电荷密度残差呈轻微稳定趋势(trend_score=0.001)""}, ""震荡检测规则"": {""score"": 0.0, ""weight"": 0.15, ""reason"": ""严重震荡(比例=0.62)""}, ""收敛阈值规则"": {""score"": 0.3, ""weight"": 0.4, ""reason"": ""均未达到收敛标准(dE=1.76e-01, rms=8.64e-02)""}}",0.26
vasp-data-files/100110010111000000110001/OSZICAR,0,100,1,可能收敛(得分=0.515)。详细: 能量收敛趋势规则: 能量变化呈轻微稳定趋势(trend_score=0.002); 电荷密度收敛趋势规则: 电荷密度残差趋势不明确(trend_score=-0.000); 震荡检测规则: 严重震荡(比例=0.62),,True,,0.0010936260223388672,5,100,True,"{""能量收敛趋势规则"": {""score"": 0.7, ""weight"": 0.25, ""reason"": ""能量变化呈轻微稳定趋势(trend_score=0.002)""}, ""电荷密度收敛趋势规则"": {""score"": 0.3, ""weight"": 0.2, ""reason"": ""电荷密度残差趋势不明确(trend_score=-0.000)""}, ""震荡检测规则"": {""score"": 0.0, ""weight"": 0.15, ""reason"": ""严重震荡(比例=0.62)""}, ""收敛阈值规则"": {""score"": 0.7, ""weight"": 0.4, ""reason"": ""电荷密度已收敛(rms=1.22e-02<7e-02)，但能量未收敛(dE=8.06e-03)""}}",0.5149999999999999
vasp-data-files/100111000001000011111011/OSZICAR,0,100,1,很可能收敛(得分=0.790)。详细: 能量收敛趋势规则: 能量变化呈轻微稳定趋势(trend_score=0.004); 电荷密度收敛趋势规则: 电荷密度残差呈轻微稳定趋势(trend_score=0.000); 震荡检测规则: 存在一定震荡(比例=0.38),,True,,0.0010585784912109375,7,100,True,"{""能量收敛趋势规则"": {""score"": 0.7, ""weight"": 0.25, ""reason"": ""能量变化呈轻微稳定趋势(trend_score=0.004)""}, ""电荷密度收敛趋势规则"": {""score"": 0.7, ""weight"": 0.2, ""reason"": ""电荷密度残差呈轻微稳定趋势(trend_score=0.000)""}, ""震荡检测规则"": {""score"": 0.5, ""weight"": 0.15, ""reason"": ""存在一定震荡(比例=0.38)""}, ""收敛阈值规则"": {""score"": 1.0, ""weight"": 0.4, ""reason"": ""已达到收敛标准(dE=3.21e-03<6e-03, rms=1.28e-02<7e-02)""}}",0.79
vasp-data-files/101110001101010111010001/OSZICAR,0,100,1,可能收敛(得分=0.535)。详细: 能量收敛趋势规则: 能量变化趋势不明确(trend_score=-0.001); 电荷密度收敛趋势规则: 电荷密度残差趋势不明确(trend_score=-0.001); 震荡检测规则: 严重震荡(比例=0.50),,True,,0.00110626220703125,5,100,True,"{""能量收敛趋势规则"": {""score"": 0.3, ""weight"": 0.25, ""reason"": ""能量变化趋势不明确(trend_score=-0.001)""}, ""电荷密度收敛趋势规则"": {""score"": 0.3, ""weight"": 0.2, ""reason"": ""电荷密度残差趋势不明确(trend_score=-0.001)""}, ""震荡检测规则"": {""score"": 0.0, ""weight"": 0.15, ""reason"": ""严重震荡(比例=0.50)""}, ""收敛阈值规则"": {""score"": 1.0, ""weight"": 0.4, ""reason"": ""已达到收敛标准(dE=4.85e-03<6e-03, rms=1.11e-02<7e-02)""}}",0.535
vasp-data-files/110100110101111101010001/OSZICAR,0,100,1,很可能收敛(得分=0.715)。详细: 能量收敛趋势规则: 能量变化呈轻微稳定趋势(trend_score=0.001); 电荷密度收敛趋势规则: 电荷密度残差呈轻微稳定趋势(trend_score=0.000); 震荡检测规则: 严重震荡(比例=0.88),,True,,0.0011043548583984375,6,100,True,"{""能量收敛趋势规则"": {""score"": 0.7, ""weight"": 0.25, ""reason"": ""能量变化呈轻微稳定趋势(trend_score=0.001)""}, ""电荷密度收敛趋势规则"": {""score"": 0.7, ""weight"": 0.2, ""reason"": ""电荷密度残差呈轻微稳定趋势(trend_score=0.000)""}, ""震荡检测规则"": {""score"": 0.0, ""weight"": 0.15, ""reason"": ""严重震荡(比例=0.88)""}, ""收敛阈值规则"": {""score"": 1.0, ""weight"": 0.4, ""reason"": ""已达到收敛标准(dE=1.81e-03<6e-03, rms=4.40e-03<7e-02)""}}",0.715
vasp-data-files/100110100011001101111000/OSZICAR,1,100,1,可能收敛(得分=0.535)。详细: 能量收敛趋势规则: 能量变化趋势不明确(trend_score=-0.000); 电荷密度收敛趋势规则: 电荷密度残差趋势不明确(trend_score=-0.000); 震荡检测规则: 严重震荡(比例=0.50),,True,,0.0010752677917480469,5,100,True,"{""能量收敛趋势规则"": {""score"": 0.3, ""weight"": 0.25, ""reason"": ""能量变化趋势不明确(trend_score=-0.000)""}, ""电荷密度收敛趋势规则"": {""score"": 0.3, ""weight"": 0.2, ""reason"": ""电荷密度残差趋势不明确(trend_score=-0.000)""}, ""震荡检测规则"": {""score"": 0.0, ""weight"": 0.15, ""reason"": ""严重震荡(比例=0.50)""}, ""收敛阈值规则"": {""score"": 1.0, ""weight"": 0.4, ""reason"": ""已达到收敛标准(dE=3.29e-04<6e-03, rms=2.85e-03<7e-02)""}}",0.535
vasp-data-files/100010110100110000110000/OSZICAR,0,100,0,可能不收敛(得分=0.415)。详细: 能量收敛趋势规则: 能量变化趋势不明确(trend_score=-0.000); 电荷密度收敛趋势规则: 电荷密度残差趋势不明确(trend_score=-0.001); 震荡检测规则: 严重震荡(比例=0.62),,True,,0.001096487045288086,4,100,True,"{""能量收敛趋势规则"": {""score"": 0.3, ""weight"": 0.25, ""reason"": ""能量变化趋势不明确(trend_score=-0.000)""}, ""电荷密度收敛趋势规则"": {""score"": 0.3, ""weight"": 0.2, ""reason"": ""电荷密度残差趋势不明确(trend_score=-0.001)""}, ""震荡检测规则"": {""score"": 0.0, ""weight"": 0.15, ""reason"": ""严重震荡(比例=0.62)""}, ""收敛阈值规则"": {""score"": 0.7, ""weight"": 0.4, ""reason"": ""电荷密度已收敛(rms=5.96e-02<7e-02)，但能量未收敛(dE=9.50e-02)""}}",0.415
vasp-data-files/101011000101010010111110/OSZICAR,0,100,0,可能不收敛(得分=0.495)。详细: 能量收敛趋势规则: 能量变化趋势不明确(trend_score=-0.000); 电荷密度收敛趋势规则: 电荷密度残差呈轻微稳定趋势(trend_score=0.000); 震荡检测规则: 严重震荡(比例=0.75),,True,,0.0010595321655273438,4,100,True,"{""能量收敛趋势规则"": {""score"": 0.3, ""weight"": 0.25, ""reason"": ""能量变化趋势不明确(trend_score=-0.000)""}, ""电荷密度收敛趋势规则"": {""score"": 0.7, ""weight"": 0.2, ""reason"": ""电荷密度残差呈轻微稳定趋势(trend_score=0.000)""}, ""震荡检测规则"": {""score"": 0.0, ""weight"": 0.15, ""reason"": ""严重震荡(比例=0.75)""}, ""收敛阈值规则"": {""score"": 0.7, ""weight"": 0.4, ""reason"": ""电荷密度已收敛(rms=1.57e-02<7e-02)，但能量未收敛(dE=3.14e-02)""}}",0.49499999999999994
vasp-data-files/110001110110000110011100/OSZICAR,0,100,0,很可能不收敛(得分=0.340)。详细: 能量收敛趋势规则: 能量变化趋势不明确(trend_score=-0.032)，当前dE=2.62e-01较大; 电荷密度收敛趋势规则: 电荷密度残差趋势不明确(trend_score=-0.001); 震荡检测规则: 严重震荡(比例=0.75),,True,,0.0010921955108642578,3,100,True,"{""能量收敛趋势规则"": {""score"": 0.0, ""weight"": 0.25, ""reason"": ""能量变化趋势不明确(trend_score=-0.032)，当前dE=2.62e-01较大""}, ""电荷密度收敛趋势规则"": {""score"": 0.3, ""weight"": 0.2, ""reason"": ""电荷密度残差趋势不明确(trend_score=-0.001)""}, ""震荡检测规则"": {""score"": 0.0, ""weight"": 0.15, ""reason"": ""严重震荡(比例=0.75)""}, ""收敛阈值规则"": {""score"": 0.7, ""weight"": 0.4, ""reason"": ""电荷密度已收敛(rms=5.83e-02<7e-02)，但能量未收敛(dE=2.62e-01)""}}",0.33999999999999997
vasp-data-files/100010001001111100101000/OSZICAR,1,100,1,可能收敛(得分=0.575)。详细: 能量收敛趋势规则: 能量变化趋势不明确(trend_score=-0.000); 电荷密度收敛趋势规则: 电荷密度残差趋势不明确(trend_score=-0.000)，当前rms=7.79e-04很小; 震荡检测规则: 严重震荡(比例=0.75),,True,,0.0010833740234375,5,100,True,"{""能量收敛趋势规则"": {""score"": 0.3, ""weight"": 0.25, ""reason"": ""能量变化趋势不明确(trend_score=-0.000)""}, ""电荷密度收敛趋势规则"": {""score"": 0.5, ""weight"": 0.2, ""reason"": ""电荷密度残差趋势不明确(trend_score=-0.000)，当前rms=7.79e-04很小""}, ""震荡检测规则"": {""score"": 0.0, ""weight"": 0.15, ""reason"": ""严重震荡(比例=0.75)""}, ""收敛阈值规则"": {""score"": 1.0, ""weight"": 0.4, ""reason"": ""已达到收敛标准(dE=5.00e-04<6e-03, rms=7.79e-04<7e-02)""}}",0.575
vasp-data-files/111111000110000110111010/OSZICAR,0,100,0,可能不收敛(得分=0.415)。详细: 能量收敛趋势规则: 能量变化趋势不明确(trend_score=-0.001); 电荷密度收敛趋势规则: 电荷密度残差趋势不明确(trend_score=-0.000); 震荡检测规则: 严重震荡(比例=0.75),,True,,0.0010533332824707031,4,100,True,"{""能量收敛趋势规则"": {""score"": 0.3, ""weight"": 0.25, ""reason"": ""能量变化趋势不明确(trend_score=-0.001)""}, ""电荷密度收敛趋势规则"": {""score"": 0.3, ""weight"": 0.2, ""reason"": ""电荷密度残差趋势不明确(trend_score=-0.000)""}, ""震荡检测规则"": {""score"": 0.0, ""weight"": 0.15, ""reason"": ""严重震荡(比例=0.75)""}, ""收敛阈值规则"": {""score"": 0.7, ""weight"": 0.4, ""reason"": ""电荷密度已收敛(rms=1.82e-02<7e-02)，但能量未收敛(dE=2.92e-02)""}}",0.415
vasp-data-files/100101000001000011011111/OSZICAR,1,100,1,可能收敛(得分=0.635)。详细: 能量收敛趋势规则: 能量变化呈轻微稳定趋势(trend_score=0.000); 电荷密度收敛趋势规则: 电荷密度残差趋势不明确(trend_score=-0.000); 震荡检测规则: 严重震荡(比例=0.50),,True,,0.0010831356048583984,6,100,True,"{""能量收敛趋势规则"": {""score"": 0.7, ""weight"": 0.25, ""reason"": ""能量变化呈轻微稳定趋势(trend_score=0.000)""}, ""电荷密度收敛趋势规则"": {""score"": 0.3, ""weight"": 0.2, ""reason"": ""电荷密度残差趋势不明确(trend_score=-0.000)""}, ""震荡检测规则"": {""score"": 0.0, ""weight"": 0.15, ""reason"": ""严重震荡(比例=0.50)""}, ""收敛阈值规则"": {""score"": 1.0, ""weight"": 0.4, ""reason"": ""已达到收敛标准(dE=2.80e-03<6e-03, rms=1.23e-02<7e-02)""}}",0.635
vasp-data-files/101001010111000011111111/OSZICAR,1,100,1,很可能收敛(得分=0.715)。详细: 能量收敛趋势规则: 能量变化呈轻微稳定趋势(trend_score=0.000); 电荷密度收敛趋势规则: 电荷密度残差呈轻微稳定趋势(trend_score=0.001); 震荡检测规则: 严重震荡(比例=0.75),,True,,0.0010838508605957031,6,100,True,"{""能量收敛趋势规则"": {""score"": 0.7, ""weight"": 0.25, ""reason"": ""能量变化呈轻微稳定趋势(trend_score=0.000)""}, ""电荷密度收敛趋势规则"": {""score"": 0.7, ""weight"": 0.2, ""reason"": ""电荷密度残差呈轻微稳定趋势(trend_score=0.001)""}, ""震荡检测规则"": {""score"": 0.0, ""weight"": 0.15, ""reason"": ""严重震荡(比例=0.75)""}, ""收敛阈值规则"": {""score"": 1.0, ""weight"": 0.4, ""reason"": ""已达到收敛标准(dE=2.51e-03<6e-03, rms=7.43e-03<7e-02)""}}",0.715
vasp-data-files/101010000111110111100101/OSZICAR,0,100,1,可能收敛(得分=0.595)。详细: 能量收敛趋势规则: 能量变化呈轻微稳定趋势(trend_score=0.001); 电荷密度收敛趋势规则: 电荷密度残差呈轻微稳定趋势(trend_score=0.004); 震荡检测规则: 严重震荡(比例=0.50),,True,,0.0010635852813720703,5,100,True,"{""能量收敛趋势规则"": {""score"": 0.7, ""weight"": 0.25, ""reason"": ""能量变化呈轻微稳定趋势(trend_score=0.001)""}, ""电荷密度收敛趋势规则"": {""score"": 0.7, ""weight"": 0.2, ""reason"": ""电荷密度残差呈轻微稳定趋势(trend_score=0.004)""}, ""震荡检测规则"": {""score"": 0.0, ""weight"": 0.15, ""reason"": ""严重震荡(比例=0.50)""}, ""收敛阈值规则"": {""score"": 0.7, ""weight"": 0.4, ""reason"": ""电荷密度已收敛(rms=4.87e-02<7e-02)，但能量未收敛(dE=3.16e-02)""}}",0.595
vasp-data-files/100010111000111100100000/OSZICAR,1,100,1,可能收敛(得分=0.615)。详细: 能量收敛趋势规则: 能量变化趋势不明确(trend_score=-0.000); 电荷密度收敛趋势规则: 电荷密度残差呈轻微稳定趋势(trend_score=0.000); 震荡检测规则: 严重震荡(比例=0.50),,True,,0.0010890960693359375,6,100,True,"{""能量收敛趋势规则"": {""score"": 0.3, ""weight"": 0.25, ""reason"": ""能量变化趋势不明确(trend_score=-0.000)""}, ""电荷密度收敛趋势规则"": {""score"": 0.7, ""weight"": 0.2, ""reason"": ""电荷密度残差呈轻微稳定趋势(trend_score=0.000)""}, ""震荡检测规则"": {""score"": 0.0, ""weight"": 0.15, ""reason"": ""严重震荡(比例=0.50)""}, ""收敛阈值规则"": {""score"": 1.0, ""weight"": 0.4, ""reason"": ""已达到收敛标准(dE=3.51e-04<6e-03, rms=2.31e-03<7e-02)""}}",0.615
vasp-data-files/100000001110110011111111/OSZICAR,1,100,1,很可能收敛(得分=0.805)。详细: 能量收敛趋势规则: 能量变化呈轻微稳定趋势(trend_score=0.000)，当前dE=2.37e-05很小; 电荷密度收敛趋势规则: 电荷密度残差呈轻微稳定趋势(trend_score=0.000)，当前rms=6.66e-04很小; 震荡检测规则: 严重震荡(比例=0.50),,True,,0.001081705093383789,7,100,True,"{""能量收敛趋势规则"": {""score"": 0.8999999999999999, ""weight"": 0.25, ""reason"": ""能量变化呈轻微稳定趋势(trend_score=0.000)，当前dE=2.37e-05很小""}, ""电荷密度收敛趋势规则"": {""score"": 0.8999999999999999, ""weight"": 0.2, ""reason"": ""电荷密度残差呈轻微稳定趋势(trend_score=0.000)，当前rms=6.66e-04很小""}, ""震荡检测规则"": {""score"": 0.0, ""weight"": 0.15, ""reason"": ""严重震荡(比例=0.50)""}, ""收敛阈值规则"": {""score"": 1.0, ""weight"": 0.4, ""reason"": ""已达到收敛标准(dE=2.37e-05<6e-03, rms=6.66e-04<7e-02)""}}",0.8049999999999999
vasp-data-files/110100000101010001010010/OSZICAR,0,100,0,可能不收敛(得分=0.490)。详细: 能量收敛趋势规则: 能量变化趋势不明确(trend_score=-0.017); 电荷密度收敛趋势规则: 电荷密度残差趋势不明确(trend_score=-0.004); 震荡检测规则: 存在一定震荡(比例=0.38),,True,,0.0010673999786376953,4,100,True,"{""能量收敛趋势规则"": {""score"": 0.3, ""weight"": 0.25, ""reason"": ""能量变化趋势不明确(trend_score=-0.017)""}, ""电荷密度收敛趋势规则"": {""score"": 0.3, ""weight"": 0.2, ""reason"": ""电荷密度残差趋势不明确(trend_score=-0.004)""}, ""震荡检测规则"": {""score"": 0.5, ""weight"": 0.15, ""reason"": ""存在一定震荡(比例=0.38)""}, ""收敛阈值规则"": {""score"": 0.7, ""weight"": 0.4, ""reason"": ""电荷密度已收敛(rms=2.64e-02<7e-02)，但能量未收敛(dE=7.14e-02)""}}",0.49
vasp-data-files/111101010100111110110000/OSZICAR,0,100,1,可能收敛(得分=0.535)。详细: 能量收敛趋势规则: 能量变化趋势不明确(trend_score=-0.000); 电荷密度收敛趋势规则: 电荷密度残差趋势不明确(trend_score=-0.000); 震荡检测规则: 严重震荡(比例=0.75),,True,,0.0011074542999267578,5,100,True,"{""能量收敛趋势规则"": {""score"": 0.3, ""weight"": 0.25, ""reason"": ""能量变化趋势不明确(trend_score=-0.000)""}, ""电荷密度收敛趋势规则"": {""score"": 0.3, ""weight"": 0.2, ""reason"": ""电荷密度残差趋势不明确(trend_score=-0.000)""}, ""震荡检测规则"": {""score"": 0.0, ""weight"": 0.15, ""reason"": ""严重震荡(比例=0.75)""}, ""收敛阈值规则"": {""score"": 1.0, ""weight"": 0.4, ""reason"": ""已达到收敛标准(dE=3.59e-03<6e-03, rms=7.18e-03<7e-02)""}}",0.535
vasp-data-files/100001110101100011010111/OSZICAR,0,100,0,可能不收敛(得分=0.495)。详细: 能量收敛趋势规则: 能量变化趋势不明确(trend_score=-0.003); 电荷密度收敛趋势规则: 电荷密度残差呈轻微稳定趋势(trend_score=0.000); 震荡检测规则: 严重震荡(比例=0.75),,True,,0.0010709762573242188,4,100,True,"{""能量收敛趋势规则"": {""score"": 0.3, ""weight"": 0.25, ""reason"": ""能量变化趋势不明确(trend_score=-0.003)""}, ""电荷密度收敛趋势规则"": {""score"": 0.7, ""weight"": 0.2, ""reason"": ""电荷密度残差呈轻微稳定趋势(trend_score=0.000)""}, ""震荡检测规则"": {""score"": 0.0, ""weight"": 0.15, ""reason"": ""严重震荡(比例=0.75)""}, ""收敛阈值规则"": {""score"": 0.7, ""weight"": 0.4, ""reason"": ""电荷密度已收敛(rms=1.64e-02<7e-02)，但能量未收敛(dE=4.33e-02)""}}",0.49499999999999994
vasp-data-files/100010110010001110111111/OSZICAR,1,100,0,可能不收敛(得分=0.415)。详细: 能量收敛趋势规则: 能量变化趋势不明确(trend_score=-0.002); 电荷密度收敛趋势规则: 电荷密度残差趋势不明确(trend_score=-0.002); 震荡检测规则: 严重震荡(比例=0.75),,True,,0.0010480880737304688,4,100,True,"{""能量收敛趋势规则"": {""score"": 0.3, ""weight"": 0.25, ""reason"": ""能量变化趋势不明确(trend_score=-0.002)""}, ""电荷密度收敛趋势规则"": {""score"": 0.3, ""weight"": 0.2, ""reason"": ""电荷密度残差趋势不明确(trend_score=-0.002)""}, ""震荡检测规则"": {""score"": 0.0, ""weight"": 0.15, ""reason"": ""严重震荡(比例=0.75)""}, ""收敛阈值规则"": {""score"": 0.7, ""weight"": 0.4, ""reason"": ""电荷密度已收敛(rms=2.68e-02<7e-02)，但能量未收敛(dE=5.13e-02)""}}",0.415
vasp-data-files/110100001000111000000001/OSZICAR,1,100,0,很可能不收敛(得分=0.340)。详细: 能量收敛趋势规则: 能量变化趋势不明确(trend_score=-0.031)，当前dE=2.31e-01较大; 电荷密度收敛趋势规则: 电荷密度残差趋势不明确(trend_score=-0.006); 震荡检测规则: 严重震荡(比例=0.62),,True,,0.001079559326171875,3,100,True,"{""能量收敛趋势规则"": {""score"": 0.0, ""weight"": 0.25, ""reason"": ""能量变化趋势不明确(trend_score=-0.031)，当前dE=2.31e-01较大""}, ""电荷密度收敛趋势规则"": {""score"": 0.3, ""weight"": 0.2, ""reason"": ""电荷密度残差趋势不明确(trend_score=-0.006)""}, ""震荡检测规则"": {""score"": 0.0, ""weight"": 0.15, ""reason"": ""严重震荡(比例=0.62)""}, ""收敛阈值规则"": {""score"": 0.7, ""weight"": 0.4, ""reason"": ""电荷密度已收敛(rms=3.33e-02<7e-02)，但能量未收敛(dE=2.31e-01)""}}",0.33999999999999997
vasp-data-files/110110101010110000110001/OSZICAR,0,100,1,可能收敛(得分=0.535)。详细: 能量收敛趋势规则: 能量变化趋势不明确(trend_score=-0.000); 电荷密度收敛趋势规则: 电荷密度残差趋势不明确(trend_score=-0.000); 震荡检测规则: 严重震荡(比例=0.62),,True,,0.0010712146759033203,5,100,True,"{""能量收敛趋势规则"": {""score"": 0.3, ""weight"": 0.25, ""reason"": ""能量变化趋势不明确(trend_score=-0.000)""}, ""电荷密度收敛趋势规则"": {""score"": 0.3, ""weight"": 0.2, ""reason"": ""电荷密度残差趋势不明确(trend_score=-0.000)""}, ""震荡检测规则"": {""score"": 0.0, ""weight"": 0.15, ""reason"": ""严重震荡(比例=0.62)""}, ""收敛阈值规则"": {""score"": 1.0, ""weight"": 0.4, ""reason"": ""已达到收敛标准(dE=3.46e-03<6e-03, rms=1.12e-02<7e-02)""}}",0.535
vasp-data-files/100010010011000001111110/OSZICAR,1,100,1,可能收敛(得分=0.615)。详细: 能量收敛趋势规则: 能量变化趋势不明确(trend_score=-0.000); 电荷密度收敛趋势规则: 电荷密度残差呈轻微稳定趋势(trend_score=0.000); 震荡检测规则: 严重震荡(比例=0.75),,True,,0.001079559326171875,6,100,True,"{""能量收敛趋势规则"": {""score"": 0.3, ""weight"": 0.25, ""reason"": ""能量变化趋势不明确(trend_score=-0.000)""}, ""电荷密度收敛趋势规则"": {""score"": 0.7, ""weight"": 0.2, ""reason"": ""电荷密度残差呈轻微稳定趋势(trend_score=0.000)""}, ""震荡检测规则"": {""score"": 0.0, ""weight"": 0.15, ""reason"": ""严重震荡(比例=0.75)""}, ""收敛阈值规则"": {""score"": 1.0, ""weight"": 0.4, ""reason"": ""已达到收敛标准(dE=7.08e-04<6e-03, rms=5.07e-03<7e-02)""}}",0.615
vasp-data-files/110110001010000111111001/OSZICAR,0,100,0,可能不收敛(得分=0.490)。详细: 能量收敛趋势规则: 能量变化趋势不明确(trend_score=-0.003); 电荷密度收敛趋势规则: 电荷密度残差趋势不明确(trend_score=-0.000); 震荡检测规则: 存在一定震荡(比例=0.38),,True,,0.001088857650756836,4,100,True,"{""能量收敛趋势规则"": {""score"": 0.3, ""weight"": 0.25, ""reason"": ""能量变化趋势不明确(trend_score=-0.003)""}, ""电荷密度收敛趋势规则"": {""score"": 0.3, ""weight"": 0.2, ""reason"": ""电荷密度残差趋势不明确(trend_score=-0.000)""}, ""震荡检测规则"": {""score"": 0.5, ""weight"": 0.15, ""reason"": ""存在一定震荡(比例=0.38)""}, ""收敛阈值规则"": {""score"": 0.7, ""weight"": 0.4, ""reason"": ""电荷密度已收敛(rms=5.75e-03<7e-02)，但能量未收敛(dE=1.47e-02)""}}",0.49
vasp-data-files/101001111110111111000001/OSZICAR,0,100,0,可能不收敛(得分=0.415)。详细: 能量收敛趋势规则: 能量变化趋势不明确(trend_score=-0.004); 电荷密度收敛趋势规则: 电荷密度残差趋势不明确(trend_score=-0.000); 震荡检测规则: 严重震荡(比例=0.62),,True,,0.0010614395141601562,4,100,True,"{""能量收敛趋势规则"": {""score"": 0.3, ""weight"": 0.25, ""reason"": ""能量变化趋势不明确(trend_score=-0.004)""}, ""电荷密度收敛趋势规则"": {""score"": 0.3, ""weight"": 0.2, ""reason"": ""电荷密度残差趋势不明确(trend_score=-0.000)""}, ""震荡检测规则"": {""score"": 0.0, ""weight"": 0.15, ""reason"": ""严重震荡(比例=0.62)""}, ""收敛阈值规则"": {""score"": 0.7, ""weight"": 0.4, ""reason"": ""电荷密度已收敛(rms=2.34e-02<7e-02)，但能量未收敛(dE=7.33e-02)""}}",0.415
vasp-data-files/101001010001000010111110/OSZICAR,1,100,1,很可能收敛(得分=0.715)。详细: 能量收敛趋势规则: 能量变化呈轻微稳定趋势(trend_score=0.000); 电荷密度收敛趋势规则: 电荷密度残差呈轻微稳定趋势(trend_score=0.001); 震荡检测规则: 严重震荡(比例=0.62),,True,,0.00109100341796875,6,100,True,"{""能量收敛趋势规则"": {""score"": 0.7, ""weight"": 0.25, ""reason"": ""能量变化呈轻微稳定趋势(trend_score=0.000)""}, ""电荷密度收敛趋势规则"": {""score"": 0.7, ""weight"": 0.2, ""reason"": ""电荷密度残差呈轻微稳定趋势(trend_score=0.001)""}, ""震荡检测规则"": {""score"": 0.0, ""weight"": 0.15, ""reason"": ""严重震荡(比例=0.62)""}, ""收敛阈值规则"": {""score"": 1.0, ""weight"": 0.4, ""reason"": ""已达到收敛标准(dE=1.91e-04<6e-03, rms=2.95e-03<7e-02)""}}",0.715
vasp-data-files/101001010101111110100101/OSZICAR,0,100,1,可能收敛(得分=0.615)。详细: 能量收敛趋势规则: 能量变化趋势不明确(trend_score=-0.000); 电荷密度收敛趋势规则: 电荷密度残差呈轻微稳定趋势(trend_score=0.000); 震荡检测规则: 严重震荡(比例=0.75),,True,,0.0010843276977539062,6,100,True,"{""能量收敛趋势规则"": {""score"": 0.3, ""weight"": 0.25, ""reason"": ""能量变化趋势不明确(trend_score=-0.000)""}, ""电荷密度收敛趋势规则"": {""score"": 0.7, ""weight"": 0.2, ""reason"": ""电荷密度残差呈轻微稳定趋势(trend_score=0.000)""}, ""震荡检测规则"": {""score"": 0.0, ""weight"": 0.15, ""reason"": ""严重震荡(比例=0.75)""}, ""收敛阈值规则"": {""score"": 1.0, ""weight"": 0.4, ""reason"": ""已达到收敛标准(dE=1.22e-03<6e-03, rms=2.85e-03<7e-02)""}}",0.615
vasp-data-files/110111001100011100101000/OSZICAR,0,100,1,可能收敛(得分=0.615)。详细: 能量收敛趋势规则: 能量变化趋势不明确(trend_score=-0.000); 电荷密度收敛趋势规则: 电荷密度残差呈轻微稳定趋势(trend_score=0.002); 震荡检测规则: 严重震荡(比例=0.62),,True,,0.001085042953491211,6,100,True,"{""能量收敛趋势规则"": {""score"": 0.3, ""weight"": 0.25, ""reason"": ""能量变化趋势不明确(trend_score=-0.000)""}, ""电荷密度收敛趋势规则"": {""score"": 0.7, ""weight"": 0.2, ""reason"": ""电荷密度残差呈轻微稳定趋势(trend_score=0.002)""}, ""震荡检测规则"": {""score"": 0.0, ""weight"": 0.15, ""reason"": ""严重震荡(比例=0.62)""}, ""收敛阈值规则"": {""score"": 1.0, ""weight"": 0.4, ""reason"": ""已达到收敛标准(dE=9.66e-04<6e-03, rms=2.00e-03<7e-02)""}}",0.615
vasp-data-files/111101001101111100100000/OSZICAR,1,100,1,可能收敛(得分=0.535)。详细: 能量收敛趋势规则: 能量变化趋势不明确(trend_score=-0.000); 电荷密度收敛趋势规则: 电荷密度残差趋势不明确(trend_score=-0.000); 震荡检测规则: 严重震荡(比例=0.75),,True,,0.001085519790649414,5,100,True,"{""能量收敛趋势规则"": {""score"": 0.3, ""weight"": 0.25, ""reason"": ""能量变化趋势不明确(trend_score=-0.000)""}, ""电荷密度收敛趋势规则"": {""score"": 0.3, ""weight"": 0.2, ""reason"": ""电荷密度残差趋势不明确(trend_score=-0.000)""}, ""震荡检测规则"": {""score"": 0.0, ""weight"": 0.15, ""reason"": ""严重震荡(比例=0.75)""}, ""收敛阈值规则"": {""score"": 1.0, ""weight"": 0.4, ""reason"": ""已达到收敛标准(dE=8.67e-04<6e-03, rms=3.28e-03<7e-02)""}}",0.535
vasp-data-files/110100001110001101111001/OSZICAR,1,100,1,很可能收敛(得分=0.715)。详细: 能量收敛趋势规则: 能量变化呈轻微稳定趋势(trend_score=0.000); 电荷密度收敛趋势规则: 电荷密度残差呈轻微稳定趋势(trend_score=0.000); 震荡检测规则: 严重震荡(比例=0.62),,True,,0.0010743141174316406,6,100,True,"{""能量收敛趋势规则"": {""score"": 0.7, ""weight"": 0.25, ""reason"": ""能量变化呈轻微稳定趋势(trend_score=0.000)""}, ""电荷密度收敛趋势规则"": {""score"": 0.7, ""weight"": 0.2, ""reason"": ""电荷密度残差呈轻微稳定趋势(trend_score=0.000)""}, ""震荡检测规则"": {""score"": 0.0, ""weight"": 0.15, ""reason"": ""严重震荡(比例=0.62)""}, ""收敛阈值规则"": {""score"": 1.0, ""weight"": 0.4, ""reason"": ""已达到收敛标准(dE=1.33e-03<6e-03, rms=1.88e-02<7e-02)""}}",0.715
vasp-data-files/101001011100111100100000/OSZICAR,1,100,1,可能收敛(得分=0.535)。详细: 能量收敛趋势规则: 能量变化趋势不明确(trend_score=-0.000); 电荷密度收敛趋势规则: 电荷密度残差趋势不明确(trend_score=-0.000); 震荡检测规则: 严重震荡(比例=0.50),,True,,0.0010890960693359375,5,100,True,"{""能量收敛趋势规则"": {""score"": 0.3, ""weight"": 0.25, ""reason"": ""能量变化趋势不明确(trend_score=-0.000)""}, ""电荷密度收敛趋势规则"": {""score"": 0.3, ""weight"": 0.2, ""reason"": ""电荷密度残差趋势不明确(trend_score=-0.000)""}, ""震荡检测规则"": {""score"": 0.0, ""weight"": 0.15, ""reason"": ""严重震荡(比例=0.50)""}, ""收敛阈值规则"": {""score"": 1.0, ""weight"": 0.4, ""reason"": ""已达到收敛标准(dE=1.55e-04<6e-03, rms=2.18e-03<7e-02)""}}",0.535
vasp-data-files/110101111100111101010011/OSZICAR,0,100,0,很可能不收敛(得分=0.340)。详细: 能量收敛趋势规则: 能量变化呈上升趋势，可能发散(trend_score=-0.044)，当前dE=1.78e-01较大; 电荷密度收敛趋势规则: 电荷密度残差趋势不明确(trend_score=-0.003); 震荡检测规则: 严重震荡(比例=0.50),,True,,0.001102447509765625,3,100,True,"{""能量收敛趋势规则"": {""score"": 0.0, ""weight"": 0.25, ""reason"": ""能量变化呈上升趋势，可能发散(trend_score=-0.044)，当前dE=1.78e-01较大""}, ""电荷密度收敛趋势规则"": {""score"": 0.3, ""weight"": 0.2, ""reason"": ""电荷密度残差趋势不明确(trend_score=-0.003)""}, ""震荡检测规则"": {""score"": 0.0, ""weight"": 0.15, ""reason"": ""严重震荡(比例=0.50)""}, ""收敛阈值规则"": {""score"": 0.7, ""weight"": 0.4, ""reason"": ""电荷密度已收敛(rms=3.18e-02<7e-02)，但能量未收敛(dE=1.78e-01)""}}",0.33999999999999997
vasp-data-files/111100011110000110000001/OSZICAR,0,100,0,很可能不收敛(得分=0.295)。详细: 能量收敛趋势规则: 能量变化呈轻微下降趋势(trend_score=0.015); 电荷密度收敛趋势规则: 电荷密度残差趋势不明确(trend_score=-0.000)，当前rms=1.01e-01较大; 震荡检测规则: 严重震荡(比例=0.62),,True,,0.001077413558959961,3,100,True,"{""能量收敛趋势规则"": {""score"": 0.7, ""weight"": 0.25, ""reason"": ""能量变化呈轻微下降趋势(trend_score=0.015)""}, ""电荷密度收敛趋势规则"": {""score"": 0.0, ""weight"": 0.2, ""reason"": ""电荷密度残差趋势不明确(trend_score=-0.000)，当前rms=1.01e-01较大""}, ""震荡检测规则"": {""score"": 0.0, ""weight"": 0.15, ""reason"": ""严重震荡(比例=0.62)""}, ""收敛阈值规则"": {""score"": 0.3, ""weight"": 0.4, ""reason"": ""均未达到收敛标准(dE=7.11e-02, rms=1.01e-01)""}}",0.295
vasp-data-files/101001010101110011100111/OSZICAR,0,100,1,可能收敛(得分=0.515)。详细: 能量收敛趋势规则: 能量变化呈轻微稳定趋势(trend_score=0.000); 电荷密度收敛趋势规则: 电荷密度残差趋势不明确(trend_score=-0.000); 震荡检测规则: 严重震荡(比例=0.62),,True,,0.0010540485382080078,5,100,True,"{""能量收敛趋势规则"": {""score"": 0.7, ""weight"": 0.25, ""reason"": ""能量变化呈轻微稳定趋势(trend_score=0.000)""}, ""电荷密度收敛趋势规则"": {""score"": 0.3, ""weight"": 0.2, ""reason"": ""电荷密度残差趋势不明确(trend_score=-0.000)""}, ""震荡检测规则"": {""score"": 0.0, ""weight"": 0.15, ""reason"": ""严重震荡(比例=0.62)""}, ""收敛阈值规则"": {""score"": 0.7, ""weight"": 0.4, ""reason"": ""电荷密度已收敛(rms=1.17e-02<7e-02)，但能量未收敛(dE=1.26e-02)""}}",0.5149999999999999
vasp-data-files/101101110001000000000110/OSZICAR,0,100,0,可能不收敛(得分=0.415)。详细: 能量收敛趋势规则: 能量变化趋势不明确(trend_score=-0.001); 电荷密度收敛趋势规则: 电荷密度残差趋势不明确(trend_score=-0.000); 震荡检测规则: 严重震荡(比例=0.50),,True,,0.0010876655578613281,4,100,True,"{""能量收敛趋势规则"": {""score"": 0.3, ""weight"": 0.25, ""reason"": ""能量变化趋势不明确(trend_score=-0.001)""}, ""电荷密度收敛趋势规则"": {""score"": 0.3, ""weight"": 0.2, ""reason"": ""电荷密度残差趋势不明确(trend_score=-0.000)""}, ""震荡检测规则"": {""score"": 0.0, ""weight"": 0.15, ""reason"": ""严重震荡(比例=0.50)""}, ""收敛阈值规则"": {""score"": 0.7, ""weight"": 0.4, ""reason"": ""电荷密度已收敛(rms=2.34e-02<7e-02)，但能量未收敛(dE=3.36e-02)""}}",0.415
vasp-data-files/111101000001110000101000/OSZICAR,0,100,1,很可能收敛(得分=0.715)。详细: 能量收敛趋势规则: 能量变化呈轻微稳定趋势(trend_score=0.000); 电荷密度收敛趋势规则: 电荷密度残差呈轻微稳定趋势(trend_score=0.000); 震荡检测规则: 严重震荡(比例=0.50),,True,,0.0011014938354492188,6,100,True,"{""能量收敛趋势规则"": {""score"": 0.7, ""weight"": 0.25, ""reason"": ""能量变化呈轻微稳定趋势(trend_score=0.000)""}, ""电荷密度收敛趋势规则"": {""score"": 0.7, ""weight"": 0.2, ""reason"": ""电荷密度残差呈轻微稳定趋势(trend_score=0.000)""}, ""震荡检测规则"": {""score"": 0.0, ""weight"": 0.15, ""reason"": ""严重震荡(比例=0.50)""}, ""收敛阈值规则"": {""score"": 1.0, ""weight"": 0.4, ""reason"": ""已达到收敛标准(dE=6.04e-04<6e-03, rms=3.37e-03<7e-02)""}}",0.715
vasp-data-files/111100100000110111110001/OSZICAR,1,100,1,很可能收敛(得分=0.715)。详细: 能量收敛趋势规则: 能量变化呈轻微稳定趋势(trend_score=0.000); 电荷密度收敛趋势规则: 电荷密度残差呈轻微稳定趋势(trend_score=0.000); 震荡检测规则: 严重震荡(比例=0.88),,True,,0.0010783672332763672,6,100,True,"{""能量收敛趋势规则"": {""score"": 0.7, ""weight"": 0.25, ""reason"": ""能量变化呈轻微稳定趋势(trend_score=0.000)""}, ""电荷密度收敛趋势规则"": {""score"": 0.7, ""weight"": 0.2, ""reason"": ""电荷密度残差呈轻微稳定趋势(trend_score=0.000)""}, ""震荡检测规则"": {""score"": 0.0, ""weight"": 0.15, ""reason"": ""严重震荡(比例=0.88)""}, ""收敛阈值规则"": {""score"": 1.0, ""weight"": 0.4, ""reason"": ""已达到收敛标准(dE=2.25e-04<6e-03, rms=1.88e-03<7e-02)""}}",0.715
vasp-data-files/110110000111000011111111/OSZICAR,1,100,0,可能不收敛(得分=0.495)。详细: 能量收敛趋势规则: 能量变化趋势不明确(trend_score=-0.000); 电荷密度收敛趋势规则: 电荷密度残差呈轻微稳定趋势(trend_score=0.000); 震荡检测规则: 严重震荡(比例=0.62),,True,,0.0010895729064941406,4,100,True,"{""能量收敛趋势规则"": {""score"": 0.3, ""weight"": 0.25, ""reason"": ""能量变化趋势不明确(trend_score=-0.000)""}, ""电荷密度收敛趋势规则"": {""score"": 0.7, ""weight"": 0.2, ""reason"": ""电荷密度残差呈轻微稳定趋势(trend_score=0.000)""}, ""震荡检测规则"": {""score"": 0.0, ""weight"": 0.15, ""reason"": ""严重震荡(比例=0.62)""}, ""收敛阈值规则"": {""score"": 0.7, ""weight"": 0.4, ""reason"": ""电荷密度已收敛(rms=1.07e-02<7e-02)，但能量未收敛(dE=7.44e-03)""}}",0.49499999999999994
vasp-data-files/100011010011000001101110/OSZICAR,0,100,1,可能收敛(得分=0.595)。详细: 能量收敛趋势规则: 能量变化呈轻微稳定趋势(trend_score=0.001); 电荷密度收敛趋势规则: 电荷密度残差呈轻微下降趋势(trend_score=0.013); 震荡检测规则: 严重震荡(比例=0.62),,True,,0.0010678768157958984,5,100,True,"{""能量收敛趋势规则"": {""score"": 0.7, ""weight"": 0.25, ""reason"": ""能量变化呈轻微稳定趋势(trend_score=0.001)""}, ""电荷密度收敛趋势规则"": {""score"": 0.7, ""weight"": 0.2, ""reason"": ""电荷密度残差呈轻微下降趋势(trend_score=0.013)""}, ""震荡检测规则"": {""score"": 0.0, ""weight"": 0.15, ""reason"": ""严重震荡(比例=0.62)""}, ""收敛阈值规则"": {""score"": 0.7, ""weight"": 0.4, ""reason"": ""电荷密度已收敛(rms=4.59e-02<7e-02)，但能量未收敛(dE=3.40e-02)""}}",0.595
vasp-data-files/100110101010000101011001/OSZICAR,1,100,1,可能收敛(得分=0.535)。详细: 能量收敛趋势规则: 能量变化趋势不明确(trend_score=-0.000); 电荷密度收敛趋势规则: 电荷密度残差趋势不明确(trend_score=-0.000); 震荡检测规则: 严重震荡(比例=0.75),,True,,0.0010914802551269531,5,100,True,"{""能量收敛趋势规则"": {""score"": 0.3, ""weight"": 0.25, ""reason"": ""能量变化趋势不明确(trend_score=-0.000)""}, ""电荷密度收敛趋势规则"": {""score"": 0.3, ""weight"": 0.2, ""reason"": ""电荷密度残差趋势不明确(trend_score=-0.000)""}, ""震荡检测规则"": {""score"": 0.0, ""weight"": 0.15, ""reason"": ""严重震荡(比例=0.75)""}, ""收敛阈值规则"": {""score"": 1.0, ""weight"": 0.4, ""reason"": ""已达到收敛标准(dE=4.30e-04<6e-03, rms=5.13e-03<7e-02)""}}",0.535
vasp-data-files/110010010011000001111101/OSZICAR,0,100,1,很可能收敛(得分=0.715)。详细: 能量收敛趋势规则: 能量变化呈轻微稳定趋势(trend_score=0.000); 电荷密度收敛趋势规则: 电荷密度残差呈轻微稳定趋势(trend_score=0.000); 震荡检测规则: 严重震荡(比例=0.62),,True,,0.00109100341796875,6,100,True,"{""能量收敛趋势规则"": {""score"": 0.7, ""weight"": 0.25, ""reason"": ""能量变化呈轻微稳定趋势(trend_score=0.000)""}, ""电荷密度收敛趋势规则"": {""score"": 0.7, ""weight"": 0.2, ""reason"": ""电荷密度残差呈轻微稳定趋势(trend_score=0.000)""}, ""震荡检测规则"": {""score"": 0.0, ""weight"": 0.15, ""reason"": ""严重震荡(比例=0.62)""}, ""收敛阈值规则"": {""score"": 1.0, ""weight"": 0.4, ""reason"": ""已达到收敛标准(dE=4.75e-04<6e-03, rms=3.94e-03<7e-02)""}}",0.715
vasp-data-files/100000011111111011000100/OSZICAR,0,100,1,可能收敛(得分=0.535)。详细: 能量收敛趋势规则: 能量变化趋势不明确(trend_score=-0.000); 电荷密度收敛趋势规则: 电荷密度残差趋势不明确(trend_score=-0.000); 震荡检测规则: 严重震荡(比例=0.62),,True,,0.0010557174682617188,5,100,True,"{""能量收敛趋势规则"": {""score"": 0.3, ""weight"": 0.25, ""reason"": ""能量变化趋势不明确(trend_score=-0.000)""}, ""电荷密度收敛趋势规则"": {""score"": 0.3, ""weight"": 0.2, ""reason"": ""电荷密度残差趋势不明确(trend_score=-0.000)""}, ""震荡检测规则"": {""score"": 0.0, ""weight"": 0.15, ""reason"": ""严重震荡(比例=0.62)""}, ""收敛阈值规则"": {""score"": 1.0, ""weight"": 0.4, ""reason"": ""已达到收敛标准(dE=5.63e-03<6e-03, rms=6.35e-03<7e-02)""}}",0.535
vasp-data-files/101001011101100011010111/OSZICAR,1,100,1,可能收敛(得分=0.625)。详细: 能量收敛趋势规则: 能量变化趋势不明确(trend_score=-0.000)，当前dE=1.46e-05很小; 电荷密度收敛趋势规则: 电荷密度残差趋势不明确(trend_score=-0.000)，当前rms=7.96e-04很小; 震荡检测规则: 严重震荡(比例=0.50),,True,,0.0010988712310791016,6,100,True,"{""能量收敛趋势规则"": {""score"": 0.5, ""weight"": 0.25, ""reason"": ""能量变化趋势不明确(trend_score=-0.000)，当前dE=1.46e-05很小""}, ""电荷密度收敛趋势规则"": {""score"": 0.5, ""weight"": 0.2, ""reason"": ""电荷密度残差趋势不明确(trend_score=-0.000)，当前rms=7.96e-04很小""}, ""震荡检测规则"": {""score"": 0.0, ""weight"": 0.15, ""reason"": ""严重震荡(比例=0.50)""}, ""收敛阈值规则"": {""score"": 1.0, ""weight"": 0.4, ""reason"": ""已达到收敛标准(dE=1.46e-05<6e-03, rms=7.96e-04<7e-02)""}}",0.625
vasp-data-files/101101000101000011011111/OSZICAR,0,100,0,可能不收敛(得分=0.415)。详细: 能量收敛趋势规则: 能量变化趋势不明确(trend_score=-0.002); 电荷密度收敛趋势规则: 电荷密度残差趋势不明确(trend_score=-0.000); 震荡检测规则: 严重震荡(比例=0.62),,True,,0.0010833740234375,4,100,True,"{""能量收敛趋势规则"": {""score"": 0.3, ""weight"": 0.25, ""reason"": ""能量变化趋势不明确(trend_score=-0.002)""}, ""电荷密度收敛趋势规则"": {""score"": 0.3, ""weight"": 0.2, ""reason"": ""电荷密度残差趋势不明确(trend_score=-0.000)""}, ""震荡检测规则"": {""score"": 0.0, ""weight"": 0.15, ""reason"": ""严重震荡(比例=0.62)""}, ""收敛阈值规则"": {""score"": 0.7, ""weight"": 0.4, ""reason"": ""电荷密度已收敛(rms=1.77e-02<7e-02)，但能量未收敛(dE=2.51e-02)""}}",0.415
vasp-data-files/110100010111000101000001/OSZICAR,0,100,1,可能收敛(得分=0.595)。详细: 能量收敛趋势规则: 能量变化呈轻微稳定趋势(trend_score=0.002); 电荷密度收敛趋势规则: 电荷密度残差呈轻微稳定趋势(trend_score=0.004); 震荡检测规则: 严重震荡(比例=0.88),,True,,0.0010597705841064453,5,100,True,"{""能量收敛趋势规则"": {""score"": 0.7, ""weight"": 0.25, ""reason"": ""能量变化呈轻微稳定趋势(trend_score=0.002)""}, ""电荷密度收敛趋势规则"": {""score"": 0.7, ""weight"": 0.2, ""reason"": ""电荷密度残差呈轻微稳定趋势(trend_score=0.004)""}, ""震荡检测规则"": {""score"": 0.0, ""weight"": 0.15, ""reason"": ""严重震荡(比例=0.88)""}, ""收敛阈值规则"": {""score"": 0.7, ""weight"": 0.4, ""reason"": ""电荷密度已收敛(rms=8.34e-03<7e-02)，但能量未收敛(dE=8.66e-03)""}}",0.595
vasp-data-files/100110010111000001110001/OSZICAR,1,100,1,很可能收敛(得分=0.715)。详细: 能量收敛趋势规则: 能量变化呈轻微稳定趋势(trend_score=0.000); 电荷密度收敛趋势规则: 电荷密度残差呈轻微稳定趋势(trend_score=0.000); 震荡检测规则: 严重震荡(比例=0.62),,True,,0.0010974407196044922,6,100,True,"{""能量收敛趋势规则"": {""score"": 0.7, ""weight"": 0.25, ""reason"": ""能量变化呈轻微稳定趋势(trend_score=0.000)""}, ""电荷密度收敛趋势规则"": {""score"": 0.7, ""weight"": 0.2, ""reason"": ""电荷密度残差呈轻微稳定趋势(trend_score=0.000)""}, ""震荡检测规则"": {""score"": 0.0, ""weight"": 0.15, ""reason"": ""严重震荡(比例=0.62)""}, ""收敛阈值规则"": {""score"": 1.0, ""weight"": 0.4, ""reason"": ""已达到收敛标准(dE=1.38e-04<6e-03, rms=2.55e-03<7e-02)""}}",0.715
vasp-data-files/111111010001011000100000/OSZICAR,1,100,1,很可能收敛(得分=0.715)。详细: 能量收敛趋势规则: 能量变化呈轻微稳定趋势(trend_score=0.000); 电荷密度收敛趋势规则: 电荷密度残差呈轻微稳定趋势(trend_score=0.000); 震荡检测规则: 严重震荡(比例=0.75),,True,,0.0010612010955810547,6,100,True,"{""能量收敛趋势规则"": {""score"": 0.7, ""weight"": 0.25, ""reason"": ""能量变化呈轻微稳定趋势(trend_score=0.000)""}, ""电荷密度收敛趋势规则"": {""score"": 0.7, ""weight"": 0.2, ""reason"": ""电荷密度残差呈轻微稳定趋势(trend_score=0.000)""}, ""震荡检测规则"": {""score"": 0.0, ""weight"": 0.15, ""reason"": ""严重震荡(比例=0.75)""}, ""收敛阈值规则"": {""score"": 1.0, ""weight"": 0.4, ""reason"": ""已达到收敛标准(dE=3.16e-04<6e-03, rms=5.02e-03<7e-02)""}}",0.715
vasp-data-files/111110001100110001101110/OSZICAR,1,100,1,可能收敛(得分=0.595)。详细: 能量收敛趋势规则: 能量变化呈轻微稳定趋势(trend_score=0.002); 电荷密度收敛趋势规则: 电荷密度残差呈轻微稳定趋势(trend_score=0.000); 震荡检测规则: 严重震荡(比例=0.50),,True,,0.0010426044464111328,5,100,True,"{""能量收敛趋势规则"": {""score"": 0.7, ""weight"": 0.25, ""reason"": ""能量变化呈轻微稳定趋势(trend_score=0.002)""}, ""电荷密度收敛趋势规则"": {""score"": 0.7, ""weight"": 0.2, ""reason"": ""电荷密度残差呈轻微稳定趋势(trend_score=0.000)""}, ""震荡检测规则"": {""score"": 0.0, ""weight"": 0.15, ""reason"": ""严重震荡(比例=0.50)""}, ""收敛阈值规则"": {""score"": 0.7, ""weight"": 0.4, ""reason"": ""电荷密度已收敛(rms=2.34e-02<7e-02)，但能量未收敛(dE=8.67e-03)""}}",0.595
vasp-data-files/100001110100101101010001/OSZICAR,1,100,0,很可能不收敛(得分=0.340)。详细: 能量收敛趋势规则: 能量变化呈上升趋势，可能发散(trend_score=-0.045)，当前dE=2.38e-01较大; 电荷密度收敛趋势规则: 电荷密度残差趋势不明确(trend_score=-0.004); 震荡检测规则: 严重震荡(比例=0.50),,True,,0.001081705093383789,3,100,True,"{""能量收敛趋势规则"": {""score"": 0.0, ""weight"": 0.25, ""reason"": ""能量变化呈上升趋势，可能发散(trend_score=-0.045)，当前dE=2.38e-01较大""}, ""电荷密度收敛趋势规则"": {""score"": 0.3, ""weight"": 0.2, ""reason"": ""电荷密度残差趋势不明确(trend_score=-0.004)""}, ""震荡检测规则"": {""score"": 0.0, ""weight"": 0.15, ""reason"": ""严重震荡(比例=0.50)""}, ""收敛阈值规则"": {""score"": 0.7, ""weight"": 0.4, ""reason"": ""电荷密度已收敛(rms=4.86e-02<7e-02)，但能量未收敛(dE=2.38e-01)""}}",0.33999999999999997
vasp-data-files/111100001101110010101000/OSZICAR,1,100,1,很可能收敛(得分=0.715)。详细: 能量收敛趋势规则: 能量变化呈轻微稳定趋势(trend_score=0.000); 电荷密度收敛趋势规则: 电荷密度残差呈轻微稳定趋势(trend_score=0.001); 震荡检测规则: 严重震荡(比例=0.50),,True,,0.0010561943054199219,6,100,True,"{""能量收敛趋势规则"": {""score"": 0.7, ""weight"": 0.25, ""reason"": ""能量变化呈轻微稳定趋势(trend_score=0.000)""}, ""电荷密度收敛趋势规则"": {""score"": 0.7, ""weight"": 0.2, ""reason"": ""电荷密度残差呈轻微稳定趋势(trend_score=0.001)""}, ""震荡检测规则"": {""score"": 0.0, ""weight"": 0.15, ""reason"": ""严重震荡(比例=0.50)""}, ""收敛阈值规则"": {""score"": 1.0, ""weight"": 0.4, ""reason"": ""已达到收敛标准(dE=5.63e-04<6e-03, rms=3.35e-03<7e-02)""}}",0.715
vasp-data-files/101101000100111010000000/OSZICAR,1,100,1,可能收敛(得分=0.535)。详细: 能量收敛趋势规则: 能量变化趋势不明确(trend_score=-0.000); 电荷密度收敛趋势规则: 电荷密度残差趋势不明确(trend_score=-0.001); 震荡检测规则: 严重震荡(比例=1.00),,True,,0.0010886192321777344,5,100,True,"{""能量收敛趋势规则"": {""score"": 0.3, ""weight"": 0.25, ""reason"": ""能量变化趋势不明确(trend_score=-0.000)""}, ""电荷密度收敛趋势规则"": {""score"": 0.3, ""weight"": 0.2, ""reason"": ""电荷密度残差趋势不明确(trend_score=-0.001)""}, ""震荡检测规则"": {""score"": 0.0, ""weight"": 0.15, ""reason"": ""严重震荡(比例=1.00)""}, ""收敛阈值规则"": {""score"": 1.0, ""weight"": 0.4, ""reason"": ""已达到收敛标准(dE=2.60e-03<6e-03, rms=7.00e-03<7e-02)""}}",0.535
vasp-data-files/101001010000111010100110/OSZICAR,1,100,1,很可能收敛(得分=0.705)。详细: 能量收敛趋势规则: 能量变化趋势不明确(trend_score=-0.000)，当前dE=3.46e-05很小; 电荷密度收敛趋势规则: 电荷密度残差呈轻微稳定趋势(trend_score=0.000)，当前rms=8.48e-04很小; 震荡检测规则: 严重震荡(比例=0.50),,True,,0.0010905265808105469,6,100,True,"{""能量收敛趋势规则"": {""score"": 0.5, ""weight"": 0.25, ""reason"": ""能量变化趋势不明确(trend_score=-0.000)，当前dE=3.46e-05很小""}, ""电荷密度收敛趋势规则"": {""score"": 0.8999999999999999, ""weight"": 0.2, ""reason"": ""电荷密度残差呈轻微稳定趋势(trend_score=0.000)，当前rms=8.48e-04很小""}, ""震荡检测规则"": {""score"": 0.0, ""weight"": 0.15, ""reason"": ""严重震荡(比例=0.50)""}, ""收敛阈值规则"": {""score"": 1.0, ""weight"": 0.4, ""reason"": ""已达到收敛标准(dE=3.46e-05<6e-03, rms=8.48e-04<7e-02)""}}",0.7050000000000001
vasp-data-files/111010001100011101110110/OSZICAR,1,100,1,很可能收敛(得分=0.715)。详细: 能量收敛趋势规则: 能量变化呈轻微稳定趋势(trend_score=0.000); 电荷密度收敛趋势规则: 电荷密度残差呈轻微稳定趋势(trend_score=0.000); 震荡检测规则: 严重震荡(比例=0.75),,True,,0.0010623931884765625,6,100,True,"{""能量收敛趋势规则"": {""score"": 0.7, ""weight"": 0.25, ""reason"": ""能量变化呈轻微稳定趋势(trend_score=0.000)""}, ""电荷密度收敛趋势规则"": {""score"": 0.7, ""weight"": 0.2, ""reason"": ""电荷密度残差呈轻微稳定趋势(trend_score=0.000)""}, ""震荡检测规则"": {""score"": 0.0, ""weight"": 0.15, ""reason"": ""严重震荡(比例=0.75)""}, ""收敛阈值规则"": {""score"": 1.0, ""weight"": 0.4, ""reason"": ""已达到收敛标准(dE=3.16e-04<6e-03, rms=2.82e-03<7e-02)""}}",0.715
vasp-data-files/111101000101110000101100/OSZICAR,1,100,1,很可能收敛(得分=0.715)。详细: 能量收敛趋势规则: 能量变化呈轻微稳定趋势(trend_score=0.000); 电荷密度收敛趋势规则: 电荷密度残差呈轻微稳定趋势(trend_score=0.000); 震荡检测规则: 严重震荡(比例=0.88),,True,,0.0010988712310791016,6,100,True,"{""能量收敛趋势规则"": {""score"": 0.7, ""weight"": 0.25, ""reason"": ""能量变化呈轻微稳定趋势(trend_score=0.000)""}, ""电荷密度收敛趋势规则"": {""score"": 0.7, ""weight"": 0.2, ""reason"": ""电荷密度残差呈轻微稳定趋势(trend_score=0.000)""}, ""震荡检测规则"": {""score"": 0.0, ""weight"": 0.15, ""reason"": ""严重震荡(比例=0.88)""}, ""收敛阈值规则"": {""score"": 1.0, ""weight"": 0.4, ""reason"": ""已达到收敛标准(dE=3.17e-04<6e-03, rms=1.21e-03<7e-02)""}}",0.715
vasp-data-files/100100001111001001011101/OSZICAR,1,100,1,很可能收敛(得分=0.705)。详细: 能量收敛趋势规则: 能量变化趋势不明确(trend_score=-0.000)，当前dE=2.16e-05很小; 电荷密度收敛趋势规则: 电荷密度残差呈轻微稳定趋势(trend_score=0.000)，当前rms=8.61e-04很小; 震荡检测规则: 严重震荡(比例=0.50),,True,,0.0010950565338134766,6,100,True,"{""能量收敛趋势规则"": {""score"": 0.5, ""weight"": 0.25, ""reason"": ""能量变化趋势不明确(trend_score=-0.000)，当前dE=2.16e-05很小""}, ""电荷密度收敛趋势规则"": {""score"": 0.8999999999999999, ""weight"": 0.2, ""reason"": ""电荷密度残差呈轻微稳定趋势(trend_score=0.000)，当前rms=8.61e-04很小""}, ""震荡检测规则"": {""score"": 0.0, ""weight"": 0.15, ""reason"": ""严重震荡(比例=0.50)""}, ""收敛阈值规则"": {""score"": 1.0, ""weight"": 0.4, ""reason"": ""已达到收敛标准(dE=2.16e-05<6e-03, rms=8.61e-04<7e-02)""}}",0.7050000000000001
vasp-data-files/100100010101110010111100/OSZICAR,0,100,1,可能收敛(得分=0.535)。详细: 能量收敛趋势规则: 能量变化趋势不明确(trend_score=-0.000); 电荷密度收敛趋势规则: 电荷密度残差趋势不明确(trend_score=-0.001); 震荡检测规则: 严重震荡(比例=0.50),,True,,0.0010645389556884766,5,100,True,"{""能量收敛趋势规则"": {""score"": 0.3, ""weight"": 0.25, ""reason"": ""能量变化趋势不明确(trend_score=-0.000)""}, ""电荷密度收敛趋势规则"": {""score"": 0.3, ""weight"": 0.2, ""reason"": ""电荷密度残差趋势不明确(trend_score=-0.001)""}, ""震荡检测规则"": {""score"": 0.0, ""weight"": 0.15, ""reason"": ""严重震荡(比例=0.50)""}, ""收敛阈值规则"": {""score"": 1.0, ""weight"": 0.4, ""reason"": ""已达到收敛标准(dE=3.82e-03<6e-03, rms=7.48e-03<7e-02)""}}",0.535
vasp-data-files/111001111011000001110101/OSZICAR,1,100,1,很可能收敛(得分=0.715)。详细: 能量收敛趋势规则: 能量变化呈轻微稳定趋势(trend_score=0.000); 电荷密度收敛趋势规则: 电荷密度残差呈轻微稳定趋势(trend_score=0.002); 震荡检测规则: 严重震荡(比例=0.88),,True,,0.001100301742553711,6,100,True,"{""能量收敛趋势规则"": {""score"": 0.7, ""weight"": 0.25, ""reason"": ""能量变化呈轻微稳定趋势(trend_score=0.000)""}, ""电荷密度收敛趋势规则"": {""score"": 0.7, ""weight"": 0.2, ""reason"": ""电荷密度残差呈轻微稳定趋势(trend_score=0.002)""}, ""震荡检测规则"": {""score"": 0.0, ""weight"": 0.15, ""reason"": ""严重震荡(比例=0.88)""}, ""收敛阈值规则"": {""score"": 1.0, ""weight"": 0.4, ""reason"": ""已达到收敛标准(dE=3.26e-04<6e-03, rms=7.97e-03<7e-02)""}}",0.715
vasp-data-files/100100001110000101111111/OSZICAR,0,100,0,可能不收敛(得分=0.495)。详细: 能量收敛趋势规则: 能量变化趋势不明确(trend_score=-0.002); 电荷密度收敛趋势规则: 电荷密度残差呈轻微稳定趋势(trend_score=0.000); 震荡检测规则: 严重震荡(比例=0.75),,True,,0.0010724067687988281,4,100,True,"{""能量收敛趋势规则"": {""score"": 0.3, ""weight"": 0.25, ""reason"": ""能量变化趋势不明确(trend_score=-0.002)""}, ""电荷密度收敛趋势规则"": {""score"": 0.7, ""weight"": 0.2, ""reason"": ""电荷密度残差呈轻微稳定趋势(trend_score=0.000)""}, ""震荡检测规则"": {""score"": 0.0, ""weight"": 0.15, ""reason"": ""严重震荡(比例=0.75)""}, ""收敛阈值规则"": {""score"": 0.7, ""weight"": 0.4, ""reason"": ""电荷密度已收敛(rms=1.69e-02<7e-02)，但能量未收敛(dE=1.71e-02)""}}",0.49499999999999994
vasp-data-files/101100010110111010000011/OSZICAR,1,100,0,可能不收敛(得分=0.415)。详细: 能量收敛趋势规则: 能量变化趋势不明确(trend_score=-0.001); 电荷密度收敛趋势规则: 电荷密度残差趋势不明确(trend_score=-0.000); 震荡检测规则: 严重震荡(比例=0.62),,True,,0.0010509490966796875,4,100,True,"{""能量收敛趋势规则"": {""score"": 0.3, ""weight"": 0.25, ""reason"": ""能量变化趋势不明确(trend_score=-0.001)""}, ""电荷密度收敛趋势规则"": {""score"": 0.3, ""weight"": 0.2, ""reason"": ""电荷密度残差趋势不明确(trend_score=-0.000)""}, ""震荡检测规则"": {""score"": 0.0, ""weight"": 0.15, ""reason"": ""严重震荡(比例=0.62)""}, ""收敛阈值规则"": {""score"": 0.7, ""weight"": 0.4, ""reason"": ""电荷密度已收敛(rms=5.73e-03<7e-02)，但能量未收敛(dE=6.06e-03)""}}",0.415
vasp-data-files/101111100100111011100011/OSZICAR,1,100,1,可能收敛(得分=0.635)。详细: 能量收敛趋势规则: 能量变化呈轻微稳定趋势(trend_score=0.000); 电荷密度收敛趋势规则: 电荷密度残差趋势不明确(trend_score=-0.000); 震荡检测规则: 严重震荡(比例=0.88),,True,,0.001100778579711914,6,100,True,"{""能量收敛趋势规则"": {""score"": 0.7, ""weight"": 0.25, ""reason"": ""能量变化呈轻微稳定趋势(trend_score=0.000)""}, ""电荷密度收敛趋势规则"": {""score"": 0.3, ""weight"": 0.2, ""reason"": ""电荷密度残差趋势不明确(trend_score=-0.000)""}, ""震荡检测规则"": {""score"": 0.0, ""weight"": 0.15, ""reason"": ""严重震荡(比例=0.88)""}, ""收敛阈值规则"": {""score"": 1.0, ""weight"": 0.4, ""reason"": ""已达到收敛标准(dE=1.93e-03<6e-03, rms=8.13e-03<7e-02)""}}",0.635
vasp-data-files/101111001011100011100001/OSZICAR,1,100,1,可能收敛(得分=0.535)。详细: 能量收敛趋势规则: 能量变化趋势不明确(trend_score=-0.000); 电荷密度收敛趋势规则: 电荷密度残差趋势不明确(trend_score=-0.000); 震荡检测规则: 严重震荡(比例=0.62),,True,,0.0010783672332763672,5,100,True,"{""能量收敛趋势规则"": {""score"": 0.3, ""weight"": 0.25, ""reason"": ""能量变化趋势不明确(trend_score=-0.000)""}, ""电荷密度收敛趋势规则"": {""score"": 0.3, ""weight"": 0.2, ""reason"": ""电荷密度残差趋势不明确(trend_score=-0.000)""}, ""震荡检测规则"": {""score"": 0.0, ""weight"": 0.15, ""reason"": ""严重震荡(比例=0.62)""}, ""收敛阈值规则"": {""score"": 1.0, ""weight"": 0.4, ""reason"": ""已达到收敛标准(dE=4.55e-03<6e-03, rms=8.54e-03<7e-02)""}}",0.535
vasp-data-files/100010010101100100100000/OSZICAR,0,100,0,很可能不收敛(得分=0.280)。详细: 能量收敛趋势规则: 能量变化呈轻微稳定趋势(trend_score=0.000)，当前dE=5.47e-01较大; 电荷密度收敛趋势规则: 电荷密度残差趋势不明确(trend_score=-0.002); 震荡检测规则: 严重震荡(比例=0.88),,True,,0.0010807514190673828,3,100,True,"{""能量收敛趋势规则"": {""score"": 0.39999999999999997, ""weight"": 0.25, ""reason"": ""能量变化呈轻微稳定趋势(trend_score=0.000)，当前dE=5.47e-01较大""}, ""电荷密度收敛趋势规则"": {""score"": 0.3, ""weight"": 0.2, ""reason"": ""电荷密度残差趋势不明确(trend_score=-0.002)""}, ""震荡检测规则"": {""score"": 0.0, ""weight"": 0.15, ""reason"": ""严重震荡(比例=0.88)""}, ""收敛阈值规则"": {""score"": 0.3, ""weight"": 0.4, ""reason"": ""均未达到收敛标准(dE=5.47e-01, rms=9.36e-02)""}}",0.27999999999999997
vasp-data-files/110110101001100101011011/OSZICAR,1,100,1,很可能收敛(得分=0.765)。详细: 能量收敛趋势规则: 能量变化呈轻微稳定趋势(trend_score=0.000)，当前dE=6.19e-05很小; 电荷密度收敛趋势规则: 电荷密度残差呈轻微稳定趋势(trend_score=0.000); 震荡检测规则: 严重震荡(比例=0.50),,True,,0.0010714530944824219,7,100,True,"{""能量收敛趋势规则"": {""score"": 0.8999999999999999, ""weight"": 0.25, ""reason"": ""能量变化呈轻微稳定趋势(trend_score=0.000)，当前dE=6.19e-05很小""}, ""电荷密度收敛趋势规则"": {""score"": 0.7, ""weight"": 0.2, ""reason"": ""电荷密度残差呈轻微稳定趋势(trend_score=0.000)""}, ""震荡检测规则"": {""score"": 0.0, ""weight"": 0.15, ""reason"": ""严重震荡(比例=0.50)""}, ""收敛阈值规则"": {""score"": 1.0, ""weight"": 0.4, ""reason"": ""已达到收敛标准(dE=6.19e-05<6e-03, rms=1.25e-03<7e-02)""}}",0.765
vasp-data-files/110010101011000001111111/OSZICAR,0,100,1,可能收敛(得分=0.535)。详细: 能量收敛趋势规则: 能量变化趋势不明确(trend_score=-0.000); 电荷密度收敛趋势规则: 电荷密度残差趋势不明确(trend_score=-0.000); 震荡检测规则: 严重震荡(比例=0.62),,True,,0.00106048583984375,5,100,True,"{""能量收敛趋势规则"": {""score"": 0.3, ""weight"": 0.25, ""reason"": ""能量变化趋势不明确(trend_score=-0.000)""}, ""电荷密度收敛趋势规则"": {""score"": 0.3, ""weight"": 0.2, ""reason"": ""电荷密度残差趋势不明确(trend_score=-0.000)""}, ""震荡检测规则"": {""score"": 0.0, ""weight"": 0.15, ""reason"": ""严重震荡(比例=0.62)""}, ""收敛阈值规则"": {""score"": 1.0, ""weight"": 0.4, ""reason"": ""已达到收敛标准(dE=1.45e-03<6e-03, rms=6.04e-03<7e-02)""}}",0.535
vasp-data-files/111110101111000011110101/OSZICAR,0,100,1,可能收敛(得分=0.635)。详细: 能量收敛趋势规则: 能量变化呈轻微稳定趋势(trend_score=0.000); 电荷密度收敛趋势规则: 电荷密度残差趋势不明确(trend_score=-0.000); 震荡检测规则: 严重震荡(比例=0.50),,True,,0.0010838508605957031,6,100,True,"{""能量收敛趋势规则"": {""score"": 0.7, ""weight"": 0.25, ""reason"": ""能量变化呈轻微稳定趋势(trend_score=0.000)""}, ""电荷密度收敛趋势规则"": {""score"": 0.3, ""weight"": 0.2, ""reason"": ""电荷密度残差趋势不明确(trend_score=-0.000)""}, ""震荡检测规则"": {""score"": 0.0, ""weight"": 0.15, ""reason"": ""严重震荡(比例=0.50)""}, ""收敛阈值规则"": {""score"": 1.0, ""weight"": 0.4, ""reason"": ""已达到收敛标准(dE=7.98e-04<6e-03, rms=4.98e-03<7e-02)""}}",0.635
vasp-data-files/100110001111000001111111/OSZICAR,1,100,1,很可能收敛(得分=0.705)。详细: 能量收敛趋势规则: 能量变化趋势不明确(trend_score=-0.000)，当前dE=6.59e-05很小; 电荷密度收敛趋势规则: 电荷密度残差呈轻微稳定趋势(trend_score=0.000)，当前rms=9.75e-04很小; 震荡检测规则: 严重震荡(比例=0.50),,True,,0.0010852813720703125,6,100,True,"{""能量收敛趋势规则"": {""score"": 0.5, ""weight"": 0.25, ""reason"": ""能量变化趋势不明确(trend_score=-0.000)，当前dE=6.59e-05很小""}, ""电荷密度收敛趋势规则"": {""score"": 0.8999999999999999, ""weight"": 0.2, ""reason"": ""电荷密度残差呈轻微稳定趋势(trend_score=0.000)，当前rms=9.75e-04很小""}, ""震荡检测规则"": {""score"": 0.0, ""weight"": 0.15, ""reason"": ""严重震荡(比例=0.50)""}, ""收敛阈值规则"": {""score"": 1.0, ""weight"": 0.4, ""reason"": ""已达到收敛标准(dE=6.59e-05<6e-03, rms=9.75e-04<7e-02)""}}",0.7050000000000001
vasp-data-files/100000111001001001011111/OSZICAR,1,100,1,可能收敛(得分=0.610)。详细: 能量收敛趋势规则: 能量变化趋势不明确(trend_score=-0.000); 电荷密度收敛趋势规则: 电荷密度残差趋势不明确(trend_score=-0.000); 震荡检测规则: 存在一定震荡(比例=0.25),,True,,0.001050710678100586,5,100,True,"{""能量收敛趋势规则"": {""score"": 0.3, ""weight"": 0.25, ""reason"": ""能量变化趋势不明确(trend_score=-0.000)""}, ""电荷密度收敛趋势规则"": {""score"": 0.3, ""weight"": 0.2, ""reason"": ""电荷密度残差趋势不明确(trend_score=-0.000)""}, ""震荡检测规则"": {""score"": 0.5, ""weight"": 0.15, ""reason"": ""存在一定震荡(比例=0.25)""}, ""收敛阈值规则"": {""score"": 1.0, ""weight"": 0.4, ""reason"": ""已达到收敛标准(dE=1.57e-03<6e-03, rms=5.13e-03<7e-02)""}}",0.6100000000000001
vasp-data-files/111110010100111110100100/OSZICAR,1,100,1,可能收敛(得分=0.635)。详细: 能量收敛趋势规则: 能量变化呈轻微稳定趋势(trend_score=0.000); 电荷密度收敛趋势规则: 电荷密度残差趋势不明确(trend_score=-0.000); 震荡检测规则: 严重震荡(比例=0.62),,True,,0.0010983943939208984,6,100,True,"{""能量收敛趋势规则"": {""score"": 0.7, ""weight"": 0.25, ""reason"": ""能量变化呈轻微稳定趋势(trend_score=0.000)""}, ""电荷密度收敛趋势规则"": {""score"": 0.3, ""weight"": 0.2, ""reason"": ""电荷密度残差趋势不明确(trend_score=-0.000)""}, ""震荡检测规则"": {""score"": 0.0, ""weight"": 0.15, ""reason"": ""严重震荡(比例=0.62)""}, ""收敛阈值规则"": {""score"": 1.0, ""weight"": 0.4, ""reason"": ""已达到收敛标准(dE=4.65e-04<6e-03, rms=4.85e-03<7e-02)""}}",0.635
vasp-data-files/111100001100111100100000/OSZICAR,0,100,1,很可能收敛(得分=0.790)。详细: 能量收敛趋势规则: 能量变化呈轻微稳定趋势(trend_score=0.000); 电荷密度收敛趋势规则: 电荷密度残差呈轻微稳定趋势(trend_score=0.000); 震荡检测规则: 存在一定震荡(比例=0.38),,True,,0.0010840892791748047,7,100,True,"{""能量收敛趋势规则"": {""score"": 0.7, ""weight"": 0.25, ""reason"": ""能量变化呈轻微稳定趋势(trend_score=0.000)""}, ""电荷密度收敛趋势规则"": {""score"": 0.7, ""weight"": 0.2, ""reason"": ""电荷密度残差呈轻微稳定趋势(trend_score=0.000)""}, ""震荡检测规则"": {""score"": 0.5, ""weight"": 0.15, ""reason"": ""存在一定震荡(比例=0.38)""}, ""收敛阈值规则"": {""score"": 1.0, ""weight"": 0.4, ""reason"": ""已达到收敛标准(dE=7.28e-04<6e-03, rms=4.04e-03<7e-02)""}}",0.79
vasp-data-files/110100001111100001000011/OSZICAR,0,100,0,可能不收敛(得分=0.415)。详细: 能量收敛趋势规则: 能量变化趋势不明确(trend_score=-0.000); 电荷密度收敛趋势规则: 电荷密度残差趋势不明确(trend_score=-0.001); 震荡检测规则: 严重震荡(比例=0.62),,True,,0.0010647773742675781,4,100,True,"{""能量收敛趋势规则"": {""score"": 0.3, ""weight"": 0.25, ""reason"": ""能量变化趋势不明确(trend_score=-0.000)""}, ""电荷密度收敛趋势规则"": {""score"": 0.3, ""weight"": 0.2, ""reason"": ""电荷密度残差趋势不明确(trend_score=-0.001)""}, ""震荡检测规则"": {""score"": 0.0, ""weight"": 0.15, ""reason"": ""严重震荡(比例=0.62)""}, ""收敛阈值规则"": {""score"": 0.7, ""weight"": 0.4, ""reason"": ""能量已收敛(dE=2.36e-03<6e-03)，但电荷密度未收敛(rms=7.78e-02)""}}",0.415
vasp-data-files/110010111011101011000111/OSZICAR,1,100,1,很可能收敛(得分=0.715)。详细: 能量收敛趋势规则: 能量变化呈轻微稳定趋势(trend_score=0.000); 电荷密度收敛趋势规则: 电荷密度残差呈轻微稳定趋势(trend_score=0.000); 震荡检测规则: 严重震荡(比例=0.75),,True,,0.001085519790649414,6,100,True,"{""能量收敛趋势规则"": {""score"": 0.7, ""weight"": 0.25, ""reason"": ""能量变化呈轻微稳定趋势(trend_score=0.000)""}, ""电荷密度收敛趋势规则"": {""score"": 0.7, ""weight"": 0.2, ""reason"": ""电荷密度残差呈轻微稳定趋势(trend_score=0.000)""}, ""震荡检测规则"": {""score"": 0.0, ""weight"": 0.15, ""reason"": ""严重震荡(比例=0.75)""}, ""收敛阈值规则"": {""score"": 1.0, ""weight"": 0.4, ""reason"": ""已达到收敛标准(dE=1.21e-04<6e-03, rms=1.21e-03<7e-02)""}}",0.715
vasp-data-files/111110000101011000101000/OSZICAR,1,100,1,可能收敛(得分=0.535)。详细: 能量收敛趋势规则: 能量变化趋势不明确(trend_score=-0.000); 电荷密度收敛趋势规则: 电荷密度残差趋势不明确(trend_score=-0.001); 震荡检测规则: 严重震荡(比例=0.62),,True,,0.0010762214660644531,5,100,True,"{""能量收敛趋势规则"": {""score"": 0.3, ""weight"": 0.25, ""reason"": ""能量变化趋势不明确(trend_score=-0.000)""}, ""电荷密度收敛趋势规则"": {""score"": 0.3, ""weight"": 0.2, ""reason"": ""电荷密度残差趋势不明确(trend_score=-0.001)""}, ""震荡检测规则"": {""score"": 0.0, ""weight"": 0.15, ""reason"": ""严重震荡(比例=0.62)""}, ""收敛阈值规则"": {""score"": 1.0, ""weight"": 0.4, ""reason"": ""已达到收敛标准(dE=9.45e-04<6e-03, rms=5.13e-03<7e-02)""}}",0.535
vasp-data-files/111101000101111111100100/OSZICAR,0,100,0,可能不收敛(得分=0.415)。详细: 能量收敛趋势规则: 能量变化趋势不明确(trend_score=-0.002); 电荷密度收敛趋势规则: 电荷密度残差趋势不明确(trend_score=-0.001); 震荡检测规则: 严重震荡(比例=0.62),,True,,0.0010581016540527344,4,100,True,"{""能量收敛趋势规则"": {""score"": 0.3, ""weight"": 0.25, ""reason"": ""能量变化趋势不明确(trend_score=-0.002)""}, ""电荷密度收敛趋势规则"": {""score"": 0.3, ""weight"": 0.2, ""reason"": ""电荷密度残差趋势不明确(trend_score=-0.001)""}, ""震荡检测规则"": {""score"": 0.0, ""weight"": 0.15, ""reason"": ""严重震荡(比例=0.62)""}, ""收敛阈值规则"": {""score"": 0.7, ""weight"": 0.4, ""reason"": ""电荷密度已收敛(rms=3.39e-02<7e-02)，但能量未收敛(dE=2.95e-02)""}}",0.415
vasp-data-files/111110001011100010101001/OSZICAR,0,100,0,可能不收敛(得分=0.415)。详细: 能量收敛趋势规则: 能量变化趋势不明确(trend_score=-0.000); 电荷密度收敛趋势规则: 电荷密度残差趋势不明确(trend_score=-0.009); 震荡检测规则: 严重震荡(比例=0.75),,True,,0.0011010169982910156,4,100,True,"{""能量收敛趋势规则"": {""score"": 0.3, ""weight"": 0.25, ""reason"": ""能量变化趋势不明确(trend_score=-0.000)""}, ""电荷密度收敛趋势规则"": {""score"": 0.3, ""weight"": 0.2, ""reason"": ""电荷密度残差趋势不明确(trend_score=-0.009)""}, ""震荡检测规则"": {""score"": 0.0, ""weight"": 0.15, ""reason"": ""严重震荡(比例=0.75)""}, ""收敛阈值规则"": {""score"": 0.7, ""weight"": 0.4, ""reason"": ""能量已收敛(dE=4.90e-03<6e-03)，但电荷密度未收敛(rms=7.41e-02)""}}",0.415
vasp-data-files/110100101111001001011101/OSZICAR,0,100,1,可能收敛(得分=0.535)。详细: 能量收敛趋势规则: 能量变化趋势不明确(trend_score=-0.000); 电荷密度收敛趋势规则: 电荷密度残差趋势不明确(trend_score=-0.000); 震荡检测规则: 严重震荡(比例=0.50),,True,,0.0010819435119628906,5,100,True,"{""能量收敛趋势规则"": {""score"": 0.3, ""weight"": 0.25, ""reason"": ""能量变化趋势不明确(trend_score=-0.000)""}, ""电荷密度收敛趋势规则"": {""score"": 0.3, ""weight"": 0.2, ""reason"": ""电荷密度残差趋势不明确(trend_score=-0.000)""}, ""震荡检测规则"": {""score"": 0.0, ""weight"": 0.15, ""reason"": ""严重震荡(比例=0.50)""}, ""收敛阈值规则"": {""score"": 1.0, ""weight"": 0.4, ""reason"": ""已达到收敛标准(dE=2.95e-04<6e-03, rms=2.63e-03<7e-02)""}}",0.535
vasp-data-files/110110101000001110101011/OSZICAR,1,100,1,可能收敛(得分=0.615)。详细: 能量收敛趋势规则: 能量变化趋势不明确(trend_score=-0.001); 电荷密度收敛趋势规则: 电荷密度残差呈轻微稳定趋势(trend_score=0.000); 震荡检测规则: 严重震荡(比例=0.75),,True,,0.0010833740234375,6,100,True,"{""能量收敛趋势规则"": {""score"": 0.3, ""weight"": 0.25, ""reason"": ""能量变化趋势不明确(trend_score=-0.001)""}, ""电荷密度收敛趋势规则"": {""score"": 0.7, ""weight"": 0.2, ""reason"": ""电荷密度残差呈轻微稳定趋势(trend_score=0.000)""}, ""震荡检测规则"": {""score"": 0.0, ""weight"": 0.15, ""reason"": ""严重震荡(比例=0.75)""}, ""收敛阈值规则"": {""score"": 1.0, ""weight"": 0.4, ""reason"": ""已达到收敛标准(dE=5.09e-03<6e-03, rms=2.98e-03<7e-02)""}}",0.615
vasp-data-files/111110001010000110111001/OSZICAR,0,100,1,可能收敛(得分=0.595)。详细: 能量收敛趋势规则: 能量变化呈轻微稳定趋势(trend_score=0.002); 电荷密度收敛趋势规则: 电荷密度残差呈轻微稳定趋势(trend_score=0.001); 震荡检测规则: 严重震荡(比例=0.75),,True,,0.0010762214660644531,5,100,True,"{""能量收敛趋势规则"": {""score"": 0.7, ""weight"": 0.25, ""reason"": ""能量变化呈轻微稳定趋势(trend_score=0.002)""}, ""电荷密度收敛趋势规则"": {""score"": 0.7, ""weight"": 0.2, ""reason"": ""电荷密度残差呈轻微稳定趋势(trend_score=0.001)""}, ""震荡检测规则"": {""score"": 0.0, ""weight"": 0.15, ""reason"": ""严重震荡(比例=0.75)""}, ""收敛阈值规则"": {""score"": 0.7, ""weight"": 0.4, ""reason"": ""电荷密度已收敛(rms=1.54e-02<7e-02)，但能量未收敛(dE=1.26e-02)""}}",0.595
vasp-data-files/111110001001010010110001/OSZICAR,1,100,1,可能收敛(得分=0.535)。详细: 能量收敛趋势规则: 能量变化趋势不明确(trend_score=-0.000); 电荷密度收敛趋势规则: 电荷密度残差趋势不明确(trend_score=-0.000); 震荡检测规则: 严重震荡(比例=0.50),,True,,0.0010578632354736328,5,100,True,"{""能量收敛趋势规则"": {""score"": 0.3, ""weight"": 0.25, ""reason"": ""能量变化趋势不明确(trend_score=-0.000)""}, ""电荷密度收敛趋势规则"": {""score"": 0.3, ""weight"": 0.2, ""reason"": ""电荷密度残差趋势不明确(trend_score=-0.000)""}, ""震荡检测规则"": {""score"": 0.0, ""weight"": 0.15, ""reason"": ""严重震荡(比例=0.50)""}, ""收敛阈值规则"": {""score"": 1.0, ""weight"": 0.4, ""reason"": ""已达到收敛标准(dE=2.65e-03<6e-03, rms=4.80e-03<7e-02)""}}",0.535
vasp-data-files/101011111000111010100111/OSZICAR,1,100,1,很可能收敛(得分=0.715)。详细: 能量收敛趋势规则: 能量变化呈轻微稳定趋势(trend_score=0.000); 电荷密度收敛趋势规则: 电荷密度残差呈轻微稳定趋势(trend_score=0.000); 震荡检测规则: 严重震荡(比例=0.50),,True,,0.0010857582092285156,6,100,True,"{""能量收敛趋势规则"": {""score"": 0.7, ""weight"": 0.25, ""reason"": ""能量变化呈轻微稳定趋势(trend_score=0.000)""}, ""电荷密度收敛趋势规则"": {""score"": 0.7, ""weight"": 0.2, ""reason"": ""电荷密度残差呈轻微稳定趋势(trend_score=0.000)""}, ""震荡检测规则"": {""score"": 0.0, ""weight"": 0.15, ""reason"": ""严重震荡(比例=0.50)""}, ""收敛阈值规则"": {""score"": 1.0, ""weight"": 0.4, ""reason"": ""已达到收敛标准(dE=1.40e-04<6e-03, rms=3.31e-03<7e-02)""}}",0.715
vasp-data-files/101100000000101101100001/OSZICAR,1,100,1,可能收敛(得分=0.515)。详细: 能量收敛趋势规则: 能量变化呈轻微稳定趋势(trend_score=0.000); 电荷密度收敛趋势规则: 电荷密度残差趋势不明确(trend_score=-0.000); 震荡检测规则: 严重震荡(比例=0.88),,True,,0.0010972023010253906,5,100,True,"{""能量收敛趋势规则"": {""score"": 0.7, ""weight"": 0.25, ""reason"": ""能量变化呈轻微稳定趋势(trend_score=0.000)""}, ""电荷密度收敛趋势规则"": {""score"": 0.3, ""weight"": 0.2, ""reason"": ""电荷密度残差趋势不明确(trend_score=-0.000)""}, ""震荡检测规则"": {""score"": 0.0, ""weight"": 0.15, ""reason"": ""严重震荡(比例=0.88)""}, ""收敛阈值规则"": {""score"": 0.7, ""weight"": 0.4, ""reason"": ""电荷密度已收敛(rms=3.40e-02<7e-02)，但能量未收敛(dE=3.04e-02)""}}",0.5149999999999999
vasp-data-files/100010001011000001111111/OSZICAR,1,100,1,可能收敛(得分=0.635)。详细: 能量收敛趋势规则: 能量变化呈轻微稳定趋势(trend_score=0.000); 电荷密度收敛趋势规则: 电荷密度残差趋势不明确(trend_score=-0.000); 震荡检测规则: 严重震荡(比例=0.50),,True,,0.0010428428649902344,6,100,True,"{""能量收敛趋势规则"": {""score"": 0.7, ""weight"": 0.25, ""reason"": ""能量变化呈轻微稳定趋势(trend_score=0.000)""}, ""电荷密度收敛趋势规则"": {""score"": 0.3, ""weight"": 0.2, ""reason"": ""电荷密度残差趋势不明确(trend_score=-0.000)""}, ""震荡检测规则"": {""score"": 0.0, ""weight"": 0.15, ""reason"": ""严重震荡(比例=0.50)""}, ""收敛阈值规则"": {""score"": 1.0, ""weight"": 0.4, ""reason"": ""已达到收敛标准(dE=1.02e-04<6e-03, rms=2.72e-03<7e-02)""}}",0.635
vasp-data-files/111100000101111101100000/OSZICAR,1,100,1,很可能收敛(得分=0.715)。详细: 能量收敛趋势规则: 能量变化呈轻微稳定趋势(trend_score=0.001); 电荷密度收敛趋势规则: 电荷密度残差呈轻微稳定趋势(trend_score=0.001); 震荡检测规则: 严重震荡(比例=0.75),,True,,0.001088857650756836,6,100,True,"{""能量收敛趋势规则"": {""score"": 0.7, ""weight"": 0.25, ""reason"": ""能量变化呈轻微稳定趋势(trend_score=0.001)""}, ""电荷密度收敛趋势规则"": {""score"": 0.7, ""weight"": 0.2, ""reason"": ""电荷密度残差呈轻微稳定趋势(trend_score=0.001)""}, ""震荡检测规则"": {""score"": 0.0, ""weight"": 0.15, ""reason"": ""严重震荡(比例=0.75)""}, ""收敛阈值规则"": {""score"": 1.0, ""weight"": 0.4, ""reason"": ""已达到收敛标准(dE=6.80e-04<6e-03, rms=3.51e-03<7e-02)""}}",0.715
vasp-data-files/110000110001111111010001/OSZICAR,1,100,1,可能收敛(得分=0.585)。详细: 能量收敛趋势规则: 能量变化趋势不明确(trend_score=-0.000)，当前dE=2.53e-05很小; 电荷密度收敛趋势规则: 电荷密度残差趋势不明确(trend_score=-0.000); 震荡检测规则: 严重震荡(比例=0.50),,True,,0.0010840892791748047,5,100,True,"{""能量收敛趋势规则"": {""score"": 0.5, ""weight"": 0.25, ""reason"": ""能量变化趋势不明确(trend_score=-0.000)，当前dE=2.53e-05很小""}, ""电荷密度收敛趋势规则"": {""score"": 0.3, ""weight"": 0.2, ""reason"": ""电荷密度残差趋势不明确(trend_score=-0.000)""}, ""震荡检测规则"": {""score"": 0.0, ""weight"": 0.15, ""reason"": ""严重震荡(比例=0.50)""}, ""收敛阈值规则"": {""score"": 1.0, ""weight"": 0.4, ""reason"": ""已达到收敛标准(dE=2.53e-05<6e-03, rms=2.62e-03<7e-02)""}}",0.585
vasp-data-files/110100001101110001000111/OSZICAR,0,100,0,可能不收敛(得分=0.415)。详细: 能量收敛趋势规则: 能量变化趋势不明确(trend_score=-0.003); 电荷密度收敛趋势规则: 电荷密度残差趋势不明确(trend_score=-0.004); 震荡检测规则: 严重震荡(比例=0.50),,True,,0.001062631607055664,4,100,True,"{""能量收敛趋势规则"": {""score"": 0.3, ""weight"": 0.25, ""reason"": ""能量变化趋势不明确(trend_score=-0.003)""}, ""电荷密度收敛趋势规则"": {""score"": 0.3, ""weight"": 0.2, ""reason"": ""电荷密度残差趋势不明确(trend_score=-0.004)""}, ""震荡检测规则"": {""score"": 0.0, ""weight"": 0.15, ""reason"": ""严重震荡(比例=0.50)""}, ""收敛阈值规则"": {""score"": 0.7, ""weight"": 0.4, ""reason"": ""电荷密度已收敛(rms=3.18e-02<7e-02)，但能量未收敛(dE=4.26e-02)""}}",0.415
vasp-data-files/111010001100100111110110/OSZICAR,1,100,1,很可能收敛(得分=0.715)。详细: 能量收敛趋势规则: 能量变化呈轻微稳定趋势(trend_score=0.000); 电荷密度收敛趋势规则: 电荷密度残差呈轻微稳定趋势(trend_score=0.001); 震荡检测规则: 严重震荡(比例=0.62),,True,,0.0010938644409179688,6,100,True,"{""能量收敛趋势规则"": {""score"": 0.7, ""weight"": 0.25, ""reason"": ""能量变化呈轻微稳定趋势(trend_score=0.000)""}, ""电荷密度收敛趋势规则"": {""score"": 0.7, ""weight"": 0.2, ""reason"": ""电荷密度残差呈轻微稳定趋势(trend_score=0.001)""}, ""震荡检测规则"": {""score"": 0.0, ""weight"": 0.15, ""reason"": ""严重震荡(比例=0.62)""}, ""收敛阈值规则"": {""score"": 1.0, ""weight"": 0.4, ""reason"": ""已达到收敛标准(dE=2.83e-03<6e-03, rms=2.63e-03<7e-02)""}}",0.715
vasp-data-files/110111001100110110010101/OSZICAR,1,100,1,可能收敛(得分=0.615)。详细: 能量收敛趋势规则: 能量变化趋势不明确(trend_score=-0.001); 电荷密度收敛趋势规则: 电荷密度残差呈轻微稳定趋势(trend_score=0.001); 震荡检测规则: 严重震荡(比例=0.88),,True,,0.0010800361633300781,6,100,True,"{""能量收敛趋势规则"": {""score"": 0.3, ""weight"": 0.25, ""reason"": ""能量变化趋势不明确(trend_score=-0.001)""}, ""电荷密度收敛趋势规则"": {""score"": 0.7, ""weight"": 0.2, ""reason"": ""电荷密度残差呈轻微稳定趋势(trend_score=0.001)""}, ""震荡检测规则"": {""score"": 0.0, ""weight"": 0.15, ""reason"": ""严重震荡(比例=0.88)""}, ""收敛阈值规则"": {""score"": 1.0, ""weight"": 0.4, ""reason"": ""已达到收敛标准(dE=2.84e-03<6e-03, rms=7.13e-03<7e-02)""}}",0.615
vasp-data-files/100010110010001111111101/OSZICAR,1,100,1,很可能收敛(得分=0.715)。详细: 能量收敛趋势规则: 能量变化呈轻微稳定趋势(trend_score=0.000); 电荷密度收敛趋势规则: 电荷密度残差呈轻微稳定趋势(trend_score=0.001); 震荡检测规则: 严重震荡(比例=0.75),,True,,0.0010466575622558594,6,100,True,"{""能量收敛趋势规则"": {""score"": 0.7, ""weight"": 0.25, ""reason"": ""能量变化呈轻微稳定趋势(trend_score=0.000)""}, ""电荷密度收敛趋势规则"": {""score"": 0.7, ""weight"": 0.2, ""reason"": ""电荷密度残差呈轻微稳定趋势(trend_score=0.001)""}, ""震荡检测规则"": {""score"": 0.0, ""weight"": 0.15, ""reason"": ""严重震荡(比例=0.75)""}, ""收敛阈值规则"": {""score"": 1.0, ""weight"": 0.4, ""reason"": ""已达到收敛标准(dE=8.72e-04<6e-03, rms=3.58e-03<7e-02)""}}",0.715
vasp-data-files/101011010001111010100000/OSZICAR,1,100,0,可能不收敛(得分=0.415)。详细: 能量收敛趋势规则: 能量变化趋势不明确(trend_score=-0.001); 电荷密度收敛趋势规则: 电荷密度残差趋势不明确(trend_score=-0.000); 震荡检测规则: 严重震荡(比例=0.50),,True,,0.001100301742553711,4,100,True,"{""能量收敛趋势规则"": {""score"": 0.3, ""weight"": 0.25, ""reason"": ""能量变化趋势不明确(trend_score=-0.001)""}, ""电荷密度收敛趋势规则"": {""score"": 0.3, ""weight"": 0.2, ""reason"": ""电荷密度残差趋势不明确(trend_score=-0.000)""}, ""震荡检测规则"": {""score"": 0.0, ""weight"": 0.15, ""reason"": ""严重震荡(比例=0.50)""}, ""收敛阈值规则"": {""score"": 0.7, ""weight"": 0.4, ""reason"": ""电荷密度已收敛(rms=1.32e-02<7e-02)，但能量未收敛(dE=2.18e-02)""}}",0.415
vasp-data-files/100001111011000011011111/OSZICAR,1,100,1,可能收敛(得分=0.635)。详细: 能量收敛趋势规则: 能量变化呈轻微稳定趋势(trend_score=0.000); 电荷密度收敛趋势规则: 电荷密度残差趋势不明确(trend_score=-0.000); 震荡检测规则: 严重震荡(比例=0.62),,True,,0.0010576248168945312,6,100,True,"{""能量收敛趋势规则"": {""score"": 0.7, ""weight"": 0.25, ""reason"": ""能量变化呈轻微稳定趋势(trend_score=0.000)""}, ""电荷密度收敛趋势规则"": {""score"": 0.3, ""weight"": 0.2, ""reason"": ""电荷密度残差趋势不明确(trend_score=-0.000)""}, ""震荡检测规则"": {""score"": 0.0, ""weight"": 0.15, ""reason"": ""严重震荡(比例=0.62)""}, ""收敛阈值规则"": {""score"": 1.0, ""weight"": 0.4, ""reason"": ""已达到收敛标准(dE=2.21e-03<6e-03, rms=6.10e-03<7e-02)""}}",0.635
vasp-data-files/100110101011000001111111/OSZICAR,1,100,1,可能收敛(得分=0.635)。详细: 能量收敛趋势规则: 能量变化呈轻微稳定趋势(trend_score=0.001); 电荷密度收敛趋势规则: 电荷密度残差趋势不明确(trend_score=-0.000); 震荡检测规则: 严重震荡(比例=0.62),,True,,0.0010447502136230469,6,100,True,"{""能量收敛趋势规则"": {""score"": 0.7, ""weight"": 0.25, ""reason"": ""能量变化呈轻微稳定趋势(trend_score=0.001)""}, ""电荷密度收敛趋势规则"": {""score"": 0.3, ""weight"": 0.2, ""reason"": ""电荷密度残差趋势不明确(trend_score=-0.000)""}, ""震荡检测规则"": {""score"": 0.0, ""weight"": 0.15, ""reason"": ""严重震荡(比例=0.62)""}, ""收敛阈值规则"": {""score"": 1.0, ""weight"": 0.4, ""reason"": ""已达到收敛标准(dE=7.26e-04<6e-03, rms=8.78e-03<7e-02)""}}",0.635
vasp-data-files/101101000101000000011110/OSZICAR,1,100,1,很可能收敛(得分=0.715)。详细: 能量收敛趋势规则: 能量变化呈轻微稳定趋势(trend_score=0.000); 电荷密度收敛趋势规则: 电荷密度残差呈轻微稳定趋势(trend_score=0.000); 震荡检测规则: 严重震荡(比例=0.50),,True,,0.0010945796966552734,6,100,True,"{""能量收敛趋势规则"": {""score"": 0.7, ""weight"": 0.25, ""reason"": ""能量变化呈轻微稳定趋势(trend_score=0.000)""}, ""电荷密度收敛趋势规则"": {""score"": 0.7, ""weight"": 0.2, ""reason"": ""电荷密度残差呈轻微稳定趋势(trend_score=0.000)""}, ""震荡检测规则"": {""score"": 0.0, ""weight"": 0.15, ""reason"": ""严重震荡(比例=0.50)""}, ""收敛阈值规则"": {""score"": 1.0, ""weight"": 0.4, ""reason"": ""已达到收敛标准(dE=2.44e-04<6e-03, rms=3.30e-03<7e-02)""}}",0.715
vasp-data-files/101110011001010001000110/OSZICAR,0,100,1,可能收敛(得分=0.535)。详细: 能量收敛趋势规则: 能量变化趋势不明确(trend_score=-0.000); 电荷密度收敛趋势规则: 电荷密度残差趋势不明确(trend_score=-0.000); 震荡检测规则: 严重震荡(比例=0.50),,True,,0.0010776519775390625,5,100,True,"{""能量收敛趋势规则"": {""score"": 0.3, ""weight"": 0.25, ""reason"": ""能量变化趋势不明确(trend_score=-0.000)""}, ""电荷密度收敛趋势规则"": {""score"": 0.3, ""weight"": 0.2, ""reason"": ""电荷密度残差趋势不明确(trend_score=-0.000)""}, ""震荡检测规则"": {""score"": 0.0, ""weight"": 0.15, ""reason"": ""严重震荡(比例=0.50)""}, ""收敛阈值规则"": {""score"": 1.0, ""weight"": 0.4, ""reason"": ""已达到收敛标准(dE=5.28e-03<6e-03, rms=3.51e-03<7e-02)""}}",0.535
vasp-data-files/101101000000110010100011/OSZICAR,0,100,1,可能收敛(得分=0.515)。详细: 能量收敛趋势规则: 能量变化呈轻微稳定趋势(trend_score=0.000); 电荷密度收敛趋势规则: 电荷密度残差趋势不明确(trend_score=-0.000); 震荡检测规则: 严重震荡(比例=0.62),,True,,0.0010895729064941406,5,100,True,"{""能量收敛趋势规则"": {""score"": 0.7, ""weight"": 0.25, ""reason"": ""能量变化呈轻微稳定趋势(trend_score=0.000)""}, ""电荷密度收敛趋势规则"": {""score"": 0.3, ""weight"": 0.2, ""reason"": ""电荷密度残差趋势不明确(trend_score=-0.000)""}, ""震荡检测规则"": {""score"": 0.0, ""weight"": 0.15, ""reason"": ""严重震荡(比例=0.62)""}, ""收敛阈值规则"": {""score"": 0.7, ""weight"": 0.4, ""reason"": ""电荷密度已收敛(rms=2.94e-02<7e-02)，但能量未收敛(dE=4.17e-02)""}}",0.5149999999999999
vasp-data-files/101101011100110011011100/OSZICAR,0,100,1,可能收敛(得分=0.595)。详细: 能量收敛趋势规则: 能量变化呈轻微稳定趋势(trend_score=0.004); 电荷密度收敛趋势规则: 电荷密度残差呈轻微稳定趋势(trend_score=0.000); 震荡检测规则: 严重震荡(比例=0.62),,True,,0.0010845661163330078,5,100,True,"{""能量收敛趋势规则"": {""score"": 0.7, ""weight"": 0.25, ""reason"": ""能量变化呈轻微稳定趋势(trend_score=0.004)""}, ""电荷密度收敛趋势规则"": {""score"": 0.7, ""weight"": 0.2, ""reason"": ""电荷密度残差呈轻微稳定趋势(trend_score=0.000)""}, ""震荡检测规则"": {""score"": 0.0, ""weight"": 0.15, ""reason"": ""严重震荡(比例=0.62)""}, ""收敛阈值规则"": {""score"": 0.7, ""weight"": 0.4, ""reason"": ""电荷密度已收敛(rms=2.01e-02<7e-02)，但能量未收敛(dE=3.36e-02)""}}",0.595
vasp-data-files/110111001001101100101100/OSZICAR,0,100,0,很可能不收敛(得分=0.120)。详细: 能量收敛趋势规则: 能量变化趋势不明确(trend_score=-0.000)，当前dE=2.81e-01较大; 电荷密度收敛趋势规则: 电荷密度残差趋势不明确(trend_score=-0.003)，当前rms=1.13e-01较大; 震荡检测规则: 严重震荡(比例=0.50),,True,,0.0010635852813720703,1,100,True,"{""能量收敛趋势规则"": {""score"": 0.0, ""weight"": 0.25, ""reason"": ""能量变化趋势不明确(trend_score=-0.000)，当前dE=2.81e-01较大""}, ""电荷密度收敛趋势规则"": {""score"": 0.0, ""weight"": 0.2, ""reason"": ""电荷密度残差趋势不明确(trend_score=-0.003)，当前rms=1.13e-01较大""}, ""震荡检测规则"": {""score"": 0.0, ""weight"": 0.15, ""reason"": ""严重震荡(比例=0.50)""}, ""收敛阈值规则"": {""score"": 0.3, ""weight"": 0.4, ""reason"": ""均未达到收敛标准(dE=2.81e-01, rms=1.13e-01)""}}",0.12
vasp-data-files/111100000100110110100000/OSZICAR,1,100,1,可能收敛(得分=0.535)。详细: 能量收敛趋势规则: 能量变化趋势不明确(trend_score=-0.000); 电荷密度收敛趋势规则: 电荷密度残差趋势不明确(trend_score=-0.002); 震荡检测规则: 严重震荡(比例=0.88),,True,,0.0010907649993896484,5,100,True,"{""能量收敛趋势规则"": {""score"": 0.3, ""weight"": 0.25, ""reason"": ""能量变化趋势不明确(trend_score=-0.000)""}, ""电荷密度收敛趋势规则"": {""score"": 0.3, ""weight"": 0.2, ""reason"": ""电荷密度残差趋势不明确(trend_score=-0.002)""}, ""震荡检测规则"": {""score"": 0.0, ""weight"": 0.15, ""reason"": ""严重震荡(比例=0.88)""}, ""收敛阈值规则"": {""score"": 1.0, ""weight"": 0.4, ""reason"": ""已达到收敛标准(dE=3.94e-04<6e-03, rms=1.77e-02<7e-02)""}}",0.535
vasp-data-files/111101001100111110100000/OSZICAR,0,100,0,可能不收敛(得分=0.415)。详细: 能量收敛趋势规则: 能量变化趋势不明确(trend_score=-0.000); 电荷密度收敛趋势规则: 电荷密度残差趋势不明确(trend_score=-0.000); 震荡检测规则: 严重震荡(比例=0.50),,True,,0.0010836124420166016,4,100,True,"{""能量收敛趋势规则"": {""score"": 0.3, ""weight"": 0.25, ""reason"": ""能量变化趋势不明确(trend_score=-0.000)""}, ""电荷密度收敛趋势规则"": {""score"": 0.3, ""weight"": 0.2, ""reason"": ""电荷密度残差趋势不明确(trend_score=-0.000)""}, ""震荡检测规则"": {""score"": 0.0, ""weight"": 0.15, ""reason"": ""严重震荡(比例=0.50)""}, ""收敛阈值规则"": {""score"": 0.7, ""weight"": 0.4, ""reason"": ""电荷密度已收敛(rms=1.17e-02<7e-02)，但能量未收敛(dE=7.49e-03)""}}",0.415
vasp-data-files/100011110001111111100100/OSZICAR,0,100,1,很可能收敛(得分=0.715)。详细: 能量收敛趋势规则: 能量变化呈轻微稳定趋势(trend_score=0.000); 电荷密度收敛趋势规则: 电荷密度残差呈轻微稳定趋势(trend_score=0.000); 震荡检测规则: 严重震荡(比例=0.50),,True,,0.001050710678100586,6,100,True,"{""能量收敛趋势规则"": {""score"": 0.7, ""weight"": 0.25, ""reason"": ""能量变化呈轻微稳定趋势(trend_score=0.000)""}, ""电荷密度收敛趋势规则"": {""score"": 0.7, ""weight"": 0.2, ""reason"": ""电荷密度残差呈轻微稳定趋势(trend_score=0.000)""}, ""震荡检测规则"": {""score"": 0.0, ""weight"": 0.15, ""reason"": ""严重震荡(比例=0.50)""}, ""收敛阈值规则"": {""score"": 1.0, ""weight"": 0.4, ""reason"": ""已达到收敛标准(dE=4.01e-03<6e-03, rms=6.46e-03<7e-02)""}}",0.715
vasp-data-files/111100110101110000101000/OSZICAR,0,100,0,可能不收敛(得分=0.415)。详细: 能量收敛趋势规则: 能量变化趋势不明确(trend_score=-0.004); 电荷密度收敛趋势规则: 电荷密度残差趋势不明确(trend_score=-0.000); 震荡检测规则: 严重震荡(比例=0.88),,True,,0.0011005401611328125,4,100,True,"{""能量收敛趋势规则"": {""score"": 0.3, ""weight"": 0.25, ""reason"": ""能量变化趋势不明确(trend_score=-0.004)""}, ""电荷密度收敛趋势规则"": {""score"": 0.3, ""weight"": 0.2, ""reason"": ""电荷密度残差趋势不明确(trend_score=-0.000)""}, ""震荡检测规则"": {""score"": 0.0, ""weight"": 0.15, ""reason"": ""严重震荡(比例=0.88)""}, ""收敛阈值规则"": {""score"": 0.7, ""weight"": 0.4, ""reason"": ""电荷密度已收敛(rms=1.72e-02<7e-02)，但能量未收敛(dE=5.68e-02)""}}",0.415
vasp-data-files/111111010101110010100010/OSZICAR,1,100,1,很可能收敛(得分=0.710)。详细: 能量收敛趋势规则: 能量变化呈轻微稳定趋势(trend_score=0.000); 电荷密度收敛趋势规则: 电荷密度残差趋势不明确(trend_score=-0.000); 震荡检测规则: 存在一定震荡(比例=0.38),,True,,0.0010924339294433594,6,100,True,"{""能量收敛趋势规则"": {""score"": 0.7, ""weight"": 0.25, ""reason"": ""能量变化呈轻微稳定趋势(trend_score=0.000)""}, ""电荷密度收敛趋势规则"": {""score"": 0.3, ""weight"": 0.2, ""reason"": ""电荷密度残差趋势不明确(trend_score=-0.000)""}, ""震荡检测规则"": {""score"": 0.5, ""weight"": 0.15, ""reason"": ""存在一定震荡(比例=0.38)""}, ""收敛阈值规则"": {""score"": 1.0, ""weight"": 0.4, ""reason"": ""已达到收敛标准(dE=4.67e-04<6e-03, rms=3.98e-03<7e-02)""}}",0.71
vasp-data-files/101010010101111010100100/OSZICAR,1,100,1,很可能收敛(得分=0.790)。详细: 能量收敛趋势规则: 能量变化呈轻微稳定趋势(trend_score=0.000); 电荷密度收敛趋势规则: 电荷密度残差呈轻微稳定趋势(trend_score=0.001); 震荡检测规则: 存在一定震荡(比例=0.25),,True,,0.0010554790496826172,7,100,True,"{""能量收敛趋势规则"": {""score"": 0.7, ""weight"": 0.25, ""reason"": ""能量变化呈轻微稳定趋势(trend_score=0.000)""}, ""电荷密度收敛趋势规则"": {""score"": 0.7, ""weight"": 0.2, ""reason"": ""电荷密度残差呈轻微稳定趋势(trend_score=0.001)""}, ""震荡检测规则"": {""score"": 0.5, ""weight"": 0.15, ""reason"": ""存在一定震荡(比例=0.25)""}, ""收敛阈值规则"": {""score"": 1.0, ""weight"": 0.4, ""reason"": ""已达到收敛标准(dE=1.25e-03<6e-03, rms=2.23e-03<7e-02)""}}",0.79
vasp-data-files/111111000100011100100000/OSZICAR,1,100,1,可能收敛(得分=0.635)。详细: 能量收敛趋势规则: 能量变化呈轻微稳定趋势(trend_score=0.000); 电荷密度收敛趋势规则: 电荷密度残差趋势不明确(trend_score=-0.000); 震荡检测规则: 严重震荡(比例=0.62),,True,,0.0010950565338134766,6,100,True,"{""能量收敛趋势规则"": {""score"": 0.7, ""weight"": 0.25, ""reason"": ""能量变化呈轻微稳定趋势(trend_score=0.000)""}, ""电荷密度收敛趋势规则"": {""score"": 0.3, ""weight"": 0.2, ""reason"": ""电荷密度残差趋势不明确(trend_score=-0.000)""}, ""震荡检测规则"": {""score"": 0.0, ""weight"": 0.15, ""reason"": ""严重震荡(比例=0.62)""}, ""收敛阈值规则"": {""score"": 1.0, ""weight"": 0.4, ""reason"": ""已达到收敛标准(dE=7.55e-04<6e-03, rms=1.22e-02<7e-02)""}}",0.635
vasp-data-files/101001010100111010001000/OSZICAR,1,100,1,可能收敛(得分=0.535)。详细: 能量收敛趋势规则: 能量变化趋势不明确(trend_score=-0.000); 电荷密度收敛趋势规则: 电荷密度残差趋势不明确(trend_score=-0.002); 震荡检测规则: 严重震荡(比例=0.75),,True,,0.0010628700256347656,5,100,True,"{""能量收敛趋势规则"": {""score"": 0.3, ""weight"": 0.25, ""reason"": ""能量变化趋势不明确(trend_score=-0.000)""}, ""电荷密度收敛趋势规则"": {""score"": 0.3, ""weight"": 0.2, ""reason"": ""电荷密度残差趋势不明确(trend_score=-0.002)""}, ""震荡检测规则"": {""score"": 0.0, ""weight"": 0.15, ""reason"": ""严重震荡(比例=0.75)""}, ""收敛阈值规则"": {""score"": 1.0, ""weight"": 0.4, ""reason"": ""已达到收敛标准(dE=3.44e-03<6e-03, rms=1.28e-02<7e-02)""}}",0.535
vasp-data-files/101011110100111111010110/OSZICAR,0,100,0,可能不收敛(得分=0.415)。详细: 能量收敛趋势规则: 能量变化趋势不明确(trend_score=-0.000); 电荷密度收敛趋势规则: 电荷密度残差趋势不明确(trend_score=-0.002); 震荡检测规则: 严重震荡(比例=0.88),,True,,0.0010542869567871094,4,100,True,"{""能量收敛趋势规则"": {""score"": 0.3, ""weight"": 0.25, ""reason"": ""能量变化趋势不明确(trend_score=-0.000)""}, ""电荷密度收敛趋势规则"": {""score"": 0.3, ""weight"": 0.2, ""reason"": ""电荷密度残差趋势不明确(trend_score=-0.002)""}, ""震荡检测规则"": {""score"": 0.0, ""weight"": 0.15, ""reason"": ""严重震荡(比例=0.88)""}, ""收敛阈值规则"": {""score"": 0.7, ""weight"": 0.4, ""reason"": ""电荷密度已收敛(rms=2.96e-02<7e-02)，但能量未收敛(dE=2.83e-02)""}}",0.415
vasp-data-files/101001111100101011011111/OSZICAR,1,100,1,很可能收敛(得分=0.715)。详细: 能量收敛趋势规则: 能量变化呈轻微稳定趋势(trend_score=0.000); 电荷密度收敛趋势规则: 电荷密度残差呈轻微稳定趋势(trend_score=0.001); 震荡检测规则: 严重震荡(比例=0.88),,True,,0.0010962486267089844,6,100,True,"{""能量收敛趋势规则"": {""score"": 0.7, ""weight"": 0.25, ""reason"": ""能量变化呈轻微稳定趋势(trend_score=0.000)""}, ""电荷密度收敛趋势规则"": {""score"": 0.7, ""weight"": 0.2, ""reason"": ""电荷密度残差呈轻微稳定趋势(trend_score=0.001)""}, ""震荡检测规则"": {""score"": 0.0, ""weight"": 0.15, ""reason"": ""严重震荡(比例=0.88)""}, ""收敛阈值规则"": {""score"": 1.0, ""weight"": 0.4, ""reason"": ""已达到收敛标准(dE=6.94e-04<6e-03, rms=4.16e-03<7e-02)""}}",0.715
vasp-data-files/100110101011000101111111/OSZICAR,1,100,0,可能不收敛(得分=0.415)。详细: 能量收敛趋势规则: 能量变化趋势不明确(trend_score=-0.000); 电荷密度收敛趋势规则: 电荷密度残差趋势不明确(trend_score=-0.000); 震荡检测规则: 严重震荡(比例=0.88),,True,,0.0010690689086914062,4,100,True,"{""能量收敛趋势规则"": {""score"": 0.3, ""weight"": 0.25, ""reason"": ""能量变化趋势不明确(trend_score=-0.000)""}, ""电荷密度收敛趋势规则"": {""score"": 0.3, ""weight"": 0.2, ""reason"": ""电荷密度残差趋势不明确(trend_score=-0.000)""}, ""震荡检测规则"": {""score"": 0.0, ""weight"": 0.15, ""reason"": ""严重震荡(比例=0.88)""}, ""收敛阈值规则"": {""score"": 0.7, ""weight"": 0.4, ""reason"": ""电荷密度已收敛(rms=1.49e-02<7e-02)，但能量未收敛(dE=2.11e-02)""}}",0.415
vasp-data-files/100001111000111101011001/OSZICAR,1,100,1,可能收敛(得分=0.635)。详细: 能量收敛趋势规则: 能量变化呈轻微稳定趋势(trend_score=0.000); 电荷密度收敛趋势规则: 电荷密度残差趋势不明确(trend_score=-0.000); 震荡检测规则: 严重震荡(比例=0.62),,True,,0.0010800361633300781,6,100,True,"{""能量收敛趋势规则"": {""score"": 0.7, ""weight"": 0.25, ""reason"": ""能量变化呈轻微稳定趋势(trend_score=0.000)""}, ""电荷密度收敛趋势规则"": {""score"": 0.3, ""weight"": 0.2, ""reason"": ""电荷密度残差趋势不明确(trend_score=-0.000)""}, ""震荡检测规则"": {""score"": 0.0, ""weight"": 0.15, ""reason"": ""严重震荡(比例=0.62)""}, ""收敛阈值规则"": {""score"": 1.0, ""weight"": 0.4, ""reason"": ""已达到收敛标准(dE=1.77e-03<6e-03, rms=8.28e-03<7e-02)""}}",0.635
vasp-data-files/110001010101000001010111/OSZICAR,1,100,1,可能收敛(得分=0.615)。详细: 能量收敛趋势规则: 能量变化趋势不明确(trend_score=-0.000); 电荷密度收敛趋势规则: 电荷密度残差呈轻微稳定趋势(trend_score=0.000); 震荡检测规则: 严重震荡(比例=0.62),,True,,0.0011055469512939453,6,100,True,"{""能量收敛趋势规则"": {""score"": 0.3, ""weight"": 0.25, ""reason"": ""能量变化趋势不明确(trend_score=-0.000)""}, ""电荷密度收敛趋势规则"": {""score"": 0.7, ""weight"": 0.2, ""reason"": ""电荷密度残差呈轻微稳定趋势(trend_score=0.000)""}, ""震荡检测规则"": {""score"": 0.0, ""weight"": 0.15, ""reason"": ""严重震荡(比例=0.62)""}, ""收敛阈值规则"": {""score"": 1.0, ""weight"": 0.4, ""reason"": ""已达到收敛标准(dE=1.26e-03<6e-03, rms=9.47e-03<7e-02)""}}",0.615
vasp-data-files/111110111011100101101101/OSZICAR,0,100,0,可能不收敛(得分=0.420)。详细: 能量收敛趋势规则: 能量变化趋势不明确(trend_score=-0.001)，当前dE=1.03e-01较大; 电荷密度收敛趋势规则: 电荷密度残差呈轻微稳定趋势(trend_score=0.001); 震荡检测规则: 严重震荡(比例=0.88),,True,,0.0010633468627929688,4,100,True,"{""能量收敛趋势规则"": {""score"": 0.0, ""weight"": 0.25, ""reason"": ""能量变化趋势不明确(trend_score=-0.001)，当前dE=1.03e-01较大""}, ""电荷密度收敛趋势规则"": {""score"": 0.7, ""weight"": 0.2, ""reason"": ""电荷密度残差呈轻微稳定趋势(trend_score=0.001)""}, ""震荡检测规则"": {""score"": 0.0, ""weight"": 0.15, ""reason"": ""严重震荡(比例=0.88)""}, ""收敛阈值规则"": {""score"": 0.7, ""weight"": 0.4, ""reason"": ""电荷密度已收敛(rms=3.12e-02<7e-02)，但能量未收敛(dE=1.03e-01)""}}",0.41999999999999993
vasp-data-files/111101001101010100100000/OSZICAR,1,100,1,很可能收敛(得分=0.830)。详细: 能量收敛趋势规则: 能量变化呈轻微稳定趋势(trend_score=0.000); 电荷密度收敛趋势规则: 电荷密度残差呈轻微稳定趋势(trend_score=0.001)，当前rms=4.05e-04很小; 震荡检测规则: 存在一定震荡(比例=0.38),,True,,0.0010886192321777344,7,100,True,"{""能量收敛趋势规则"": {""score"": 0.7, ""weight"": 0.25, ""reason"": ""能量变化呈轻微稳定趋势(trend_score=0.000)""}, ""电荷密度收敛趋势规则"": {""score"": 0.8999999999999999, ""weight"": 0.2, ""reason"": ""电荷密度残差呈轻微稳定趋势(trend_score=0.001)，当前rms=4.05e-04很小""}, ""震荡检测规则"": {""score"": 0.5, ""weight"": 0.15, ""reason"": ""存在一定震荡(比例=0.38)""}, ""收敛阈值规则"": {""score"": 1.0, ""weight"": 0.4, ""reason"": ""已达到收敛标准(dE=1.16e-04<6e-03, rms=4.05e-04<7e-02)""}}",0.8300000000000001
vasp-data-files/111101011101111000001110/OSZICAR,0,100,1,可能收敛(得分=0.610)。详细: 能量收敛趋势规则: 能量变化趋势不明确(trend_score=-0.000); 电荷密度收敛趋势规则: 电荷密度残差趋势不明确(trend_score=-0.003); 震荡检测规则: 存在一定震荡(比例=0.38),,True,,0.0010921955108642578,5,100,True,"{""能量收敛趋势规则"": {""score"": 0.3, ""weight"": 0.25, ""reason"": ""能量变化趋势不明确(trend_score=-0.000)""}, ""电荷密度收敛趋势规则"": {""score"": 0.3, ""weight"": 0.2, ""reason"": ""电荷密度残差趋势不明确(trend_score=-0.003)""}, ""震荡检测规则"": {""score"": 0.5, ""weight"": 0.15, ""reason"": ""存在一定震荡(比例=0.38)""}, ""收敛阈值规则"": {""score"": 1.0, ""weight"": 0.4, ""reason"": ""已达到收敛标准(dE=3.11e-03<6e-03, rms=1.34e-02<7e-02)""}}",0.6100000000000001
vasp-data-files/101101000011001011000001/OSZICAR,0,100,0,可能不收敛(得分=0.415)。详细: 能量收敛趋势规则: 能量变化趋势不明确(trend_score=-0.000); 电荷密度收敛趋势规则: 电荷密度残差趋势不明确(trend_score=-0.002); 震荡检测规则: 严重震荡(比例=0.75),,True,,0.0011017322540283203,4,100,True,"{""能量收敛趋势规则"": {""score"": 0.3, ""weight"": 0.25, ""reason"": ""能量变化趋势不明确(trend_score=-0.000)""}, ""电荷密度收敛趋势规则"": {""score"": 0.3, ""weight"": 0.2, ""reason"": ""电荷密度残差趋势不明确(trend_score=-0.002)""}, ""震荡检测规则"": {""score"": 0.0, ""weight"": 0.15, ""reason"": ""严重震荡(比例=0.75)""}, ""收敛阈值规则"": {""score"": 0.7, ""weight"": 0.4, ""reason"": ""电荷密度已收敛(rms=2.74e-02<7e-02)，但能量未收敛(dE=1.25e-02)""}}",0.415
vasp-data-files/111010110010100111010001/OSZICAR,1,100,1,很可能收敛(得分=0.715)。详细: 能量收敛趋势规则: 能量变化呈轻微稳定趋势(trend_score=0.001); 电荷密度收敛趋势规则: 电荷密度残差呈轻微稳定趋势(trend_score=0.005); 震荡检测规则: 严重震荡(比例=0.75),,True,,0.0011093616485595703,6,100,True,"{""能量收敛趋势规则"": {""score"": 0.7, ""weight"": 0.25, ""reason"": ""能量变化呈轻微稳定趋势(trend_score=0.001)""}, ""电荷密度收敛趋势规则"": {""score"": 0.7, ""weight"": 0.2, ""reason"": ""电荷密度残差呈轻微稳定趋势(trend_score=0.005)""}, ""震荡检测规则"": {""score"": 0.0, ""weight"": 0.15, ""reason"": ""严重震荡(比例=0.75)""}, ""收敛阈值规则"": {""score"": 1.0, ""weight"": 0.4, ""reason"": ""已达到收敛标准(dE=1.27e-04<6e-03, rms=1.42e-03<7e-02)""}}",0.715
vasp-data-files/100111100010000011111111/OSZICAR,0,100,0,很可能不收敛(得分=0.340)。详细: 能量收敛趋势规则: 能量变化趋势不明确(trend_score=-0.030)，当前dE=4.91e-01较大; 电荷密度收敛趋势规则: 电荷密度残差趋势不明确(trend_score=-0.004); 震荡检测规则: 严重震荡(比例=0.50),,True,,0.0010764598846435547,3,100,True,"{""能量收敛趋势规则"": {""score"": 0.0, ""weight"": 0.25, ""reason"": ""能量变化趋势不明确(trend_score=-0.030)，当前dE=4.91e-01较大""}, ""电荷密度收敛趋势规则"": {""score"": 0.3, ""weight"": 0.2, ""reason"": ""电荷密度残差趋势不明确(trend_score=-0.004)""}, ""震荡检测规则"": {""score"": 0.0, ""weight"": 0.15, ""reason"": ""严重震荡(比例=0.50)""}, ""收敛阈值规则"": {""score"": 0.7, ""weight"": 0.4, ""reason"": ""电荷密度已收敛(rms=4.95e-02<7e-02)，但能量未收敛(dE=4.91e-01)""}}",0.33999999999999997
vasp-data-files/110000010011000011011001/OSZICAR,0,100,1,可能收敛(得分=0.615)。详细: 能量收敛趋势规则: 能量变化趋势不明确(trend_score=-0.000); 电荷密度收敛趋势规则: 电荷密度残差呈轻微稳定趋势(trend_score=0.000); 震荡检测规则: 严重震荡(比例=0.88),,True,,0.0010654926300048828,6,100,True,"{""能量收敛趋势规则"": {""score"": 0.3, ""weight"": 0.25, ""reason"": ""能量变化趋势不明确(trend_score=-0.000)""}, ""电荷密度收敛趋势规则"": {""score"": 0.7, ""weight"": 0.2, ""reason"": ""电荷密度残差呈轻微稳定趋势(trend_score=0.000)""}, ""震荡检测规则"": {""score"": 0.0, ""weight"": 0.15, ""reason"": ""严重震荡(比例=0.88)""}, ""收敛阈值规则"": {""score"": 1.0, ""weight"": 0.4, ""reason"": ""已达到收敛标准(dE=2.69e-03<6e-03, rms=9.25e-03<7e-02)""}}",0.615
vasp-data-files/111110001100111010100000/OSZICAR,1,100,0,可能不收敛(得分=0.415)。详细: 能量收敛趋势规则: 能量变化趋势不明确(trend_score=-0.004); 电荷密度收敛趋势规则: 电荷密度残差趋势不明确(trend_score=-0.006); 震荡检测规则: 严重震荡(比例=0.62),,True,,0.0011107921600341797,4,100,True,"{""能量收敛趋势规则"": {""score"": 0.3, ""weight"": 0.25, ""reason"": ""能量变化趋势不明确(trend_score=-0.004)""}, ""电荷密度收敛趋势规则"": {""score"": 0.3, ""weight"": 0.2, ""reason"": ""电荷密度残差趋势不明确(trend_score=-0.006)""}, ""震荡检测规则"": {""score"": 0.0, ""weight"": 0.15, ""reason"": ""严重震荡(比例=0.62)""}, ""收敛阈值规则"": {""score"": 0.7, ""weight"": 0.4, ""reason"": ""电荷密度已收敛(rms=4.41e-02<7e-02)，但能量未收敛(dE=2.70e-02)""}}",0.415
vasp-data-files/100110111101011101000100/OSZICAR,0,100,1,很可能收敛(得分=0.715)。详细: 能量收敛趋势规则: 能量变化呈轻微下降趋势(trend_score=0.017); 电荷密度收敛趋势规则: 电荷密度残差呈轻微稳定趋势(trend_score=0.005); 震荡检测规则: 严重震荡(比例=0.75),,True,,0.0010771751403808594,6,100,True,"{""能量收敛趋势规则"": {""score"": 0.7, ""weight"": 0.25, ""reason"": ""能量变化呈轻微下降趋势(trend_score=0.017)""}, ""电荷密度收敛趋势规则"": {""score"": 0.7, ""weight"": 0.2, ""reason"": ""电荷密度残差呈轻微稳定趋势(trend_score=0.005)""}, ""震荡检测规则"": {""score"": 0.0, ""weight"": 0.15, ""reason"": ""严重震荡(比例=0.75)""}, ""收敛阈值规则"": {""score"": 1.0, ""weight"": 0.4, ""reason"": ""已达到收敛标准(dE=2.16e-03<6e-03, rms=4.41e-03<7e-02)""}}",0.715
vasp-data-files/101000010101111010100100/OSZICAR,0,100,0,很可能不收敛(得分=0.180)。详细: 能量收敛趋势规则: 能量变化趋势不明确(trend_score=-0.018)，当前dE=3.76e-01较大; 电荷密度收敛趋势规则: 电荷密度残差趋势不明确(trend_score=-0.003); 震荡检测规则: 严重震荡(比例=0.75),,True,,0.0010612010955810547,2,100,True,"{""能量收敛趋势规则"": {""score"": 0.0, ""weight"": 0.25, ""reason"": ""能量变化趋势不明确(trend_score=-0.018)，当前dE=3.76e-01较大""}, ""电荷密度收敛趋势规则"": {""score"": 0.3, ""weight"": 0.2, ""reason"": ""电荷密度残差趋势不明确(trend_score=-0.003)""}, ""震荡检测规则"": {""score"": 0.0, ""weight"": 0.15, ""reason"": ""严重震荡(比例=0.75)""}, ""收敛阈值规则"": {""score"": 0.3, ""weight"": 0.4, ""reason"": ""均未达到收敛标准(dE=3.76e-01, rms=7.94e-02)""}}",0.18
vasp-data-files/110010111011110000101100/OSZICAR,0,100,1,很可能收敛(得分=0.715)。详细: 能量收敛趋势规则: 能量变化呈轻微稳定趋势(trend_score=0.001); 电荷密度收敛趋势规则: 电荷密度残差呈轻微稳定趋势(trend_score=0.000); 震荡检测规则: 严重震荡(比例=0.75),,True,,0.0010895729064941406,6,100,True,"{""能量收敛趋势规则"": {""score"": 0.7, ""weight"": 0.25, ""reason"": ""能量变化呈轻微稳定趋势(trend_score=0.001)""}, ""电荷密度收敛趋势规则"": {""score"": 0.7, ""weight"": 0.2, ""reason"": ""电荷密度残差呈轻微稳定趋势(trend_score=0.000)""}, ""震荡检测规则"": {""score"": 0.0, ""weight"": 0.15, ""reason"": ""严重震荡(比例=0.75)""}, ""收敛阈值规则"": {""score"": 1.0, ""weight"": 0.4, ""reason"": ""已达到收敛标准(dE=5.31e-03<6e-03, rms=8.52e-03<7e-02)""}}",0.715
vasp-data-files/101001110100110011000011/OSZICAR,0,100,0,可能不收敛(得分=0.415)。详细: 能量收敛趋势规则: 能量变化趋势不明确(trend_score=-0.001); 电荷密度收敛趋势规则: 电荷密度残差趋势不明确(trend_score=-0.005); 震荡检测规则: 严重震荡(比例=0.75),,True,,0.001058340072631836,4,100,True,"{""能量收敛趋势规则"": {""score"": 0.3, ""weight"": 0.25, ""reason"": ""能量变化趋势不明确(trend_score=-0.001)""}, ""电荷密度收敛趋势规则"": {""score"": 0.3, ""weight"": 0.2, ""reason"": ""电荷密度残差趋势不明确(trend_score=-0.005)""}, ""震荡检测规则"": {""score"": 0.0, ""weight"": 0.15, ""reason"": ""严重震荡(比例=0.75)""}, ""收敛阈值规则"": {""score"": 0.7, ""weight"": 0.4, ""reason"": ""电荷密度已收敛(rms=5.20e-02<7e-02)，但能量未收敛(dE=1.51e-02)""}}",0.415
vasp-data-files/100101100101010001010011/OSZICAR,1,100,1,可能收敛(得分=0.635)。详细: 能量收敛趋势规则: 能量变化呈轻微稳定趋势(trend_score=0.000); 电荷密度收敛趋势规则: 电荷密度残差趋势不明确(trend_score=-0.000); 震荡检测规则: 严重震荡(比例=0.75),,True,,0.0010852813720703125,6,100,True,"{""能量收敛趋势规则"": {""score"": 0.7, ""weight"": 0.25, ""reason"": ""能量变化呈轻微稳定趋势(trend_score=0.000)""}, ""电荷密度收敛趋势规则"": {""score"": 0.3, ""weight"": 0.2, ""reason"": ""电荷密度残差趋势不明确(trend_score=-0.000)""}, ""震荡检测规则"": {""score"": 0.0, ""weight"": 0.15, ""reason"": ""严重震荡(比例=0.75)""}, ""收敛阈值规则"": {""score"": 1.0, ""weight"": 0.4, ""reason"": ""已达到收敛标准(dE=4.10e-04<6e-03, rms=9.10e-03<7e-02)""}}",0.635
vasp-data-files/111111111011011111101000/OSZICAR,0,100,0,可能不收敛(得分=0.415)。详细: 能量收敛趋势规则: 能量变化趋势不明确(trend_score=-0.000); 电荷密度收敛趋势规则: 电荷密度残差趋势不明确(trend_score=-0.002); 震荡检测规则: 严重震荡(比例=0.62),,True,,0.0010945796966552734,4,100,True,"{""能量收敛趋势规则"": {""score"": 0.3, ""weight"": 0.25, ""reason"": ""能量变化趋势不明确(trend_score=-0.000)""}, ""电荷密度收敛趋势规则"": {""score"": 0.3, ""weight"": 0.2, ""reason"": ""电荷密度残差趋势不明确(trend_score=-0.002)""}, ""震荡检测规则"": {""score"": 0.0, ""weight"": 0.15, ""reason"": ""严重震荡(比例=0.62)""}, ""收敛阈值规则"": {""score"": 0.7, ""weight"": 0.4, ""reason"": ""电荷密度已收敛(rms=4.44e-02<7e-02)，但能量未收敛(dE=8.79e-02)""}}",0.415
vasp-data-files/101011001110010111111001/OSZICAR,0,100,1,很可能收敛(得分=0.790)。详细: 能量收敛趋势规则: 能量变化呈轻微稳定趋势(trend_score=0.000); 电荷密度收敛趋势规则: 电荷密度残差呈轻微稳定趋势(trend_score=0.000); 震荡检测规则: 存在一定震荡(比例=0.38),,True,,0.0010538101196289062,7,100,True,"{""能量收敛趋势规则"": {""score"": 0.7, ""weight"": 0.25, ""reason"": ""能量变化呈轻微稳定趋势(trend_score=0.000)""}, ""电荷密度收敛趋势规则"": {""score"": 0.7, ""weight"": 0.2, ""reason"": ""电荷密度残差呈轻微稳定趋势(trend_score=0.000)""}, ""震荡检测规则"": {""score"": 0.5, ""weight"": 0.15, ""reason"": ""存在一定震荡(比例=0.38)""}, ""收敛阈值规则"": {""score"": 1.0, ""weight"": 0.4, ""reason"": ""已达到收敛标准(dE=5.42e-03<6e-03, rms=7.85e-03<7e-02)""}}",0.79
vasp-data-files/101001010101101101010011/OSZICAR,1,100,1,很可能收敛(得分=0.805)。详细: 能量收敛趋势规则: 能量变化呈轻微稳定趋势(trend_score=0.000)，当前dE=2.94e-05很小; 电荷密度收敛趋势规则: 电荷密度残差呈轻微稳定趋势(trend_score=0.001)，当前rms=5.06e-04很小; 震荡检测规则: 严重震荡(比例=0.50),,True,,0.0011060237884521484,7,100,True,"{""能量收敛趋势规则"": {""score"": 0.8999999999999999, ""weight"": 0.25, ""reason"": ""能量变化呈轻微稳定趋势(trend_score=0.000)，当前dE=2.94e-05很小""}, ""电荷密度收敛趋势规则"": {""score"": 0.8999999999999999, ""weight"": 0.2, ""reason"": ""电荷密度残差呈轻微稳定趋势(trend_score=0.001)，当前rms=5.06e-04很小""}, ""震荡检测规则"": {""score"": 0.0, ""weight"": 0.15, ""reason"": ""严重震荡(比例=0.50)""}, ""收敛阈值规则"": {""score"": 1.0, ""weight"": 0.4, ""reason"": ""已达到收敛标准(dE=2.94e-05<6e-03, rms=5.06e-04<7e-02)""}}",0.8049999999999999
vasp-data-files/111100000001011100110001/OSZICAR,0,100,1,可能收敛(得分=0.595)。详细: 能量收敛趋势规则: 能量变化呈下降趋势(trend_score=0.059)，当前dE=2.54e-01较大; 电荷密度收敛趋势规则: 电荷密度残差呈轻微下降趋势(trend_score=0.022); 震荡检测规则: 严重震荡(比例=0.62),,True,,0.001100301742553711,5,100,True,"{""能量收敛趋势规则"": {""score"": 0.7, ""weight"": 0.25, ""reason"": ""能量变化呈下降趋势(trend_score=0.059)，当前dE=2.54e-01较大""}, ""电荷密度收敛趋势规则"": {""score"": 0.7, ""weight"": 0.2, ""reason"": ""电荷密度残差呈轻微下降趋势(trend_score=0.022)""}, ""震荡检测规则"": {""score"": 0.0, ""weight"": 0.15, ""reason"": ""严重震荡(比例=0.62)""}, ""收敛阈值规则"": {""score"": 0.7, ""weight"": 0.4, ""reason"": ""电荷密度已收敛(rms=4.04e-02<7e-02)，但能量未收敛(dE=2.54e-01)""}}",0.595
vasp-data-files/111101000101010010110000/OSZICAR,0,100,1,可能收敛(得分=0.595)。详细: 能量收敛趋势规则: 能量变化呈轻微稳定趋势(trend_score=0.000); 电荷密度收敛趋势规则: 电荷密度残差呈轻微稳定趋势(trend_score=0.000); 震荡检测规则: 严重震荡(比例=0.75),,True,,0.0010607242584228516,5,100,True,"{""能量收敛趋势规则"": {""score"": 0.7, ""weight"": 0.25, ""reason"": ""能量变化呈轻微稳定趋势(trend_score=0.000)""}, ""电荷密度收敛趋势规则"": {""score"": 0.7, ""weight"": 0.2, ""reason"": ""电荷密度残差呈轻微稳定趋势(trend_score=0.000)""}, ""震荡检测规则"": {""score"": 0.0, ""weight"": 0.15, ""reason"": ""严重震荡(比例=0.75)""}, ""收敛阈值规则"": {""score"": 0.7, ""weight"": 0.4, ""reason"": ""电荷密度已收敛(rms=1.83e-02<7e-02)，但能量未收敛(dE=9.78e-02)""}}",0.595
vasp-data-files/101100001101110001100001/OSZICAR,1,100,1,很可能收敛(得分=0.715)。详细: 能量收敛趋势规则: 能量变化呈轻微稳定趋势(trend_score=0.000); 电荷密度收敛趋势规则: 电荷密度残差呈轻微稳定趋势(trend_score=0.000); 震荡检测规则: 严重震荡(比例=0.62),,True,,0.0010979175567626953,6,100,True,"{""能量收敛趋势规则"": {""score"": 0.7, ""weight"": 0.25, ""reason"": ""能量变化呈轻微稳定趋势(trend_score=0.000)""}, ""电荷密度收敛趋势规则"": {""score"": 0.7, ""weight"": 0.2, ""reason"": ""电荷密度残差呈轻微稳定趋势(trend_score=0.000)""}, ""震荡检测规则"": {""score"": 0.0, ""weight"": 0.15, ""reason"": ""严重震荡(比例=0.62)""}, ""收敛阈值规则"": {""score"": 1.0, ""weight"": 0.4, ""reason"": ""已达到收敛标准(dE=4.12e-04<6e-03, rms=2.99e-03<7e-02)""}}",0.715
vasp-data-files/111101011101111001001000/OSZICAR,1,100,1,可能收敛(得分=0.665)。详细: 能量收敛趋势规则: 能量变化趋势不明确(trend_score=-0.000)，当前dE=6.94e-05很小; 电荷密度收敛趋势规则: 电荷密度残差呈轻微稳定趋势(trend_score=0.000); 震荡检测规则: 严重震荡(比例=0.50),,True,,0.0010952949523925781,6,100,True,"{""能量收敛趋势规则"": {""score"": 0.5, ""weight"": 0.25, ""reason"": ""能量变化趋势不明确(trend_score=-0.000)，当前dE=6.94e-05很小""}, ""电荷密度收敛趋势规则"": {""score"": 0.7, ""weight"": 0.2, ""reason"": ""电荷密度残差呈轻微稳定趋势(trend_score=0.000)""}, ""震荡检测规则"": {""score"": 0.0, ""weight"": 0.15, ""reason"": ""严重震荡(比例=0.50)""}, ""收敛阈值规则"": {""score"": 1.0, ""weight"": 0.4, ""reason"": ""已达到收敛标准(dE=6.94e-05<6e-03, rms=4.79e-03<7e-02)""}}",0.665
vasp-data-files/101000010001100011101011/OSZICAR,1,100,1,可能收敛(得分=0.665)。详细: 能量收敛趋势规则: 能量变化趋势不明确(trend_score=-0.000)，当前dE=8.31e-05很小; 电荷密度收敛趋势规则: 电荷密度残差呈轻微稳定趋势(trend_score=0.000); 震荡检测规则: 严重震荡(比例=0.50),,True,,0.0010600090026855469,6,100,True,"{""能量收敛趋势规则"": {""score"": 0.5, ""weight"": 0.25, ""reason"": ""能量变化趋势不明确(trend_score=-0.000)，当前dE=8.31e-05很小""}, ""电荷密度收敛趋势规则"": {""score"": 0.7, ""weight"": 0.2, ""reason"": ""电荷密度残差呈轻微稳定趋势(trend_score=0.000)""}, ""震荡检测规则"": {""score"": 0.0, ""weight"": 0.15, ""reason"": ""严重震荡(比例=0.50)""}, ""收敛阈值规则"": {""score"": 1.0, ""weight"": 0.4, ""reason"": ""已达到收敛标准(dE=8.31e-05<6e-03, rms=1.01e-03<7e-02)""}}",0.665
vasp-data-files/100010111010001101011111/OSZICAR,1,100,1,可能收敛(得分=0.595)。详细: 能量收敛趋势规则: 能量变化呈轻微下降趋势(trend_score=0.014); 电荷密度收敛趋势规则: 电荷密度残差呈轻微稳定趋势(trend_score=0.004); 震荡检测规则: 严重震荡(比例=0.75),,True,,0.0011169910430908203,5,100,True,"{""能量收敛趋势规则"": {""score"": 0.7, ""weight"": 0.25, ""reason"": ""能量变化呈轻微下降趋势(trend_score=0.014)""}, ""电荷密度收敛趋势规则"": {""score"": 0.7, ""weight"": 0.2, ""reason"": ""电荷密度残差呈轻微稳定趋势(trend_score=0.004)""}, ""震荡检测规则"": {""score"": 0.0, ""weight"": 0.15, ""reason"": ""严重震荡(比例=0.75)""}, ""收敛阈值规则"": {""score"": 0.7, ""weight"": 0.4, ""reason"": ""电荷密度已收敛(rms=2.40e-02<7e-02)，但能量未收敛(dE=1.67e-02)""}}",0.595
vasp-data-files/101100000001011100100000/OSZICAR,0,100,1,可能收敛(得分=0.670)。详细: 能量收敛趋势规则: 能量变化呈轻微下降趋势(trend_score=0.034); 电荷密度收敛趋势规则: 电荷密度残差呈轻微下降趋势(trend_score=0.012); 震荡检测规则: 存在一定震荡(比例=0.38),,True,,0.0010800361633300781,6,100,True,"{""能量收敛趋势规则"": {""score"": 0.7, ""weight"": 0.25, ""reason"": ""能量变化呈轻微下降趋势(trend_score=0.034)""}, ""电荷密度收敛趋势规则"": {""score"": 0.7, ""weight"": 0.2, ""reason"": ""电荷密度残差呈轻微下降趋势(trend_score=0.012)""}, ""震荡检测规则"": {""score"": 0.5, ""weight"": 0.15, ""reason"": ""存在一定震荡(比例=0.38)""}, ""收敛阈值规则"": {""score"": 0.7, ""weight"": 0.4, ""reason"": ""电荷密度已收敛(rms=2.90e-02<7e-02)，但能量未收敛(dE=6.89e-02)""}}",0.6699999999999999
vasp-data-files/100000111101000011011111/OSZICAR,1,100,1,很可能收敛(得分=0.765)。详细: 能量收敛趋势规则: 能量变化呈轻微稳定趋势(trend_score=0.000)，当前dE=5.84e-05很小; 电荷密度收敛趋势规则: 电荷密度残差呈轻微稳定趋势(trend_score=0.000); 震荡检测规则: 严重震荡(比例=0.50),,True,,0.0010905265808105469,7,100,True,"{""能量收敛趋势规则"": {""score"": 0.8999999999999999, ""weight"": 0.25, ""reason"": ""能量变化呈轻微稳定趋势(trend_score=0.000)，当前dE=5.84e-05很小""}, ""电荷密度收敛趋势规则"": {""score"": 0.7, ""weight"": 0.2, ""reason"": ""电荷密度残差呈轻微稳定趋势(trend_score=0.000)""}, ""震荡检测规则"": {""score"": 0.0, ""weight"": 0.15, ""reason"": ""严重震荡(比例=0.50)""}, ""收敛阈值规则"": {""score"": 1.0, ""weight"": 0.4, ""reason"": ""已达到收敛标准(dE=5.84e-05<6e-03, rms=4.32e-03<7e-02)""}}",0.765
vasp-data-files/111110000111011010110110/OSZICAR,0,100,1,可能收敛(得分=0.670)。详细: 能量收敛趋势规则: 能量变化呈轻微稳定趋势(trend_score=0.001); 电荷密度收敛趋势规则: 电荷密度残差呈轻微稳定趋势(trend_score=0.007); 震荡检测规则: 存在一定震荡(比例=0.38),,True,,0.0010976791381835938,6,100,True,"{""能量收敛趋势规则"": {""score"": 0.7, ""weight"": 0.25, ""reason"": ""能量变化呈轻微稳定趋势(trend_score=0.001)""}, ""电荷密度收敛趋势规则"": {""score"": 0.7, ""weight"": 0.2, ""reason"": ""电荷密度残差呈轻微稳定趋势(trend_score=0.007)""}, ""震荡检测规则"": {""score"": 0.5, ""weight"": 0.15, ""reason"": ""存在一定震荡(比例=0.38)""}, ""收敛阈值规则"": {""score"": 0.7, ""weight"": 0.4, ""reason"": ""电荷密度已收敛(rms=1.93e-02<7e-02)，但能量未收敛(dE=2.32e-02)""}}",0.6699999999999999
vasp-data-files/101101000011100011101011/OSZICAR,0,100,1,可能收敛(得分=0.515)。详细: 能量收敛趋势规则: 能量变化呈轻微稳定趋势(trend_score=0.002); 电荷密度收敛趋势规则: 电荷密度残差趋势不明确(trend_score=-0.000); 震荡检测规则: 严重震荡(比例=0.62),,True,,0.0010707378387451172,5,100,True,"{""能量收敛趋势规则"": {""score"": 0.7, ""weight"": 0.25, ""reason"": ""能量变化呈轻微稳定趋势(trend_score=0.002)""}, ""电荷密度收敛趋势规则"": {""score"": 0.3, ""weight"": 0.2, ""reason"": ""电荷密度残差趋势不明确(trend_score=-0.000)""}, ""震荡检测规则"": {""score"": 0.0, ""weight"": 0.15, ""reason"": ""严重震荡(比例=0.62)""}, ""收敛阈值规则"": {""score"": 0.7, ""weight"": 0.4, ""reason"": ""电荷密度已收敛(rms=9.10e-03<7e-02)，但能量未收敛(dE=8.29e-03)""}}",0.5149999999999999
vasp-data-files/100001111101001111010011/OSZICAR,1,100,1,可能收敛(得分=0.535)。详细: 能量收敛趋势规则: 能量变化趋势不明确(trend_score=-0.000); 电荷密度收敛趋势规则: 电荷密度残差趋势不明确(trend_score=-0.000); 震荡检测规则: 严重震荡(比例=0.50),,True,,0.0010743141174316406,5,100,True,"{""能量收敛趋势规则"": {""score"": 0.3, ""weight"": 0.25, ""reason"": ""能量变化趋势不明确(trend_score=-0.000)""}, ""电荷密度收敛趋势规则"": {""score"": 0.3, ""weight"": 0.2, ""reason"": ""电荷密度残差趋势不明确(trend_score=-0.000)""}, ""震荡检测规则"": {""score"": 0.0, ""weight"": 0.15, ""reason"": ""严重震荡(比例=0.50)""}, ""收敛阈值规则"": {""score"": 1.0, ""weight"": 0.4, ""reason"": ""已达到收敛标准(dE=3.77e-04<6e-03, rms=1.71e-03<7e-02)""}}",0.535
vasp-data-files/110101110010001101011001/OSZICAR,1,100,0,可能不收敛(得分=0.490)。详细: 能量收敛趋势规则: 能量变化趋势不明确(trend_score=-0.001); 电荷密度收敛趋势规则: 电荷密度残差趋势不明确(trend_score=-0.002); 震荡检测规则: 存在一定震荡(比例=0.25),,True,,0.0010845661163330078,4,100,True,"{""能量收敛趋势规则"": {""score"": 0.3, ""weight"": 0.25, ""reason"": ""能量变化趋势不明确(trend_score=-0.001)""}, ""电荷密度收敛趋势规则"": {""score"": 0.3, ""weight"": 0.2, ""reason"": ""电荷密度残差趋势不明确(trend_score=-0.002)""}, ""震荡检测规则"": {""score"": 0.5, ""weight"": 0.15, ""reason"": ""存在一定震荡(比例=0.25)""}, ""收敛阈值规则"": {""score"": 0.7, ""weight"": 0.4, ""reason"": ""电荷密度已收敛(rms=2.52e-02<7e-02)，但能量未收敛(dE=1.07e-02)""}}",0.49
vasp-data-files/100010010100111100100000/OSZICAR,0,100,0,可能不收敛(得分=0.415)。详细: 能量收敛趋势规则: 能量变化趋势不明确(trend_score=-0.001); 电荷密度收敛趋势规则: 电荷密度残差趋势不明确(trend_score=-0.001); 震荡检测规则: 严重震荡(比例=0.75),,True,,0.0010602474212646484,4,100,True,"{""能量收敛趋势规则"": {""score"": 0.3, ""weight"": 0.25, ""reason"": ""能量变化趋势不明确(trend_score=-0.001)""}, ""电荷密度收敛趋势规则"": {""score"": 0.3, ""weight"": 0.2, ""reason"": ""电荷密度残差趋势不明确(trend_score=-0.001)""}, ""震荡检测规则"": {""score"": 0.0, ""weight"": 0.15, ""reason"": ""严重震荡(比例=0.75)""}, ""收敛阈值规则"": {""score"": 0.7, ""weight"": 0.4, ""reason"": ""电荷密度已收敛(rms=1.95e-02<7e-02)，但能量未收敛(dE=9.96e-03)""}}",0.415
vasp-data-files/100110001000010110100000/OSZICAR,1,100,1,很可能收敛(得分=0.715)。详细: 能量收敛趋势规则: 能量变化呈轻微稳定趋势(trend_score=0.002); 电荷密度收敛趋势规则: 电荷密度残差呈轻微稳定趋势(trend_score=0.000); 震荡检测规则: 严重震荡(比例=0.50),,True,,0.0010998249053955078,6,100,True,"{""能量收敛趋势规则"": {""score"": 0.7, ""weight"": 0.25, ""reason"": ""能量变化呈轻微稳定趋势(trend_score=0.002)""}, ""电荷密度收敛趋势规则"": {""score"": 0.7, ""weight"": 0.2, ""reason"": ""电荷密度残差呈轻微稳定趋势(trend_score=0.000)""}, ""震荡检测规则"": {""score"": 0.0, ""weight"": 0.15, ""reason"": ""严重震荡(比例=0.50)""}, ""收敛阈值规则"": {""score"": 1.0, ""weight"": 0.4, ""reason"": ""已达到收敛标准(dE=2.06e-03<6e-03, rms=8.49e-03<7e-02)""}}",0.715
vasp-data-files/101001110001111010100101/OSZICAR,0,100,1,可能收敛(得分=0.520)。详细: 能量收敛趋势规则: 能量变化呈轻微稳定趋势(trend_score=0.005)，当前dE=1.75e-01较大; 电荷密度收敛趋势规则: 电荷密度残差呈轻微稳定趋势(trend_score=0.001); 震荡检测规则: 严重震荡(比例=0.50),,True,,0.001096487045288086,5,100,True,"{""能量收敛趋势规则"": {""score"": 0.39999999999999997, ""weight"": 0.25, ""reason"": ""能量变化呈轻微稳定趋势(trend_score=0.005)，当前dE=1.75e-01较大""}, ""电荷密度收敛趋势规则"": {""score"": 0.7, ""weight"": 0.2, ""reason"": ""电荷密度残差呈轻微稳定趋势(trend_score=0.001)""}, ""震荡检测规则"": {""score"": 0.0, ""weight"": 0.15, ""reason"": ""严重震荡(比例=0.50)""}, ""收敛阈值规则"": {""score"": 0.7, ""weight"": 0.4, ""reason"": ""电荷密度已收敛(rms=2.25e-02<7e-02)，但能量未收敛(dE=1.75e-01)""}}",0.52
vasp-data-files/111100000100110100100000/OSZICAR,1,100,1,很可能收敛(得分=0.715)。详细: 能量收敛趋势规则: 能量变化呈轻微稳定趋势(trend_score=0.000); 电荷密度收敛趋势规则: 电荷密度残差呈轻微稳定趋势(trend_score=0.000); 震荡检测规则: 严重震荡(比例=0.50),,True,,0.0010645389556884766,6,100,True,"{""能量收敛趋势规则"": {""score"": 0.7, ""weight"": 0.25, ""reason"": ""能量变化呈轻微稳定趋势(trend_score=0.000)""}, ""电荷密度收敛趋势规则"": {""score"": 0.7, ""weight"": 0.2, ""reason"": ""电荷密度残差呈轻微稳定趋势(trend_score=0.000)""}, ""震荡检测规则"": {""score"": 0.0, ""weight"": 0.15, ""reason"": ""严重震荡(比例=0.50)""}, ""收敛阈值规则"": {""score"": 1.0, ""weight"": 0.4, ""reason"": ""已达到收敛标准(dE=1.44e-04<6e-03, rms=2.57e-03<7e-02)""}}",0.715
vasp-data-files/101001100101000010111111/OSZICAR,1,100,1,可能收敛(得分=0.535)。详细: 能量收敛趋势规则: 能量变化趋势不明确(trend_score=-0.000); 电荷密度收敛趋势规则: 电荷密度残差趋势不明确(trend_score=-0.001); 震荡检测规则: 严重震荡(比例=0.88),,True,,0.00112152099609375,5,100,True,"{""能量收敛趋势规则"": {""score"": 0.3, ""weight"": 0.25, ""reason"": ""能量变化趋势不明确(trend_score=-0.000)""}, ""电荷密度收敛趋势规则"": {""score"": 0.3, ""weight"": 0.2, ""reason"": ""电荷密度残差趋势不明确(trend_score=-0.001)""}, ""震荡检测规则"": {""score"": 0.0, ""weight"": 0.15, ""reason"": ""严重震荡(比例=0.88)""}, ""收敛阈值规则"": {""score"": 1.0, ""weight"": 0.4, ""reason"": ""已达到收敛标准(dE=7.11e-04<6e-03, rms=4.60e-03<7e-02)""}}",0.535
vasp-data-files/111100001101001111000001/OSZICAR,0,100,0,可能不收敛(得分=0.415)。详细: 能量收敛趋势规则: 能量变化趋势不明确(trend_score=-0.000); 电荷密度收敛趋势规则: 电荷密度残差趋势不明确(trend_score=-0.000); 震荡检测规则: 严重震荡(比例=0.62),,True,,0.0010836124420166016,4,100,True,"{""能量收敛趋势规则"": {""score"": 0.3, ""weight"": 0.25, ""reason"": ""能量变化趋势不明确(trend_score=-0.000)""}, ""电荷密度收敛趋势规则"": {""score"": 0.3, ""weight"": 0.2, ""reason"": ""电荷密度残差趋势不明确(trend_score=-0.000)""}, ""震荡检测规则"": {""score"": 0.0, ""weight"": 0.15, ""reason"": ""严重震荡(比例=0.62)""}, ""收敛阈值规则"": {""score"": 0.7, ""weight"": 0.4, ""reason"": ""电荷密度已收敛(rms=1.83e-02<7e-02)，但能量未收敛(dE=1.02e-02)""}}",0.415
vasp-data-files/101101100101000010111100/OSZICAR,1,100,1,很可能收敛(得分=0.715)。详细: 能量收敛趋势规则: 能量变化呈轻微稳定趋势(trend_score=0.000); 电荷密度收敛趋势规则: 电荷密度残差呈轻微稳定趋势(trend_score=0.000); 震荡检测规则: 严重震荡(比例=0.50),,True,,0.001051187515258789,6,100,True,"{""能量收敛趋势规则"": {""score"": 0.7, ""weight"": 0.25, ""reason"": ""能量变化呈轻微稳定趋势(trend_score=0.000)""}, ""电荷密度收敛趋势规则"": {""score"": 0.7, ""weight"": 0.2, ""reason"": ""电荷密度残差呈轻微稳定趋势(trend_score=0.000)""}, ""震荡检测规则"": {""score"": 0.0, ""weight"": 0.15, ""reason"": ""严重震荡(比例=0.50)""}, ""收敛阈值规则"": {""score"": 1.0, ""weight"": 0.4, ""reason"": ""已达到收敛标准(dE=5.98e-04<6e-03, rms=4.44e-03<7e-02)""}}",0.715
vasp-data-files/101101000001110010100001/OSZICAR,0,100,1,可能收敛(得分=0.515)。详细: 能量收敛趋势规则: 能量变化呈轻微稳定趋势(trend_score=0.000); 电荷密度收敛趋势规则: 电荷密度残差趋势不明确(trend_score=-0.001); 震荡检测规则: 严重震荡(比例=0.75),,True,,0.0010836124420166016,5,100,True,"{""能量收敛趋势规则"": {""score"": 0.7, ""weight"": 0.25, ""reason"": ""能量变化呈轻微稳定趋势(trend_score=0.000)""}, ""电荷密度收敛趋势规则"": {""score"": 0.3, ""weight"": 0.2, ""reason"": ""电荷密度残差趋势不明确(trend_score=-0.001)""}, ""震荡检测规则"": {""score"": 0.0, ""weight"": 0.15, ""reason"": ""严重震荡(比例=0.75)""}, ""收敛阈值规则"": {""score"": 0.7, ""weight"": 0.4, ""reason"": ""电荷密度已收敛(rms=1.87e-02<7e-02)，但能量未收敛(dE=6.86e-03)""}}",0.5149999999999999
vasp-data-files/101100000000111110000000/OSZICAR,1,100,1,很可能收敛(得分=0.765)。详细: 能量收敛趋势规则: 能量变化呈轻微稳定趋势(trend_score=0.000)，当前dE=2.53e-05很小; 电荷密度收敛趋势规则: 电荷密度残差呈轻微稳定趋势(trend_score=0.000); 震荡检测规则: 严重震荡(比例=0.88),,True,,0.0010378360748291016,7,100,True,"{""能量收敛趋势规则"": {""score"": 0.8999999999999999, ""weight"": 0.25, ""reason"": ""能量变化呈轻微稳定趋势(trend_score=0.000)，当前dE=2.53e-05很小""}, ""电荷密度收敛趋势规则"": {""score"": 0.7, ""weight"": 0.2, ""reason"": ""电荷密度残差呈轻微稳定趋势(trend_score=0.000)""}, ""震荡检测规则"": {""score"": 0.0, ""weight"": 0.15, ""reason"": ""严重震荡(比例=0.88)""}, ""收敛阈值规则"": {""score"": 1.0, ""weight"": 0.4, ""reason"": ""已达到收敛标准(dE=2.53e-05<6e-03, rms=1.08e-03<7e-02)""}}",0.765
vasp-data-files/100100100110110101111001/OSZICAR,0,100,1,可能收敛(得分=0.535)。详细: 能量收敛趋势规则: 能量变化趋势不明确(trend_score=-0.000); 电荷密度收敛趋势规则: 电荷密度残差趋势不明确(trend_score=-0.000); 震荡检测规则: 严重震荡(比例=0.50),,True,,0.0010938644409179688,5,100,True,"{""能量收敛趋势规则"": {""score"": 0.3, ""weight"": 0.25, ""reason"": ""能量变化趋势不明确(trend_score=-0.000)""}, ""电荷密度收敛趋势规则"": {""score"": 0.3, ""weight"": 0.2, ""reason"": ""电荷密度残差趋势不明确(trend_score=-0.000)""}, ""震荡检测规则"": {""score"": 0.0, ""weight"": 0.15, ""reason"": ""严重震荡(比例=0.50)""}, ""收敛阈值规则"": {""score"": 1.0, ""weight"": 0.4, ""reason"": ""已达到收敛标准(dE=1.29e-04<6e-03, rms=3.10e-03<7e-02)""}}",0.535
vasp-data-files/110100110011001101111001/OSZICAR,1,100,1,很可能收敛(得分=0.805)。详细: 能量收敛趋势规则: 能量变化呈轻微稳定趋势(trend_score=0.003)，当前dE=3.27e-05很小; 电荷密度收敛趋势规则: 电荷密度残差呈轻微稳定趋势(trend_score=0.002)，当前rms=3.80e-04很小; 震荡检测规则: 严重震荡(比例=0.50),,True,,0.0011115074157714844,7,100,True,"{""能量收敛趋势规则"": {""score"": 0.8999999999999999, ""weight"": 0.25, ""reason"": ""能量变化呈轻微稳定趋势(trend_score=0.003)，当前dE=3.27e-05很小""}, ""电荷密度收敛趋势规则"": {""score"": 0.8999999999999999, ""weight"": 0.2, ""reason"": ""电荷密度残差呈轻微稳定趋势(trend_score=0.002)，当前rms=3.80e-04很小""}, ""震荡检测规则"": {""score"": 0.0, ""weight"": 0.15, ""reason"": ""严重震荡(比例=0.50)""}, ""收敛阈值规则"": {""score"": 1.0, ""weight"": 0.4, ""reason"": ""已达到收敛标准(dE=3.27e-05<6e-03, rms=3.80e-04<7e-02)""}}",0.8049999999999999
vasp-data-files/101101111110111111010001/OSZICAR,0,100,0,可能不收敛(得分=0.415)。详细: 能量收敛趋势规则: 能量变化趋势不明确(trend_score=-0.001); 电荷密度收敛趋势规则: 电荷密度残差趋势不明确(trend_score=-0.005); 震荡检测规则: 严重震荡(比例=0.88),,True,,0.0010647773742675781,4,100,True,"{""能量收敛趋势规则"": {""score"": 0.3, ""weight"": 0.25, ""reason"": ""能量变化趋势不明确(trend_score=-0.001)""}, ""电荷密度收敛趋势规则"": {""score"": 0.3, ""weight"": 0.2, ""reason"": ""电荷密度残差趋势不明确(trend_score=-0.005)""}, ""震荡检测规则"": {""score"": 0.0, ""weight"": 0.15, ""reason"": ""严重震荡(比例=0.88)""}, ""收敛阈值规则"": {""score"": 0.7, ""weight"": 0.4, ""reason"": ""电荷密度已收敛(rms=2.95e-02<7e-02)，但能量未收敛(dE=1.63e-02)""}}",0.415
vasp-data-files/101011110001111111100100/OSZICAR,1,100,1,可能收敛(得分=0.515)。详细: 能量收敛趋势规则: 能量变化呈轻微稳定趋势(trend_score=0.000); 电荷密度收敛趋势规则: 电荷密度残差趋势不明确(trend_score=-0.000); 震荡检测规则: 严重震荡(比例=0.50),,True,,0.0010917186737060547,5,100,True,"{""能量收敛趋势规则"": {""score"": 0.7, ""weight"": 0.25, ""reason"": ""能量变化呈轻微稳定趋势(trend_score=0.000)""}, ""电荷密度收敛趋势规则"": {""score"": 0.3, ""weight"": 0.2, ""reason"": ""电荷密度残差趋势不明确(trend_score=-0.000)""}, ""震荡检测规则"": {""score"": 0.0, ""weight"": 0.15, ""reason"": ""严重震荡(比例=0.50)""}, ""收敛阈值规则"": {""score"": 0.7, ""weight"": 0.4, ""reason"": ""电荷密度已收敛(rms=2.46e-02<7e-02)，但能量未收敛(dE=2.84e-02)""}}",0.5149999999999999
vasp-data-files/110110101010000001111000/OSZICAR,1,100,1,可能收敛(得分=0.535)。详细: 能量收敛趋势规则: 能量变化趋势不明确(trend_score=-0.000); 电荷密度收敛趋势规则: 电荷密度残差趋势不明确(trend_score=-0.000); 震荡检测规则: 严重震荡(比例=0.62),,True,,0.0010874271392822266,5,100,True,"{""能量收敛趋势规则"": {""score"": 0.3, ""weight"": 0.25, ""reason"": ""能量变化趋势不明确(trend_score=-0.000)""}, ""电荷密度收敛趋势规则"": {""score"": 0.3, ""weight"": 0.2, ""reason"": ""电荷密度残差趋势不明确(trend_score=-0.000)""}, ""震荡检测规则"": {""score"": 0.0, ""weight"": 0.15, ""reason"": ""严重震荡(比例=0.62)""}, ""收敛阈值规则"": {""score"": 1.0, ""weight"": 0.4, ""reason"": ""已达到收敛标准(dE=9.15e-04<6e-03, rms=4.45e-03<7e-02)""}}",0.535
vasp-data-files/111110000001000000111110/OSZICAR,0,100,1,可能收敛(得分=0.690)。详细: 能量收敛趋势规则: 能量变化趋势不明确(trend_score=-0.000); 电荷密度收敛趋势规则: 电荷密度残差呈轻微稳定趋势(trend_score=0.000); 震荡检测规则: 存在一定震荡(比例=0.38),,True,,0.0010662078857421875,6,100,True,"{""能量收敛趋势规则"": {""score"": 0.3, ""weight"": 0.25, ""reason"": ""能量变化趋势不明确(trend_score=-0.000)""}, ""电荷密度收敛趋势规则"": {""score"": 0.7, ""weight"": 0.2, ""reason"": ""电荷密度残差呈轻微稳定趋势(trend_score=0.000)""}, ""震荡检测规则"": {""score"": 0.5, ""weight"": 0.15, ""reason"": ""存在一定震荡(比例=0.38)""}, ""收敛阈值规则"": {""score"": 1.0, ""weight"": 0.4, ""reason"": ""已达到收敛标准(dE=2.12e-03<6e-03, rms=4.75e-03<7e-02)""}}",0.69
vasp-data-files/101100000100111110000001/OSZICAR,0,100,0,很可能不收敛(得分=0.180)。详细: 能量收敛趋势规则: 能量变化趋势不明确(trend_score=-0.003)，当前dE=1.68e-01较大; 电荷密度收敛趋势规则: 电荷密度残差趋势不明确(trend_score=-0.000); 震荡检测规则: 严重震荡(比例=0.50),,True,,0.0011110305786132812,2,100,True,"{""能量收敛趋势规则"": {""score"": 0.0, ""weight"": 0.25, ""reason"": ""能量变化趋势不明确(trend_score=-0.003)，当前dE=1.68e-01较大""}, ""电荷密度收敛趋势规则"": {""score"": 0.3, ""weight"": 0.2, ""reason"": ""电荷密度残差趋势不明确(trend_score=-0.000)""}, ""震荡检测规则"": {""score"": 0.0, ""weight"": 0.15, ""reason"": ""严重震荡(比例=0.50)""}, ""收敛阈值规则"": {""score"": 0.3, ""weight"": 0.4, ""reason"": ""均未达到收敛标准(dE=1.68e-01, rms=7.29e-02)""}}",0.18
vasp-data-files/110010111011000101111111/OSZICAR,1,100,1,很可能收敛(得分=0.715)。详细: 能量收敛趋势规则: 能量变化呈轻微稳定趋势(trend_score=0.000); 电荷密度收敛趋势规则: 电荷密度残差呈轻微稳定趋势(trend_score=0.001); 震荡检测规则: 严重震荡(比例=0.62),,True,,0.0010669231414794922,6,100,True,"{""能量收敛趋势规则"": {""score"": 0.7, ""weight"": 0.25, ""reason"": ""能量变化呈轻微稳定趋势(trend_score=0.000)""}, ""电荷密度收敛趋势规则"": {""score"": 0.7, ""weight"": 0.2, ""reason"": ""电荷密度残差呈轻微稳定趋势(trend_score=0.001)""}, ""震荡检测规则"": {""score"": 0.0, ""weight"": 0.15, ""reason"": ""严重震荡(比例=0.62)""}, ""收敛阈值规则"": {""score"": 1.0, ""weight"": 0.4, ""reason"": ""已达到收敛标准(dE=1.57e-04<6e-03, rms=1.38e-03<7e-02)""}}",0.715
vasp-data-files/101001010100111010100000/OSZICAR,1,100,1,很可能收敛(得分=0.710)。详细: 能量收敛趋势规则: 能量变化呈轻微稳定趋势(trend_score=0.000); 电荷密度收敛趋势规则: 电荷密度残差趋势不明确(trend_score=-0.000); 震荡检测规则: 存在一定震荡(比例=0.38),,True,,0.0010514259338378906,6,100,True,"{""能量收敛趋势规则"": {""score"": 0.7, ""weight"": 0.25, ""reason"": ""能量变化呈轻微稳定趋势(trend_score=0.000)""}, ""电荷密度收敛趋势规则"": {""score"": 0.3, ""weight"": 0.2, ""reason"": ""电荷密度残差趋势不明确(trend_score=-0.000)""}, ""震荡检测规则"": {""score"": 0.5, ""weight"": 0.15, ""reason"": ""存在一定震荡(比例=0.38)""}, ""收敛阈值规则"": {""score"": 1.0, ""weight"": 0.4, ""reason"": ""已达到收敛标准(dE=2.87e-04<6e-03, rms=3.35e-03<7e-02)""}}",0.71
vasp-data-files/100011111100011010011110/OSZICAR,1,100,1,可能收敛(得分=0.635)。详细: 能量收敛趋势规则: 能量变化呈轻微稳定趋势(trend_score=0.000); 电荷密度收敛趋势规则: 电荷密度残差趋势不明确(trend_score=-0.000); 震荡检测规则: 严重震荡(比例=0.62),,True,,0.0010979175567626953,6,100,True,"{""能量收敛趋势规则"": {""score"": 0.7, ""weight"": 0.25, ""reason"": ""能量变化呈轻微稳定趋势(trend_score=0.000)""}, ""电荷密度收敛趋势规则"": {""score"": 0.3, ""weight"": 0.2, ""reason"": ""电荷密度残差趋势不明确(trend_score=-0.000)""}, ""震荡检测规则"": {""score"": 0.0, ""weight"": 0.15, ""reason"": ""严重震荡(比例=0.62)""}, ""收敛阈值规则"": {""score"": 1.0, ""weight"": 0.4, ""reason"": ""已达到收敛标准(dE=2.80e-04<6e-03, rms=4.61e-03<7e-02)""}}",0.635
vasp-data-files/110110100100000100110100/OSZICAR,1,100,1,可能收敛(得分=0.615)。详细: 能量收敛趋势规则: 能量变化趋势不明确(trend_score=-0.000); 电荷密度收敛趋势规则: 电荷密度残差呈轻微稳定趋势(trend_score=0.000); 震荡检测规则: 严重震荡(比例=0.75),,True,,0.0010714530944824219,6,100,True,"{""能量收敛趋势规则"": {""score"": 0.3, ""weight"": 0.25, ""reason"": ""能量变化趋势不明确(trend_score=-0.000)""}, ""电荷密度收敛趋势规则"": {""score"": 0.7, ""weight"": 0.2, ""reason"": ""电荷密度残差呈轻微稳定趋势(trend_score=0.000)""}, ""震荡检测规则"": {""score"": 0.0, ""weight"": 0.15, ""reason"": ""严重震荡(比例=0.75)""}, ""收敛阈值规则"": {""score"": 1.0, ""weight"": 0.4, ""reason"": ""已达到收敛标准(dE=1.97e-03<6e-03, rms=4.74e-03<7e-02)""}}",0.615
vasp-data-files/100101011101111011000011/OSZICAR,0,100,0,可能不收敛(得分=0.490)。详细: 能量收敛趋势规则: 能量变化趋势不明确(trend_score=-0.000); 电荷密度收敛趋势规则: 电荷密度残差趋势不明确(trend_score=-0.000); 震荡检测规则: 存在一定震荡(比例=0.38),,True,,0.0010635852813720703,4,100,True,"{""能量收敛趋势规则"": {""score"": 0.3, ""weight"": 0.25, ""reason"": ""能量变化趋势不明确(trend_score=-0.000)""}, ""电荷密度收敛趋势规则"": {""score"": 0.3, ""weight"": 0.2, ""reason"": ""电荷密度残差趋势不明确(trend_score=-0.000)""}, ""震荡检测规则"": {""score"": 0.5, ""weight"": 0.15, ""reason"": ""存在一定震荡(比例=0.38)""}, ""收敛阈值规则"": {""score"": 0.7, ""weight"": 0.4, ""reason"": ""电荷密度已收敛(rms=9.36e-03<7e-02)，但能量未收敛(dE=9.01e-03)""}}",0.49
vasp-data-files/100011011111000010111111/OSZICAR,0,100,0,可能不收敛(得分=0.415)。详细: 能量收敛趋势规则: 能量变化趋势不明确(trend_score=-0.008); 电荷密度收敛趋势规则: 电荷密度残差趋势不明确(trend_score=-0.001); 震荡检测规则: 严重震荡(比例=0.75),,True,,0.0010862350463867188,4,100,True,"{""能量收敛趋势规则"": {""score"": 0.3, ""weight"": 0.25, ""reason"": ""能量变化趋势不明确(trend_score=-0.008)""}, ""电荷密度收敛趋势规则"": {""score"": 0.3, ""weight"": 0.2, ""reason"": ""电荷密度残差趋势不明确(trend_score=-0.001)""}, ""震荡检测规则"": {""score"": 0.0, ""weight"": 0.15, ""reason"": ""严重震荡(比例=0.75)""}, ""收敛阈值规则"": {""score"": 0.7, ""weight"": 0.4, ""reason"": ""电荷密度已收敛(rms=2.75e-02<7e-02)，但能量未收敛(dE=5.88e-02)""}}",0.415
vasp-data-files/100001111100111101010011/OSZICAR,0,100,0,很可能不收敛(得分=0.340)。详细: 能量收敛趋势规则: 能量变化趋势不明确(trend_score=-0.000)，当前dE=1.89e-01较大; 电荷密度收敛趋势规则: 电荷密度残差趋势不明确(trend_score=-0.001); 震荡检测规则: 严重震荡(比例=0.75),,True,,0.0010554790496826172,3,100,True,"{""能量收敛趋势规则"": {""score"": 0.0, ""weight"": 0.25, ""reason"": ""能量变化趋势不明确(trend_score=-0.000)，当前dE=1.89e-01较大""}, ""电荷密度收敛趋势规则"": {""score"": 0.3, ""weight"": 0.2, ""reason"": ""电荷密度残差趋势不明确(trend_score=-0.001)""}, ""震荡检测规则"": {""score"": 0.0, ""weight"": 0.15, ""reason"": ""严重震荡(比例=0.75)""}, ""收敛阈值规则"": {""score"": 0.7, ""weight"": 0.4, ""reason"": ""电荷密度已收敛(rms=5.80e-02<7e-02)，但能量未收敛(dE=1.89e-01)""}}",0.33999999999999997
vasp-data-files/101001001111010011011111/OSZICAR,1,100,1,很可能收敛(得分=0.710)。详细: 能量收敛趋势规则: 能量变化呈轻微稳定趋势(trend_score=0.000); 电荷密度收敛趋势规则: 电荷密度残差趋势不明确(trend_score=-0.000); 震荡检测规则: 存在一定震荡(比例=0.38),,True,,0.0010938644409179688,6,100,True,"{""能量收敛趋势规则"": {""score"": 0.7, ""weight"": 0.25, ""reason"": ""能量变化呈轻微稳定趋势(trend_score=0.000)""}, ""电荷密度收敛趋势规则"": {""score"": 0.3, ""weight"": 0.2, ""reason"": ""电荷密度残差趋势不明确(trend_score=-0.000)""}, ""震荡检测规则"": {""score"": 0.5, ""weight"": 0.15, ""reason"": ""存在一定震荡(比例=0.38)""}, ""收敛阈值规则"": {""score"": 1.0, ""weight"": 0.4, ""reason"": ""已达到收敛标准(dE=2.61e-04<6e-03, rms=1.63e-03<7e-02)""}}",0.71
vasp-data-files/100001010111011100010001/OSZICAR,0,100,1,可能收敛(得分=0.535)。详细: 能量收敛趋势规则: 能量变化趋势不明确(trend_score=-0.000); 电荷密度收敛趋势规则: 电荷密度残差趋势不明确(trend_score=-0.000); 震荡检测规则: 严重震荡(比例=0.50),,True,,0.0010943412780761719,5,100,True,"{""能量收敛趋势规则"": {""score"": 0.3, ""weight"": 0.25, ""reason"": ""能量变化趋势不明确(trend_score=-0.000)""}, ""电荷密度收敛趋势规则"": {""score"": 0.3, ""weight"": 0.2, ""reason"": ""电荷密度残差趋势不明确(trend_score=-0.000)""}, ""震荡检测规则"": {""score"": 0.0, ""weight"": 0.15, ""reason"": ""严重震荡(比例=0.50)""}, ""收敛阈值规则"": {""score"": 1.0, ""weight"": 0.4, ""reason"": ""已达到收敛标准(dE=3.61e-03<6e-03, rms=8.82e-03<7e-02)""}}",0.535
vasp-data-files/100001110101000011011111/OSZICAR,0,100,1,很可能收敛(得分=0.715)。详细: 能量收敛趋势规则: 能量变化呈轻微稳定趋势(trend_score=0.000); 电荷密度收敛趋势规则: 电荷密度残差呈轻微稳定趋势(trend_score=0.001); 震荡检测规则: 严重震荡(比例=0.62),,True,,0.0010652542114257812,6,100,True,"{""能量收敛趋势规则"": {""score"": 0.7, ""weight"": 0.25, ""reason"": ""能量变化呈轻微稳定趋势(trend_score=0.000)""}, ""电荷密度收敛趋势规则"": {""score"": 0.7, ""weight"": 0.2, ""reason"": ""电荷密度残差呈轻微稳定趋势(trend_score=0.001)""}, ""震荡检测规则"": {""score"": 0.0, ""weight"": 0.15, ""reason"": ""严重震荡(比例=0.62)""}, ""收敛阈值规则"": {""score"": 1.0, ""weight"": 0.4, ""reason"": ""已达到收敛标准(dE=1.07e-04<6e-03, rms=9.04e-03<7e-02)""}}",0.715
vasp-data-files/111101000001001010110010/OSZICAR,1,100,1,可能收敛(得分=0.665)。详细: 能量收敛趋势规则: 能量变化趋势不明确(trend_score=-0.000)，当前dE=8.39e-05很小; 电荷密度收敛趋势规则: 电荷密度残差呈轻微稳定趋势(trend_score=0.001); 震荡检测规则: 严重震荡(比例=0.75),,True,,0.0010979175567626953,6,100,True,"{""能量收敛趋势规则"": {""score"": 0.5, ""weight"": 0.25, ""reason"": ""能量变化趋势不明确(trend_score=-0.000)，当前dE=8.39e-05很小""}, ""电荷密度收敛趋势规则"": {""score"": 0.7, ""weight"": 0.2, ""reason"": ""电荷密度残差呈轻微稳定趋势(trend_score=0.001)""}, ""震荡检测规则"": {""score"": 0.0, ""weight"": 0.15, ""reason"": ""严重震荡(比例=0.75)""}, ""收敛阈值规则"": {""score"": 1.0, ""weight"": 0.4, ""reason"": ""已达到收敛标准(dE=8.39e-05<6e-03, rms=1.42e-03<7e-02)""}}",0.665
vasp-data-files/101111001100010011100010/OSZICAR,1,100,1,很可能收敛(得分=0.715)。详细: 能量收敛趋势规则: 能量变化呈轻微稳定趋势(trend_score=0.000); 电荷密度收敛趋势规则: 电荷密度残差呈轻微稳定趋势(trend_score=0.008); 震荡检测规则: 严重震荡(比例=0.62),,True,,0.0010838508605957031,6,100,True,"{""能量收敛趋势规则"": {""score"": 0.7, ""weight"": 0.25, ""reason"": ""能量变化呈轻微稳定趋势(trend_score=0.000)""}, ""电荷密度收敛趋势规则"": {""score"": 0.7, ""weight"": 0.2, ""reason"": ""电荷密度残差呈轻微稳定趋势(trend_score=0.008)""}, ""震荡检测规则"": {""score"": 0.0, ""weight"": 0.15, ""reason"": ""严重震荡(比例=0.62)""}, ""收敛阈值规则"": {""score"": 1.0, ""weight"": 0.4, ""reason"": ""已达到收敛标准(dE=3.18e-03<6e-03, rms=4.19e-03<7e-02)""}}",0.715
vasp-data-files/111110001100010000100010/OSZICAR,1,100,0,可能不收敛(得分=0.415)。详细: 能量收敛趋势规则: 能量变化趋势不明确(trend_score=-0.000); 电荷密度收敛趋势规则: 电荷密度残差趋势不明确(trend_score=-0.000); 震荡检测规则: 严重震荡(比例=0.50),,True,,0.0010676383972167969,4,100,True,"{""能量收敛趋势规则"": {""score"": 0.3, ""weight"": 0.25, ""reason"": ""能量变化趋势不明确(trend_score=-0.000)""}, ""电荷密度收敛趋势规则"": {""score"": 0.3, ""weight"": 0.2, ""reason"": ""电荷密度残差趋势不明确(trend_score=-0.000)""}, ""震荡检测规则"": {""score"": 0.0, ""weight"": 0.15, ""reason"": ""严重震荡(比例=0.50)""}, ""收敛阈值规则"": {""score"": 0.7, ""weight"": 0.4, ""reason"": ""电荷密度已收敛(rms=2.80e-02<7e-02)，但能量未收敛(dE=5.40e-02)""}}",0.415
vasp-data-files/101100000001111100100000/OSZICAR,1,100,1,很可能收敛(得分=0.715)。详细: 能量收敛趋势规则: 能量变化呈轻微稳定趋势(trend_score=0.000); 电荷密度收敛趋势规则: 电荷密度残差呈轻微稳定趋势(trend_score=0.000); 震荡检测规则: 严重震荡(比例=0.62),,True,,0.0010960102081298828,6,100,True,"{""能量收敛趋势规则"": {""score"": 0.7, ""weight"": 0.25, ""reason"": ""能量变化呈轻微稳定趋势(trend_score=0.000)""}, ""电荷密度收敛趋势规则"": {""score"": 0.7, ""weight"": 0.2, ""reason"": ""电荷密度残差呈轻微稳定趋势(trend_score=0.000)""}, ""震荡检测规则"": {""score"": 0.0, ""weight"": 0.15, ""reason"": ""严重震荡(比例=0.62)""}, ""收敛阈值规则"": {""score"": 1.0, ""weight"": 0.4, ""reason"": ""已达到收敛标准(dE=7.74e-04<6e-03, rms=4.93e-03<7e-02)""}}",0.715
vasp-data-files/101011111001110010011110/OSZICAR,0,100,0,很可能不收敛(得分=0.255)。详细: 能量收敛趋势规则: 能量变化呈上升趋势，可能发散(trend_score=-0.095)，当前dE=4.10e-01较大; 电荷密度收敛趋势规则: 电荷密度残差趋势不明确(trend_score=-0.010); 震荡检测规则: 存在一定震荡(比例=0.38),,True,,0.0010862350463867188,2,100,True,"{""能量收敛趋势规则"": {""score"": 0.0, ""weight"": 0.25, ""reason"": ""能量变化呈上升趋势，可能发散(trend_score=-0.095)，当前dE=4.10e-01较大""}, ""电荷密度收敛趋势规则"": {""score"": 0.3, ""weight"": 0.2, ""reason"": ""电荷密度残差趋势不明确(trend_score=-0.010)""}, ""震荡检测规则"": {""score"": 0.5, ""weight"": 0.15, ""reason"": ""存在一定震荡(比例=0.38)""}, ""收敛阈值规则"": {""score"": 0.3, ""weight"": 0.4, ""reason"": ""均未达到收敛标准(dE=4.10e-01, rms=7.52e-02)""}}",0.255
vasp-data-files/111110001100010010111110/OSZICAR,0,100,1,可能收敛(得分=0.595)。详细: 能量收敛趋势规则: 能量变化呈轻微稳定趋势(trend_score=0.000); 电荷密度收敛趋势规则: 电荷密度残差呈轻微稳定趋势(trend_score=0.001); 震荡检测规则: 严重震荡(比例=0.62),,True,,0.0010564327239990234,5,100,True,"{""能量收敛趋势规则"": {""score"": 0.7, ""weight"": 0.25, ""reason"": ""能量变化呈轻微稳定趋势(trend_score=0.000)""}, ""电荷密度收敛趋势规则"": {""score"": 0.7, ""weight"": 0.2, ""reason"": ""电荷密度残差呈轻微稳定趋势(trend_score=0.001)""}, ""震荡检测规则"": {""score"": 0.0, ""weight"": 0.15, ""reason"": ""严重震荡(比例=0.62)""}, ""收敛阈值规则"": {""score"": 0.7, ""weight"": 0.4, ""reason"": ""电荷密度已收敛(rms=1.68e-02<7e-02)，但能量未收敛(dE=2.96e-02)""}}",0.595
vasp-data-files/101111000100011100100100/OSZICAR,1,100,0,可能不收敛(得分=0.415)。详细: 能量收敛趋势规则: 能量变化趋势不明确(trend_score=-0.000); 电荷密度收敛趋势规则: 电荷密度残差趋势不明确(trend_score=-0.000); 震荡检测规则: 严重震荡(比例=0.75),,True,,0.0011043548583984375,4,100,True,"{""能量收敛趋势规则"": {""score"": 0.3, ""weight"": 0.25, ""reason"": ""能量变化趋势不明确(trend_score=-0.000)""}, ""电荷密度收敛趋势规则"": {""score"": 0.3, ""weight"": 0.2, ""reason"": ""电荷密度残差趋势不明确(trend_score=-0.000)""}, ""震荡检测规则"": {""score"": 0.0, ""weight"": 0.15, ""reason"": ""严重震荡(比例=0.75)""}, ""收敛阈值规则"": {""score"": 0.7, ""weight"": 0.4, ""reason"": ""电荷密度已收敛(rms=7.25e-03<7e-02)，但能量未收敛(dE=1.04e-02)""}}",0.415
vasp-data-files/111100000111000001010110/OSZICAR,1,100,1,可能收敛(得分=0.595)。详细: 能量收敛趋势规则: 能量变化呈轻微稳定趋势(trend_score=0.009); 电荷密度收敛趋势规则: 电荷密度残差呈轻微下降趋势(trend_score=0.020); 震荡检测规则: 严重震荡(比例=0.62),,True,,0.0010709762573242188,5,100,True,"{""能量收敛趋势规则"": {""score"": 0.7, ""weight"": 0.25, ""reason"": ""能量变化呈轻微稳定趋势(trend_score=0.009)""}, ""电荷密度收敛趋势规则"": {""score"": 0.7, ""weight"": 0.2, ""reason"": ""电荷密度残差呈轻微下降趋势(trend_score=0.020)""}, ""震荡检测规则"": {""score"": 0.0, ""weight"": 0.15, ""reason"": ""严重震荡(比例=0.62)""}, ""收敛阈值规则"": {""score"": 0.7, ""weight"": 0.4, ""reason"": ""电荷密度已收敛(rms=1.24e-02<7e-02)，但能量未收敛(dE=4.15e-02)""}}",0.595
vasp-data-files/101101001100111000001000/OSZICAR,1,100,1,很可能收敛(得分=0.805)。详细: 能量收敛趋势规则: 能量变化呈轻微稳定趋势(trend_score=0.000)，当前dE=4.57e-05很小; 电荷密度收敛趋势规则: 电荷密度残差呈轻微稳定趋势(trend_score=0.000)，当前rms=8.10e-04很小; 震荡检测规则: 严重震荡(比例=0.50),,True,,0.0010652542114257812,7,100,True,"{""能量收敛趋势规则"": {""score"": 0.8999999999999999, ""weight"": 0.25, ""reason"": ""能量变化呈轻微稳定趋势(trend_score=0.000)，当前dE=4.57e-05很小""}, ""电荷密度收敛趋势规则"": {""score"": 0.8999999999999999, ""weight"": 0.2, ""reason"": ""电荷密度残差呈轻微稳定趋势(trend_score=0.000)，当前rms=8.10e-04很小""}, ""震荡检测规则"": {""score"": 0.0, ""weight"": 0.15, ""reason"": ""严重震荡(比例=0.50)""}, ""收敛阈值规则"": {""score"": 1.0, ""weight"": 0.4, ""reason"": ""已达到收敛标准(dE=4.57e-05<6e-03, rms=8.10e-04<7e-02)""}}",0.8049999999999999
vasp-data-files/101011110101101011011111/OSZICAR,0,100,0,可能不收敛(得分=0.490)。详细: 能量收敛趋势规则: 能量变化趋势不明确(trend_score=-0.000); 电荷密度收敛趋势规则: 电荷密度残差趋势不明确(trend_score=-0.001); 震荡检测规则: 存在一定震荡(比例=0.38),,True,,0.0010921955108642578,4,100,True,"{""能量收敛趋势规则"": {""score"": 0.3, ""weight"": 0.25, ""reason"": ""能量变化趋势不明确(trend_score=-0.000)""}, ""电荷密度收敛趋势规则"": {""score"": 0.3, ""weight"": 0.2, ""reason"": ""电荷密度残差趋势不明确(trend_score=-0.001)""}, ""震荡检测规则"": {""score"": 0.5, ""weight"": 0.15, ""reason"": ""存在一定震荡(比例=0.38)""}, ""收敛阈值规则"": {""score"": 0.7, ""weight"": 0.4, ""reason"": ""电荷密度已收敛(rms=3.09e-02<7e-02)，但能量未收敛(dE=4.23e-02)""}}",0.49
vasp-data-files/111110100000001100110001/OSZICAR,0,100,0,可能不收敛(得分=0.415)。详细: 能量收敛趋势规则: 能量变化趋势不明确(trend_score=-0.001); 电荷密度收敛趋势规则: 电荷密度残差趋势不明确(trend_score=-0.000); 震荡检测规则: 严重震荡(比例=0.62),,True,,0.0010526180267333984,4,100,True,"{""能量收敛趋势规则"": {""score"": 0.3, ""weight"": 0.25, ""reason"": ""能量变化趋势不明确(trend_score=-0.001)""}, ""电荷密度收敛趋势规则"": {""score"": 0.3, ""weight"": 0.2, ""reason"": ""电荷密度残差趋势不明确(trend_score=-0.000)""}, ""震荡检测规则"": {""score"": 0.0, ""weight"": 0.15, ""reason"": ""严重震荡(比例=0.62)""}, ""收敛阈值规则"": {""score"": 0.7, ""weight"": 0.4, ""reason"": ""电荷密度已收敛(rms=1.14e-02<7e-02)，但能量未收敛(dE=8.72e-03)""}}",0.415
vasp-data-files/100111100010001100011001/OSZICAR,1,100,1,可能收敛(得分=0.535)。详细: 能量收敛趋势规则: 能量变化趋势不明确(trend_score=-0.000); 电荷密度收敛趋势规则: 电荷密度残差趋势不明确(trend_score=-0.001); 震荡检测规则: 严重震荡(比例=0.50),,True,,0.0010814666748046875,5,100,True,"{""能量收敛趋势规则"": {""score"": 0.3, ""weight"": 0.25, ""reason"": ""能量变化趋势不明确(trend_score=-0.000)""}, ""电荷密度收敛趋势规则"": {""score"": 0.3, ""weight"": 0.2, ""reason"": ""电荷密度残差趋势不明确(trend_score=-0.001)""}, ""震荡检测规则"": {""score"": 0.0, ""weight"": 0.15, ""reason"": ""严重震荡(比例=0.50)""}, ""收敛阈值规则"": {""score"": 1.0, ""weight"": 0.4, ""reason"": ""已达到收敛标准(dE=4.76e-04<6e-03, rms=1.44e-02<7e-02)""}}",0.535
vasp-data-files/111110000100000000111110/OSZICAR,1,100,1,可能收敛(得分=0.690)。详细: 能量收敛趋势规则: 能量变化趋势不明确(trend_score=-0.000); 电荷密度收敛趋势规则: 电荷密度残差呈轻微稳定趋势(trend_score=0.000); 震荡检测规则: 存在一定震荡(比例=0.25),,True,,0.0010685920715332031,6,100,True,"{""能量收敛趋势规则"": {""score"": 0.3, ""weight"": 0.25, ""reason"": ""能量变化趋势不明确(trend_score=-0.000)""}, ""电荷密度收敛趋势规则"": {""score"": 0.7, ""weight"": 0.2, ""reason"": ""电荷密度残差呈轻微稳定趋势(trend_score=0.000)""}, ""震荡检测规则"": {""score"": 0.5, ""weight"": 0.15, ""reason"": ""存在一定震荡(比例=0.25)""}, ""收敛阈值规则"": {""score"": 1.0, ""weight"": 0.4, ""reason"": ""已达到收敛标准(dE=1.23e-03<6e-03, rms=1.64e-03<7e-02)""}}",0.69
vasp-data-files/110000011001000011111010/OSZICAR,1,100,1,很可能收敛(得分=0.715)。详细: 能量收敛趋势规则: 能量变化呈轻微稳定趋势(trend_score=0.000); 电荷密度收敛趋势规则: 电荷密度残差呈轻微稳定趋势(trend_score=0.000); 震荡检测规则: 严重震荡(比例=0.62),,True,,0.001065969467163086,6,100,True,"{""能量收敛趋势规则"": {""score"": 0.7, ""weight"": 0.25, ""reason"": ""能量变化呈轻微稳定趋势(trend_score=0.000)""}, ""电荷密度收敛趋势规则"": {""score"": 0.7, ""weight"": 0.2, ""reason"": ""电荷密度残差呈轻微稳定趋势(trend_score=0.000)""}, ""震荡检测规则"": {""score"": 0.0, ""weight"": 0.15, ""reason"": ""严重震荡(比例=0.62)""}, ""收敛阈值规则"": {""score"": 1.0, ""weight"": 0.4, ""reason"": ""已达到收敛标准(dE=5.10e-04<6e-03, rms=1.93e-03<7e-02)""}}",0.715
vasp-data-files/101011110001110011110101/OSZICAR,0,100,0,可能不收敛(得分=0.415)。详细: 能量收敛趋势规则: 能量变化趋势不明确(trend_score=-0.000); 电荷密度收敛趋势规则: 电荷密度残差趋势不明确(trend_score=-0.000); 震荡检测规则: 严重震荡(比例=0.88),,True,,0.0010890960693359375,4,100,True,"{""能量收敛趋势规则"": {""score"": 0.3, ""weight"": 0.25, ""reason"": ""能量变化趋势不明确(trend_score=-0.000)""}, ""电荷密度收敛趋势规则"": {""score"": 0.3, ""weight"": 0.2, ""reason"": ""电荷密度残差趋势不明确(trend_score=-0.000)""}, ""震荡检测规则"": {""score"": 0.0, ""weight"": 0.15, ""reason"": ""严重震荡(比例=0.88)""}, ""收敛阈值规则"": {""score"": 0.7, ""weight"": 0.4, ""reason"": ""电荷密度已收敛(rms=2.97e-02<7e-02)，但能量未收敛(dE=6.56e-02)""}}",0.415
vasp-data-files/111110001111111010110001/OSZICAR,0,100,1,可能收敛(得分=0.535)。详细: 能量收敛趋势规则: 能量变化趋势不明确(trend_score=-0.000); 电荷密度收敛趋势规则: 电荷密度残差趋势不明确(trend_score=-0.000); 震荡检测规则: 严重震荡(比例=0.50),,True,,0.0010943412780761719,5,100,True,"{""能量收敛趋势规则"": {""score"": 0.3, ""weight"": 0.25, ""reason"": ""能量变化趋势不明确(trend_score=-0.000)""}, ""电荷密度收敛趋势规则"": {""score"": 0.3, ""weight"": 0.2, ""reason"": ""电荷密度残差趋势不明确(trend_score=-0.000)""}, ""震荡检测规则"": {""score"": 0.0, ""weight"": 0.15, ""reason"": ""严重震荡(比例=0.50)""}, ""收敛阈值规则"": {""score"": 1.0, ""weight"": 0.4, ""reason"": ""已达到收敛标准(dE=1.53e-04<6e-03, rms=1.25e-03<7e-02)""}}",0.535
vasp-data-files/101110000100111110100000/OSZICAR,0,100,1,很可能收敛(得分=0.715)。详细: 能量收敛趋势规则: 能量变化呈轻微稳定趋势(trend_score=0.005); 电荷密度收敛趋势规则: 电荷密度残差呈轻微稳定趋势(trend_score=0.000); 震荡检测规则: 严重震荡(比例=0.50),,True,,0.0010585784912109375,6,100,True,"{""能量收敛趋势规则"": {""score"": 0.7, ""weight"": 0.25, ""reason"": ""能量变化呈轻微稳定趋势(trend_score=0.005)""}, ""电荷密度收敛趋势规则"": {""score"": 0.7, ""weight"": 0.2, ""reason"": ""电荷密度残差呈轻微稳定趋势(trend_score=0.000)""}, ""震荡检测规则"": {""score"": 0.0, ""weight"": 0.15, ""reason"": ""严重震荡(比例=0.50)""}, ""收敛阈值规则"": {""score"": 1.0, ""weight"": 0.4, ""reason"": ""已达到收敛标准(dE=2.86e-03<6e-03, rms=1.18e-02<7e-02)""}}",0.715
vasp-data-files/110010110010100111010001/OSZICAR,1,100,1,可能收敛(得分=0.535)。详细: 能量收敛趋势规则: 能量变化趋势不明确(trend_score=-0.000); 电荷密度收敛趋势规则: 电荷密度残差趋势不明确(trend_score=-0.000); 震荡检测规则: 严重震荡(比例=0.62),,True,,0.0010938644409179688,5,100,True,"{""能量收敛趋势规则"": {""score"": 0.3, ""weight"": 0.25, ""reason"": ""能量变化趋势不明确(trend_score=-0.000)""}, ""电荷密度收敛趋势规则"": {""score"": 0.3, ""weight"": 0.2, ""reason"": ""电荷密度残差趋势不明确(trend_score=-0.000)""}, ""震荡检测规则"": {""score"": 0.0, ""weight"": 0.15, ""reason"": ""严重震荡(比例=0.62)""}, ""收敛阈值规则"": {""score"": 1.0, ""weight"": 0.4, ""reason"": ""已达到收敛标准(dE=8.95e-04<6e-03, rms=3.76e-03<7e-02)""}}",0.535
vasp-data-files/101011010110110010010100/OSZICAR,0,100,1,很可能收敛(得分=0.790)。详细: 能量收敛趋势规则: 能量变化呈轻微稳定趋势(trend_score=0.003); 电荷密度收敛趋势规则: 电荷密度残差呈轻微稳定趋势(trend_score=0.001); 震荡检测规则: 存在一定震荡(比例=0.38),,True,,0.001079559326171875,7,100,True,"{""能量收敛趋势规则"": {""score"": 0.7, ""weight"": 0.25, ""reason"": ""能量变化呈轻微稳定趋势(trend_score=0.003)""}, ""电荷密度收敛趋势规则"": {""score"": 0.7, ""weight"": 0.2, ""reason"": ""电荷密度残差呈轻微稳定趋势(trend_score=0.001)""}, ""震荡检测规则"": {""score"": 0.5, ""weight"": 0.15, ""reason"": ""存在一定震荡(比例=0.38)""}, ""收敛阈值规则"": {""score"": 1.0, ""weight"": 0.4, ""reason"": ""已达到收敛标准(dE=5.75e-03<6e-03, rms=6.61e-03<7e-02)""}}",0.79
vasp-data-files/111111000001000000111010/OSZICAR,1,100,1,很可能收敛(得分=0.840)。详细: 能量收敛趋势规则: 能量变化呈轻微稳定趋势(trend_score=0.000)，当前dE=1.25e-05很小; 电荷密度收敛趋势规则: 电荷密度残差呈轻微稳定趋势(trend_score=0.000); 震荡检测规则: 存在一定震荡(比例=0.38),,True,,0.0010633468627929688,8,100,True,"{""能量收敛趋势规则"": {""score"": 0.8999999999999999, ""weight"": 0.25, ""reason"": ""能量变化呈轻微稳定趋势(trend_score=0.000)，当前dE=1.25e-05很小""}, ""电荷密度收敛趋势规则"": {""score"": 0.7, ""weight"": 0.2, ""reason"": ""电荷密度残差呈轻微稳定趋势(trend_score=0.000)""}, ""震荡检测规则"": {""score"": 0.5, ""weight"": 0.15, ""reason"": ""存在一定震荡(比例=0.38)""}, ""收敛阈值规则"": {""score"": 1.0, ""weight"": 0.4, ""reason"": ""已达到收敛标准(dE=1.25e-05<6e-03, rms=4.24e-03<7e-02)""}}",0.8400000000000001
vasp-data-files/101001110111111111000001/OSZICAR,0,100,1,可能收敛(得分=0.595)。详细: 能量收敛趋势规则: 能量变化呈轻微稳定趋势(trend_score=0.000); 电荷密度收敛趋势规则: 电荷密度残差呈轻微稳定趋势(trend_score=0.002); 震荡检测规则: 严重震荡(比例=0.88),,True,,0.0011043548583984375,5,100,True,"{""能量收敛趋势规则"": {""score"": 0.7, ""weight"": 0.25, ""reason"": ""能量变化呈轻微稳定趋势(trend_score=0.000)""}, ""电荷密度收敛趋势规则"": {""score"": 0.7, ""weight"": 0.2, ""reason"": ""电荷密度残差呈轻微稳定趋势(trend_score=0.002)""}, ""震荡检测规则"": {""score"": 0.0, ""weight"": 0.15, ""reason"": ""严重震荡(比例=0.88)""}, ""收敛阈值规则"": {""score"": 0.7, ""weight"": 0.4, ""reason"": ""电荷密度已收敛(rms=1.15e-02<7e-02)，但能量未收敛(dE=8.50e-03)""}}",0.595
vasp-data-files/110010111011100011111101/OSZICAR,1,100,1,可能收敛(得分=0.535)。详细: 能量收敛趋势规则: 能量变化趋势不明确(trend_score=-0.001); 电荷密度收敛趋势规则: 电荷密度残差趋势不明确(trend_score=-0.001); 震荡检测规则: 严重震荡(比例=0.62),,True,,0.0010690689086914062,5,100,True,"{""能量收敛趋势规则"": {""score"": 0.3, ""weight"": 0.25, ""reason"": ""能量变化趋势不明确(trend_score=-0.001)""}, ""电荷密度收敛趋势规则"": {""score"": 0.3, ""weight"": 0.2, ""reason"": ""电荷密度残差趋势不明确(trend_score=-0.001)""}, ""震荡检测规则"": {""score"": 0.0, ""weight"": 0.15, ""reason"": ""严重震荡(比例=0.62)""}, ""收敛阈值规则"": {""score"": 1.0, ""weight"": 0.4, ""reason"": ""已达到收敛标准(dE=5.33e-03<6e-03, rms=6.76e-03<7e-02)""}}",0.535
vasp-data-files/101100000101000011101101/OSZICAR,1,100,0,可能不收敛(得分=0.415)。详细: 能量收敛趋势规则: 能量变化趋势不明确(trend_score=-0.000); 电荷密度收敛趋势规则: 电荷密度残差趋势不明确(trend_score=-0.001); 震荡检测规则: 严重震荡(比例=0.62),,True,,0.0010499954223632812,4,100,True,"{""能量收敛趋势规则"": {""score"": 0.3, ""weight"": 0.25, ""reason"": ""能量变化趋势不明确(trend_score=-0.000)""}, ""电荷密度收敛趋势规则"": {""score"": 0.3, ""weight"": 0.2, ""reason"": ""电荷密度残差趋势不明确(trend_score=-0.001)""}, ""震荡检测规则"": {""score"": 0.0, ""weight"": 0.15, ""reason"": ""严重震荡(比例=0.62)""}, ""收敛阈值规则"": {""score"": 0.7, ""weight"": 0.4, ""reason"": ""电荷密度已收敛(rms=8.94e-03<7e-02)，但能量未收敛(dE=9.33e-03)""}}",0.415
vasp-data-files/101100110010100101111101/OSZICAR,0,100,1,可能收敛(得分=0.595)。详细: 能量收敛趋势规则: 能量变化呈轻微稳定趋势(trend_score=0.000); 电荷密度收敛趋势规则: 电荷密度残差呈轻微稳定趋势(trend_score=0.008); 震荡检测规则: 严重震荡(比例=0.75),,True,,0.0011010169982910156,5,100,True,"{""能量收敛趋势规则"": {""score"": 0.7, ""weight"": 0.25, ""reason"": ""能量变化呈轻微稳定趋势(trend_score=0.000)""}, ""电荷密度收敛趋势规则"": {""score"": 0.7, ""weight"": 0.2, ""reason"": ""电荷密度残差呈轻微稳定趋势(trend_score=0.008)""}, ""震荡检测规则"": {""score"": 0.0, ""weight"": 0.15, ""reason"": ""严重震荡(比例=0.75)""}, ""收敛阈值规则"": {""score"": 0.7, ""weight"": 0.4, ""reason"": ""电荷密度已收敛(rms=9.68e-03<7e-02)，但能量未收敛(dE=1.09e-02)""}}",0.595
vasp-data-files/101111100110001111111101/OSZICAR,1,100,0,可能不收敛(得分=0.415)。详细: 能量收敛趋势规则: 能量变化趋势不明确(trend_score=-0.000)，当前dE=1.16e-01较大; 电荷密度收敛趋势规则: 电荷密度残差趋势不明确(trend_score=-0.002); 震荡检测规则: 存在一定震荡(比例=0.38),,True,,0.0010471343994140625,4,100,True,"{""能量收敛趋势规则"": {""score"": 0.0, ""weight"": 0.25, ""reason"": ""能量变化趋势不明确(trend_score=-0.000)，当前dE=1.16e-01较大""}, ""电荷密度收敛趋势规则"": {""score"": 0.3, ""weight"": 0.2, ""reason"": ""电荷密度残差趋势不明确(trend_score=-0.002)""}, ""震荡检测规则"": {""score"": 0.5, ""weight"": 0.15, ""reason"": ""存在一定震荡(比例=0.38)""}, ""收敛阈值规则"": {""score"": 0.7, ""weight"": 0.4, ""reason"": ""电荷密度已收敛(rms=6.24e-02<7e-02)，但能量未收敛(dE=1.16e-01)""}}",0.415
vasp-data-files/101000111001111010100100/OSZICAR,1,100,1,可能收敛(得分=0.610)。详细: 能量收敛趋势规则: 能量变化趋势不明确(trend_score=-0.000); 电荷密度收敛趋势规则: 电荷密度残差趋势不明确(trend_score=-0.000); 震荡检测规则: 存在一定震荡(比例=0.25),,True,,0.0011029243469238281,5,100,True,"{""能量收敛趋势规则"": {""score"": 0.3, ""weight"": 0.25, ""reason"": ""能量变化趋势不明确(trend_score=-0.000)""}, ""电荷密度收敛趋势规则"": {""score"": 0.3, ""weight"": 0.2, ""reason"": ""电荷密度残差趋势不明确(trend_score=-0.000)""}, ""震荡检测规则"": {""score"": 0.5, ""weight"": 0.15, ""reason"": ""存在一定震荡(比例=0.25)""}, ""收敛阈值规则"": {""score"": 1.0, ""weight"": 0.4, ""reason"": ""已达到收敛标准(dE=2.95e-03<6e-03, rms=8.83e-03<7e-02)""}}",0.6100000000000001
vasp-data-files/101111101101011010111100/OSZICAR,1,100,1,很可能收敛(得分=0.760)。详细: 能量收敛趋势规则: 能量变化呈轻微稳定趋势(trend_score=0.000)，当前dE=1.39e-05很小; 电荷密度收敛趋势规则: 电荷密度残差趋势不明确(trend_score=-0.000); 震荡检测规则: 存在一定震荡(比例=0.38),,True,,0.0010938644409179688,7,100,True,"{""能量收敛趋势规则"": {""score"": 0.8999999999999999, ""weight"": 0.25, ""reason"": ""能量变化呈轻微稳定趋势(trend_score=0.000)，当前dE=1.39e-05很小""}, ""电荷密度收敛趋势规则"": {""score"": 0.3, ""weight"": 0.2, ""reason"": ""电荷密度残差趋势不明确(trend_score=-0.000)""}, ""震荡检测规则"": {""score"": 0.5, ""weight"": 0.15, ""reason"": ""存在一定震荡(比例=0.38)""}, ""收敛阈值规则"": {""score"": 1.0, ""weight"": 0.4, ""reason"": ""已达到收敛标准(dE=1.39e-05<6e-03, rms=1.03e-03<7e-02)""}}",0.76
vasp-data-files/101010110001111110100100/OSZICAR,1,100,1,可能收敛(得分=0.535)。详细: 能量收敛趋势规则: 能量变化趋势不明确(trend_score=-0.000); 电荷密度收敛趋势规则: 电荷密度残差趋势不明确(trend_score=-0.000); 震荡检测规则: 严重震荡(比例=0.62),,True,,0.0010538101196289062,5,100,True,"{""能量收敛趋势规则"": {""score"": 0.3, ""weight"": 0.25, ""reason"": ""能量变化趋势不明确(trend_score=-0.000)""}, ""电荷密度收敛趋势规则"": {""score"": 0.3, ""weight"": 0.2, ""reason"": ""电荷密度残差趋势不明确(trend_score=-0.000)""}, ""震荡检测规则"": {""score"": 0.0, ""weight"": 0.15, ""reason"": ""严重震荡(比例=0.62)""}, ""收敛阈值规则"": {""score"": 1.0, ""weight"": 0.4, ""reason"": ""已达到收敛标准(dE=2.12e-04<6e-03, rms=2.60e-03<7e-02)""}}",0.535
vasp-data-files/100011111010101011011111/OSZICAR,0,100,1,很可能收敛(得分=0.790)。详细: 能量收敛趋势规则: 能量变化呈轻微稳定趋势(trend_score=0.000); 电荷密度收敛趋势规则: 电荷密度残差呈轻微稳定趋势(trend_score=0.002); 震荡检测规则: 存在一定震荡(比例=0.38),,True,,0.001096487045288086,7,100,True,"{""能量收敛趋势规则"": {""score"": 0.7, ""weight"": 0.25, ""reason"": ""能量变化呈轻微稳定趋势(trend_score=0.000)""}, ""电荷密度收敛趋势规则"": {""score"": 0.7, ""weight"": 0.2, ""reason"": ""电荷密度残差呈轻微稳定趋势(trend_score=0.002)""}, ""震荡检测规则"": {""score"": 0.5, ""weight"": 0.15, ""reason"": ""存在一定震荡(比例=0.38)""}, ""收敛阈值规则"": {""score"": 1.0, ""weight"": 0.4, ""reason"": ""已达到收敛标准(dE=1.39e-03<6e-03, rms=4.30e-03<7e-02)""}}",0.79
vasp-data-files/100101100000111110110101/OSZICAR,1,100,0,可能不收敛(得分=0.495)。详细: 能量收敛趋势规则: 能量变化趋势不明确(trend_score=-0.001); 电荷密度收敛趋势规则: 电荷密度残差呈轻微稳定趋势(trend_score=0.001); 震荡检测规则: 严重震荡(比例=0.75),,True,,0.0010924339294433594,4,100,True,"{""能量收敛趋势规则"": {""score"": 0.3, ""weight"": 0.25, ""reason"": ""能量变化趋势不明确(trend_score=-0.001)""}, ""电荷密度收敛趋势规则"": {""score"": 0.7, ""weight"": 0.2, ""reason"": ""电荷密度残差呈轻微稳定趋势(trend_score=0.001)""}, ""震荡检测规则"": {""score"": 0.0, ""weight"": 0.15, ""reason"": ""严重震荡(比例=0.75)""}, ""收敛阈值规则"": {""score"": 0.7, ""weight"": 0.4, ""reason"": ""电荷密度已收敛(rms=9.60e-03<7e-02)，但能量未收敛(dE=8.88e-03)""}}",0.49499999999999994
vasp-data-files/111110010100011100110010/OSZICAR,0,100,1,可能收敛(得分=0.635)。详细: 能量收敛趋势规则: 能量变化呈轻微稳定趋势(trend_score=0.000); 电荷密度收敛趋势规则: 电荷密度残差趋势不明确(trend_score=-0.001); 震荡检测规则: 严重震荡(比例=0.62),,True,,0.001056671142578125,6,100,True,"{""能量收敛趋势规则"": {""score"": 0.7, ""weight"": 0.25, ""reason"": ""能量变化呈轻微稳定趋势(trend_score=0.000)""}, ""电荷密度收敛趋势规则"": {""score"": 0.3, ""weight"": 0.2, ""reason"": ""电荷密度残差趋势不明确(trend_score=-0.001)""}, ""震荡检测规则"": {""score"": 0.0, ""weight"": 0.15, ""reason"": ""严重震荡(比例=0.62)""}, ""收敛阈值规则"": {""score"": 1.0, ""weight"": 0.4, ""reason"": ""已达到收敛标准(dE=2.56e-03<6e-03, rms=1.11e-02<7e-02)""}}",0.635
vasp-data-files/101011110000111010100101/OSZICAR,0,100,1,可能收敛(得分=0.595)。详细: 能量收敛趋势规则: 能量变化呈轻微稳定趋势(trend_score=0.000); 电荷密度收敛趋势规则: 电荷密度残差呈轻微稳定趋势(trend_score=0.000); 震荡检测规则: 严重震荡(比例=0.88),,True,,0.0010976791381835938,5,100,True,"{""能量收敛趋势规则"": {""score"": 0.7, ""weight"": 0.25, ""reason"": ""能量变化呈轻微稳定趋势(trend_score=0.000)""}, ""电荷密度收敛趋势规则"": {""score"": 0.7, ""weight"": 0.2, ""reason"": ""电荷密度残差呈轻微稳定趋势(trend_score=0.000)""}, ""震荡检测规则"": {""score"": 0.0, ""weight"": 0.15, ""reason"": ""严重震荡(比例=0.88)""}, ""收敛阈值规则"": {""score"": 0.7, ""weight"": 0.4, ""reason"": ""电荷密度已收敛(rms=3.33e-02<7e-02)，但能量未收敛(dE=8.21e-02)""}}",0.595
vasp-data-files/110000101000000110101100/OSZICAR,0,100,0,可能不收敛(得分=0.415)。详细: 能量收敛趋势规则: 能量变化趋势不明确(trend_score=-0.005); 电荷密度收敛趋势规则: 电荷密度残差趋势不明确(trend_score=-0.002); 震荡检测规则: 严重震荡(比例=0.75),,True,,0.0011038780212402344,4,100,True,"{""能量收敛趋势规则"": {""score"": 0.3, ""weight"": 0.25, ""reason"": ""能量变化趋势不明确(trend_score=-0.005)""}, ""电荷密度收敛趋势规则"": {""score"": 0.3, ""weight"": 0.2, ""reason"": ""电荷密度残差趋势不明确(trend_score=-0.002)""}, ""震荡检测规则"": {""score"": 0.0, ""weight"": 0.15, ""reason"": ""严重震荡(比例=0.75)""}, ""收敛阈值规则"": {""score"": 0.7, ""weight"": 0.4, ""reason"": ""电荷密度已收敛(rms=2.24e-02<7e-02)，但能量未收敛(dE=3.59e-02)""}}",0.415
vasp-data-files/101011100101001010111110/OSZICAR,0,100,0,可能不收敛(得分=0.490)。详细: 能量收敛趋势规则: 能量变化趋势不明确(trend_score=-0.000); 电荷密度收敛趋势规则: 电荷密度残差趋势不明确(trend_score=-0.000); 震荡检测规则: 存在一定震荡(比例=0.25),,True,,0.0010976791381835938,4,100,True,"{""能量收敛趋势规则"": {""score"": 0.3, ""weight"": 0.25, ""reason"": ""能量变化趋势不明确(trend_score=-0.000)""}, ""电荷密度收敛趋势规则"": {""score"": 0.3, ""weight"": 0.2, ""reason"": ""电荷密度残差趋势不明确(trend_score=-0.000)""}, ""震荡检测规则"": {""score"": 0.5, ""weight"": 0.15, ""reason"": ""存在一定震荡(比例=0.25)""}, ""收敛阈值规则"": {""score"": 0.7, ""weight"": 0.4, ""reason"": ""电荷密度已收敛(rms=8.69e-03<7e-02)，但能量未收敛(dE=7.09e-03)""}}",0.49
vasp-data-files/110010111010000010101010/OSZICAR,0,100,1,可能收敛(得分=0.535)。详细: 能量收敛趋势规则: 能量变化趋势不明确(trend_score=-0.000); 电荷密度收敛趋势规则: 电荷密度残差趋势不明确(trend_score=-0.001); 震荡检测规则: 严重震荡(比例=0.62),,True,,0.0011031627655029297,5,100,True,"{""能量收敛趋势规则"": {""score"": 0.3, ""weight"": 0.25, ""reason"": ""能量变化趋势不明确(trend_score=-0.000)""}, ""电荷密度收敛趋势规则"": {""score"": 0.3, ""weight"": 0.2, ""reason"": ""电荷密度残差趋势不明确(trend_score=-0.001)""}, ""震荡检测规则"": {""score"": 0.0, ""weight"": 0.15, ""reason"": ""严重震荡(比例=0.62)""}, ""收敛阈值规则"": {""score"": 1.0, ""weight"": 0.4, ""reason"": ""已达到收敛标准(dE=4.57e-03<6e-03, rms=7.91e-03<7e-02)""}}",0.535
vasp-data-files/111110000001011110100000/OSZICAR,1,100,1,可能收敛(得分=0.535)。详细: 能量收敛趋势规则: 能量变化趋势不明确(trend_score=-0.000); 电荷密度收敛趋势规则: 电荷密度残差趋势不明确(trend_score=-0.000); 震荡检测规则: 严重震荡(比例=0.50),,True,,0.001066446304321289,5,100,True,"{""能量收敛趋势规则"": {""score"": 0.3, ""weight"": 0.25, ""reason"": ""能量变化趋势不明确(trend_score=-0.000)""}, ""电荷密度收敛趋势规则"": {""score"": 0.3, ""weight"": 0.2, ""reason"": ""电荷密度残差趋势不明确(trend_score=-0.000)""}, ""震荡检测规则"": {""score"": 0.0, ""weight"": 0.15, ""reason"": ""严重震荡(比例=0.50)""}, ""收敛阈值规则"": {""score"": 1.0, ""weight"": 0.4, ""reason"": ""已达到收敛标准(dE=1.53e-04<6e-03, rms=2.00e-03<7e-02)""}}",0.535
vasp-data-files/100100010110111001001000/OSZICAR,1,100,0,可能不收敛(得分=0.415)。详细: 能量收敛趋势规则: 能量变化趋势不明确(trend_score=-0.000); 电荷密度收敛趋势规则: 电荷密度残差趋势不明确(trend_score=-0.001); 震荡检测规则: 严重震荡(比例=0.75),,True,,0.001065969467163086,4,100,True,"{""能量收敛趋势规则"": {""score"": 0.3, ""weight"": 0.25, ""reason"": ""能量变化趋势不明确(trend_score=-0.000)""}, ""电荷密度收敛趋势规则"": {""score"": 0.3, ""weight"": 0.2, ""reason"": ""电荷密度残差趋势不明确(trend_score=-0.001)""}, ""震荡检测规则"": {""score"": 0.0, ""weight"": 0.15, ""reason"": ""严重震荡(比例=0.75)""}, ""收敛阈值规则"": {""score"": 0.7, ""weight"": 0.4, ""reason"": ""电荷密度已收敛(rms=1.19e-02<7e-02)，但能量未收敛(dE=9.13e-03)""}}",0.415
vasp-data-files/101110000101000001101111/OSZICAR,1,100,1,可能收敛(得分=0.535)。详细: 能量收敛趋势规则: 能量变化趋势不明确(trend_score=-0.000); 电荷密度收敛趋势规则: 电荷密度残差趋势不明确(trend_score=-0.000); 震荡检测规则: 严重震荡(比例=0.62),,True,,0.0010852813720703125,5,100,True,"{""能量收敛趋势规则"": {""score"": 0.3, ""weight"": 0.25, ""reason"": ""能量变化趋势不明确(trend_score=-0.000)""}, ""电荷密度收敛趋势规则"": {""score"": 0.3, ""weight"": 0.2, ""reason"": ""电荷密度残差趋势不明确(trend_score=-0.000)""}, ""震荡检测规则"": {""score"": 0.0, ""weight"": 0.15, ""reason"": ""严重震荡(比例=0.62)""}, ""收敛阈值规则"": {""score"": 1.0, ""weight"": 0.4, ""reason"": ""已达到收敛标准(dE=1.55e-03<6e-03, rms=3.69e-03<7e-02)""}}",0.535
vasp-data-files/101100000101110010100000/OSZICAR,1,100,1,可能收敛(得分=0.535)。详细: 能量收敛趋势规则: 能量变化趋势不明确(trend_score=-0.000); 电荷密度收敛趋势规则: 电荷密度残差趋势不明确(trend_score=-0.000); 震荡检测规则: 严重震荡(比例=0.88),,True,,0.0010530948638916016,5,100,True,"{""能量收敛趋势规则"": {""score"": 0.3, ""weight"": 0.25, ""reason"": ""能量变化趋势不明确(trend_score=-0.000)""}, ""电荷密度收敛趋势规则"": {""score"": 0.3, ""weight"": 0.2, ""reason"": ""电荷密度残差趋势不明确(trend_score=-0.000)""}, ""震荡检测规则"": {""score"": 0.0, ""weight"": 0.15, ""reason"": ""严重震荡(比例=0.88)""}, ""收敛阈值规则"": {""score"": 1.0, ""weight"": 0.4, ""reason"": ""已达到收敛标准(dE=1.69e-04<6e-03, rms=1.05e-03<7e-02)""}}",0.535
vasp-data-files/111101111011110011111000/OSZICAR,1,100,0,可能不收敛(得分=0.495)。详细: 能量收敛趋势规则: 能量变化趋势不明确(trend_score=-0.000); 电荷密度收敛趋势规则: 电荷密度残差呈轻微稳定趋势(trend_score=0.000); 震荡检测规则: 严重震荡(比例=0.62),,True,,0.0010950565338134766,4,100,True,"{""能量收敛趋势规则"": {""score"": 0.3, ""weight"": 0.25, ""reason"": ""能量变化趋势不明确(trend_score=-0.000)""}, ""电荷密度收敛趋势规则"": {""score"": 0.7, ""weight"": 0.2, ""reason"": ""电荷密度残差呈轻微稳定趋势(trend_score=0.000)""}, ""震荡检测规则"": {""score"": 0.0, ""weight"": 0.15, ""reason"": ""严重震荡(比例=0.62)""}, ""收敛阈值规则"": {""score"": 0.7, ""weight"": 0.4, ""reason"": ""电荷密度已收敛(rms=1.11e-02<7e-02)，但能量未收敛(dE=1.92e-02)""}}",0.49499999999999994
vasp-data-files/111110000000010000110110/OSZICAR,1,100,1,可能收敛(得分=0.535)。详细: 能量收敛趋势规则: 能量变化趋势不明确(trend_score=-0.000); 电荷密度收敛趋势规则: 电荷密度残差趋势不明确(trend_score=-0.001); 震荡检测规则: 严重震荡(比例=0.62),,True,,0.0011050701141357422,5,100,True,"{""能量收敛趋势规则"": {""score"": 0.3, ""weight"": 0.25, ""reason"": ""能量变化趋势不明确(trend_score=-0.000)""}, ""电荷密度收敛趋势规则"": {""score"": 0.3, ""weight"": 0.2, ""reason"": ""电荷密度残差趋势不明确(trend_score=-0.001)""}, ""震荡检测规则"": {""score"": 0.0, ""weight"": 0.15, ""reason"": ""严重震荡(比例=0.62)""}, ""收敛阈值规则"": {""score"": 1.0, ""weight"": 0.4, ""reason"": ""已达到收敛标准(dE=8.91e-04<6e-03, rms=6.23e-03<7e-02)""}}",0.535
vasp-data-files/100001110110111111011001/OSZICAR,0,100,0,很可能不收敛(得分=0.180)。详细: 能量收敛趋势规则: 能量变化趋势不明确(trend_score=-0.003)，当前dE=1.30e-01较大; 电荷密度收敛趋势规则: 电荷密度残差趋势不明确(trend_score=-0.001); 震荡检测规则: 严重震荡(比例=0.75),,True,,0.0010952949523925781,2,100,True,"{""能量收敛趋势规则"": {""score"": 0.0, ""weight"": 0.25, ""reason"": ""能量变化趋势不明确(trend_score=-0.003)，当前dE=1.30e-01较大""}, ""电荷密度收敛趋势规则"": {""score"": 0.3, ""weight"": 0.2, ""reason"": ""电荷密度残差趋势不明确(trend_score=-0.001)""}, ""震荡检测规则"": {""score"": 0.0, ""weight"": 0.15, ""reason"": ""严重震荡(比例=0.75)""}, ""收敛阈值规则"": {""score"": 0.3, ""weight"": 0.4, ""reason"": ""均未达到收敛标准(dE=1.30e-01, rms=7.20e-02)""}}",0.18
vasp-data-files/110011111010011101101001/OSZICAR,0,100,1,很可能收敛(得分=0.715)。详细: 能量收敛趋势规则: 能量变化呈轻微稳定趋势(trend_score=0.003); 电荷密度收敛趋势规则: 电荷密度残差呈轻微稳定趋势(trend_score=0.005); 震荡检测规则: 严重震荡(比例=0.75),,True,,0.0010933876037597656,6,100,True,"{""能量收敛趋势规则"": {""score"": 0.7, ""weight"": 0.25, ""reason"": ""能量变化呈轻微稳定趋势(trend_score=0.003)""}, ""电荷密度收敛趋势规则"": {""score"": 0.7, ""weight"": 0.2, ""reason"": ""电荷密度残差呈轻微稳定趋势(trend_score=0.005)""}, ""震荡检测规则"": {""score"": 0.0, ""weight"": 0.15, ""reason"": ""严重震荡(比例=0.75)""}, ""收敛阈值规则"": {""score"": 1.0, ""weight"": 0.4, ""reason"": ""已达到收敛标准(dE=5.55e-03<6e-03, rms=7.25e-03<7e-02)""}}",0.715
vasp-data-files/110001011011111101111011/OSZICAR,1,100,1,很可能收敛(得分=0.715)。详细: 能量收敛趋势规则: 能量变化呈轻微稳定趋势(trend_score=0.001); 电荷密度收敛趋势规则: 电荷密度残差呈轻微稳定趋势(trend_score=0.002); 震荡检测规则: 严重震荡(比例=0.50),,True,,0.0010786056518554688,6,100,True,"{""能量收敛趋势规则"": {""score"": 0.7, ""weight"": 0.25, ""reason"": ""能量变化呈轻微稳定趋势(trend_score=0.001)""}, ""电荷密度收敛趋势规则"": {""score"": 0.7, ""weight"": 0.2, ""reason"": ""电荷密度残差呈轻微稳定趋势(trend_score=0.002)""}, ""震荡检测规则"": {""score"": 0.0, ""weight"": 0.15, ""reason"": ""严重震荡(比例=0.50)""}, ""收敛阈值规则"": {""score"": 1.0, ""weight"": 0.4, ""reason"": ""已达到收敛标准(dE=1.34e-03<6e-03, rms=3.51e-03<7e-02)""}}",0.715
vasp-data-files/101111000001111110100000/OSZICAR,0,100,1,可能收敛(得分=0.635)。详细: 能量收敛趋势规则: 能量变化呈轻微稳定趋势(trend_score=0.002); 电荷密度收敛趋势规则: 电荷密度残差趋势不明确(trend_score=-0.000); 震荡检测规则: 严重震荡(比例=0.75),,True,,0.0010569095611572266,6,100,True,"{""能量收敛趋势规则"": {""score"": 0.7, ""weight"": 0.25, ""reason"": ""能量变化呈轻微稳定趋势(trend_score=0.002)""}, ""电荷密度收敛趋势规则"": {""score"": 0.3, ""weight"": 0.2, ""reason"": ""电荷密度残差趋势不明确(trend_score=-0.000)""}, ""震荡检测规则"": {""score"": 0.0, ""weight"": 0.15, ""reason"": ""严重震荡(比例=0.75)""}, ""收敛阈值规则"": {""score"": 1.0, ""weight"": 0.4, ""reason"": ""已达到收敛标准(dE=3.13e-03<6e-03, rms=2.45e-02<7e-02)""}}",0.635
vasp-data-files/100000110100101101010001/OSZICAR,1,100,1,很可能收敛(得分=0.790)。详细: 能量收敛趋势规则: 能量变化呈轻微稳定趋势(trend_score=0.001); 电荷密度收敛趋势规则: 电荷密度残差呈轻微稳定趋势(trend_score=0.002); 震荡检测规则: 存在一定震荡(比例=0.38),,True,,0.0011000633239746094,7,100,True,"{""能量收敛趋势规则"": {""score"": 0.7, ""weight"": 0.25, ""reason"": ""能量变化呈轻微稳定趋势(trend_score=0.001)""}, ""电荷密度收敛趋势规则"": {""score"": 0.7, ""weight"": 0.2, ""reason"": ""电荷密度残差呈轻微稳定趋势(trend_score=0.002)""}, ""震荡检测规则"": {""score"": 0.5, ""weight"": 0.15, ""reason"": ""存在一定震荡(比例=0.38)""}, ""收敛阈值规则"": {""score"": 1.0, ""weight"": 0.4, ""reason"": ""已达到收敛标准(dE=7.55e-04<6e-03, rms=2.74e-03<7e-02)""}}",0.79
vasp-data-files/101101111111110011010001/OSZICAR,1,100,1,可能收敛(得分=0.535)。详细: 能量收敛趋势规则: 能量变化趋势不明确(trend_score=-0.000); 电荷密度收敛趋势规则: 电荷密度残差趋势不明确(trend_score=-0.000); 震荡检测规则: 严重震荡(比例=0.75),,True,,0.00107574462890625,5,100,True,"{""能量收敛趋势规则"": {""score"": 0.3, ""weight"": 0.25, ""reason"": ""能量变化趋势不明确(trend_score=-0.000)""}, ""电荷密度收敛趋势规则"": {""score"": 0.3, ""weight"": 0.2, ""reason"": ""电荷密度残差趋势不明确(trend_score=-0.000)""}, ""震荡检测规则"": {""score"": 0.0, ""weight"": 0.15, ""reason"": ""严重震荡(比例=0.75)""}, ""收敛阈值规则"": {""score"": 1.0, ""weight"": 0.4, ""reason"": ""已达到收敛标准(dE=2.59e-03<6e-03, rms=6.23e-03<7e-02)""}}",0.535
vasp-data-files/101100000101110010101100/OSZICAR,1,100,1,可能收敛(得分=0.635)。详细: 能量收敛趋势规则: 能量变化呈轻微稳定趋势(trend_score=0.000); 电荷密度收敛趋势规则: 电荷密度残差趋势不明确(trend_score=-0.000); 震荡检测规则: 严重震荡(比例=0.88),,True,,0.0010585784912109375,6,100,True,"{""能量收敛趋势规则"": {""score"": 0.7, ""weight"": 0.25, ""reason"": ""能量变化呈轻微稳定趋势(trend_score=0.000)""}, ""电荷密度收敛趋势规则"": {""score"": 0.3, ""weight"": 0.2, ""reason"": ""电荷密度残差趋势不明确(trend_score=-0.000)""}, ""震荡检测规则"": {""score"": 0.0, ""weight"": 0.15, ""reason"": ""严重震荡(比例=0.88)""}, ""收敛阈值规则"": {""score"": 1.0, ""weight"": 0.4, ""reason"": ""已达到收敛标准(dE=1.09e-03<6e-03, rms=6.14e-03<7e-02)""}}",0.635
vasp-data-files/111110000100111010100000/OSZICAR,1,100,1,可能收敛(得分=0.610)。详细: 能量收敛趋势规则: 能量变化趋势不明确(trend_score=-0.000); 电荷密度收敛趋势规则: 电荷密度残差趋势不明确(trend_score=-0.000); 震荡检测规则: 存在一定震荡(比例=0.38),,True,,0.0011081695556640625,5,100,True,"{""能量收敛趋势规则"": {""score"": 0.3, ""weight"": 0.25, ""reason"": ""能量变化趋势不明确(trend_score=-0.000)""}, ""电荷密度收敛趋势规则"": {""score"": 0.3, ""weight"": 0.2, ""reason"": ""电荷密度残差趋势不明确(trend_score=-0.000)""}, ""震荡检测规则"": {""score"": 0.5, ""weight"": 0.15, ""reason"": ""存在一定震荡(比例=0.38)""}, ""收敛阈值规则"": {""score"": 1.0, ""weight"": 0.4, ""reason"": ""已达到收敛标准(dE=2.06e-04<6e-03, rms=3.11e-03<7e-02)""}}",0.6100000000000001
vasp-data-files/111110010101110000111100/OSZICAR,1,100,1,可能收敛(得分=0.615)。详细: 能量收敛趋势规则: 能量变化趋势不明确(trend_score=-0.000); 电荷密度收敛趋势规则: 电荷密度残差呈轻微稳定趋势(trend_score=0.000); 震荡检测规则: 严重震荡(比例=0.62),,True,,0.0010766983032226562,6,100,True,"{""能量收敛趋势规则"": {""score"": 0.3, ""weight"": 0.25, ""reason"": ""能量变化趋势不明确(trend_score=-0.000)""}, ""电荷密度收敛趋势规则"": {""score"": 0.7, ""weight"": 0.2, ""reason"": ""电荷密度残差呈轻微稳定趋势(trend_score=0.000)""}, ""震荡检测规则"": {""score"": 0.0, ""weight"": 0.15, ""reason"": ""严重震荡(比例=0.62)""}, ""收敛阈值规则"": {""score"": 1.0, ""weight"": 0.4, ""reason"": ""已达到收敛标准(dE=1.48e-03<6e-03, rms=3.28e-03<7e-02)""}}",0.615
vasp-data-files/100000111100111001000001/OSZICAR,1,100,1,很可能收敛(得分=0.805)。详细: 能量收敛趋势规则: 能量变化呈轻微稳定趋势(trend_score=0.000)，当前dE=1.74e-05很小; 电荷密度收敛趋势规则: 电荷密度残差呈轻微稳定趋势(trend_score=0.000)，当前rms=6.67e-04很小; 震荡检测规则: 严重震荡(比例=0.50),,True,,0.0010840892791748047,7,100,True,"{""能量收敛趋势规则"": {""score"": 0.8999999999999999, ""weight"": 0.25, ""reason"": ""能量变化呈轻微稳定趋势(trend_score=0.000)，当前dE=1.74e-05很小""}, ""电荷密度收敛趋势规则"": {""score"": 0.8999999999999999, ""weight"": 0.2, ""reason"": ""电荷密度残差呈轻微稳定趋势(trend_score=0.000)，当前rms=6.67e-04很小""}, ""震荡检测规则"": {""score"": 0.0, ""weight"": 0.15, ""reason"": ""严重震荡(比例=0.50)""}, ""收敛阈值规则"": {""score"": 1.0, ""weight"": 0.4, ""reason"": ""已达到收敛标准(dE=1.74e-05<6e-03, rms=6.67e-04<7e-02)""}}",0.8049999999999999
vasp-data-files/111101011100111111000011/OSZICAR,0,100,0,很可能不收敛(得分=0.340)。详细: 能量收敛趋势规则: 能量变化趋势不明确(trend_score=-0.001)，当前dE=2.22e-01较大; 电荷密度收敛趋势规则: 电荷密度残差趋势不明确(trend_score=-0.000); 震荡检测规则: 严重震荡(比例=0.62),,True,,0.0011115074157714844,3,100,True,"{""能量收敛趋势规则"": {""score"": 0.0, ""weight"": 0.25, ""reason"": ""能量变化趋势不明确(trend_score=-0.001)，当前dE=2.22e-01较大""}, ""电荷密度收敛趋势规则"": {""score"": 0.3, ""weight"": 0.2, ""reason"": ""电荷密度残差趋势不明确(trend_score=-0.000)""}, ""震荡检测规则"": {""score"": 0.0, ""weight"": 0.15, ""reason"": ""严重震荡(比例=0.62)""}, ""收敛阈值规则"": {""score"": 0.7, ""weight"": 0.4, ""reason"": ""电荷密度已收敛(rms=4.82e-02<7e-02)，但能量未收敛(dE=2.22e-01)""}}",0.33999999999999997
vasp-data-files/101100010101110001100100/OSZICAR,1,100,0,可能不收敛(得分=0.415)。详细: 能量收敛趋势规则: 能量变化趋势不明确(trend_score=-0.000); 电荷密度收敛趋势规则: 电荷密度残差趋势不明确(trend_score=-0.000); 震荡检测规则: 严重震荡(比例=0.50),,True,,0.0010581016540527344,4,100,True,"{""能量收敛趋势规则"": {""score"": 0.3, ""weight"": 0.25, ""reason"": ""能量变化趋势不明确(trend_score=-0.000)""}, ""电荷密度收敛趋势规则"": {""score"": 0.3, ""weight"": 0.2, ""reason"": ""电荷密度残差趋势不明确(trend_score=-0.000)""}, ""震荡检测规则"": {""score"": 0.0, ""weight"": 0.15, ""reason"": ""严重震荡(比例=0.50)""}, ""收敛阈值规则"": {""score"": 0.7, ""weight"": 0.4, ""reason"": ""电荷密度已收敛(rms=1.96e-02<7e-02)，但能量未收敛(dE=5.25e-02)""}}",0.415
vasp-data-files/101100000001110010100000/OSZICAR,0,100,1,可能收敛(得分=0.635)。详细: 能量收敛趋势规则: 能量变化呈轻微稳定趋势(trend_score=0.000); 电荷密度收敛趋势规则: 电荷密度残差趋势不明确(trend_score=-0.000); 震荡检测规则: 严重震荡(比例=0.62),,True,,0.0011212825775146484,6,100,True,"{""能量收敛趋势规则"": {""score"": 0.7, ""weight"": 0.25, ""reason"": ""能量变化呈轻微稳定趋势(trend_score=0.000)""}, ""电荷密度收敛趋势规则"": {""score"": 0.3, ""weight"": 0.2, ""reason"": ""电荷密度残差趋势不明确(trend_score=-0.000)""}, ""震荡检测规则"": {""score"": 0.0, ""weight"": 0.15, ""reason"": ""严重震荡(比例=0.62)""}, ""收敛阈值规则"": {""score"": 1.0, ""weight"": 0.4, ""reason"": ""已达到收敛标准(dE=3.12e-04<6e-03, rms=5.33e-03<7e-02)""}}",0.635
vasp-data-files/110100110011001101010101/OSZICAR,1,100,1,很可能收敛(得分=0.715)。详细: 能量收敛趋势规则: 能量变化呈轻微稳定趋势(trend_score=0.000); 电荷密度收敛趋势规则: 电荷密度残差呈轻微稳定趋势(trend_score=0.000); 震荡检测规则: 严重震荡(比例=0.75),,True,,0.0010905265808105469,6,100,True,"{""能量收敛趋势规则"": {""score"": 0.7, ""weight"": 0.25, ""reason"": ""能量变化呈轻微稳定趋势(trend_score=0.000)""}, ""电荷密度收敛趋势规则"": {""score"": 0.7, ""weight"": 0.2, ""reason"": ""电荷密度残差呈轻微稳定趋势(trend_score=0.000)""}, ""震荡检测规则"": {""score"": 0.0, ""weight"": 0.15, ""reason"": ""严重震荡(比例=0.75)""}, ""收敛阈值规则"": {""score"": 1.0, ""weight"": 0.4, ""reason"": ""已达到收敛标准(dE=1.26e-03<6e-03, rms=5.93e-03<7e-02)""}}",0.715
vasp-data-files/110001101111010110111011/OSZICAR,1,100,1,可能收敛(得分=0.535)。详细: 能量收敛趋势规则: 能量变化趋势不明确(trend_score=-0.000); 电荷密度收敛趋势规则: 电荷密度残差趋势不明确(trend_score=-0.000); 震荡检测规则: 严重震荡(比例=0.62),,True,,0.001108407974243164,5,100,True,"{""能量收敛趋势规则"": {""score"": 0.3, ""weight"": 0.25, ""reason"": ""能量变化趋势不明确(trend_score=-0.000)""}, ""电荷密度收敛趋势规则"": {""score"": 0.3, ""weight"": 0.2, ""reason"": ""电荷密度残差趋势不明确(trend_score=-0.000)""}, ""震荡检测规则"": {""score"": 0.0, ""weight"": 0.15, ""reason"": ""严重震荡(比例=0.62)""}, ""收敛阈值规则"": {""score"": 1.0, ""weight"": 0.4, ""reason"": ""已达到收敛标准(dE=9.97e-04<6e-03, rms=4.20e-03<7e-02)""}}",0.535
vasp-data-files/100001010000011010111110/OSZICAR,1,100,1,很可能收敛(得分=0.715)。详细: 能量收敛趋势规则: 能量变化呈轻微稳定趋势(trend_score=0.002); 电荷密度收敛趋势规则: 电荷密度残差呈轻微稳定趋势(trend_score=0.001); 震荡检测规则: 严重震荡(比例=0.88),,True,,0.0010900497436523438,6,100,True,"{""能量收敛趋势规则"": {""score"": 0.7, ""weight"": 0.25, ""reason"": ""能量变化呈轻微稳定趋势(trend_score=0.002)""}, ""电荷密度收敛趋势规则"": {""score"": 0.7, ""weight"": 0.2, ""reason"": ""电荷密度残差呈轻微稳定趋势(trend_score=0.001)""}, ""震荡检测规则"": {""score"": 0.0, ""weight"": 0.15, ""reason"": ""严重震荡(比例=0.88)""}, ""收敛阈值规则"": {""score"": 1.0, ""weight"": 0.4, ""reason"": ""已达到收敛标准(dE=1.19e-03<6e-03, rms=5.62e-03<7e-02)""}}",0.715
vasp-data-files/111110110000110100111100/OSZICAR,0,100,1,可能收敛(得分=0.635)。详细: 能量收敛趋势规则: 能量变化呈轻微稳定趋势(trend_score=0.000); 电荷密度收敛趋势规则: 电荷密度残差趋势不明确(trend_score=-0.000); 震荡检测规则: 严重震荡(比例=0.50),,True,,0.0010840892791748047,6,100,True,"{""能量收敛趋势规则"": {""score"": 0.7, ""weight"": 0.25, ""reason"": ""能量变化呈轻微稳定趋势(trend_score=0.000)""}, ""电荷密度收敛趋势规则"": {""score"": 0.3, ""weight"": 0.2, ""reason"": ""电荷密度残差趋势不明确(trend_score=-0.000)""}, ""震荡检测规则"": {""score"": 0.0, ""weight"": 0.15, ""reason"": ""严重震荡(比例=0.50)""}, ""收敛阈值规则"": {""score"": 1.0, ""weight"": 0.4, ""reason"": ""已达到收敛标准(dE=4.72e-03<6e-03, rms=5.16e-02<7e-02)""}}",0.635
vasp-data-files/101110000100001010011000/OSZICAR,1,100,0,很可能不收敛(得分=0.180)。详细: 能量收敛趋势规则: 能量变化呈强上升趋势，可能发散(trend_score=-0.101)，当前dE=7.77e-01较大; 电荷密度收敛趋势规则: 电荷密度残差趋势不明确(trend_score=-0.001); 震荡检测规则: 严重震荡(比例=0.62),,True,,0.0010602474212646484,2,100,True,"{""能量收敛趋势规则"": {""score"": 0.0, ""weight"": 0.25, ""reason"": ""能量变化呈强上升趋势，可能发散(trend_score=-0.101)，当前dE=7.77e-01较大""}, ""电荷密度收敛趋势规则"": {""score"": 0.3, ""weight"": 0.2, ""reason"": ""电荷密度残差趋势不明确(trend_score=-0.001)""}, ""震荡检测规则"": {""score"": 0.0, ""weight"": 0.15, ""reason"": ""严重震荡(比例=0.62)""}, ""收敛阈值规则"": {""score"": 0.3, ""weight"": 0.4, ""reason"": ""均未达到收敛标准(dE=7.77e-01, rms=7.78e-02)""}}",0.18
vasp-data-files/111110000101010010100001/OSZICAR,1,100,1,可能收敛(得分=0.535)。详细: 能量收敛趋势规则: 能量变化趋势不明确(trend_score=-0.000); 电荷密度收敛趋势规则: 电荷密度残差趋势不明确(trend_score=-0.000); 震荡检测规则: 严重震荡(比例=0.62),,True,,0.001104116439819336,5,100,True,"{""能量收敛趋势规则"": {""score"": 0.3, ""weight"": 0.25, ""reason"": ""能量变化趋势不明确(trend_score=-0.000)""}, ""电荷密度收敛趋势规则"": {""score"": 0.3, ""weight"": 0.2, ""reason"": ""电荷密度残差趋势不明确(trend_score=-0.000)""}, ""震荡检测规则"": {""score"": 0.0, ""weight"": 0.15, ""reason"": ""严重震荡(比例=0.62)""}, ""收敛阈值规则"": {""score"": 1.0, ""weight"": 0.4, ""reason"": ""已达到收敛标准(dE=1.28e-04<6e-03, rms=2.81e-03<7e-02)""}}",0.535
vasp-data-files/101011010101111010100110/OSZICAR,1,100,1,可能收敛(得分=0.535)。详细: 能量收敛趋势规则: 能量变化趋势不明确(trend_score=-0.000); 电荷密度收敛趋势规则: 电荷密度残差趋势不明确(trend_score=-0.000); 震荡检测规则: 严重震荡(比例=0.50),,True,,0.0010683536529541016,5,100,True,"{""能量收敛趋势规则"": {""score"": 0.3, ""weight"": 0.25, ""reason"": ""能量变化趋势不明确(trend_score=-0.000)""}, ""电荷密度收敛趋势规则"": {""score"": 0.3, ""weight"": 0.2, ""reason"": ""电荷密度残差趋势不明确(trend_score=-0.000)""}, ""震荡检测规则"": {""score"": 0.0, ""weight"": 0.15, ""reason"": ""严重震荡(比例=0.50)""}, ""收敛阈值规则"": {""score"": 1.0, ""weight"": 0.4, ""reason"": ""已达到收敛标准(dE=1.22e-03<6e-03, rms=2.43e-03<7e-02)""}}",0.535
vasp-data-files/101001011101111010110110/OSZICAR,0,100,1,可能收敛(得分=0.595)。详细: 能量收敛趋势规则: 能量变化呈轻微稳定趋势(trend_score=0.000); 电荷密度收敛趋势规则: 电荷密度残差呈轻微稳定趋势(trend_score=0.004); 震荡检测规则: 严重震荡(比例=0.62),,True,,0.0010685920715332031,5,100,True,"{""能量收敛趋势规则"": {""score"": 0.7, ""weight"": 0.25, ""reason"": ""能量变化呈轻微稳定趋势(trend_score=0.000)""}, ""电荷密度收敛趋势规则"": {""score"": 0.7, ""weight"": 0.2, ""reason"": ""电荷密度残差呈轻微稳定趋势(trend_score=0.004)""}, ""震荡检测规则"": {""score"": 0.0, ""weight"": 0.15, ""reason"": ""严重震荡(比例=0.62)""}, ""收敛阈值规则"": {""score"": 0.7, ""weight"": 0.4, ""reason"": ""电荷密度已收敛(rms=2.38e-02<7e-02)，但能量未收敛(dE=5.69e-02)""}}",0.595
vasp-data-files/101101000101111100100000/OSZICAR,1,100,1,可能收敛(得分=0.535)。详细: 能量收敛趋势规则: 能量变化趋势不明确(trend_score=-0.000); 电荷密度收敛趋势规则: 电荷密度残差趋势不明确(trend_score=-0.000); 震荡检测规则: 严重震荡(比例=0.62),,True,,0.0010919570922851562,5,100,True,"{""能量收敛趋势规则"": {""score"": 0.3, ""weight"": 0.25, ""reason"": ""能量变化趋势不明确(trend_score=-0.000)""}, ""电荷密度收敛趋势规则"": {""score"": 0.3, ""weight"": 0.2, ""reason"": ""电荷密度残差趋势不明确(trend_score=-0.000)""}, ""震荡检测规则"": {""score"": 0.0, ""weight"": 0.15, ""reason"": ""严重震荡(比例=0.62)""}, ""收敛阈值规则"": {""score"": 1.0, ""weight"": 0.4, ""reason"": ""已达到收敛标准(dE=7.06e-04<6e-03, rms=4.81e-03<7e-02)""}}",0.535
vasp-data-files/100100001111000001011111/OSZICAR,0,100,1,很可能收敛(得分=0.805)。详细: 能量收敛趋势规则: 能量变化呈轻微稳定趋势(trend_score=0.000)，当前dE=4.08e-05很小; 电荷密度收敛趋势规则: 电荷密度残差呈轻微稳定趋势(trend_score=0.000)，当前rms=7.03e-04很小; 震荡检测规则: 严重震荡(比例=0.50),,True,,0.0010764598846435547,7,100,True,"{""能量收敛趋势规则"": {""score"": 0.8999999999999999, ""weight"": 0.25, ""reason"": ""能量变化呈轻微稳定趋势(trend_score=0.000)，当前dE=4.08e-05很小""}, ""电荷密度收敛趋势规则"": {""score"": 0.8999999999999999, ""weight"": 0.2, ""reason"": ""电荷密度残差呈轻微稳定趋势(trend_score=0.000)，当前rms=7.03e-04很小""}, ""震荡检测规则"": {""score"": 0.0, ""weight"": 0.15, ""reason"": ""严重震荡(比例=0.50)""}, ""收敛阈值规则"": {""score"": 1.0, ""weight"": 0.4, ""reason"": ""已达到收敛标准(dE=4.08e-05<6e-03, rms=7.03e-04<7e-02)""}}",0.8049999999999999
vasp-data-files/111001111010110001111011/OSZICAR,0,100,0,可能不收敛(得分=0.415)。详细: 能量收敛趋势规则: 能量变化趋势不明确(trend_score=-0.002); 电荷密度收敛趋势规则: 电荷密度残差趋势不明确(trend_score=-0.001); 震荡检测规则: 严重震荡(比例=0.88),,True,,0.001130819320678711,4,100,True,"{""能量收敛趋势规则"": {""score"": 0.3, ""weight"": 0.25, ""reason"": ""能量变化趋势不明确(trend_score=-0.002)""}, ""电荷密度收敛趋势规则"": {""score"": 0.3, ""weight"": 0.2, ""reason"": ""电荷密度残差趋势不明确(trend_score=-0.001)""}, ""震荡检测规则"": {""score"": 0.0, ""weight"": 0.15, ""reason"": ""严重震荡(比例=0.88)""}, ""收敛阈值规则"": {""score"": 0.7, ""weight"": 0.4, ""reason"": ""电荷密度已收敛(rms=1.53e-02<7e-02)，但能量未收敛(dE=3.03e-02)""}}",0.415
vasp-data-files/110010100010001101001111/OSZICAR,0,100,1,可能收敛(得分=0.615)。详细: 能量收敛趋势规则: 能量变化趋势不明确(trend_score=-0.000); 电荷密度收敛趋势规则: 电荷密度残差呈轻微稳定趋势(trend_score=0.000); 震荡检测规则: 严重震荡(比例=0.50),,True,,0.0011096000671386719,6,100,True,"{""能量收敛趋势规则"": {""score"": 0.3, ""weight"": 0.25, ""reason"": ""能量变化趋势不明确(trend_score=-0.000)""}, ""电荷密度收敛趋势规则"": {""score"": 0.7, ""weight"": 0.2, ""reason"": ""电荷密度残差呈轻微稳定趋势(trend_score=0.000)""}, ""震荡检测规则"": {""score"": 0.0, ""weight"": 0.15, ""reason"": ""严重震荡(比例=0.50)""}, ""收敛阈值规则"": {""score"": 1.0, ""weight"": 0.4, ""reason"": ""已达到收敛标准(dE=3.83e-04<6e-03, rms=1.15e-03<7e-02)""}}",0.615
vasp-data-files/100111111100111011000111/OSZICAR,1,100,1,可能收敛(得分=0.615)。详细: 能量收敛趋势规则: 能量变化趋势不明确(trend_score=-0.000); 电荷密度收敛趋势规则: 电荷密度残差呈轻微稳定趋势(trend_score=0.000); 震荡检测规则: 严重震荡(比例=0.62),,True,,0.0010461807250976562,6,100,True,"{""能量收敛趋势规则"": {""score"": 0.3, ""weight"": 0.25, ""reason"": ""能量变化趋势不明确(trend_score=-0.000)""}, ""电荷密度收敛趋势规则"": {""score"": 0.7, ""weight"": 0.2, ""reason"": ""电荷密度残差呈轻微稳定趋势(trend_score=0.000)""}, ""震荡检测规则"": {""score"": 0.0, ""weight"": 0.15, ""reason"": ""严重震荡(比例=0.62)""}, ""收敛阈值规则"": {""score"": 1.0, ""weight"": 0.4, ""reason"": ""已达到收敛标准(dE=1.39e-04<6e-03, rms=1.83e-03<7e-02)""}}",0.615
vasp-data-files/100011010111111010000110/OSZICAR,1,100,1,可能收敛(得分=0.635)。详细: 能量收敛趋势规则: 能量变化呈轻微稳定趋势(trend_score=0.000); 电荷密度收敛趋势规则: 电荷密度残差趋势不明确(trend_score=-0.000); 震荡检测规则: 严重震荡(比例=0.75),,True,,0.0011222362518310547,6,100,True,"{""能量收敛趋势规则"": {""score"": 0.7, ""weight"": 0.25, ""reason"": ""能量变化呈轻微稳定趋势(trend_score=0.000)""}, ""电荷密度收敛趋势规则"": {""score"": 0.3, ""weight"": 0.2, ""reason"": ""电荷密度残差趋势不明确(trend_score=-0.000)""}, ""震荡检测规则"": {""score"": 0.0, ""weight"": 0.15, ""reason"": ""严重震荡(比例=0.75)""}, ""收敛阈值规则"": {""score"": 1.0, ""weight"": 0.4, ""reason"": ""已达到收敛标准(dE=1.42e-03<6e-03, rms=6.63e-03<7e-02)""}}",0.635
vasp-data-files/101100010101100001101100/OSZICAR,1,100,1,很可能收敛(得分=0.715)。详细: 能量收敛趋势规则: 能量变化呈轻微稳定趋势(trend_score=0.000); 电荷密度收敛趋势规则: 电荷密度残差呈轻微稳定趋势(trend_score=0.000); 震荡检测规则: 严重震荡(比例=0.75),,True,,0.0010833740234375,6,100,True,"{""能量收敛趋势规则"": {""score"": 0.7, ""weight"": 0.25, ""reason"": ""能量变化呈轻微稳定趋势(trend_score=0.000)""}, ""电荷密度收敛趋势规则"": {""score"": 0.7, ""weight"": 0.2, ""reason"": ""电荷密度残差呈轻微稳定趋势(trend_score=0.000)""}, ""震荡检测规则"": {""score"": 0.0, ""weight"": 0.15, ""reason"": ""严重震荡(比例=0.75)""}, ""收敛阈值规则"": {""score"": 1.0, ""weight"": 0.4, ""reason"": ""已达到收敛标准(dE=1.74e-03<6e-03, rms=7.08e-03<7e-02)""}}",0.715
vasp-data-files/100000010110101000100111/OSZICAR,0,100,0,可能不收敛(得分=0.495)。详细: 能量收敛趋势规则: 能量变化趋势不明确(trend_score=-0.000); 电荷密度收敛趋势规则: 电荷密度残差呈轻微稳定趋势(trend_score=0.001); 震荡检测规则: 严重震荡(比例=0.88),,True,,0.0010690689086914062,4,100,True,"{""能量收敛趋势规则"": {""score"": 0.3, ""weight"": 0.25, ""reason"": ""能量变化趋势不明确(trend_score=-0.000)""}, ""电荷密度收敛趋势规则"": {""score"": 0.7, ""weight"": 0.2, ""reason"": ""电荷密度残差呈轻微稳定趋势(trend_score=0.001)""}, ""震荡检测规则"": {""score"": 0.0, ""weight"": 0.15, ""reason"": ""严重震荡(比例=0.88)""}, ""收敛阈值规则"": {""score"": 0.7, ""weight"": 0.4, ""reason"": ""电荷密度已收敛(rms=2.76e-02<7e-02)，但能量未收敛(dE=6.59e-02)""}}",0.49499999999999994
vasp-data-files/101100000100111100100000/OSZICAR,1,100,1,可能收敛(得分=0.635)。详细: 能量收敛趋势规则: 能量变化呈轻微稳定趋势(trend_score=0.000); 电荷密度收敛趋势规则: 电荷密度残差趋势不明确(trend_score=-0.000); 震荡检测规则: 严重震荡(比例=0.75),,True,,0.0010955333709716797,6,100,True,"{""能量收敛趋势规则"": {""score"": 0.7, ""weight"": 0.25, ""reason"": ""能量变化呈轻微稳定趋势(trend_score=0.000)""}, ""电荷密度收敛趋势规则"": {""score"": 0.3, ""weight"": 0.2, ""reason"": ""电荷密度残差趋势不明确(trend_score=-0.000)""}, ""震荡检测规则"": {""score"": 0.0, ""weight"": 0.15, ""reason"": ""严重震荡(比例=0.75)""}, ""收敛阈值规则"": {""score"": 1.0, ""weight"": 0.4, ""reason"": ""已达到收敛标准(dE=1.44e-04<6e-03, rms=2.51e-03<7e-02)""}}",0.635
vasp-data-files/100101000011000010011111/OSZICAR,1,100,1,很可能收敛(得分=0.715)。详细: 能量收敛趋势规则: 能量变化呈轻微稳定趋势(trend_score=0.000); 电荷密度收敛趋势规则: 电荷密度残差呈轻微稳定趋势(trend_score=0.003); 震荡检测规则: 严重震荡(比例=0.88),,True,,0.0010776519775390625,6,100,True,"{""能量收敛趋势规则"": {""score"": 0.7, ""weight"": 0.25, ""reason"": ""能量变化呈轻微稳定趋势(trend_score=0.000)""}, ""电荷密度收敛趋势规则"": {""score"": 0.7, ""weight"": 0.2, ""reason"": ""电荷密度残差呈轻微稳定趋势(trend_score=0.003)""}, ""震荡检测规则"": {""score"": 0.0, ""weight"": 0.15, ""reason"": ""严重震荡(比例=0.88)""}, ""收敛阈值规则"": {""score"": 1.0, ""weight"": 0.4, ""reason"": ""已达到收敛标准(dE=7.94e-04<6e-03, rms=7.45e-03<7e-02)""}}",0.715
vasp-data-files/111001101101000111001011/OSZICAR,1,100,1,很可能收敛(得分=0.715)。详细: 能量收敛趋势规则: 能量变化呈轻微稳定趋势(trend_score=0.000); 电荷密度收敛趋势规则: 电荷密度残差呈轻微稳定趋势(trend_score=0.000); 震荡检测规则: 严重震荡(比例=0.50),,True,,0.0010521411895751953,6,100,True,"{""能量收敛趋势规则"": {""score"": 0.7, ""weight"": 0.25, ""reason"": ""能量变化呈轻微稳定趋势(trend_score=0.000)""}, ""电荷密度收敛趋势规则"": {""score"": 0.7, ""weight"": 0.2, ""reason"": ""电荷密度残差呈轻微稳定趋势(trend_score=0.000)""}, ""震荡检测规则"": {""score"": 0.0, ""weight"": 0.15, ""reason"": ""严重震荡(比例=0.50)""}, ""收敛阈值规则"": {""score"": 1.0, ""weight"": 0.4, ""reason"": ""已达到收敛标准(dE=3.67e-03<6e-03, rms=8.50e-03<7e-02)""}}",0.715
vasp-data-files/101001010100111110100000/OSZICAR,1,100,1,可能收敛(得分=0.595)。详细: 能量收敛趋势规则: 能量变化呈轻微稳定趋势(trend_score=0.001); 电荷密度收敛趋势规则: 电荷密度残差呈轻微稳定趋势(trend_score=0.000); 震荡检测规则: 严重震荡(比例=0.75),,True,,0.0010623931884765625,5,100,True,"{""能量收敛趋势规则"": {""score"": 0.7, ""weight"": 0.25, ""reason"": ""能量变化呈轻微稳定趋势(trend_score=0.001)""}, ""电荷密度收敛趋势规则"": {""score"": 0.7, ""weight"": 0.2, ""reason"": ""电荷密度残差呈轻微稳定趋势(trend_score=0.000)""}, ""震荡检测规则"": {""score"": 0.0, ""weight"": 0.15, ""reason"": ""严重震荡(比例=0.75)""}, ""收敛阈值规则"": {""score"": 0.7, ""weight"": 0.4, ""reason"": ""电荷密度已收敛(rms=4.64e-02<7e-02)，但能量未收敛(dE=5.35e-02)""}}",0.595
vasp-data-files/101001110001111010000110/OSZICAR,0,100,1,可能收敛(得分=0.535)。详细: 能量收敛趋势规则: 能量变化趋势不明确(trend_score=-0.000); 电荷密度收敛趋势规则: 电荷密度残差趋势不明确(trend_score=-0.000); 震荡检测规则: 严重震荡(比例=0.75),,True,,0.0010631084442138672,5,100,True,"{""能量收敛趋势规则"": {""score"": 0.3, ""weight"": 0.25, ""reason"": ""能量变化趋势不明确(trend_score=-0.000)""}, ""电荷密度收敛趋势规则"": {""score"": 0.3, ""weight"": 0.2, ""reason"": ""电荷密度残差趋势不明确(trend_score=-0.000)""}, ""震荡检测规则"": {""score"": 0.0, ""weight"": 0.15, ""reason"": ""严重震荡(比例=0.75)""}, ""收敛阈值规则"": {""score"": 1.0, ""weight"": 0.4, ""reason"": ""已达到收敛标准(dE=2.48e-03<6e-03, rms=6.78e-03<7e-02)""}}",0.535
vasp-data-files/110110001111010100100000/OSZICAR,0,100,1,很可能收敛(得分=0.715)。详细: 能量收敛趋势规则: 能量变化呈轻微稳定趋势(trend_score=0.003); 电荷密度收敛趋势规则: 电荷密度残差呈轻微稳定趋势(trend_score=0.003); 震荡检测规则: 严重震荡(比例=0.50),,True,,0.0011124610900878906,6,100,True,"{""能量收敛趋势规则"": {""score"": 0.7, ""weight"": 0.25, ""reason"": ""能量变化呈轻微稳定趋势(trend_score=0.003)""}, ""电荷密度收敛趋势规则"": {""score"": 0.7, ""weight"": 0.2, ""reason"": ""电荷密度残差呈轻微稳定趋势(trend_score=0.003)""}, ""震荡检测规则"": {""score"": 0.0, ""weight"": 0.15, ""reason"": ""严重震荡(比例=0.50)""}, ""收敛阈值规则"": {""score"": 1.0, ""weight"": 0.4, ""reason"": ""已达到收敛标准(dE=2.85e-03<6e-03, rms=1.13e-02<7e-02)""}}",0.715
vasp-data-files/110110011110111000000110/OSZICAR,0,100,0,很可能不收敛(得分=0.120)。详细: 能量收敛趋势规则: 能量变化呈强上升趋势，可能发散(trend_score=-0.136)，当前dE=8.51e-01较大; 电荷密度收敛趋势规则: 电荷密度残差趋势不明确(trend_score=-0.007)，当前rms=1.34e-01较大; 震荡检测规则: 严重震荡(比例=0.75),,True,,0.001100301742553711,1,100,True,"{""能量收敛趋势规则"": {""score"": 0.0, ""weight"": 0.25, ""reason"": ""能量变化呈强上升趋势，可能发散(trend_score=-0.136)，当前dE=8.51e-01较大""}, ""电荷密度收敛趋势规则"": {""score"": 0.0, ""weight"": 0.2, ""reason"": ""电荷密度残差趋势不明确(trend_score=-0.007)，当前rms=1.34e-01较大""}, ""震荡检测规则"": {""score"": 0.0, ""weight"": 0.15, ""reason"": ""严重震荡(比例=0.75)""}, ""收敛阈值规则"": {""score"": 0.3, ""weight"": 0.4, ""reason"": ""均未达到收敛标准(dE=8.51e-01, rms=1.34e-01)""}}",0.12
vasp-data-files/110110101100001000111110/OSZICAR,0,100,0,很可能不收敛(得分=0.340)。详细: 能量收敛趋势规则: 能量变化趋势不明确(trend_score=-0.023)，当前dE=3.27e-01较大; 电荷密度收敛趋势规则: 电荷密度残差趋势不明确(trend_score=-0.000); 震荡检测规则: 严重震荡(比例=0.50),,True,,0.0011022090911865234,3,100,True,"{""能量收敛趋势规则"": {""score"": 0.0, ""weight"": 0.25, ""reason"": ""能量变化趋势不明确(trend_score=-0.023)，当前dE=3.27e-01较大""}, ""电荷密度收敛趋势规则"": {""score"": 0.3, ""weight"": 0.2, ""reason"": ""电荷密度残差趋势不明确(trend_score=-0.000)""}, ""震荡检测规则"": {""score"": 0.0, ""weight"": 0.15, ""reason"": ""严重震荡(比例=0.50)""}, ""收敛阈值规则"": {""score"": 0.7, ""weight"": 0.4, ""reason"": ""电荷密度已收敛(rms=6.15e-02<7e-02)，但能量未收敛(dE=3.27e-01)""}}",0.33999999999999997
vasp-data-files/111101010101111011011000/OSZICAR,1,100,0,很可能不收敛(得分=0.340)。详细: 能量收敛趋势规则: 能量变化趋势不明确(trend_score=-0.000)，当前dE=1.85e-01较大; 电荷密度收敛趋势规则: 电荷密度残差趋势不明确(trend_score=-0.000); 震荡检测规则: 严重震荡(比例=0.75),,True,,0.0010836124420166016,3,100,True,"{""能量收敛趋势规则"": {""score"": 0.0, ""weight"": 0.25, ""reason"": ""能量变化趋势不明确(trend_score=-0.000)，当前dE=1.85e-01较大""}, ""电荷密度收敛趋势规则"": {""score"": 0.3, ""weight"": 0.2, ""reason"": ""电荷密度残差趋势不明确(trend_score=-0.000)""}, ""震荡检测规则"": {""score"": 0.0, ""weight"": 0.15, ""reason"": ""严重震荡(比例=0.75)""}, ""收敛阈值规则"": {""score"": 0.7, ""weight"": 0.4, ""reason"": ""电荷密度已收敛(rms=4.73e-02<7e-02)，但能量未收敛(dE=1.85e-01)""}}",0.33999999999999997
vasp-data-files/100011011011100110111001/OSZICAR,0,100,1,可能收敛(得分=0.520)。详细: 能量收敛趋势规则: 能量变化呈轻微下降趋势(trend_score=0.026)，当前dE=2.81e-01较大; 电荷密度收敛趋势规则: 电荷密度残差呈轻微稳定趋势(trend_score=0.002); 震荡检测规则: 严重震荡(比例=0.50),,True,,0.0010981559753417969,5,100,True,"{""能量收敛趋势规则"": {""score"": 0.39999999999999997, ""weight"": 0.25, ""reason"": ""能量变化呈轻微下降趋势(trend_score=0.026)，当前dE=2.81e-01较大""}, ""电荷密度收敛趋势规则"": {""score"": 0.7, ""weight"": 0.2, ""reason"": ""电荷密度残差呈轻微稳定趋势(trend_score=0.002)""}, ""震荡检测规则"": {""score"": 0.0, ""weight"": 0.15, ""reason"": ""严重震荡(比例=0.50)""}, ""收敛阈值规则"": {""score"": 0.7, ""weight"": 0.4, ""reason"": ""电荷密度已收敛(rms=3.70e-02<7e-02)，但能量未收敛(dE=2.81e-01)""}}",0.52
vasp-data-files/111110000101001100101010/OSZICAR,1,100,0,可能不收敛(得分=0.495)。详细: 能量收敛趋势规则: 能量变化趋势不明确(trend_score=-0.000); 电荷密度收敛趋势规则: 电荷密度残差呈轻微稳定趋势(trend_score=0.000); 震荡检测规则: 严重震荡(比例=0.62),,True,,0.001054525375366211,4,100,True,"{""能量收敛趋势规则"": {""score"": 0.3, ""weight"": 0.25, ""reason"": ""能量变化趋势不明确(trend_score=-0.000)""}, ""电荷密度收敛趋势规则"": {""score"": 0.7, ""weight"": 0.2, ""reason"": ""电荷密度残差呈轻微稳定趋势(trend_score=0.000)""}, ""震荡检测规则"": {""score"": 0.0, ""weight"": 0.15, ""reason"": ""严重震荡(比例=0.62)""}, ""收敛阈值规则"": {""score"": 0.7, ""weight"": 0.4, ""reason"": ""电荷密度已收敛(rms=5.63e-03<7e-02)，但能量未收敛(dE=1.28e-02)""}}",0.49499999999999994
vasp-data-files/101101010101011001000100/OSZICAR,0,100,1,可能收敛(得分=0.615)。详细: 能量收敛趋势规则: 能量变化趋势不明确(trend_score=-0.000); 电荷密度收敛趋势规则: 电荷密度残差呈轻微稳定趋势(trend_score=0.000); 震荡检测规则: 严重震荡(比例=0.75),,True,,0.0010941028594970703,6,100,True,"{""能量收敛趋势规则"": {""score"": 0.3, ""weight"": 0.25, ""reason"": ""能量变化趋势不明确(trend_score=-0.000)""}, ""电荷密度收敛趋势规则"": {""score"": 0.7, ""weight"": 0.2, ""reason"": ""电荷密度残差呈轻微稳定趋势(trend_score=0.000)""}, ""震荡检测规则"": {""score"": 0.0, ""weight"": 0.15, ""reason"": ""严重震荡(比例=0.75)""}, ""收敛阈值规则"": {""score"": 1.0, ""weight"": 0.4, ""reason"": ""已达到收敛标准(dE=5.57e-04<6e-03, rms=1.42e-03<7e-02)""}}",0.615
vasp-data-files/111010010000111010100100/OSZICAR,0,100,0,可能不收敛(得分=0.415)。详细: 能量收敛趋势规则: 能量变化趋势不明确(trend_score=-0.000); 电荷密度收敛趋势规则: 电荷密度残差趋势不明确(trend_score=-0.000); 震荡检测规则: 严重震荡(比例=0.62),,True,,0.00110626220703125,4,100,True,"{""能量收敛趋势规则"": {""score"": 0.3, ""weight"": 0.25, ""reason"": ""能量变化趋势不明确(trend_score=-0.000)""}, ""电荷密度收敛趋势规则"": {""score"": 0.3, ""weight"": 0.2, ""reason"": ""电荷密度残差趋势不明确(trend_score=-0.000)""}, ""震荡检测规则"": {""score"": 0.0, ""weight"": 0.15, ""reason"": ""严重震荡(比例=0.62)""}, ""收敛阈值规则"": {""score"": 0.7, ""weight"": 0.4, ""reason"": ""电荷密度已收敛(rms=2.52e-02<7e-02)，但能量未收敛(dE=1.80e-02)""}}",0.415
vasp-data-files/100110010100110010111100/OSZICAR,0,100,1,可能收敛(得分=0.595)。详细: 能量收敛趋势规则: 能量变化呈轻微稳定趋势(trend_score=0.000); 电荷密度收敛趋势规则: 电荷密度残差呈轻微稳定趋势(trend_score=0.000); 震荡检测规则: 严重震荡(比例=0.50),,True,,0.0011019706726074219,5,100,True,"{""能量收敛趋势规则"": {""score"": 0.7, ""weight"": 0.25, ""reason"": ""能量变化呈轻微稳定趋势(trend_score=0.000)""}, ""电荷密度收敛趋势规则"": {""score"": 0.7, ""weight"": 0.2, ""reason"": ""电荷密度残差呈轻微稳定趋势(trend_score=0.000)""}, ""震荡检测规则"": {""score"": 0.0, ""weight"": 0.15, ""reason"": ""严重震荡(比例=0.50)""}, ""收敛阈值规则"": {""score"": 0.7, ""weight"": 0.4, ""reason"": ""电荷密度已收敛(rms=8.77e-03<7e-02)，但能量未收敛(dE=1.74e-02)""}}",0.595
vasp-data-files/101001111011100001100001/OSZICAR,0,100,1,很可能收敛(得分=0.715)。详细: 能量收敛趋势规则: 能量变化呈轻微稳定趋势(trend_score=0.002); 电荷密度收敛趋势规则: 电荷密度残差呈轻微稳定趋势(trend_score=0.004); 震荡检测规则: 严重震荡(比例=0.50),,True,,0.001104116439819336,6,100,True,"{""能量收敛趋势规则"": {""score"": 0.7, ""weight"": 0.25, ""reason"": ""能量变化呈轻微稳定趋势(trend_score=0.002)""}, ""电荷密度收敛趋势规则"": {""score"": 0.7, ""weight"": 0.2, ""reason"": ""电荷密度残差呈轻微稳定趋势(trend_score=0.004)""}, ""震荡检测规则"": {""score"": 0.0, ""weight"": 0.15, ""reason"": ""严重震荡(比例=0.50)""}, ""收敛阈值规则"": {""score"": 1.0, ""weight"": 0.4, ""reason"": ""已达到收敛标准(dE=2.63e-03<6e-03, rms=1.09e-02<7e-02)""}}",0.715
vasp-data-files/101101110000000110000011/OSZICAR,0,100,1,可能收敛(得分=0.595)。详细: 能量收敛趋势规则: 能量变化呈轻微稳定趋势(trend_score=0.001); 电荷密度收敛趋势规则: 电荷密度残差呈轻微稳定趋势(trend_score=0.000); 震荡检测规则: 严重震荡(比例=0.62),,True,,0.001073598861694336,5,100,True,"{""能量收敛趋势规则"": {""score"": 0.7, ""weight"": 0.25, ""reason"": ""能量变化呈轻微稳定趋势(trend_score=0.001)""}, ""电荷密度收敛趋势规则"": {""score"": 0.7, ""weight"": 0.2, ""reason"": ""电荷密度残差呈轻微稳定趋势(trend_score=0.000)""}, ""震荡检测规则"": {""score"": 0.0, ""weight"": 0.15, ""reason"": ""严重震荡(比例=0.62)""}, ""收敛阈值规则"": {""score"": 0.7, ""weight"": 0.4, ""reason"": ""电荷密度已收敛(rms=1.38e-02<7e-02)，但能量未收敛(dE=7.17e-03)""}}",0.595
vasp-data-files/110110000011010010101100/OSZICAR,1,100,1,很可能收敛(得分=0.710)。详细: 能量收敛趋势规则: 能量变化呈轻微稳定趋势(trend_score=0.000); 电荷密度收敛趋势规则: 电荷密度残差趋势不明确(trend_score=-0.000); 震荡检测规则: 存在一定震荡(比例=0.38),,True,,0.0010418891906738281,6,100,True,"{""能量收敛趋势规则"": {""score"": 0.7, ""weight"": 0.25, ""reason"": ""能量变化呈轻微稳定趋势(trend_score=0.000)""}, ""电荷密度收敛趋势规则"": {""score"": 0.3, ""weight"": 0.2, ""reason"": ""电荷密度残差趋势不明确(trend_score=-0.000)""}, ""震荡检测规则"": {""score"": 0.5, ""weight"": 0.15, ""reason"": ""存在一定震荡(比例=0.38)""}, ""收敛阈值规则"": {""score"": 1.0, ""weight"": 0.4, ""reason"": ""已达到收敛标准(dE=8.28e-04<6e-03, rms=5.23e-03<7e-02)""}}",0.71
vasp-data-files/111011110001110110010000/OSZICAR,0,100,0,可能不收敛(得分=0.415)。详细: 能量收敛趋势规则: 能量变化趋势不明确(trend_score=-0.034)，当前dE=2.09e-01较大; 电荷密度收敛趋势规则: 电荷密度残差趋势不明确(trend_score=-0.001); 震荡检测规则: 存在一定震荡(比例=0.38),,True,,0.0011141300201416016,4,100,True,"{""能量收敛趋势规则"": {""score"": 0.0, ""weight"": 0.25, ""reason"": ""能量变化趋势不明确(trend_score=-0.034)，当前dE=2.09e-01较大""}, ""电荷密度收敛趋势规则"": {""score"": 0.3, ""weight"": 0.2, ""reason"": ""电荷密度残差趋势不明确(trend_score=-0.001)""}, ""震荡检测规则"": {""score"": 0.5, ""weight"": 0.15, ""reason"": ""存在一定震荡(比例=0.38)""}, ""收敛阈值规则"": {""score"": 0.7, ""weight"": 0.4, ""reason"": ""电荷密度已收敛(rms=4.59e-02<7e-02)，但能量未收敛(dE=2.09e-01)""}}",0.415
vasp-data-files/101101001011001001100101/OSZICAR,0,100,1,很可能收敛(得分=0.790)。详细: 能量收敛趋势规则: 能量变化呈轻微稳定趋势(trend_score=0.000); 电荷密度收敛趋势规则: 电荷密度残差呈轻微稳定趋势(trend_score=0.002); 震荡检测规则: 存在一定震荡(比例=0.38),,True,,0.0010600090026855469,7,100,True,"{""能量收敛趋势规则"": {""score"": 0.7, ""weight"": 0.25, ""reason"": ""能量变化呈轻微稳定趋势(trend_score=0.000)""}, ""电荷密度收敛趋势规则"": {""score"": 0.7, ""weight"": 0.2, ""reason"": ""电荷密度残差呈轻微稳定趋势(trend_score=0.002)""}, ""震荡检测规则"": {""score"": 0.5, ""weight"": 0.15, ""reason"": ""存在一定震荡(比例=0.38)""}, ""收敛阈值规则"": {""score"": 1.0, ""weight"": 0.4, ""reason"": ""已达到收敛标准(dE=2.07e-04<6e-03, rms=1.64e-03<7e-02)""}}",0.79
vasp-data-files/110000010110101101010011/OSZICAR,0,100,1,可能收敛(得分=0.610)。详细: 能量收敛趋势规则: 能量变化趋势不明确(trend_score=-0.001); 电荷密度收敛趋势规则: 电荷密度残差趋势不明确(trend_score=-0.001); 震荡检测规则: 存在一定震荡(比例=0.38),,True,,0.0010883808135986328,5,100,True,"{""能量收敛趋势规则"": {""score"": 0.3, ""weight"": 0.25, ""reason"": ""能量变化趋势不明确(trend_score=-0.001)""}, ""电荷密度收敛趋势规则"": {""score"": 0.3, ""weight"": 0.2, ""reason"": ""电荷密度残差趋势不明确(trend_score=-0.001)""}, ""震荡检测规则"": {""score"": 0.5, ""weight"": 0.15, ""reason"": ""存在一定震荡(比例=0.38)""}, ""收敛阈值规则"": {""score"": 1.0, ""weight"": 0.4, ""reason"": ""已达到收敛标准(dE=4.96e-03<6e-03, rms=1.18e-02<7e-02)""}}",0.6100000000000001
vasp-data-files/111010001101110010100110/OSZICAR,0,100,1,可能收敛(得分=0.635)。详细: 能量收敛趋势规则: 能量变化呈轻微稳定趋势(trend_score=0.000); 电荷密度收敛趋势规则: 电荷密度残差趋势不明确(trend_score=-0.000); 震荡检测规则: 严重震荡(比例=0.50),,True,,0.0010924339294433594,6,100,True,"{""能量收敛趋势规则"": {""score"": 0.7, ""weight"": 0.25, ""reason"": ""能量变化呈轻微稳定趋势(trend_score=0.000)""}, ""电荷密度收敛趋势规则"": {""score"": 0.3, ""weight"": 0.2, ""reason"": ""电荷密度残差趋势不明确(trend_score=-0.000)""}, ""震荡检测规则"": {""score"": 0.0, ""weight"": 0.15, ""reason"": ""严重震荡(比例=0.50)""}, ""收敛阈值规则"": {""score"": 1.0, ""weight"": 0.4, ""reason"": ""已达到收敛标准(dE=2.59e-04<6e-03, rms=2.05e-03<7e-02)""}}",0.635
vasp-data-files/110110001001000011111111/OSZICAR,0,100,1,很可能收敛(得分=0.790)。详细: 能量收敛趋势规则: 能量变化呈轻微稳定趋势(trend_score=0.000); 电荷密度收敛趋势规则: 电荷密度残差呈轻微稳定趋势(trend_score=0.001); 震荡检测规则: 存在一定震荡(比例=0.38),,True,,0.0011341571807861328,7,100,True,"{""能量收敛趋势规则"": {""score"": 0.7, ""weight"": 0.25, ""reason"": ""能量变化呈轻微稳定趋势(trend_score=0.000)""}, ""电荷密度收敛趋势规则"": {""score"": 0.7, ""weight"": 0.2, ""reason"": ""电荷密度残差呈轻微稳定趋势(trend_score=0.001)""}, ""震荡检测规则"": {""score"": 0.5, ""weight"": 0.15, ""reason"": ""存在一定震荡(比例=0.38)""}, ""收敛阈值规则"": {""score"": 1.0, ""weight"": 0.4, ""reason"": ""已达到收敛标准(dE=4.87e-04<6e-03, rms=2.85e-03<7e-02)""}}",0.79
vasp-data-files/101100010101110001101100/OSZICAR,0,100,0,可能不收敛(得分=0.415)。详细: 能量收敛趋势规则: 能量变化趋势不明确(trend_score=-0.000); 电荷密度收敛趋势规则: 电荷密度残差趋势不明确(trend_score=-0.000); 震荡检测规则: 严重震荡(比例=0.50),,True,,0.0011069774627685547,4,100,True,"{""能量收敛趋势规则"": {""score"": 0.3, ""weight"": 0.25, ""reason"": ""能量变化趋势不明确(trend_score=-0.000)""}, ""电荷密度收敛趋势规则"": {""score"": 0.3, ""weight"": 0.2, ""reason"": ""电荷密度残差趋势不明确(trend_score=-0.000)""}, ""震荡检测规则"": {""score"": 0.0, ""weight"": 0.15, ""reason"": ""严重震荡(比例=0.50)""}, ""收敛阈值规则"": {""score"": 0.7, ""weight"": 0.4, ""reason"": ""电荷密度已收敛(rms=1.59e-02<7e-02)，但能量未收敛(dE=1.27e-02)""}}",0.415
vasp-data-files/101100101001000101010100/OSZICAR,0,100,0,可能不收敛(得分=0.415)。详细: 能量收敛趋势规则: 能量变化趋势不明确(trend_score=-0.001); 电荷密度收敛趋势规则: 电荷密度残差趋势不明确(trend_score=-0.001); 震荡检测规则: 严重震荡(比例=0.50),,True,,0.0011258125305175781,4,100,True,"{""能量收敛趋势规则"": {""score"": 0.3, ""weight"": 0.25, ""reason"": ""能量变化趋势不明确(trend_score=-0.001)""}, ""电荷密度收敛趋势规则"": {""score"": 0.3, ""weight"": 0.2, ""reason"": ""电荷密度残差趋势不明确(trend_score=-0.001)""}, ""震荡检测规则"": {""score"": 0.0, ""weight"": 0.15, ""reason"": ""严重震荡(比例=0.50)""}, ""收敛阈值规则"": {""score"": 0.7, ""weight"": 0.4, ""reason"": ""电荷密度已收敛(rms=2.06e-02<7e-02)，但能量未收敛(dE=3.31e-02)""}}",0.415
vasp-data-files/101010100000111110110001/OSZICAR,1,100,1,可能收敛(得分=0.610)。详细: 能量收敛趋势规则: 能量变化趋势不明确(trend_score=-0.000); 电荷密度收敛趋势规则: 电荷密度残差趋势不明确(trend_score=-0.000); 震荡检测规则: 存在一定震荡(比例=0.25),,True,,0.0010786056518554688,5,100,True,"{""能量收敛趋势规则"": {""score"": 0.3, ""weight"": 0.25, ""reason"": ""能量变化趋势不明确(trend_score=-0.000)""}, ""电荷密度收敛趋势规则"": {""score"": 0.3, ""weight"": 0.2, ""reason"": ""电荷密度残差趋势不明确(trend_score=-0.000)""}, ""震荡检测规则"": {""score"": 0.5, ""weight"": 0.15, ""reason"": ""存在一定震荡(比例=0.25)""}, ""收敛阈值规则"": {""score"": 1.0, ""weight"": 0.4, ""reason"": ""已达到收敛标准(dE=5.84e-04<6e-03, rms=2.44e-03<7e-02)""}}",0.6100000000000001
