filepath,true_label,n_steps,prediction,reasoning,roc_probability,success,error,api_time,confidence_score,actual_steps,enough_steps
vasp-data-files/101001010001001101100100/OSZICAR,1,100,0,"dE shows large oscillations and rms(c) fluctuates around ~0.14-0.15 without a clear downward trend, indicating divergence despite some minor damping in later steps",,True,,5.844367980957031,5,100,True
vasp-data-files/111110000100010000011110/OSZICAR,1,100,0,"The `dE` values show large oscillations, and while `rms(c)` shows some decrease in the early steps, it later stagnates and even increases (e.g., from ~0.22E+00 to ~0.75E-01 and back up to ~0.75E-01), with no clear long-term downward trend, indicating divergence.",,True,,6.511710166931152,5,100,True
vasp-data-files/101101000101010011100011/OSZICAR,0,100,0,"The `dE` values show large oscillations, and while `rms(c)` shows some decrease in the later steps, it remains high (around 0.5E+00 to 0.1E+01) without a clear, consistent downward trend, indicating divergence.",,True,,4.965826988220215,7,100,True
vasp-data-files/110110100000011000100100/OSZICAR,1,100,1,"Although `dE` shows oscillations, the `rms(c)` values show a clear long-term decreasing trend from ~0.1E+02 to ~0.1E-02, indicating eventual convergence despite noisy intermediate steps.",,True,,4.307533025741577,6,100,True
vasp-data-files/110001111011001111111001/OSZICAR,1,100,1,"Although dE shows oscillations, the rms(c) value shows a clear long-term decreasing trend from ~0.12E+02 to ~0.116E-01, indicating eventual convergence despite noisy intermediate steps.",,True,,4.016508102416992,6,100,True
vasp-data-files/110000011100111100000000/OSZICAR,0,100,0,"dE oscillates strongly with no clear decreasing trend, and rms(c) fluctuates between ~0.10E+01 and ~0.25E+01 without a consistent downward macro-trend, indicating divergence.",,True,,4.929294586181641,7,100,True
vasp-data-files/101110111010110011001111/OSZICAR,0,100,1,"Although dE shows oscillations, the rms(c) values show a clear long-term decreasing trend from ~0.1E+02 to ~0.28E+00, indicating eventual convergence despite noisy intermediate steps.",,True,,4.514686584472656,6,100,True
vasp-data-files/101111010100110000100100/OSZICAR,0,100,0,"dE oscillates strongly with no clear decreasing trend, and rms(c) shows no consistent downward macro-trend, indicating divergence.",,True,,3.219089984893799,7,100,True
vasp-data-files/111111011101110001001010/OSZICAR,1,100,1,"Although `dE` shows oscillations, the `rms(c)` values show a clear long-term decreasing trend from ~0.126E+02 to ~0.117E+00, indicating eventual convergence despite noisy intermediate steps.",,True,,4.086398124694824,6,100,True
vasp-data-files/111100110011000100101100/OSZICAR,0,100,1,"Although dE shows oscillations, the rms(c) values show a clear overall decreasing trend from ~0.1E+02 to ~0.28E-01, indicating eventual convergence despite noisy fluctuations.",,True,,4.919188737869263,6,100,True
vasp-data-files/111110000101010000100000/OSZICAR,0,100,1,"Although dE shows oscillations, the rms(c) values show a long-term decreasing trend from ~0.123E+02 down to ~0.210E+00, indicating eventual convergence despite noisy intermediate steps.",,True,,4.849385499954224,6,100,True
vasp-data-files/101000010100011110000010/OSZICAR,1,100,1,"Although `dE` shows oscillations, the `rms(c)` values show a clear overall decreasing trend from ~0.1E+02 to ~0.4E-01, indicating eventual convergence per the Expert's Tie-Breaker Rule.",,True,,4.408041000366211,6,100,True
vasp-data-files/111000011100111110100100/OSZICAR,1,100,1,"Although dE shows oscillations, the rms(c) values show a clear long-term decreasing trend from ~0.1E+02 to ~0.7E-01, indicating eventual convergence despite noisy intermediate steps.",,True,,4.690331697463989,6,100,True
vasp-data-files/100100110010001101011001/OSZICAR,0,100,1,"Although dE shows oscillations, the rms(c) values show a clear long-term decreasing trend from ~0.12E+02 to ~0.15E+00, indicating eventual convergence despite noisy intermediate steps.",,True,,4.141238212585449,6,100,True
vasp-data-files/100001111010000001010101/OSZICAR,0,100,1,"Although `dE` shows oscillations, the `rms(c)` values show an overall decreasing trend from ~0.1E+02 to ~0.4E-01, indicating eventual convergence per the Expert's Tie-Breaker Rule.",,True,,4.218471050262451,6,100,True
vasp-data-files/100001010111110011101110/OSZICAR,0,100,0,"dE oscillates strongly with no clear decreasing trend, and rms(c) shows no consistent downward macro-trend, instead fluctuating between ~0.10E+01 and ~0.12E+01, indicating divergence.",,True,,4.307135343551636,7,100,True
vasp-data-files/111100010101111011110101/OSZICAR,0,100,0,"dE oscillates strongly with no clear decreasing trend, and rms(c) fluctuates between ~0.10E+01 and ~0.15E+01 without a consistent downward macro-trend, indicating divergence despite some local damping",,True,,4.472348928451538,7,100,True
vasp-data-files/101011010100110010100100/OSZICAR,0,100,1,"Although `dE` shows oscillations, the `rms(c)` values show a clear long-term decreasing trend from ~0.1E+02 to ~0.365E-01, indicating eventual convergence despite noisy intermediate steps.",,True,,4.140201807022095,6,100,True
vasp-data-files/110100001110001101011001/OSZICAR,0,100,0,"The `dE` values show large oscillations, and while `rms(c)` shows some decreasing trends in certain intervals, it also exhibits significant oscillations and does not show a clear, consistent downward trend overall, indicating divergence.",,True,,5.209690809249878,5,100,True
vasp-data-files/100100111111011001010111/OSZICAR,0,100,0,"dE oscillates strongly with no clear decreasing trend, and rms(c) shows erratic behavior without a consistent downward macro-trend, indicating divergence.",,True,,4.101024866104126,7,100,True
vasp-data-files/100001011101111010001100/OSZICAR,0,100,1,"Although dE shows oscillations, the rms(c) values show a clear overall decreasing trend from ~0.12E+02 to ~0.8E-01, indicating eventual convergence despite noisy fluctuations.",,True,,4.497159481048584,6,100,True
vasp-data-files/101110010100111011000100/OSZICAR,1,100,1,"Although dE shows oscillations, the rms(c) values show a long-term decreasing trend, indicating eventual convergence despite noisy intermediate steps.",,True,,3.520979404449463,6,100,True
vasp-data-files/110100001101111100101000/OSZICAR,1,100,1,"Although dE shows oscillations, the rms(c) values show a clear long-term decreasing trend from ~0.1E+02 down to ~0.1E-01, indicating eventual convergence despite noisy intermediate steps.",,True,,5.017184495925903,6,100,True
vasp-data-files/111100000101111100101000/OSZICAR,0,100,0,"The `dE` values show large oscillations, and while `rms(c)` shows some decrease in the early steps, it later stagnates and oscillates without a clear downward trend, indicating divergence.",,True,,3.998905658721924,5,100,True
vasp-data-files/110101101100111101010011/OSZICAR,1,100,1,"Although `dE` shows oscillations, the `rms(c)` values show a clear long-term decreasing trend from ~0.126E+02 down to ~0.403E-01, indicating eventual convergence despite noisy intermediate steps.",,True,,4.363515853881836,6,100,True
vasp-data-files/101001110010000111111111/OSZICAR,1,100,1,"Although `dE` shows oscillations, the `rms(c)` values show a clear long-term decreasing trend from ~0.1E+02 to ~0.68E-02, indicating eventual convergence despite noisy intermediate steps.",,True,,5.2438554763793945,6,100,True
vasp-data-files/101011010111111010100100/OSZICAR,0,100,0,"dE oscillates strongly with no clear decreasing trend, and rms(c) shows erratic behavior without a consistent downward macro-trend, indicating divergence.",,True,,3.6356539726257324,6,100,True
vasp-data-files/111110000101110010010000/OSZICAR,0,100,0,"Although `dE` shows some damping in later steps, `rms(c)` oscillates between ~0.3-0.5 and does not show a clear long-term decreasing trend, indicating divergence.",,True,,4.646369934082031,6,100,True
vasp-data-files/100001110001101111000111/OSZICAR,0,100,1,"Although `dE` shows oscillations, the `rms(c)` values show a long-term decreasing trend from ~0.12E+02 to ~0.11E+01, indicating eventual convergence despite noisy intermediate steps.",,True,,5.066060304641724,6,100,True
vasp-data-files/101100110111111001010101/OSZICAR,0,100,0,"dE oscillates strongly with no clear decreasing trend, and rms(c) shows no consistent downward macro-trend, fluctuating between ~0.5-1.0E+01, indicating divergence.",,True,,4.263338565826416,7,100,True
vasp-data-files/111010000101010010101110/OSZICAR,1,100,1,"Although dE shows oscillations, the rms(c) values show a clear long-term decreasing trend from ~0.1E+02 to ~0.15E-01, indicating eventual convergence despite noisy intermediate steps.",,True,,4.800090312957764,6,100,True
vasp-data-files/101100010110110001010100/OSZICAR,1,100,0,"The `dE` values oscillate strongly with no clear decreasing trend, and while `rms(c)` shows some decrease in later steps, it remains relatively high (around 0.29-0.38E+01) without a consistent downward trajectory, indicating divergence.",,True,,4.516399621963501,7,100,True
vasp-data-files/111010001000000111111000/OSZICAR,0,100,0,"dE oscillates strongly with no clear decreasing trend, and rms(c) fluctuates around ~0.10-0.12E+01 without a consistent downward macro-trend, indicating divergence despite some minor fluctuations",,True,,3.969958782196045,7,100,True
vasp-data-files/110100011100111100100000/OSZICAR,0,100,0,"dE oscillates strongly with no clear decreasing trend, and rms(c) shows erratic behavior without a consistent downward macro-trend, indicating divergence.",,True,,3.352137804031372,7,100,True
vasp-data-files/111110001100010000111110/OSZICAR,1,100,0,"dE shows large oscillations, and while rms(c) has some downward fluctuations, it remains stuck around 0.20-0.23E+01 with no clear long-term decreasing trend, indicating divergence.",,True,,5.5132386684417725,7,100,True
vasp-data-files/100000110100111111010001/OSZICAR,1,100,0,"dE oscillates strongly with no clear decreasing trend, and rms(c) shows erratic behavior without a consistent downward macro-trend, indicating divergence.",,True,,3.3377318382263184,7,100,True
vasp-data-files/101110000001100001100001/OSZICAR,0,100,0,"The `dE` values show large oscillations, and while `rms(c)` shows some minor decreases, it remains highly fluctuating and does not exhibit a clear long-term downward trend, indicating divergence.",,True,,4.8712310791015625,7,100,True
vasp-data-files/111101000101011101110000/OSZICAR,0,100,0,"dE oscillates strongly with no clear decreasing trend, and rms(c) shows no consistent downward macro-trend, indicating divergence.",,True,,3.3108081817626953,7,100,True
vasp-data-files/101111000100111010100011/OSZICAR,1,100,1,"Although `dE` shows oscillations, the `rms(c)` values show a clear long-term decreasing trend from ~0.1E+02 to ~0.3E-01, indicating eventual convergence despite noisy intermediate steps.",,True,,3.9801836013793945,6,100,True
vasp-data-files/110101100010001010011111/OSZICAR,0,100,0,"dE oscillates strongly with no clear decreasing trend, and rms(c) fluctuates between ~0.8-0.18E+01 without a consistent downward macro-trend, indicating divergence despite some local damping",,True,,3.5694282054901123,7,100,True
vasp-data-files/100001010110001011010101/OSZICAR,1,100,1,"Although `dE` shows oscillations, the `rms(c)` values show a clear long-term decreasing trend from ~0.1E+02 to ~0.27E-02, indicating eventual convergence despite noisy intermediate steps.",,True,,5.248000144958496,6,100,True
vasp-data-files/110010001001100111111001/OSZICAR,1,100,1,"Although `dE` shows oscillations, the `rms(c)` values show an overall decreasing trend from ~0.1E+02 to ~0.8E-02, indicating eventual convergence despite noisy intermediate steps.",,True,,3.910393238067627,6,100,True
vasp-data-files/111111001000011110110001/OSZICAR,1,100,1,"Although dE shows oscillations, the rms(c) value shows a clear long-term decreasing trend from ~0.125E+02 to ~0.909E-01, indicating eventual convergence despite noisy intermediate steps.",,True,,4.544292688369751,6,100,True
vasp-data-files/100001111101001011011111/OSZICAR,1,100,1,"Although `dE` shows oscillations, the `rms(c)` values show a clear long-term decreasing trend, indicating eventual convergence despite noisy intermediate steps.",,True,,4.472071170806885,6,100,True
vasp-data-files/101100110110100100000001/OSZICAR,1,100,0,"dE oscillates strongly with no clear decreasing trend, and rms(c) fluctuates between ~0.9E+01 and ~0.1E+01 without a consistent downward macro-trend, indicating divergence despite some local damping",,True,,4.02278208732605,7,100,True
vasp-data-files/100110100101011100100000/OSZICAR,1,100,1,"Although `dE` shows oscillations, the `rms(c)` values show a clear long-term decreasing trend from ~0.1E+02 to ~0.39E-02, indicating eventual convergence despite noisy intermediate steps.",,True,,5.543471574783325,6,100,True
vasp-data-files/100011011101001010011111/OSZICAR,1,100,0,"dE oscillates strongly with no clear decreasing trend, and rms(c) fluctuates between ~0.14-0.21E+01 without a consistent downward macro-trend, indicating divergence despite some local damping",,True,,4.188449382781982,7,100,True
vasp-data-files/111011110001111110010000/OSZICAR,0,100,0,"dE shows large oscillations and rms(c) fluctuates without a clear downward trend, indicating divergence despite some minor reductions in later steps.",,True,,3.2742202281951904,5,100,True
vasp-data-files/101001101101011010111100/OSZICAR,1,100,1,"Although `dE` shows oscillations, the `rms(c)` values show a clear long-term decreasing trend from ~0.1E+02 to ~0.16E-02, indicating eventual convergence per the Expert's Tie-Breaker Rule.",,True,,4.4869465827941895,7,100,True
vasp-data-files/111011010100100010111110/OSZICAR,1,100,1,"Although dE shows oscillations, the rms(c) values show a clear long-term decreasing trend, indicating eventual convergence despite noisy intermediate steps.",,True,,3.519651174545288,6,100,True
vasp-data-files/100100001001101001001001/OSZICAR,0,100,0,"The `dE` values show large oscillations, and while `rms(c)` shows some decrease in the early steps, it later stagnates and oscillates between ~0.4 to ~0.6, with no clear long-term downward trend, indicating divergence.",,True,,4.552391767501831,5,100,True
vasp-data-files/111100001100111110100000/OSZICAR,0,100,1,"Although dE shows oscillations, the rms(c) values show a clear long-term downward trend from ~0.12E+02 to ~0.65E-01, indicating eventual convergence despite noisy intermediate steps.",,True,,3.699230432510376,6,100,True
vasp-data-files/101011110110111110100101/OSZICAR,0,100,0,"dE oscillates strongly with no clear decreasing trend, and rms(c) shows no consistent downward macro-trend, instead fluctuating between ~0.13E+01 and ~0.28E+01, indicating divergence.",,True,,4.396580457687378,7,100,True
vasp-data-files/111111000101000100110110/OSZICAR,1,100,1,"Although `dE` shows oscillations, the `rms(c)` values show a clear long-term decreasing trend from ~0.1E+02 down to ~0.4E-01, indicating eventual convergence despite noisy intermediate steps.",,True,,4.066002368927002,6,100,True
vasp-data-files/111100000001111110100000/OSZICAR,1,100,1,"Although `dE` shows oscillations, the `rms(c)` values show a clear long-term decreasing trend from ~0.12E+02 to ~0.536E-01, indicating eventual convergence despite noisy intermediate steps.",,True,,4.5074450969696045,6,100,True
vasp-data-files/101011010010111110100000/OSZICAR,1,100,1,"Although `dE` shows oscillations, the `rms(c)` values show a clear long-term decreasing trend from ~0.1E+02 to ~0.6E-01, indicating eventual convergence despite noisy intermediate steps.",,True,,4.394171237945557,6,100,True
vasp-data-files/100100010111111000000110/OSZICAR,0,100,1,"Although dE shows oscillations, the rms(c) values show a clear long-term decreasing trend from ~0.1E+02 to ~0.279E-01, indicating eventual convergence despite noisy intermediate steps.",,True,,4.2813720703125,6,100,True
vasp-data-files/101100010100110000110100/OSZICAR,0,100,0,"The `dE` values show large oscillations, and while `rms(c)` shows some decrease in the later steps, it remains high (around 0.1E+01) without a clear, consistent downward trend, indicating divergence.",,True,,4.297533273696899,7,100,True
vasp-data-files/111011110010110010101010/OSZICAR,0,100,0,"The `dE` values oscillate strongly with no clear decreasing trend, and while `rms(c)` shows some minor fluctuations, it remains stuck around 0.15-0.25E+01 without a consistent downward macro-trend, indicating divergence.",,True,,4.274293899536133,7,100,True
vasp-data-files/111110000101010010101110/OSZICAR,0,100,1,"Although dE shows oscillations, the rms(c) values show a clear overall decreasing trend from ~0.1E+02 to ~0.5E-01, indicating eventual convergence despite noisy intermediate steps.",,True,,3.7930517196655273,6,100,True
vasp-data-files/110010100101011101000011/OSZICAR,0,100,0,"dE oscillates strongly with no clear decreasing trend, and rms(c) shows erratic behavior with no consistent downward macro-trend, indicating divergence.",,True,,3.4446864128112793,6,100,True
vasp-data-files/110000111110100001010011/OSZICAR,0,100,0,"dE oscillates strongly with no clear decreasing trend, and rms(c) shows erratic behavior without a consistent downward macro-trend, indicating divergence.",,True,,3.4906017780303955,5,100,True
vasp-data-files/110011111101000001111111/OSZICAR,0,100,1,"Although dE shows oscillations, the rms(c) values show a clear long-term decreasing trend from ~0.1E+02 down to ~0.46E+00, indicating eventual convergence despite noisy intermediate steps.",,True,,4.00770902633667,6,100,True
vasp-data-files/101011110000011111011000/OSZICAR,0,100,0,"The `dE` values show large oscillations, and while `rms(c)` shows some decrease in the early steps, it later stagnates and oscillates without a clear downward trend, indicating divergence.",,True,,4.04707932472229,5,100,True
vasp-data-files/101100000101110011000000/OSZICAR,0,100,0,"dE oscillates strongly with no clear decreasing trend, and rms(c) fluctuates between ~0.8-1.0E+01 without a consistent downward macro-trend, indicating divergence despite some local damping in later steps",,True,,4.303628921508789,7,100,True
vasp-data-files/101011010101010010110110/OSZICAR,0,100,0,"The `dE` values show large oscillations, and while `rms(c)` shows some small decreases, it remains highly fluctuating and does not demonstrate a clear long-term downward trend, indicating divergence.",,True,,3.7647347450256348,5,100,True
vasp-data-files/111110100100111000100000/OSZICAR,1,100,1,"Although `dE` shows oscillations, the `rms(c)` values show a clear long-term decreasing trend from ~0.1E+02 to ~0.13E-02, indicating eventual convergence per the Expert's Tie-Breaker Rule.",,True,,4.1934051513671875,7,100,True
vasp-data-files/111110000100010010111110/OSZICAR,1,100,1,"Although dE shows oscillations, the rms(c) values show a clear long-term decreasing trend from ~0.1E+02 down to ~0.7E-01, indicating eventual convergence despite noisy intermediate steps.",,True,,3.9386281967163086,6,100,True
vasp-data-files/101001011100111101100000/OSZICAR,0,100,0,"The `dE` values show large oscillations, and while `rms(c)` shows some decrease in the later steps, it remains highly fluctuating without a clear, consistent downward trend, indicating divergence.",,True,,3.7670021057128906,5,100,True
vasp-data-files/111100000101010110100001/OSZICAR,1,100,0,"dE oscillates strongly with no clear decreasing trend, and while rms(c) shows some fluctuations, it does not exhibit a consistent long-term downward trend, indicating divergence.",,True,,3.697373628616333,7,100,True
vasp-data-files/100011011111001001011111/OSZICAR,1,100,1,"Although dE shows oscillations, the rms(c) values show a clear long-term decreasing trend from ~0.1E+02 down to ~0.3E-01, indicating eventual convergence despite noisy intermediate steps.",,True,,4.30765175819397,6,100,True
vasp-data-files/111010011011110010101000/OSZICAR,0,100,1,"Although `dE` shows oscillations, the `rms(c)` values show a long-term decreasing trend, indicating eventual convergence despite noisy intermediate steps.",,True,,3.6026556491851807,6,100,True
vasp-data-files/100110010100110000011100/OSZICAR,1,100,1,"Although `dE` shows oscillations, the `rms(c)` values show a clear long-term decreasing trend from ~0.1E+02 to ~0.5E-01, indicating eventual convergence despite noisy intermediate steps.",,True,,4.322787284851074,6,100,True
vasp-data-files/111001111011111010000110/OSZICAR,0,100,0,"The `dE` values show large oscillations, and while `rms(c)` shows some decreases, it does not have a clear overall downward trend and instead fluctuates between ~0.1E+01 and ~0.11E+01 in later steps, indicating stagnation and divergence.",,True,,4.601279258728027,5,100,True
vasp-data-files/100100110101100001011111/OSZICAR,1,100,1,"Although dE shows oscillations, the rms(c) values show a clear long-term decreasing trend from ~0.1E+02 to ~0.48E-01, indicating eventual convergence despite noisy intermediate steps.",,True,,4.114641904830933,6,100,True
vasp-data-files/100101001000001110011001/OSZICAR,1,100,1,"Although `dE` shows oscillations, the `rms(c)` values show a clear long-term decreasing trend, indicating eventual convergence despite noisy intermediate steps.",,True,,3.487945318222046,6,100,True
vasp-data-files/111001010110111000010000/OSZICAR,1,100,1,"Although dE shows oscillations, the rms(c) values show a long-term decreasing trend from ~0.12E+02 to ~0.95E-01, indicating eventual convergence despite noisy intermediate steps.",,True,,4.303164720535278,6,100,True
vasp-data-files/111001111111011110011110/OSZICAR,0,100,1,"Although `dE` shows large oscillations, the `rms(c)` values show a long-term decreasing trend from ~0.127E+02 to ~0.583E+00, indicating eventual convergence despite noisy intermediate steps.",,True,,4.418753623962402,6,100,True
vasp-data-files/100111111001010011101101/OSZICAR,0,100,1,"Although dE shows large oscillations, the rms(c) values show a long-term decreasing trend from ~0.123E+02 to ~0.904E+00, indicating eventual convergence despite noisy intermediate steps.",,True,,4.721431255340576,6,100,True
vasp-data-files/110010111000111100000000/OSZICAR,1,100,0,"rms(c) shows no clear overall decreasing trend despite some fluctuations, and dE remains relatively high with oscillations, indicating divergence.",,True,,8.333234548568726,6,100,True
vasp-data-files/101101010101110011010100/OSZICAR,0,100,0,"dE oscillates strongly with no clear decreasing trend, and rms(c) fluctuates between ~0.6E+01 and ~0.1E+01 without a consistent downward macro-trend, indicating divergence despite some local decreases.",,True,,4.389023065567017,7,100,True
vasp-data-files/101011010101110010100100/OSZICAR,0,100,1,"Although dE shows oscillations, the rms(c) values show a long-term decreasing trend from ~0.12E+02 to ~0.35E+00, indicating eventual convergence despite noisy intermediate steps.",,True,,3.765601873397827,6,100,True
vasp-data-files/100011110111011010011111/OSZICAR,1,100,1,"Although dE shows oscillations, the rms(c) values show a clear long-term decreasing trend from ~0.1E+02 to ~0.14E-01, indicating eventual convergence despite noisy intermediate steps.",,True,,4.54809832572937,6,100,True
vasp-data-files/101101011101111011011100/OSZICAR,0,100,0,"dE shows large oscillations, and while rms(c) has some downward trends, it also exhibits significant oscillations and stagnation around 0.12E+00 without a clear long-term decreasing trend, indicating divergence.",,True,,3.9640798568725586,5,100,True
vasp-data-files/110100000111000100101000/OSZICAR,0,100,0,"dE oscillates strongly with no clear decreasing trend, and rms(c) shows erratic behavior without a consistent downward macro-trend, indicating divergence.",,True,,3.339179515838623,7,100,True
vasp-data-files/111100011101110000010101/OSZICAR,0,100,0,"dE oscillates strongly with no clear decreasing trend, and rms(c) fluctuates around ~0.13-0.14E+01 without a consistent downward macro-trend, indicating divergence",,True,,3.9834818840026855,7,100,True
vasp-data-files/101010010100111010000100/OSZICAR,0,100,1,"Although dE shows large oscillations, the rms(c) values show a clear long-term decreasing trend from ~0.12E+02 down to ~0.10E+00, indicating eventual convergence per the Expert's Tie-Breaker Rule.",,True,,4.299292087554932,6,100,True
vasp-data-files/111100111100111110010000/OSZICAR,0,100,0,"The `dE` values show large oscillations, and while `rms(c)` shows some decreases, it also exhibits significant oscillations and does not show a clear long-term downward trend, indicating divergence.",,True,,3.913200616836548,5,100,True
vasp-data-files/101111100101111000100000/OSZICAR,1,100,1,"Although dE shows oscillations, the rms(c) value shows a clear long-term decreasing trend from ~0.1E+02 to ~0.1E-01, indicating eventual convergence despite noisy intermediate steps.",,True,,4.025311231613159,6,100,True
vasp-data-files/101101000101011100000000/OSZICAR,0,100,1,"Although dE shows oscillations, the rms(c) values show an overall decreasing trend from ~0.12E+02 to ~0.22E+00, indicating eventual convergence per the Expert's Tie-Breaker Rule.",,True,,3.8697621822357178,6,100,True
vasp-data-files/110001001100001101110101/OSZICAR,0,100,0,"dE oscillates strongly with no clear decreasing trend, and rms(c) fluctuates around ~0.1E+01 without a consistent downward macro-trend, indicating divergence.",,True,,3.6157150268554688,7,100,True
vasp-data-files/101100001100111110000000/OSZICAR,0,100,1,"Although dE shows large oscillations, the rms(c) values show a clear overall decreasing trend from ~0.12E+02 to ~0.84E-01, indicating eventual convergence despite noisy fluctuations.",,True,,3.686751365661621,6,100,True
vasp-data-files/111110000100010000111110/OSZICAR,0,100,0,"The `dE` values show large oscillations, and while `rms(c)` shows some decrease in the later steps, it remains relatively high (around 0.1-0.2) without a clear, consistent downward trend, indicating divergence.",,True,,4.221157789230347,5,100,True
vasp-data-files/100101001100010000001100/OSZICAR,1,100,1,"Although `dE` shows oscillations, the `rms(c)` values show a long-term decreasing trend from ~0.1E+02 to ~0.4E-01, indicating eventual convergence despite noisy intermediate steps.",,True,,4.206127405166626,6,100,True
vasp-data-files/100010001001111100101001/OSZICAR,1,100,1,"Although dE shows large oscillations, the rms(c) values show a clear long-term downward trend from ~0.123E+02 to ~0.244E+00, indicating eventual convergence despite noisy intermediate steps.",,True,,3.8958637714385986,6,100,True
vasp-data-files/100101101101101011001111/OSZICAR,0,100,0,"dE oscillates strongly with no clear decreasing trend, and rms(c) shows erratic behavior with no consistent downward macro-trend, indicating divergence.",,True,,3.60690975189209,6,100,True
vasp-data-files/101100010101110001000100/OSZICAR,1,100,0,"The `dE` values show large oscillations, and while `rms(c)` shows some decrease in the early steps, it later stagnates and oscillates between ~0.5E-01 and 0.1E+00 without a clear downward trend, indicating divergence.",,True,,4.52725076675415,5,100,True
vasp-data-files/110110100101001100111100/OSZICAR,1,100,1,"Although `dE` shows oscillations, the `rms(c)` values show a clear long-term decreasing trend from ~0.124E+02 down to ~0.777E-01, indicating eventual convergence despite noisy intermediate steps.",,True,,4.078985929489136,6,100,True
vasp-data-files/100011110011111010000110/OSZICAR,1,100,0,"dE oscillates strongly and rms(c) shows no clear downward trend in the later steps, indicating divergence despite some early damping in rms(c) values.",,True,,3.4938619136810303,7,100,True
vasp-data-files/110100111100111101010011/OSZICAR,0,100,0,"dE oscillates strongly with no clear decreasing trend, and rms(c) shows erratic behavior without a consistent downward macro-trend, indicating divergence.",,True,,3.3765649795532227,7,100,True
vasp-data-files/101001001100111011000101/OSZICAR,1,100,1,"Although `dE` shows oscillations, the `rms(c)` values show a clear long-term decreasing trend, indicating eventual convergence despite noisy intermediate steps.",,True,,3.527759552001953,6,100,True
vasp-data-files/110100110001110001011001/OSZICAR,0,100,1,"Although dE shows oscillations, the rms(c) values show a clear long-term decreasing trend from ~0.1E+02 to ~0.1E+00, indicating eventual convergence despite noisy intermediate steps.",,True,,3.924988031387329,6,100,True
vasp-data-files/111010110000111110010000/OSZICAR,0,100,0,"The `dE` values show large oscillations, and while `rms(c)` shows some minor decreases, it remains highly oscillatory and does not exhibit a clear long-term downward trend, indicating divergence.",,True,,3.870622396469116,7,100,True
vasp-data-files/101100000100111110000000/OSZICAR,0,100,0,"The `dE` values oscillate strongly without a clear decreasing trend, and while `rms(c)` shows some fluctuations, it does not exhibit a consistent long-term downward trend, indicating divergence.",,True,,8.977311134338379,7,100,True
vasp-data-files/100001011111111001010111/OSZICAR,0,100,0,"The `dE` values show large oscillations, and while `rms(c)` shows some decrease in the early steps, it later stagnates and oscillates between ~0.13E+00 and ~0.5E+00 without a clear downward trend, indicating divergence.",,True,,4.758826971054077,5,100,True
vasp-data-files/111110001100010010111111/OSZICAR,0,100,0,"dE shows large oscillations and rms(c) does not show a clear downward trend, instead fluctuating between ~0.4 and ~0.5, indicating divergence despite some minor damping in later steps",,True,,3.937772274017334,6,100,True
vasp-data-files/110000000011100101010001/OSZICAR,0,100,0,"While `dE` shows some damping in the later steps, `rms(c)` oscillates between ~0.25-0.38E+00 without a clear downward trend, indicating stagnation and lack of convergence.",,True,,4.159219026565552,5,100,True
vasp-data-files/111100000101111100100000/OSZICAR,1,100,0,"The `dE` values show large oscillations, and while `rms(c)` shows some decrease in the early steps, it later stagnates and even increases (e.g., from 0.319E-01 at step 41 to 0.398E-01 at step 100), indicating no clear downward macro-trend in `rms(c)` and suggesting divergence.",,True,,5.582916498184204,5,100,True
vasp-data-files/100011110011111010100110/OSZICAR,1,100,0,"dE oscillates strongly with no clear decreasing trend, and rms(c) shows erratic behavior without a consistent downward macro-trend, indicating divergence.",,True,,3.674985885620117,6,100,True
vasp-data-files/111110110101110100110100/OSZICAR,0,100,0,"The `dE` values show large oscillations, and while `rms(c)` shows some decreasing trends in certain regions, it also exhibits significant oscillations and does not consistently decrease over the entire dataset, indicating a lack of clear macro-trend towards convergence.",,True,,4.094281911849976,5,100,True
vasp-data-files/100111001111010100101000/OSZICAR,0,100,0,"dE oscillates strongly with no clear decreasing trend, and rms(c) fluctuates between ~0.3E+01 and ~0.6E+01 without a consistent downward macro-trend, indicating divergence.",,True,,3.9886882305145264,7,100,True
vasp-data-files/101100000101010001101100/OSZICAR,1,100,0,"dE oscillates strongly with no clear decreasing trend, and rms(c) shows erratic behavior without a consistent downward macro-trend, indicating divergence.",,True,,3.3900272846221924,6,100,True
vasp-data-files/101100010101110000111100/OSZICAR,1,100,1,"Although `dE` shows oscillations, the `rms(c)` values show a clear long-term decreasing trend from ~0.1E+02 to ~0.19E-01, indicating eventual convergence despite noisy intermediate steps.",,True,,4.067149877548218,6,100,True
vasp-data-files/110101000101000011111110/OSZICAR,1,100,0,"The `dE` values show large oscillations, and while `rms(c)` shows some small decreases, it remains highly oscillatory and does not exhibit a clear long-term downward trend, indicating divergence.",,True,,3.8937461376190186,5,100,True
vasp-data-files/101101000101111100000000/OSZICAR,1,100,1,"Although dE shows oscillations, the rms(c) values show a clear overall decreasing trend from ~0.1E+02 to ~0.9E-01, indicating eventual convergence per the Expert's Tie-Breaker Rule.",,True,,4.2819530963897705,6,100,True
vasp-data-files/110001111110110011011111/OSZICAR,0,100,0,"dE oscillates strongly with no clear decreasing trend, and rms(c) fluctuates between ~0.10E+01 and ~0.25E+01 without a consistent downward macro-trend, indicating divergence",,True,,4.086629867553711,7,100,True
vasp-data-files/101110001110011101010011/OSZICAR,0,100,1,"Although dE shows large oscillations, the rms(c) values show a clear overall decreasing trend from ~0.1E+02 to ~0.12E+00, indicating eventual convergence per the Expert's Tie-Breaker Rule.",,True,,4.522315740585327,6,100,True
vasp-data-files/110000011100011000001011/OSZICAR,1,100,1,"Although `dE` shows oscillations, the `rms(c)` values show an overall decreasing trend from ~0.124E+02 to ~0.292E-01, indicating eventual convergence per the Expert's Tie-Breaker Rule.",,True,,4.410525560379028,6,100,True
vasp-data-files/101000001110001111010111/OSZICAR,1,100,1,"Although dE shows oscillations, the rms(c) values show an overall decreasing trend from ~0.1E+02 to ~0.9E-02, indicating eventual convergence despite noisy fluctuations.",,True,,4.0071117877960205,6,100,True
vasp-data-files/101111100000000011101101/OSZICAR,0,100,0,"The `dE` values show large oscillations, and while `rms(c)` shows some decreases, it also exhibits significant oscillations and does not show a clear long-term downward trend, indicating divergence.",,True,,3.9777615070343018,5,100,True
vasp-data-files/110110001000011100100000/OSZICAR,1,100,1,"Although `dE` shows oscillations, the `rms(c)` values show a clear long-term decreasing trend from ~0.12E+02 to ~0.36E-01, indicating eventual convergence despite noisy intermediate steps.",,True,,4.1619651317596436,6,100,True
vasp-data-files/100001010110011010010010/OSZICAR,1,100,1,"Although dE shows oscillations, the rms(c) values show a clear overall decreasing trend from ~0.1E+02 to ~0.3E-01, indicating eventual convergence despite noisy intermediate steps.",,True,,4.28014349937439,6,100,True
vasp-data-files/101001010101000011001101/OSZICAR,1,100,0,"The `dE` values show large oscillations, and while `rms(c)` shows some decrease in the early steps, it later stagnates and even increases (e.g., from ~0.1E+00 to ~0.13E+00), with no clear long-term downward trend, indicating divergence.",,True,,5.7378175258636475,5,100,True
vasp-data-files/111101010111011110011110/OSZICAR,1,100,0,"While `dE` shows some decreasing trend in later steps, `rms(c)` oscillates and does not show a clear long-term downward trend, indicating divergence.",,True,,3.597874879837036,5,100,True
vasp-data-files/101100000101010000110100/OSZICAR,0,100,1,"Although dE shows oscillations, the rms(c) values show an overall decreasing trend from ~0.1E+02 to ~0.7E-01, indicating eventual convergence despite noisy fluctuations.",,True,,3.9509599208831787,6,100,True
vasp-data-files/100010010110001011010101/OSZICAR,0,100,1,"Although `dE` shows oscillations, the `rms(c)` values show a clear long-term decreasing trend from ~0.12E+02 to ~0.75E-01, indicating eventual convergence despite noisy intermediate steps.",,True,,4.358333110809326,6,100,True
vasp-data-files/101101000101111110100101/OSZICAR,0,100,1,"Although dE shows large oscillations, the rms(c) values show a long-term decreasing trend from ~0.126E+02 down to ~0.429E+00, indicating eventual convergence despite noisy intermediate steps.",,True,,4.23110818862915,6,100,True
vasp-data-files/110001000011001111101110/OSZICAR,0,100,0,"The `dE` values show large oscillations, and while `rms(c)` shows some decrease in the later steps, it remains high (around 0.5-0.6E+01) without a clear, consistent downward trend, indicating divergence.",,True,,4.750755071640015,6,100,True
vasp-data-files/101000111000110101100100/OSZICAR,1,100,0,"dE oscillates with no clear decreasing trend, and rms(c) shows erratic behavior without a consistent downward macro-trend, indicating divergence.",,True,,3.123786449432373,7,100,True
vasp-data-files/111110001100111010101000/OSZICAR,0,100,1,"Although dE shows oscillations, the rms(c) values show a clear long-term decreasing trend from ~0.1E+02 down to ~0.57E-01, indicating eventual convergence despite noisy intermediate steps.",,True,,3.805729866027832,6,100,True
vasp-data-files/101010010101111010100110/OSZICAR,1,100,0,"dE oscillates strongly with no clear decreasing trend, and rms(c) shows erratic behavior without a consistent downward macro-trend, indicating divergence.",,True,,3.4974193572998047,7,100,True
vasp-data-files/101001110011110001100110/OSZICAR,1,100,0,"The `dE` values show large oscillations, and while `rms(c)` shows some decreases, it also exhibits significant oscillations and does not show a clear long-term downward trend, indicating divergence.",,True,,3.8899078369140625,5,100,True
vasp-data-files/101110000101110011000100/OSZICAR,1,100,0,"dE oscillates strongly with no clear decreasing trend, and rms(c) fluctuates between ~0.49E+00 and ~0.61E+00 without a consistent downward macro-trend, indicating divergence.",,True,,4.22072696685791,7,100,True
vasp-data-files/110111100001000100111111/OSZICAR,1,100,0,"The `dE` values show large oscillations, and while `rms(c)` shows some decrease in the early steps, it later stagnates and even increases (e.g., from ~0.3E-01 to ~0.7E-01), indicating no clear downward macro-trend, which suggests divergence.",,True,,4.510864734649658,5,100,True
vasp-data-files/111110000100110000100000/OSZICAR,0,100,0,"The `dE` values oscillate strongly, and while `rms(c)` shows some fluctuations, it does not exhibit a clear long-term decreasing trend; instead, it oscillates between ~0.5 and 1.2, indicating divergence.",,True,,4.235408306121826,7,100,True
vasp-data-files/101011010101011011011110/OSZICAR,0,100,1,"Although dE shows large oscillations, the rms(c) values show a long-term decreasing trend from ~0.12E+02 to ~0.27E+00, indicating eventual convergence despite noisy intermediate steps.",,True,,3.579996347427368,6,100,True
vasp-data-files/101010101001110001011110/OSZICAR,1,100,1,"Although dE shows oscillations, the rms(c) values show a clear overall decreasing trend from ~0.12E+02 to ~0.78E-01, indicating eventual convergence despite noisy intermediate steps.",,True,,3.920090675354004,6,100,True
vasp-data-files/100001010100111010100000/OSZICAR,1,100,0,"dE shows large oscillations, and while rms(c) decreases initially, it later stagnates and even increases slightly, showing no clear long-term downward trend, indicating divergence.",,True,,3.7575182914733887,5,100,True
vasp-data-files/111101011101000110100110/OSZICAR,0,100,0,"dE oscillates strongly with no clear decreasing trend, and rms(c) shows no consistent downward macro-trend, instead fluctuating between ~0.16-0.19E+01, indicating divergence.",,True,,3.9278981685638428,7,100,True
vasp-data-files/110100001001001111000001/OSZICAR,0,100,0,"The `dE` values oscillate strongly with no clear decreasing trend, and while `rms(c)` shows some minor fluctuations, it remains stuck around 0.15-0.25E+01 without a consistent downward macro-trend, indicating divergence.",,True,,4.402176380157471,7,100,True
vasp-data-files/111100100000110110111001/OSZICAR,1,100,0,"dE oscillates strongly with no clear decreasing trend, and rms(c) shows erratic behavior without a consistent downward macro-trend, indicating divergence.",,True,,4.129561424255371,6,100,True
vasp-data-files/101111000110011100100100/OSZICAR,0,100,0,"dE oscillates strongly with no clear decreasing trend, and while rms(c) shows some fluctuations, it does not exhibit a consistent long-term downward trend, indicating divergence.",,True,,3.9813954830169678,7,100,True
vasp-data-files/100110011100000111011100/OSZICAR,0,100,1,"Although dE shows oscillations, the rms(c) values show an overall decreasing trend from ~0.1E+02 to ~0.2E+00, indicating eventual convergence per the Expert's Tie-Breaker Rule.",,True,,4.415245771408081,6,100,True
vasp-data-files/101111001000100011010111/OSZICAR,1,100,1,"Although `dE` shows oscillations in later steps, the `rms(c)` values show an overall decreasing trend from ~0.1E+02 to ~0.6E-03, indicating eventual convergence per the Expert's Tie-Breaker Rule.",,True,,4.4133923053741455,6,100,True
vasp-data-files/100001111100010010011110/OSZICAR,1,100,0,"The `dE` values show large oscillations, and while `rms(c)` shows some decrease in the early steps, it later stagnates and oscillates between ~0.1 and 0.2, with no clear long-term downward trend, indicating divergence.",,True,,4.3101794719696045,5,100,True
vasp-data-files/110000111011001111011011/OSZICAR,0,100,0,"dE oscillates strongly with no clear decreasing trend, and rms(c) shows no consistent downward macro-trend, instead fluctuating between ~0.5E+00 and ~0.7E+00, indicating divergence.",,True,,4.208647966384888,7,100,True
vasp-data-files/101011110000111111101101/OSZICAR,1,100,1,"Although dE shows oscillations, the rms(c) values show an overall decreasing trend from ~0.1E+02 to ~0.3E-01, indicating eventual convergence despite noisy fluctuations.",,True,,3.8952724933624268,6,100,True
vasp-data-files/111110001101110001100000/OSZICAR,0,100,1,"Although `dE` shows oscillations, the `rms(c)` values show a long-term decreasing trend, even with some fluctuations, indicating eventual convergence.",,True,,3.599493980407715,6,100,True
vasp-data-files/111010101111100011110111/OSZICAR,1,100,0,"dE oscillates strongly with no clear decreasing trend, and rms(c) shows erratic behavior with no consistent downward macro-trend, indicating divergence.",,True,,3.348735809326172,6,100,True
vasp-data-files/111110001100010000101110/OSZICAR,1,100,1,"Although dE shows oscillations, the rms(c) values show a long-term decreasing trend, indicating eventual convergence despite noisy intermediate steps.",,True,,3.4350616931915283,6,100,True
vasp-data-files/111110000000111100100000/OSZICAR,1,100,1,"Although `dE` shows oscillations, the `rms(c)` values show a clear long-term decreasing trend from ~0.1E+02 to ~0.1E+00, indicating eventual convergence despite noisy intermediate steps.",,True,,4.247505187988281,6,100,True
vasp-data-files/110101101100011001010011/OSZICAR,1,100,0,"The `dE` values show large oscillations, and while `rms(c)` shows some decrease in the later steps, it remains high (around 0.5-0.6E+00) without a clear, consistent downward trend, indicating divergence.",,True,,4.166748762130737,7,100,True
vasp-data-files/101110101100010000111110/OSZICAR,0,100,0,"The `dE` values show large oscillations, and while `rms(c)` shows some decrease in the early steps, it later stagnates and even increases (e.g., from ~0.1E+01 to ~0.11E+01), with no clear long-term downward trend, indicating divergence.",,True,,4.620773077011108,6,100,True
vasp-data-files/110110101000101111100011/OSZICAR,1,100,0,"dE oscillates strongly with no clear decreasing trend, and rms(c) shows erratic behavior without a consistent downward macro-trend, indicating divergence.",,True,,3.6954941749572754,6,100,True
vasp-data-files/100001111100010010111110/OSZICAR,1,100,1,"Although dE shows oscillations, the rms(c) values show a clear overall decreasing trend from ~0.1E+02 to ~0.46E-01, indicating eventual convergence despite noisy intermediate steps.",,True,,4.211352109909058,6,100,True
vasp-data-files/101101000100011010011110/OSZICAR,1,100,1,"Although `dE` shows oscillations, the `rms(c)` values show an overall decreasing trend from ~0.1E+02 to ~0.2E-02, indicating eventual convergence per the Expert's Tie-Breaker Rule.",,True,,4.399104833602905,6,100,True
vasp-data-files/100001000101111011011110/OSZICAR,1,100,1,"Although `dE` shows oscillations, the `rms(c)` values show a clear long-term decreasing trend, indicating eventual convergence despite noisy intermediate steps.",,True,,3.524933338165283,7,100,True
vasp-data-files/100010111000111100100101/OSZICAR,1,100,1,"Although `dE` shows oscillations, the `rms(c)` values show an overall decreasing trend from ~0.1E+02 to ~0.9E-01, indicating eventual convergence per the Expert's Tie-Breaker Rule.",,True,,3.8165643215179443,6,100,True
vasp-data-files/111110000100111010101010/OSZICAR,1,100,1,"Although `dE` shows oscillations, the `rms(c)` values show an overall decreasing trend from ~0.1E+02 to ~0.5E-01, indicating eventual convergence per the Expert's Tie-Breaker Rule.",,True,,4.400768280029297,6,100,True
vasp-data-files/100010111011110101000001/OSZICAR,0,100,0,"dE oscillates strongly with no clear decreasing trend, and rms(c) fluctuates between ~0.9E+01 and ~0.1E+01 without a consistent downward macro-trend, indicating divergence.",,True,,4.1789000034332275,7,100,True
vasp-data-files/111110000000111000100100/OSZICAR,0,100,0,"dE oscillates strongly with no clear decreasing trend, and rms(c) fluctuates around ~0.16-0.25E+01 without a consistent downward macro-trend, indicating divergence",,True,,3.9688918590545654,7,100,True
vasp-data-files/100011111110010010011110/OSZICAR,1,100,0,"dE oscillates strongly with no clear decreasing trend, and while rms(c) shows some decrease, it remains high (around 0.1) and does not steadily approach small values, indicating divergence.",,True,,3.93471097946167,7,100,True
vasp-data-files/101101000100001011000011/OSZICAR,1,100,0,"dE oscillates strongly with no clear decreasing trend, and rms(c) fluctuates between ~0.3E+01 and ~0.35E+01 without a consistent downward macro-trend, indicating divergence.",,True,,4.105019807815552,7,100,True
vasp-data-files/110110101111001101111100/OSZICAR,0,100,1,"Although dE shows oscillations, the rms(c) values show a clear overall decreasing trend from ~0.1E+02 to ~0.38E-01, indicating eventual convergence despite noisy intermediate steps.",,True,,4.136502265930176,6,100,True
vasp-data-files/101001001111110111100101/OSZICAR,1,100,1,"Although dE shows oscillations, the rms(c) values show a clear long-term decreasing trend from ~0.1E+02 to ~0.9E-03, indicating eventual convergence despite noisy intermediate steps.",,True,,4.1685967445373535,6,100,True
vasp-data-files/110100101100101110100011/OSZICAR,1,100,0,"The `dE` values show large oscillations, and while `rms(c)` shows some small decreases, it also exhibits oscillatory behavior without a clear long-term downward trend, indicating divergence.",,True,,3.713805913925171,5,100,True
vasp-data-files/110110000011010000111100/OSZICAR,1,100,0,"The `dE` values show large oscillations, and while `rms(c)` shows some decreases, it also exhibits significant oscillations and does not show a clear long-term downward trend, indicating divergence.",,True,,3.798170566558838,5,100,True
vasp-data-files/110011110100000011011101/OSZICAR,1,100,1,"Although `dE` shows oscillations, the `rms(c)` values show a clear long-term decreasing trend from ~0.12E+02 down to ~0.11E+00, indicating eventual convergence despite noisy intermediate steps.",,True,,4.2841575145721436,6,100,True
vasp-data-files/111100001101111010100000/OSZICAR,0,100,0,"The `dE` values oscillate strongly with no clear decreasing trend, and while `rms(c)` shows some minor fluctuations, it remains stuck around 0.1-0.2E+01 without a consistent downward macro-trend, indicating divergence.",,True,,4.3251025676727295,7,100,True
vasp-data-files/101010001100011000000111/OSZICAR,1,100,1,"Although `dE` shows oscillations, the `rms(c)` values show a clear long-term decreasing trend from ~0.1E+02 to ~0.6E-01, indicating eventual convergence despite noisy intermediate steps.",,True,,4.220062732696533,6,100,True
vasp-data-files/111010010100011100100010/OSZICAR,1,100,1,"Although dE shows oscillations, the rms(c) values show a clear long-term decreasing trend from ~0.1E+02 to ~0.2E-01, indicating eventual convergence despite noisy intermediate steps.",,True,,4.209735631942749,6,100,True
vasp-data-files/101001010101011110100000/OSZICAR,1,100,1,"Although dE shows oscillations, the rms(c) values show a clear long-term decreasing trend from ~0.1E+02 to ~0.5E-01, indicating eventual convergence despite noisy intermediate steps.",,True,,4.51742696762085,6,100,True
vasp-data-files/101001011100111010100010/OSZICAR,0,100,0,"dE oscillates strongly with no clear decreasing trend, and rms(c) fluctuates between ~0.16-0.23E+01 without a consistent downward macro-trend, indicating divergence despite some local decreases.",,True,,4.305490016937256,7,100,True
vasp-data-files/101011011110100110110110/OSZICAR,1,100,1,"Although dE shows oscillations, the rms(c) values show a clear overall decreasing trend from ~0.1E+02 to ~0.1E-01, indicating eventual convergence despite noisy intermediate steps.",,True,,4.013051509857178,6,100,True
vasp-data-files/101000010111100101110111/OSZICAR,0,100,0,"dE oscillates strongly with no clear decreasing trend, and rms(c) fluctuates around ~0.13-0.25E+01 without a consistent downward macro-trend, indicating divergence",,True,,3.7732677459716797,7,100,True
vasp-data-files/110110101000111110101001/OSZICAR,1,100,1,"Although dE shows oscillations, the rms(c) values show a clear long-term decreasing trend from ~0.12E+02 to ~0.219E+00, indicating eventual convergence despite noisy intermediate steps.",,True,,4.307146787643433,6,100,True
vasp-data-files/100100010110111000000110/OSZICAR,1,100,1,"Although `dE` shows oscillations, the `rms(c)` values show a clear long-term decreasing trend from ~0.12E+02 to ~0.11E-02, indicating eventual convergence despite noisy intermediate steps.",,True,,4.336771488189697,6,100,True
vasp-data-files/101001111100100011011111/OSZICAR,1,100,1,"Although `dE` shows oscillations, the `rms(c)` values show a clear long-term decreasing trend from ~0.128E+02 down to ~0.489E-01, indicating eventual convergence despite noisy intermediate steps.",,True,,4.140439987182617,6,100,True
vasp-data-files/100001111101001001011111/OSZICAR,0,100,1,"Although `dE` shows oscillations, the `rms(c)` values show a clear long-term decreasing trend from ~0.125E+02 to ~0.214E+00, indicating eventual convergence despite noisy intermediate steps.",,True,,4.3760528564453125,6,100,True
vasp-data-files/100110100000001100111101/OSZICAR,0,100,0,"dE oscillates strongly with no clear decreasing trend, and rms(c) fluctuates between ~0.15E+01 and ~0.25E+01 without a consistent downward macro-trend, indicating divergence.",,True,,4.111042261123657,7,100,True
vasp-data-files/101101000101000010111110/OSZICAR,0,100,0,"The `dE` values show large oscillations, and while `rms(c)` shows some decrease in the later steps, it remains high (around 0.6-0.9E+00) without a clear, consistent downward trend, indicating divergence.",,True,,4.295351505279541,7,100,True
vasp-data-files/110111101101001000111100/OSZICAR,1,100,0,"dE shows large oscillations, and while rms(c) has some downward fluctuations, it does not show a clear long-term decreasing trend, indicating divergence.",,True,,3.3474814891815186,6,100,True
vasp-data-files/101101000101000011101101/OSZICAR,0,100,0,"dE oscillates strongly with no clear decreasing trend, and rms(c) fluctuates between ~0.5 and 1.0E+01 without a consistent downward macro-trend, indicating divergence",,True,,4.164347171783447,7,100,True
vasp-data-files/111110010001110000111000/OSZICAR,1,100,1,"Although dE shows oscillations, the rms(c) values show a clear long-term decreasing trend from ~0.1E+02 down to ~0.3E-01, indicating eventual convergence despite noisy intermediate steps.",,True,,3.976393461227417,6,100,True
vasp-data-files/110110100100001100111100/OSZICAR,1,100,0,"The `dE` values show large oscillations, and while `rms(c)` shows some decreasing trends in certain regions, it also exhibits significant oscillations and does not show a clear, consistent downward trend overall, indicating divergence.",,True,,4.338475942611694,5,100,True
vasp-data-files/101001010101111010100100/OSZICAR,1,100,0,"dE shows large oscillations and rms(c) fluctuates around ~0.12E+00 without a clear downward trend, indicating divergence despite some minor damping in later steps",,True,,3.843151569366455,5,100,True
vasp-data-files/101000010110110001010100/OSZICAR,0,100,0,"The `dE` values show large oscillations, and while `rms(c)` shows some minor decreases, it remains highly fluctuating and does not exhibit a clear long-term downward trend, indicating divergence.",,True,,4.017323970794678,7,100,True
vasp-data-files/111000011111001011010011/OSZICAR,0,100,0,"While `dE` shows some damping in later steps, `rms(c)` oscillates between ~0.4 and ~0.6 without a clear downward trend, indicating stagnation and lack of convergence.",,True,,3.9449243545532227,5,100,True
vasp-data-files/110110111001001000110010/OSZICAR,1,100,1,"Although dE shows large oscillations, the rms(c) values show a clear overall decreasing trend from ~0.12E+02 down to ~0.15E+00, indicating eventual convergence despite noisy intermediate steps.",,True,,4.100545406341553,6,100,True
vasp-data-files/111100000101010100100001/OSZICAR,1,100,0,"The `dE` values show large oscillations, and while `rms(c)` shows some decrease in the early steps, it later stagnates and even increases (e.g., from ~0.1E+00 to ~0.95E-01), with no clear long-term downward trend, indicating divergence.",,True,,4.866551160812378,5,100,True
vasp-data-files/101011011100110010010111/OSZICAR,0,100,1,"Although dE shows large oscillations, the rms(c) values show a clear overall decreasing trend from ~0.126E+02 down to ~0.453E+00, indicating eventual convergence per the Expert's Tie-Breaker Rule.",,True,,4.530256271362305,6,100,True
vasp-data-files/111011100111011111010111/OSZICAR,1,100,1,"Although `dE` shows oscillations, the `rms(c)` values show a clear long-term decreasing trend from ~0.123E+02 down to ~0.567E-01, indicating eventual convergence per the Expert's Tie-Breaker Rule.",,True,,4.539701461791992,6,100,True
vasp-data-files/111001010111111000010000/OSZICAR,0,100,0,"While `dE` shows some damping in later steps, `rms(c)` oscillates between ~0.4 and ~0.7 without a clear downward trend, indicating stagnation and lack of convergence.",,True,,4.033669471740723,5,100,True
vasp-data-files/100010001111111111111010/OSZICAR,0,100,0,"dE oscillates strongly with no clear decreasing trend, and rms(c) shows no consistent downward macro-trend, instead fluctuating between ~0.10E+01 and ~0.37E+01, indicating divergence.",,True,,4.3352062702178955,7,100,True
vasp-data-files/100010101011000001011111/OSZICAR,0,100,1,"Although dE shows oscillations, the rms(c) values show a long-term decreasing trend from ~0.1E+02 to ~0.79E-01, indicating eventual convergence despite noisy fluctuations.",,True,,3.888582706451416,6,100,True
vasp-data-files/101100000101100111000000/OSZICAR,1,100,1,"Although dE shows oscillations, the rms(c) values show a clear long-term decreasing trend from ~0.1E+02 to ~0.4E-02, indicating eventual convergence despite noisy intermediate steps.",,True,,4.04462456703186,6,100,True
vasp-data-files/101111001100010010100010/OSZICAR,1,100,0,"dE shows large oscillations, and while rms(c) has some downward fluctuations, it does not show a clear long-term decreasing trend, indicating divergence.",,True,,3.6238653659820557,6,100,True
vasp-data-files/101111010101001111101011/OSZICAR,1,100,0,"Although `dE` shows some damping in later steps, `rms(c)` oscillates and does not show a clear long-term decreasing trend, indicating divergence.",,True,,3.7152743339538574,7,100,True
vasp-data-files/100000010111101001010111/OSZICAR,0,100,0,"dE oscillates strongly with no clear decreasing trend, and rms(c) shows erratic behavior without a consistent downward macro-trend, indicating divergence.",,True,,3.620321273803711,6,100,True
vasp-data-files/111010101001110101110100/OSZICAR,1,100,1,"Although `dE` shows oscillations, the `rms(c)` values show a clear long-term decreasing trend from ~0.1E+02 to ~0.2E-02, indicating eventual convergence despite noisy intermediate steps.",,True,,6.124253034591675,6,100,True
vasp-data-files/110000101010001110011011/OSZICAR,0,100,0,"The `dE` values show large oscillations, and while `rms(c)` shows some decrease in the later steps, it remains highly fluctuating without a clear, consistent downward trend, indicating divergence.",,True,,3.5338594913482666,5,100,True
vasp-data-files/101011010101000010111110/OSZICAR,0,100,0,"The `dE` values show large oscillations, and while `rms(c)` shows some minor fluctuations, it does not exhibit a clear long-term decreasing trend; instead, it remains around 0.1-0.2 E+01 without significant damping, indicating divergence.",,True,,4.674942970275879,7,100,True
vasp-data-files/111100000101110000100000/OSZICAR,1,100,1,"Although `dE` shows oscillations, the `rms(c)` values show a clear long-term decreasing trend, indicating eventual convergence despite noisy intermediate steps.",,True,,3.6602420806884766,6,100,True
vasp-data-files/101111100101000010111111/OSZICAR,0,100,0,"dE oscillates strongly with no clear decreasing trend, and rms(c) shows no consistent downward macro-trend, fluctuating between ~0.1E+01 and ~0.3E+01, indicating divergence.",,True,,4.761582136154175,7,100,True
vasp-data-files/101001110101111010010110/OSZICAR,1,100,1,"Although dE shows oscillations, the rms(c) value shows a clear long-term decreasing trend from ~0.1E+02 to ~0.1E-01, indicating eventual convergence despite noisy intermediate steps.",,True,,4.508311748504639,6,100,True
vasp-data-files/110100111100111101010001/OSZICAR,1,100,1,"Although dE shows oscillations, the rms(c) values show a clear long-term downward trend from ~0.1E+02 to ~0.3E-01, indicating eventual convergence despite noisy intermediate steps.",,True,,4.323930501937866,6,100,True
vasp-data-files/101101001101001101000111/OSZICAR,0,100,1,"Although `dE` shows oscillations, the `rms(c)` values show a clear long-term decreasing trend from ~0.12E+02 to ~0.14E+00, indicating eventual convergence despite noisy intermediate steps.",,True,,4.2035157680511475,6,100,True
vasp-data-files/101011110000111110100101/OSZICAR,1,100,1,"Although dE shows oscillations, the rms(c) values show a clear long-term decreasing trend from ~0.126E+02 down to ~0.279E-01, indicating eventual convergence despite noisy intermediate steps.",,True,,4.085082769393921,6,100,True
vasp-data-files/111110110101000101010101/OSZICAR,0,100,0,"The `dE` values show large oscillations, and while `rms(c)` shows some decrease in the early steps, it later stagnates and oscillates between ~0.12-0.28, with no clear long-term downward trend, indicating divergence.",,True,,4.3267741203308105,5,100,True
vasp-data-files/100111001011101101101000/OSZICAR,0,100,0,"dE oscillates strongly with no clear decreasing trend, and rms(c) fluctuates around ~0.10-0.13E+01 without a consistent downward macro-trend, indicating divergence.",,True,,4.486769914627075,7,100,True
vasp-data-files/101011110101111010011110/OSZICAR,1,100,1,"Although dE shows oscillations, the rms(c) values show a clear overall decreasing trend from ~0.127E+02 to ~0.642E-01, indicating eventual convergence despite noisy intermediate steps.",,True,,4.119135618209839,6,100,True
vasp-data-files/100101011111111001001100/OSZICAR,0,100,0,"dE shows large oscillations and rms(c) fluctuates without a clear downward trend in the later steps, indicating divergence despite some earlier damping in rms(c)",,True,,3.699946880340576,5,100,True
vasp-data-files/101000010101000011010111/OSZICAR,0,100,1,"Although `dE` shows oscillations, the `rms(c)` values show a clear long-term decreasing trend, indicating eventual convergence despite noisy intermediate steps.",,True,,3.662785291671753,6,100,True
vasp-data-files/101010010100111110100100/OSZICAR,1,100,0,"dE oscillates strongly with no clear decreasing trend, and rms(c) fluctuates around ~0.18E+01 without a consistent downward macro-trend, indicating divergence despite some minor fluctuations",,True,,4.362555265426636,7,100,True
vasp-data-files/100110010111000000110001/OSZICAR,0,100,0,"The `dE` values show large oscillations, and while `rms(c)` shows some decreases, it also exhibits significant oscillations and does not show a clear long-term downward trend, indicating divergence.",,True,,4.205381631851196,5,100,True
vasp-data-files/100111000001000011111011/OSZICAR,0,100,1,"Although dE shows large oscillations, the rms(c) values show a clear overall decreasing trend from ~0.12E+02 to ~0.43E+00, indicating eventual convergence per the Expert's Tie-Breaker Rule.",,True,,9.229524850845337,6,100,True
vasp-data-files/101110001101010111010001/OSZICAR,0,100,0,"dE shows large oscillations and rms(c) fluctuates without a clear downward trend, indicating divergence despite some minor decreases in later steps.",,True,,3.3177149295806885,5,100,True
vasp-data-files/110100110101111101010001/OSZICAR,0,100,0,"dE shows large oscillations, and while rms(c) has some downward trends, it also exhibits significant oscillations and stagnation in later steps, indicating divergence.",,True,,3.7762258052825928,6,100,True
vasp-data-files/100110100011001101111000/OSZICAR,1,100,1,"Although dE shows oscillations, the rms(c) values show an overall decreasing trend from ~0.1E+02 to ~0.3E-01, indicating eventual convergence despite noisy behavior.",,True,,4.017476797103882,6,100,True
vasp-data-files/100010110100110000110000/OSZICAR,0,100,0,"Although `dE` shows some damping in later steps, `rms(c)` oscillates between ~0.5-1.0E+01 without a clear downward trend, indicating divergence due to lack of macro-trend decrease in charge density residual.",,True,,4.894793748855591,6,100,True
vasp-data-files/101011000101010010111110/OSZICAR,0,100,0,"dE oscillates strongly with no clear decreasing trend, and rms(c) fluctuates between ~0.108E+01 and ~0.135E+01 without a consistent downward macro-trend, indicating divergence.",,True,,4.338754177093506,7,100,True
vasp-data-files/110001110110000110011100/OSZICAR,0,100,1,"Although dE shows large oscillations, the rms(c) values show a slow but consistent downward trend from ~0.12E+02 to ~0.799E+00, indicating eventual convergence per the Expert's Tie-Breaker Rule.",,True,,4.25346565246582,6,100,True
vasp-data-files/100010001001111100101000/OSZICAR,1,100,1,"Although dE shows oscillations, the rms(c) values show a clear long-term decreasing trend from ~0.1E+02 down to ~0.3E-01, indicating eventual convergence despite noisy intermediate steps.",,True,,4.253604888916016,6,100,True
vasp-data-files/111111000110000110111010/OSZICAR,0,100,0,"dE oscillates strongly with no clear decreasing trend, and rms(c) shows no consistent downward macro-trend, fluctuating between ~0.6-1.3E+01, indicating divergence.",,True,,3.723438024520874,7,100,True
vasp-data-files/100101000001000011011111/OSZICAR,1,100,1,"Although dE shows oscillations, the rms(c) values show a clear long-term decreasing trend from ~0.1E+02 to ~0.08E+02, indicating eventual convergence despite noisy intermediate steps.",,True,,3.771881580352783,6,100,True
vasp-data-files/101001010111000011111111/OSZICAR,1,100,0,"dE oscillates strongly with no clear decreasing trend, and rms(c) shows erratic behavior without a consistent downward macro-trend, indicating divergence.",,True,,3.590833902359009,7,100,True
vasp-data-files/101010000111110111100101/OSZICAR,0,100,0,"dE oscillates strongly with no clear decreasing trend, and rms(c) fluctuates between ~0.7-0.9E+01 without a consistent downward macro-trend, indicating divergence",,True,,3.9021146297454834,7,100,True
vasp-data-files/100010111000111100100000/OSZICAR,1,100,1,"Although `dE` shows oscillations, the `rms(c)` values show a clear overall decreasing trend from ~0.1E+02 to ~0.7E-02, indicating eventual convergence despite noisy intermediate steps.",,True,,4.589609384536743,6,100,True
vasp-data-files/100000001110110011111111/OSZICAR,1,100,1,"Although `dE` shows oscillations, the `rms(c)` values show a clear long-term decreasing trend from ~0.1E+02 to ~0.16E-02, indicating eventual convergence per the Expert's Tie-Breaker Rule.",,True,,4.354478359222412,7,100,True
vasp-data-files/110100000101010001010010/OSZICAR,0,100,1,"Although `dE` shows large oscillations, the `rms(c)` values show a long-term decreasing trend from ~0.12E+02 to ~0.29E+00, indicating eventual convergence despite noisy intermediate steps.",,True,,3.882565498352051,6,100,True
vasp-data-files/111101010100111110110000/OSZICAR,0,100,0,"The `dE` values show large oscillations, and while `rms(c)` shows some decreasing trends in certain regions, it also exhibits significant oscillations and does not show a clear, consistent downward trend overall, indicating divergence.",,True,,4.1043360233306885,5,100,True
vasp-data-files/100001110101100011010111/OSZICAR,0,100,0,"The `dE` values show large oscillations, and while `rms(c)` shows some decrease in the later steps, it remains highly fluctuating and does not demonstrate a clear, consistent downward trend, indicating divergence.",,True,,3.9035589694976807,5,100,True
vasp-data-files/100010110010001110111111/OSZICAR,1,100,0,"dE shows large oscillations, and while rms(c) decreases initially, it stagnates around 0.10-0.12E+00 with no clear downward trend in later steps, indicating divergence.",,True,,4.03049111366272,7,100,True
vasp-data-files/110100001000111000000001/OSZICAR,1,100,0,"The `dE` values show large oscillations, and while `rms(c)` shows some decreasing trends in earlier steps, it later stagnates and even increases (e.g., from ~0.2E+00 to ~0.677E+00 at step 97), indicating no clear macro-trend of decrease, leading to divergence.",,True,,4.691710472106934,5,100,True
vasp-data-files/110110101010110000110001/OSZICAR,0,100,0,"The `dE` values show large oscillations, and while `rms(c)` shows some decrease in the early steps, it later stagnates and oscillates between ~0.4 and 0.5 without a clear downward trend, indicating divergence.",,True,,4.35030722618103,5,100,True
vasp-data-files/100010010011000001111110/OSZICAR,1,100,1,"Although dE shows oscillations, the rms(c) values show a clear long-term decreasing trend from ~0.1E+02 to ~0.1E-01, indicating eventual convergence despite noisy intermediate steps.",,True,,4.172797918319702,6,100,True
vasp-data-files/110110001010000111111001/OSZICAR,0,100,0,"dE shows large oscillations, and while rms(c) has some downward fluctuations, it does not show a clear long-term decreasing trend, indicating divergence.",,True,,3.486997365951538,6,100,True
vasp-data-files/101001111110111111000001/OSZICAR,0,100,0,"The `dE` values show large oscillations, and while `rms(c)` shows some decrease in later steps, it remains high (around 0.1-0.2E+01) without a clear, consistent downward trend, indicating divergence.",,True,,4.1208765506744385,7,100,True
vasp-data-files/101001010001000010111110/OSZICAR,1,100,0,"The `dE` values show large oscillations, and while `rms(c)` shows some decrease in the later steps, it remains high (around 0.3E+00) without a clear, consistent downward trend, indicating divergence.",,True,,4.301224231719971,5,100,True
vasp-data-files/101001010101111110100101/OSZICAR,0,100,0,"The `dE` values show large oscillations, and while `rms(c)` shows some decrease in early steps, it later stagnates and oscillates between ~0.6-1.0E+00 without a clear downward trend, indicating divergence.",,True,,4.306922912597656,5,100,True
vasp-data-files/110111001100011100101000/OSZICAR,0,100,1,"Although `dE` shows oscillations, the `rms(c)` values show a long-term decreasing trend from ~0.12E+02 to ~0.726E-01, indicating eventual convergence despite noisy intermediate steps.",,True,,3.9942338466644287,6,100,True
vasp-data-files/111101001101111100100000/OSZICAR,1,100,1,"Although `dE` shows oscillations, the `rms(c)` values show a long-term decreasing trend from ~0.1E+02 to ~0.1E+00, indicating eventual convergence despite noisy intermediate steps.",,True,,4.1072187423706055,6,100,True
vasp-data-files/110100001110001101111001/OSZICAR,1,100,0,"Although `dE` shows some damping in later steps, `rms(c)` oscillates without a clear downward trend, indicating divergence due to lack of consistent macro-trend in charge density residual.",,True,,4.428279876708984,6,100,True
vasp-data-files/101001011100111100100000/OSZICAR,1,100,1,"Although dE shows oscillations, the rms(c) values show an overall decreasing trend from ~0.1E+02 to ~0.1E-01, indicating eventual convergence despite noisy behavior.",,True,,4.00675630569458,6,100,True
vasp-data-files/110101111100111101010011/OSZICAR,0,100,0,"dE oscillates strongly with no clear decreasing trend, and rms(c) shows no consistent downward macro-trend, instead fluctuating between ~0.2-0.35E+01, indicating divergence.",,True,,3.47908091545105,7,100,True
vasp-data-files/111100011110000110000001/OSZICAR,0,100,0,"dE oscillates strongly with no clear decreasing trend, and rms(c) fluctuates between ~0.15-0.32E+01 without a consistent downward macro-trend, indicating divergence",,True,,4.013721704483032,7,100,True
vasp-data-files/101001010101110011100111/OSZICAR,0,100,0,"dE oscillates strongly with no clear decreasing trend, and rms(c) shows no consistent downward macro-trend, instead fluctuating between ~0.3-0.8E+01, indicating divergence.",,True,,4.002495288848877,7,100,True
vasp-data-files/101101110001000000000110/OSZICAR,0,100,0,"The `dE` values show large oscillations, and while `rms(c)` shows some decrease in the later steps, it remains relatively high (around 0.8-1.0E+00) without a clear, consistent downward trend, indicating divergence.",,True,,4.211736679077148,5,100,True
vasp-data-files/111101000001110000101000/OSZICAR,0,100,0,"dE shows large oscillations, and while rms(c) decreases initially, it later stagnates and even increases slightly, showing no clear downward trend in the later steps, indicating divergence.",,True,,3.8036282062530518,5,100,True
vasp-data-files/111100100000110111110001/OSZICAR,1,100,1,"Although `dE` shows oscillations, the `rms(c)` values show a long-term decreasing trend, indicating eventual convergence despite noisy intermediate steps.",,True,,3.336560010910034,6,100,True
vasp-data-files/110110000111000011111111/OSZICAR,1,100,0,"While `dE` shows some oscillations and small decreases, the `rms(c)` values do not show a clear long-term decreasing trend; they fluctuate between ~0.1 and ~0.2, indicating stagnation and lack of convergence.",,True,,4.3594582080841064,5,100,True
vasp-data-files/100011010011000001101110/OSZICAR,0,100,0,"dE oscillates strongly with no clear decreasing trend, and rms(c) fluctuates around ~0.15-0.23E+01 without a consistent downward macro-trend, indicating divergence",,True,,3.7783586978912354,7,100,True
vasp-data-files/100110101010000101011001/OSZICAR,1,100,0,"The `dE` values show large oscillations, and while `rms(c)` decreases initially, it later stagnates and shows no clear downward trend in the later steps, indicating divergence.",,True,,3.5971672534942627,5,100,True
vasp-data-files/110010010011000001111101/OSZICAR,0,100,1,"Although `dE` shows oscillations, the `rms(c)` values show a long-term decreasing trend, indicating eventual convergence despite noisy intermediate steps.",,True,,3.4645721912384033,6,100,True
vasp-data-files/100000011111111011000100/OSZICAR,0,100,1,"Although `dE` shows oscillations, the `rms(c)` values show a clear long-term decreasing trend from ~0.1E+02 to ~0.147E+00, indicating eventual convergence despite noisy intermediate steps.",,True,,4.050687313079834,6,100,True
vasp-data-files/101001011101100011010111/OSZICAR,1,100,1,"Although dE shows oscillations, the rms(c) values show a clear long-term decreasing trend from ~0.1E+02 to ~0.1E-02, indicating eventual convergence despite noisy intermediate steps.",,True,,4.413809537887573,6,100,True
vasp-data-files/101101000101000011011111/OSZICAR,0,100,1,"Although `dE` shows oscillations, the `rms(c)` values show a clear long-term decreasing trend from ~0.12E+02 to ~0.28E+00, indicating eventual convergence despite noisy intermediate steps.",,True,,4.117224454879761,6,100,True
vasp-data-files/110100010111000101000001/OSZICAR,0,100,0,"dE oscillates strongly with no clear decreasing trend, and rms(c) shows erratic behavior without a consistent downward macro-trend, indicating divergence.",,True,,3.476379871368408,7,100,True
vasp-data-files/100110010111000001110001/OSZICAR,1,100,1,"Although dE shows oscillations, the rms(c) values show a clear long-term decreasing trend, indicating eventual convergence despite noisy intermediate steps.",,True,,3.4589619636535645,6,100,True
vasp-data-files/111111010001011000100000/OSZICAR,1,100,1,"Although `dE` shows oscillations, the `rms(c)` values show a clear long-term decreasing trend from ~0.12E+02 down to ~0.36E-01, indicating eventual convergence despite noisy intermediate steps.",,True,,4.449849605560303,6,100,True
vasp-data-files/111110001100110001101110/OSZICAR,1,100,1,"Although dE shows large oscillations, the rms(c) values show a clear long-term decreasing trend from ~0.124E+02 down to ~0.130E+00, indicating eventual convergence despite noisy intermediate steps.",,True,,4.307505369186401,6,100,True
vasp-data-files/100001110100101101010001/OSZICAR,1,100,0,"dE oscillates strongly with no clear decreasing trend, and rms(c) shows no consistent downward macro-trend, instead fluctuating between ~0.15E+01 and ~0.19E+01, indicating divergence.",,True,,3.974175453186035,7,100,True
vasp-data-files/111100001101110010101000/OSZICAR,1,100,0,"dE shows large oscillations, and while rms(c) has some downward fluctuations, it does not show a clear long-term decreasing trend, indicating divergence.",,True,,3.6187307834625244,5,100,True
vasp-data-files/101101000100111010000000/OSZICAR,1,100,1,"Although `dE` shows oscillations, the `rms(c)` values show a long-term decreasing trend from ~0.123E+02 to ~0.289E-01, indicating eventual convergence despite noisy intermediate steps.",,True,,4.111915111541748,6,100,True
vasp-data-files/101001010000111010100110/OSZICAR,1,100,1,"Although `dE` shows oscillations, the `rms(c)` values show a clear long-term decreasing trend, indicating eventual convergence despite noisy intermediate steps.",,True,,3.5941102504730225,6,100,True
vasp-data-files/111010001100011101110110/OSZICAR,1,100,1,"Although `dE` shows oscillations, the `rms(c)` values show an overall decreasing trend from ~0.1E+02 to ~0.2E-01, indicating eventual convergence per the Expert's Tie-Breaker Rule.",,True,,4.087332487106323,6,100,True
vasp-data-files/111101000101110000101100/OSZICAR,1,100,0,"The `dE` values show large oscillations, and while `rms(c)` shows some decrease in the early steps, it later stagnates and exhibits oscillatory behavior without a clear downward trend, indicating divergence.",,True,,3.825324535369873,5,100,True
vasp-data-files/100100001111001001011101/OSZICAR,1,100,1,"Although `dE` shows oscillations, the `rms(c)` values show an overall decreasing trend from ~0.1E+02 to ~0.1E-01, indicating eventual convergence per the Expert's Tie-Breaker Rule.",,True,,4.248861074447632,6,100,True
vasp-data-files/100100010101110010111100/OSZICAR,0,100,1,"Although dE shows oscillations, the rms(c) values show a clear long-term decreasing trend from ~0.1E+02 to ~0.488E-01, indicating eventual convergence despite noisy intermediate steps.",,True,,3.8555328845977783,6,100,True
vasp-data-files/111001111011000001110101/OSZICAR,1,100,1,"Although `dE` shows oscillations, the `rms(c)` values show a long-term decreasing trend, indicating eventual convergence despite noisy intermediate steps.",,True,,3.4898266792297363,6,100,True
vasp-data-files/100100001110000101111111/OSZICAR,0,100,0,"The `dE` values show large oscillations, and while `rms(c)` shows some small decreases, it remains highly oscillatory and does not exhibit a clear long-term downward trend, indicating divergence.",,True,,4.211488723754883,6,100,True
vasp-data-files/101100010110111010000011/OSZICAR,1,100,0,"Although `dE` shows some damping in later steps, `rms(c)` oscillates between ~0.35 and ~0.59 without a clear downward trend, indicating divergence per the Expert's Tie-Breaker Rule.",,True,,4.214113235473633,6,100,True
vasp-data-files/101111100100111011100011/OSZICAR,1,100,1,"Although dE shows oscillations, the rms(c) value shows an overall decreasing trend from ~0.124E+02 to ~0.784E-01, indicating eventual convergence despite noisy behavior.",,True,,4.1695005893707275,6,100,True
vasp-data-files/101111001011100011100001/OSZICAR,1,100,1,"Although dE shows oscillations, the rms(c) values show an overall decreasing trend from ~0.12E+02 to ~0.11E+00, indicating eventual convergence per the Expert's Tie-Breaker Rule.",,True,,4.139154672622681,6,100,True
vasp-data-files/100010010101100100100000/OSZICAR,0,100,1,"Although `dE` shows large oscillations, the `rms(c)` values show a clear long-term decreasing trend from ~0.124E+02 down to ~0.940E+00, indicating eventual convergence per the Expert's Tie-Breaker Rule.",,True,,4.192401170730591,6,100,True
vasp-data-files/110110101001100101011011/OSZICAR,1,100,1,"Although dE shows oscillations, the rms(c) values show an overall decreasing trend from ~0.1E+02 to ~0.3E-02, indicating eventual convergence despite noisy fluctuations.",,True,,3.7977328300476074,6,100,True
vasp-data-files/110010101011000001111111/OSZICAR,0,100,0,"The `dE` values show large oscillations, and while `rms(c)` shows some decrease in the early steps, it later stagnates and oscillates between ~0.1 and 0.2 (e.g., steps 80-100), with no clear long-term downward trend, indicating divergence.",,True,,4.33319091796875,5,100,True
vasp-data-files/111110101111000011110101/OSZICAR,0,100,0,"dE oscillates strongly with no clear decreasing trend, and rms(c) shows erratic behavior without a consistent downward macro-trend, indicating divergence.",,True,,3.486964702606201,7,100,True
vasp-data-files/100110001111000001111111/OSZICAR,1,100,1,"Although `dE` shows oscillations, the `rms(c)` values show a clear long-term decreasing trend, indicating eventual convergence despite noisy intermediate steps.",,True,,3.6697869300842285,6,100,True
vasp-data-files/100000111001001001011111/OSZICAR,1,100,0,"The `dE` values show large oscillations, and while `rms(c)` shows some decrease in the early steps, it later stagnates and oscillates between ~0.6E-01 and 0.8E-01 without a clear downward trend, indicating divergence.",,True,,4.332043886184692,5,100,True
vasp-data-files/111110010100111110100100/OSZICAR,1,100,0,"The `dE` values show large oscillations, and while `rms(c)` shows some decreasing trends in certain regions, it also exhibits significant oscillations and does not consistently decrease over the entire dataset, indicating a lack of clear macro-trend towards convergence.",,True,,4.132683038711548,5,100,True
vasp-data-files/111100001100111100100000/OSZICAR,0,100,1,"Although `dE` shows large oscillations, the `rms(c)` values show a clear long-term decreasing trend from ~0.12E+02 down to ~0.627E+00, indicating eventual convergence despite noisy intermediate steps.",,True,,4.458568096160889,6,100,True
vasp-data-files/110100001111100001000011/OSZICAR,0,100,1,"Although dE shows large oscillations, the rms(c) values show a long-term decreasing trend from ~0.12E+02 to ~0.65E+00, indicating eventual convergence despite noisy intermediate steps.",,True,,4.244127988815308,6,100,True
vasp-data-files/110010111011101011000111/OSZICAR,1,100,1,"Although dE shows oscillations, the rms(c) values show a clear long-term decreasing trend from ~0.1E+02 to ~0.9E-02, indicating eventual convergence despite noisy intermediate steps.",,True,,3.9965336322784424,6,100,True
vasp-data-files/111110000101011000101000/OSZICAR,1,100,1,"Although `dE` shows oscillations, the `rms(c)` values show a clear long-term decreasing trend from ~0.1E+02 to ~0.178E-01, indicating eventual convergence despite noisy intermediate steps.",,True,,4.217721223831177,6,100,True
vasp-data-files/111101000101111111100100/OSZICAR,0,100,0,"dE oscillates strongly with no clear decreasing trend, and rms(c) shows no consistent downward macro-trend, instead fluctuating between ~0.10E+01 and ~0.18E+01, indicating divergence.",,True,,4.0192177295684814,7,100,True
vasp-data-files/111110001011100010101001/OSZICAR,0,100,0,"The `dE` values show large oscillations, and while `rms(c)` shows some minor fluctuations, it does not exhibit a clear long-term decreasing trend; instead, it remains around 0.1-0.2E+01 without significant damping, indicating divergence.",,True,,4.605675458908081,7,100,True
vasp-data-files/110100101111001001011101/OSZICAR,0,100,0,"dE oscillates strongly with no clear decreasing trend, and while rms(c) shows some fluctuations, it does not exhibit a consistent downward macro-trend, indicating divergence.",,True,,3.4654483795166016,6,100,True
vasp-data-files/110110101000001110101011/OSZICAR,1,100,1,"Although dE shows oscillations, the rms(c) values show a clear long-term decreasing trend from ~0.1E+02 to ~0.8E-01, indicating eventual convergence despite noisy intermediate steps.",,True,,4.1240808963775635,6,100,True
vasp-data-files/111110001010000110111001/OSZICAR,0,100,1,"Although dE shows large oscillations, the rms(c) values show a clear long-term downward trend from ~0.12E+02 to ~0.26E+00, indicating eventual convergence despite noisy intermediate steps.",,True,,3.906785011291504,6,100,True
vasp-data-files/111110001001010010110001/OSZICAR,1,100,1,"Although dE shows oscillations, the rms(c) values show an overall decreasing trend from ~0.1E+02 to ~0.36E+00, indicating eventual convergence despite noisy fluctuations.",,True,,3.982067108154297,6,100,True
vasp-data-files/101011111000111010100111/OSZICAR,1,100,1,"Although dE shows oscillations, the rms(c) values show a clear long-term decreasing trend from ~0.127E+02 down to ~0.202E-01, indicating eventual convergence despite noisy intermediate steps.",,True,,4.117675065994263,6,100,True
vasp-data-files/101100000000101101100001/OSZICAR,1,100,1,"Although `dE` shows oscillations, the `rms(c)` values show a long-term decreasing trend from ~0.1E+02 to ~0.28E+00, indicating eventual convergence despite noisy intermediate steps.",,True,,4.3143064975738525,6,100,True
vasp-data-files/100010001011000001111111/OSZICAR,1,100,1,"Although dE shows oscillations, the rms(c) values show a clear long-term decreasing trend from ~0.1E+02 to ~0.2E-02, indicating eventual convergence despite noisy intermediate steps.",,True,,4.112428426742554,6,100,True
vasp-data-files/111100000101111101100000/OSZICAR,1,100,1,"Although dE shows oscillations, the rms(c) values show a clear overall decreasing trend from ~0.1E+02 to ~0.1E+00, indicating eventual convergence despite noisy intermediate steps.",,True,,3.894334077835083,6,100,True
vasp-data-files/110000110001111111010001/OSZICAR,1,100,1,"Although dE shows oscillations, the rms(c) values show a clear long-term decreasing trend from ~0.1E+02 to ~0.6E-02, indicating eventual convergence despite noisy intermediate steps.",,True,,4.004617929458618,6,100,True
vasp-data-files/110100001101110001000111/OSZICAR,0,100,0,"dE oscillates strongly with no clear decreasing trend, and rms(c) shows no consistent downward macro-trend, instead fluctuating between ~0.5E+00 and ~0.7E+01, indicating divergence.",,True,,4.009433746337891,7,100,True
vasp-data-files/111010001100100111110110/OSZICAR,1,100,0,"dE oscillates strongly with no clear decreasing trend, and while rms(c) shows some decrease in early steps, it later stagnates and oscillates without a clear downward macro-trend, indicating divergence.",,True,,3.7561683654785156,5,100,True
vasp-data-files/110111001100110110010101/OSZICAR,1,100,1,"Although dE shows oscillations, the rms(c) values show a clear overall decreasing trend from ~0.1E+02 to ~0.7E-01, indicating eventual convergence despite noisy intermediate steps.",,True,,4.043677806854248,6,100,True
vasp-data-files/100010110010001111111101/OSZICAR,1,100,1,"Although `dE` shows oscillations, the `rms(c)` values show a clear long-term decreasing trend from ~0.1E+02 to ~0.8E-02, indicating eventual convergence despite noisy intermediate steps.",,True,,4.5168139934539795,6,100,True
vasp-data-files/101011010001111010100000/OSZICAR,1,100,0,"dE oscillates strongly with no clear decreasing trend, and rms(c) shows erratic behavior without a consistent downward macro-trend, indicating divergence.",,True,,3.3608920574188232,7,100,True
vasp-data-files/100001111011000011011111/OSZICAR,1,100,1,"Although dE shows oscillations, the rms(c) values show a clear long-term decreasing trend from ~0.1E+02 to ~0.4E-01, indicating eventual convergence despite noisy intermediate steps.",,True,,9.126513481140137,6,100,True
vasp-data-files/100110101011000001111111/OSZICAR,1,100,1,"Although dE shows oscillations, the rms(c) values show a clear long-term decreasing trend from ~0.12E+02 down to ~0.93E-01, indicating eventual convergence despite noisy intermediate steps.",,True,,4.03229284286499,6,100,True
vasp-data-files/101101000101000000011110/OSZICAR,1,100,1,"Although dE shows oscillations, the rms(c) values show a clear long-term decreasing trend from ~0.1E+02 to ~0.6E-02, indicating eventual convergence despite noisy intermediate steps.",,True,,4.310975074768066,6,100,True
vasp-data-files/101110011001010001000110/OSZICAR,0,100,0,"The `dE` values show large oscillations, and while `rms(c)` shows some decreases, it also exhibits significant oscillations and does not show a clear long-term downward trend, indicating divergence.",,True,,3.900989532470703,5,100,True
vasp-data-files/101101000000110010100011/OSZICAR,0,100,0,"dE oscillates strongly with no clear decreasing trend, and rms(c) fluctuates between ~0.5E+00 and ~0.1E+01 without a consistent downward macro-trend, indicating divergence.",,True,,3.9982738494873047,7,100,True
vasp-data-files/101101011100110011011100/OSZICAR,0,100,0,"dE oscillates strongly with no clear decreasing trend, and rms(c) fluctuates around ~0.16-0.18E+01 without a consistent downward macro-trend, indicating divergence",,True,,3.9074251651763916,7,100,True
vasp-data-files/110111001001101100101100/OSZICAR,0,100,0,"dE oscillates strongly with no clear decreasing trend, and rms(c) fluctuates between ~0.1e+01 and ~0.5e+01 without a consistent downward macro-trend, indicating divergence despite some local decreases.",,True,,4.109312534332275,7,100,True
vasp-data-files/111100000100110110100000/OSZICAR,1,100,0,"The `dE` values show large oscillations, and while `rms(c)` shows some decreasing trends in early steps, it later stagnates and oscillates without a clear downward macro-trend, indicating divergence.",,True,,3.8974084854125977,5,100,True
vasp-data-files/111101001100111110100000/OSZICAR,0,100,0,"The `dE` values show large oscillations, and while `rms(c)` shows some decreases, it also exhibits significant oscillations and does not show a clear long-term downward trend, indicating divergence.",,True,,3.780029773712158,5,100,True
vasp-data-files/100011110001111111100100/OSZICAR,0,100,1,"Although dE shows oscillations, the rms(c) values show a long-term decreasing trend, indicating eventual convergence despite noisy intermediate steps.",,True,,3.3906025886535645,6,100,True
vasp-data-files/111100110101110000101000/OSZICAR,0,100,0,"The `dE` values show large oscillations, and while `rms(c)` shows some decreases, it remains highly fluctuating without a clear long-term downward trend, indicating divergence.",,True,,3.853900671005249,5,100,True
vasp-data-files/111111010101110010100010/OSZICAR,1,100,1,"Although `dE` shows oscillations, the `rms(c)` values show a clear long-term decreasing trend from ~0.12E+02 to ~0.22E-01, indicating eventual convergence despite noisy intermediate steps.",,True,,4.3238677978515625,6,100,True
vasp-data-files/101010010101111010100100/OSZICAR,1,100,1,"Although `dE` shows oscillations, the `rms(c)` values show a clear long-term decreasing trend from ~0.1E+02 to ~0.367E-01, indicating eventual convergence despite noisy intermediate steps.",,True,,4.1300413608551025,6,100,True
vasp-data-files/111111000100011100100000/OSZICAR,1,100,1,"Although dE shows oscillations, the rms(c) values show a clear long-term decreasing trend from ~0.1E+02 to ~0.1E-01, indicating eventual convergence despite noisy intermediate steps.",,True,,4.066133499145508,6,100,True
vasp-data-files/101001010100111010001000/OSZICAR,1,100,0,"The `dE` values show large oscillations, and while `rms(c)` shows some decrease in the early steps, it later stagnates and even increases slightly, indicating no clear downward trend and suggesting divergence.",,True,,3.8649656772613525,5,100,True
vasp-data-files/101011110100111111010110/OSZICAR,0,100,0,"dE oscillates strongly with no clear decreasing trend, and rms(c) fluctuates between ~0.10E+01 and ~0.12E+01 without a consistent downward macro-trend, indicating divergence.",,True,,4.203030824661255,7,100,True
vasp-data-files/101001111100101011011111/OSZICAR,1,100,1,"Although `dE` shows oscillations, the `rms(c)` values exhibit a long-term decreasing trend, indicating eventual convergence despite noisy intermediate steps.",,True,,3.685591459274292,6,100,True
vasp-data-files/100110101011000101111111/OSZICAR,1,100,1,"Although `dE` shows oscillations, the `rms(c)` values show a clear long-term decreasing trend from ~0.12E+02 to ~0.38E+00, indicating eventual convergence despite noisy intermediate steps.",,True,,4.236466884613037,6,100,True
vasp-data-files/100001111000111101011001/OSZICAR,1,100,0,"dE oscillates strongly with no clear decreasing trend, and rms(c) shows erratic behavior without a consistent downward macro-trend, indicating divergence.",,True,,3.592587471008301,6,100,True
vasp-data-files/110001010101000001010111/OSZICAR,1,100,1,"Although `dE` shows oscillations, the `rms(c)` values show a clear long-term decreasing trend from ~0.12E+02 to ~0.12E-01, indicating eventual convergence despite noisy intermediate steps.",,True,,4.143488645553589,6,100,True
vasp-data-files/111110111011100101101101/OSZICAR,0,100,0,"dE oscillates strongly with no clear decreasing trend, and rms(c) fluctuates between ~0.1E+01 and ~0.2E+01 without a consistent downward macro-trend, indicating divergence.",,True,,3.940385103225708,7,100,True
vasp-data-files/111101001101010100100000/OSZICAR,1,100,0,"The `dE` values show large oscillations, and while `rms(c)` decreases initially, it later stagnates and shows no clear downward trend in the later steps, indicating divergence.",,True,,3.8141958713531494,5,100,True
vasp-data-files/111101011101111000001110/OSZICAR,0,100,0,"dE shows large oscillations, and while rms(c) has some downward fluctuations, it does not show a clear long-term decreasing trend, indicating divergence.",,True,,3.4953362941741943,5,100,True
vasp-data-files/101101000011001011000001/OSZICAR,0,100,0,"The `dE` values show large oscillations, and while `rms(c)` shows some decreases, it does not have a clear overall downward trend, indicating divergence.",,True,,3.4856550693511963,5,100,True
vasp-data-files/111010110010100111010001/OSZICAR,1,100,1,"Although `dE` shows oscillations, the `rms(c)` values show a clear long-term decreasing trend from ~0.1E+02 to ~0.1E-01, indicating eventual convergence despite noisy intermediate steps.",,True,,3.899627685546875,6,100,True
vasp-data-files/100111100010000011111111/OSZICAR,0,100,0,"dE oscillates strongly with no clear decreasing trend, and rms(c) fluctuates between ~0.17-0.36E+01 without a consistent downward macro-trend, indicating divergence",,True,,3.584831476211548,7,100,True
vasp-data-files/110000010011000011011001/OSZICAR,0,100,0,"The `dE` values show large oscillations, and while `rms(c)` shows some decreasing trends in certain intervals, it also exhibits significant oscillations and does not show a clear, consistent downward trend overall, indicating divergence.",,True,,4.124618291854858,5,100,True
vasp-data-files/111110001100111010100000/OSZICAR,1,100,1,"Although dE shows oscillations, the rms(c) values show a clear long-term decreasing trend from ~0.1E+02 to ~0.8E-01, indicating eventual convergence despite noisy intermediate steps.",,True,,3.650510787963867,6,100,True
vasp-data-files/100110111101011101000100/OSZICAR,0,100,1,"Although `dE` shows oscillations, the `rms(c)` values show a long-term decreasing trend, indicating eventual convergence despite noisy intermediate steps.",,True,,3.330043077468872,6,100,True
vasp-data-files/101000010101111010100100/OSZICAR,0,100,0,"dE oscillates strongly with no clear decreasing trend, and rms(c) shows erratic behavior without a consistent downward macro-trend, indicating divergence.",,True,,3.5516703128814697,7,100,True
vasp-data-files/110010111011110000101100/OSZICAR,0,100,0,"dE oscillates strongly with no clear decreasing trend, and rms(c) shows erratic behavior without a consistent downward macro-trend, indicating divergence.",,True,,3.7352566719055176,5,100,True
vasp-data-files/101001110100110011000011/OSZICAR,0,100,0,"Although `dE` shows some damping in later steps, `rms(c)` oscillates between ~0.3 and ~0.6 without a clear downward trend, indicating divergence due to lack of consistent macro-trend in charge density residual.",,True,,4.247971057891846,6,100,True
vasp-data-files/100101100101010001010011/OSZICAR,1,100,1,"Although `dE` shows oscillations, the `rms(c)` values show a clear long-term decreasing trend from ~0.1E+02 to ~0.17E-01, indicating eventual convergence despite noisy intermediate steps.",,True,,4.257620096206665,6,100,True
vasp-data-files/111111111011011111101000/OSZICAR,0,100,1,"Although dE shows large oscillations, the rms(c) values show a long-term decreasing trend from ~0.128E+02 to ~0.972E+00, indicating eventual convergence despite noisy intermediate steps.",,True,,4.115605592727661,6,100,True
vasp-data-files/101011001110010111111001/OSZICAR,0,100,1,"Although `dE` shows oscillations, the `rms(c)` values show a long-term decreasing trend, indicating eventual convergence despite noisy intermediate steps.",,True,,3.3931283950805664,6,100,True
vasp-data-files/101001010101101101010011/OSZICAR,1,100,1,"Although `dE` shows oscillations, the `rms(c)` values show a clear long-term decreasing trend from ~0.1E+02 to ~0.4E-02, indicating eventual convergence despite noisy intermediate steps.",,True,,4.095707654953003,6,100,True
vasp-data-files/111100000001011100110001/OSZICAR,0,100,0,"The `dE` values oscillate strongly with no clear decreasing trend, and while `rms(c)` shows some minor fluctuations, it remains stuck around 0.31-0.32E+01 without a consistent downward macro-trend, indicating divergence.",,True,,4.0175700187683105,7,100,True
vasp-data-files/111101000101010010110000/OSZICAR,0,100,0,"The `dE` values show large oscillations, and while `rms(c)` shows some decrease in early steps, it later stagnates and even increases (e.g., from ~0.1E+00 to ~0.35E+00), with no clear long-term downward trend, indicating divergence.",,True,,4.682724237442017,5,100,True
vasp-data-files/101100001101110001100001/OSZICAR,1,100,1,"Although dE shows oscillations, the rms(c) values show a clear long-term decreasing trend from ~0.1E+02 to ~0.13E-01, indicating eventual convergence despite noisy intermediate steps.",,True,,3.911163568496704,6,100,True
vasp-data-files/111101011101111001001000/OSZICAR,1,100,0,"dE oscillates strongly with no clear decreasing trend, and rms(c) fluctuates around ~0.10E+01 without a consistent downward macro-trend, indicating divergence despite some minor fluctuations",,True,,3.5868585109710693,7,100,True
vasp-data-files/101000010001100011101011/OSZICAR,1,100,1,"Although `dE` shows oscillations, the `rms(c)` values show a clear long-term decreasing trend from ~0.1E+02 to ~0.5E-01, indicating eventual convergence despite noisy intermediate steps.",,True,,4.137309789657593,6,100,True
vasp-data-files/100010111010001101011111/OSZICAR,1,100,0,"dE oscillates strongly with no clear decreasing trend, and rms(c) shows no consistent downward macro-trend, instead fluctuating between ~0.25E+01 and ~0.25E+00 without a clear convergence path, indicating divergence.",,True,,3.9020156860351562,7,100,True
vasp-data-files/101100000001011100100000/OSZICAR,0,100,0,"dE oscillates strongly with no clear decreasing trend, and rms(c) fluctuates around ~0.16-0.22E+01 without a consistent downward macro-trend, indicating divergence",,True,,4.005656480789185,7,100,True
vasp-data-files/100000111101000011011111/OSZICAR,1,100,1,"Although dE shows oscillations, the rms(c) values show a clear long-term decreasing trend from ~0.1E+02 to ~0.7E-02, indicating eventual convergence despite noisy intermediate steps.",,True,,3.8894405364990234,6,100,True
vasp-data-files/111110000111011010110110/OSZICAR,0,100,0,"The `dE` values show large oscillations, and while `rms(c)` shows some decreases, it also exhibits significant oscillations and does not show a clear long-term downward trend, indicating divergence.",,True,,3.4044883251190186,5,100,True
vasp-data-files/101101000011100011101011/OSZICAR,0,100,0,"While `dE` shows some decreasing trends in later steps, `rms(c)` oscillates between ~0.17 and ~0.19 without a clear downward macro-trend, indicating stagnation and divergence.",,True,,3.7913177013397217,5,100,True
vasp-data-files/100001111101001111010011/OSZICAR,1,100,1,"Although `dE` shows oscillations, the `rms(c)` values show a clear long-term decreasing trend from ~0.1E+02 to ~0.169E-01, indicating eventual convergence despite noisy intermediate steps.",,True,,4.09387731552124,6,100,True
vasp-data-files/110101110010001101011001/OSZICAR,1,100,1,"Although dE shows oscillations, the rms(c) values show a clear long-term decreasing trend from ~0.1E+02 to ~0.13E+00, indicating eventual convergence despite noisy intermediate steps.",,True,,3.9550013542175293,6,100,True
vasp-data-files/100010010100111100100000/OSZICAR,0,100,0,"The `dE` values show large oscillations, and while `rms(c)` shows some decrease in the early steps, it later stagnates and even increases (e.g., from ~0.1E+02 to ~0.45E+00 and then back up to ~0.45E+00), with no clear long-term downward trend, indicating divergence.",,True,,4.989337682723999,5,100,True
vasp-data-files/100110001000010110100000/OSZICAR,1,100,1,"Although `dE` shows oscillations, the `rms(c)` values show an overall decreasing trend from ~0.1E+02 to ~0.185E-01, indicating eventual convergence per the Expert's Tie-Breaker Rule.",,True,,4.304898977279663,6,100,True
vasp-data-files/101001110001111010100101/OSZICAR,0,100,0,"The `dE` values show large oscillations, and while `rms(c)` shows some small decreases, it remains highly fluctuating and does not demonstrate a clear long-term downward trend, indicating divergence.",,True,,3.823451519012451,5,100,True
vasp-data-files/111100000100110100100000/OSZICAR,1,100,1,"Although dE shows oscillations, the rms(c) values show a clear long-term decreasing trend from ~0.1E+02 to ~0.6E-02, indicating eventual convergence despite noisy intermediate steps.",,True,,4.067127704620361,6,100,True
vasp-data-files/101001100101000010111111/OSZICAR,1,100,1,"Although `dE` shows oscillations, the `rms(c)` values show a clear long-term decreasing trend from ~0.1E+02 to ~0.387E-01, indicating eventual convergence despite noisy intermediate steps.",,True,,4.436434984207153,6,100,True
vasp-data-files/111100001101001111000001/OSZICAR,0,100,0,"rms(c) shows no clear overall decreasing trend, oscillating between ~0.2-0.8E+00 with no consistent damping, indicating divergence despite some local fluctuations in dE",,True,,3.7768497467041016,5,100,True
vasp-data-files/101101100101000010111100/OSZICAR,1,100,1,"Although dE shows oscillations, the rms(c) values show a clear long-term decreasing trend from ~0.1E+02 to ~0.8E-02, indicating eventual convergence despite noisy intermediate steps.",,True,,3.8080031871795654,6,100,True
vasp-data-files/101101000001110010100001/OSZICAR,0,100,1,"Although `dE` shows oscillations, the `rms(c)` values show a long-term decreasing trend, albeit with some noise, indicating eventual convergence.",,True,,3.443837881088257,6,100,True
vasp-data-files/101100000000111110000000/OSZICAR,1,100,1,"Although dE shows oscillations, the rms(c) values show a clear long-term decreasing trend from ~0.1E+02 to ~0.146E-02, indicating eventual convergence despite noisy intermediate steps.",,True,,3.7642416954040527,6,100,True
vasp-data-files/100100100110110101111001/OSZICAR,0,100,1,"Although dE shows oscillations, the rms(c) values show a clear long-term decreasing trend from ~0.1E+02 to ~0.2E-01, indicating eventual convergence despite noisy intermediate steps.",,True,,3.956867218017578,6,100,True
vasp-data-files/110100110011001101111001/OSZICAR,1,100,0,"dE shows large oscillations, and while rms(c) decreases slightly in some regions, it remains stuck around 0.1 (e.g., 0.103E+00 to 0.154E+00) without a clear long-term downward trend, indicating divergence.",,True,,4.728014945983887,6,100,True
vasp-data-files/101101111110111111010001/OSZICAR,0,100,0,"dE shows large oscillations, and while rms(c) has some downward trends, it also exhibits significant oscillations and stagnation in the later steps (e.g., around 0.3-0.6E+00), failing to show a clear long-term decreasing trend, indicating divergence.",,True,,4.350049734115601,7,100,True
vasp-data-files/101011110001111111100100/OSZICAR,1,100,0,"The `dE` values show large oscillations, and while `rms(c)` shows some decreases, it also exhibits significant oscillations and does not show a clear long-term downward trend, indicating divergence.",,True,,3.8907222747802734,5,100,True
vasp-data-files/110110101010000001111000/OSZICAR,1,100,1,"Although dE shows oscillations, the rms(c) values show a clear long-term decreasing trend from ~0.1E+02 to ~0.15E-01, indicating eventual convergence despite noisy intermediate steps.",,True,,3.604851484298706,6,100,True
vasp-data-files/111110000001000000111110/OSZICAR,0,100,0,"dE oscillates strongly with no clear decreasing trend, and rms(c) shows no consistent downward macro-trend, instead fluctuating between ~0.1E+01 and ~0.13E+01, indicating divergence.",,True,,3.7937939167022705,7,100,True
vasp-data-files/101100000100111110000001/OSZICAR,0,100,0,"Although `dE` shows some oscillations, the `rms(c)` values do not show a clear long-term decreasing trend and instead fluctuate between ~0.7E+00 and ~1.2E+01, indicating divergence.",,True,,4.2047717571258545,6,100,True
vasp-data-files/110010111011000101111111/OSZICAR,1,100,1,"Although `dE` shows oscillations, the `rms(c)` values show a clear long-term decreasing trend from ~0.1E+02 to ~0.35E-02, indicating eventual convergence per the Expert's Tie-Breaker Rule.",,True,,4.4610981941223145,7,100,True
vasp-data-files/101001010100111010100000/OSZICAR,1,100,1,"Although `dE` shows oscillations, the `rms(c)` values show a clear long-term decreasing trend from ~0.1E+02 to ~0.5E-01, indicating eventual convergence despite noisy intermediate steps.",,True,,3.981395959854126,6,100,True
vasp-data-files/100011111100011010011110/OSZICAR,1,100,1,"Although dE shows oscillations, the rms(c) value shows a clear long-term decreasing trend from ~0.1E+02 to ~0.8E-02, indicating eventual convergence despite noisy intermediate steps.",,True,,4.386568546295166,6,100,True
vasp-data-files/110110100100000100110100/OSZICAR,1,100,1,"Although `dE` shows oscillations, the `rms(c)` values show a long-term decreasing trend, indicating eventual convergence despite noisy intermediate steps.",,True,,3.2066855430603027,6,100,True
vasp-data-files/100101011101111011000011/OSZICAR,0,100,0,"dE oscillates strongly with no clear decreasing trend, and rms(c) fluctuates around ~0.16E+01 without a consistent downward macro-trend, indicating divergence despite some minor fluctuations",,True,,3.481832981109619,7,100,True
vasp-data-files/100011011111000010111111/OSZICAR,0,100,0,"dE oscillates strongly with no clear decreasing trend, and rms(c) shows no consistent downward macro-trend, fluctuating between ~0.10E+01 and ~0.25E+01, indicating divergence.",,True,,4.080479860305786,6,100,True
vasp-data-files/100001111100111101010011/OSZICAR,0,100,0,"dE oscillates strongly with no clear decreasing trend, and rms(c) shows no consistent downward macro-trend, instead fluctuating between ~0.5-1.1E+01, indicating divergence.",,True,,3.503495216369629,7,100,True
vasp-data-files/101001001111010011011111/OSZICAR,1,100,1,"Although dE shows oscillations, the rms(c) values show a clear overall decreasing trend from ~0.1E+02 to ~0.3E-01, indicating eventual convergence despite noisy intermediate steps.",,True,,4.114046812057495,6,100,True
vasp-data-files/100001010111011100010001/OSZICAR,0,100,0,"The `dE` values show large oscillations, and while `rms(c)` shows some decreasing trends in certain intervals, it also exhibits significant oscillations and does not consistently decrease over the entire dataset, indicating a lack of clear macro-trend towards convergence.",,True,,3.8445656299591064,5,100,True
vasp-data-files/100001110101000011011111/OSZICAR,0,100,1,"Although dE shows oscillations, the rms(c) values show a clear long-term decreasing trend from ~0.1E+02 to ~0.2E+00, indicating eventual convergence despite noisy intermediate steps.",,True,,3.9572010040283203,6,100,True
vasp-data-files/111101000001001010110010/OSZICAR,1,100,1,"Although dE shows oscillations, the rms(c) values show a clear overall decreasing trend from ~0.1E+02 to ~0.4E-02, indicating eventual convergence despite noisy intermediate steps.",,True,,3.996225357055664,6,100,True
vasp-data-files/101111001100010011100010/OSZICAR,1,100,1,"Although dE shows oscillations, the rms(c) values show a clear long-term decreasing trend from ~0.1E+02 down to ~0.7E-01, indicating eventual convergence despite noisy intermediate steps.",,True,,4.211217880249023,6,100,True
vasp-data-files/111110001100010000100010/OSZICAR,1,100,1,"Although dE shows large oscillations, the rms(c) values show a clear long-term downward trend from ~0.12E+02 to ~0.4E+00, indicating eventual convergence despite noisy intermediate steps.",,True,,4.226103782653809,6,100,True
vasp-data-files/101100000001111100100000/OSZICAR,1,100,1,"Although `dE` shows oscillations, the `rms(c)` values show an overall decreasing trend from ~0.1E+02 to ~0.5E-02, indicating eventual convergence per the Expert's Tie-Breaker Rule.",,True,,4.10153865814209,6,100,True
vasp-data-files/101011111001110010011110/OSZICAR,0,100,0,"dE oscillates strongly with no clear decreasing trend, and rms(c) fluctuates around ~0.15E+01 without a consistent downward macro-trend, indicating divergence.",,True,,3.8284645080566406,7,100,True
vasp-data-files/111110001100010010111110/OSZICAR,0,100,0,"dE oscillates strongly with no clear decreasing trend, and rms(c) shows no consistent downward macro-trend, instead fluctuating between ~0.6E+00 and ~0.12E+01, indicating divergence.",,True,,4.37065315246582,7,100,True
vasp-data-files/101111000100011100100100/OSZICAR,1,100,0,"The `dE` values show large oscillations, and while `rms(c)` shows some decrease in early steps, it later stagnates and oscillates without a clear downward trend, indicating divergence.",,True,,4.009099960327148,5,100,True
vasp-data-files/111100000111000001010110/OSZICAR,1,100,0,"dE oscillates strongly with no clear decreasing trend, and rms(c) fluctuates around ~0.1E+01 without a consistent downward macro-trend, indicating divergence despite some local decreases",,True,,4.572777032852173,7,100,True
vasp-data-files/101101001100111000001000/OSZICAR,1,100,1,"Although `dE` shows oscillations, the `rms(c)` values show a clear long-term decreasing trend from ~0.1E+02 down to ~0.25E-02, indicating eventual convergence despite noisy intermediate steps.",,True,,4.672472238540649,6,100,True
vasp-data-files/101011110101101011011111/OSZICAR,0,100,0,"dE oscillates strongly with no clear decreasing trend, and rms(c) shows erratic behavior without a consistent downward macro-trend, indicating divergence.",,True,,3.485492706298828,7,100,True
vasp-data-files/111110100000001100110001/OSZICAR,0,100,0,"The `dE` values show large oscillations, and while `rms(c)` shows some decreases, it also exhibits significant oscillations and does not show a clear long-term downward trend, indicating divergence.",,True,,3.6151468753814697,5,100,True
vasp-data-files/100111100010001100011001/OSZICAR,1,100,1,"Although dE shows oscillations, the rms(c) values show a clear long-term decreasing trend from ~0.12E+02 to ~0.15E+00, indicating eventual convergence despite noisy intermediate steps.",,True,,9.060455560684204,6,100,True
vasp-data-files/111110000100000000111110/OSZICAR,1,100,0,"dE oscillates with no clear decreasing trend, and rms(c) shows erratic behavior with no consistent downward macro-trend, indicating divergence.",,True,,3.3334691524505615,5,100,True
vasp-data-files/110000011001000011111010/OSZICAR,1,100,1,"Although `dE` shows oscillations, the `rms(c)` values show a clear long-term decreasing trend from ~0.1E+02 to ~0.1E+00, indicating eventual convergence despite noisy intermediate steps.",,True,,4.300595045089722,6,100,True
vasp-data-files/101011110001110011110101/OSZICAR,0,100,0,"The `dE` values oscillate strongly without a clear decreasing trend, and while `rms(c)` shows some decreases, it remains highly oscillatory and does not show a consistent long-term downward trend, indicating divergence.",,True,,4.0483176708221436,7,100,True
vasp-data-files/111110001111111010110001/OSZICAR,0,100,1,"Although `dE` shows oscillations, the `rms(c)` values show a clear long-term decreasing trend, indicating eventual convergence despite noisy intermediate steps.",,True,,3.653630018234253,6,100,True
vasp-data-files/101110000100111110100000/OSZICAR,0,100,0,"The `dE` values show large oscillations, and while `rms(c)` shows some small decreases, it remains highly oscillatory and does not exhibit a clear long-term downward trend, indicating divergence.",,True,,3.8960037231445312,5,100,True
vasp-data-files/110010110010100111010001/OSZICAR,1,100,1,"Although dE shows oscillations, the rms(c) values show a clear overall decreasing trend from ~0.1E+02 to ~0.3E-01, indicating eventual convergence per the Expert's Tie-Breaker Rule.",,True,,4.2295403480529785,6,100,True
vasp-data-files/101011010110110010010100/OSZICAR,0,100,1,"Although dE shows large oscillations, the rms(c) values show a long-term decreasing trend from ~0.12E+02 to ~0.10E+00, indicating eventual convergence despite noisy intermediate steps.",,True,,5.511028051376343,6,100,True
vasp-data-files/111111000001000000111010/OSZICAR,1,100,1,"Although `dE` shows oscillations, the `rms(c)` values show a clear long-term decreasing trend, indicating eventual convergence despite noisy intermediate steps.",,True,,3.6094858646392822,6,100,True
vasp-data-files/101001110111111111000001/OSZICAR,0,100,0,"dE oscillates strongly with no clear decreasing trend, and rms(c) shows no consistent downward macro-trend, indicating divergence despite some local fluctuations.",,True,,3.4909520149230957,7,100,True
vasp-data-files/110010111011100011111101/OSZICAR,1,100,1,"Although dE shows oscillations, the rms(c) values show an overall decreasing trend from ~0.1E+02 to ~0.398E-01, indicating eventual convergence despite noisy fluctuations.",,True,,3.785813570022583,6,100,True
vasp-data-files/101100000101000011101101/OSZICAR,1,100,1,"Although dE shows oscillations, the rms(c) values show a clear long-term decreasing trend from ~0.1E+02 to ~0.3E-01, indicating eventual convergence despite noisy intermediate steps.",,True,,4.626677513122559,6,100,True
vasp-data-files/101100110010100101111101/OSZICAR,0,100,0,"dE oscillates strongly with no clear decreasing trend, and rms(c) fluctuates between ~0.5-1.3E+01 without a consistent downward macro-trend, indicating divergence despite some local decreases.",,True,,3.7946019172668457,7,100,True
vasp-data-files/101111100110001111111101/OSZICAR,1,100,0,"dE oscillates strongly with no clear decreasing trend, and rms(c) shows no consistent downward macro-trend, instead fluctuating between ~0.7-1.6E+01, indicating divergence.",,True,,3.6881773471832275,7,100,True
vasp-data-files/101000111001111010100100/OSZICAR,1,100,1,"Although `dE` shows oscillations, the `rms(c)` values show a clear long-term decreasing trend from ~0.12E+02 to ~0.4E-01, indicating eventual convergence despite noisy intermediate steps.",,True,,3.9206535816192627,6,100,True
vasp-data-files/101111101101011010111100/OSZICAR,1,100,1,"dE shows oscillations but rms(c) exhibits a long-term decreasing trend, indicating eventual convergence despite noisy intermediate steps",,True,,2.9108545780181885,6,100,True
vasp-data-files/101010110001111110100100/OSZICAR,1,100,1,"Although dE shows oscillations, the rms(c) values show a clear long-term decreasing trend from ~0.12E+02 to ~0.12E+00, indicating eventual convergence despite noisy intermediate steps.",,True,,3.8628556728363037,6,100,True
vasp-data-files/100011111010101011011111/OSZICAR,0,100,0,"dE oscillates strongly with no clear decreasing trend, and rms(c) shows a noisy but slightly increasing trend in later steps, indicating divergence despite some early damping.",,True,,3.502410650253296,5,100,True
vasp-data-files/100101100000111110110101/OSZICAR,1,100,1,"Although `dE` shows oscillations, the `rms(c)` values show a clear overall decreasing trend from ~0.1E+02 to ~0.8E-01, indicating eventual convergence per the Expert's Tie-Breaker Rule.",,True,,4.0910115242004395,6,100,True
vasp-data-files/111110010100011100110010/OSZICAR,0,100,1,"Although `dE` shows oscillations, the `rms(c)` values show a clear long-term decreasing trend from ~0.1E+02 to ~0.4E-01, indicating eventual convergence despite noisy intermediate steps.",,True,,4.1498942375183105,6,100,True
vasp-data-files/101011110000111010100101/OSZICAR,0,100,0,"The `dE` values show large oscillations, and while `rms(c)` shows some decreases, it also exhibits significant oscillations and no clear long-term downward trend, indicating divergence.",,True,,3.9689903259277344,5,100,True
vasp-data-files/110000101000000110101100/OSZICAR,0,100,0,"The `dE` values show large oscillations, and while `rms(c)` shows some decreasing trends in certain regions, it also exhibits significant oscillations and does not show a clear, consistent downward trend overall, indicating divergence.",,True,,3.962458610534668,5,100,True
vasp-data-files/101011100101001010111110/OSZICAR,0,100,0,"dE oscillates strongly with no clear decreasing trend, and rms(c) shows no consistent downward macro-trend, instead fluctuating between ~0.6E+00 and 0.11E+01, indicating divergence.",,True,,3.936768054962158,6,100,True
vasp-data-files/110010111010000010101010/OSZICAR,0,100,0,"The `dE` values show large oscillations, and while `rms(c)` shows some decreases, it also exhibits significant oscillations and does not show a clear long-term downward trend, indicating divergence.",,True,,3.904184103012085,5,100,True
vasp-data-files/111110000001011110100000/OSZICAR,1,100,0,"dE shows large oscillations and rms(c) fluctuates without a clear downward trend, indicating divergence despite some minor reductions in later steps.",,True,,3.356499671936035,6,100,True
vasp-data-files/100100010110111001001000/OSZICAR,1,100,1,"Although dE shows oscillations, the rms(c) values show a clear long-term downward trend, indicating eventual convergence despite noisy intermediate steps.",,True,,3.324605941772461,6,100,True
vasp-data-files/101110000101000001101111/OSZICAR,1,100,1,"Although dE shows oscillations, the rms(c) values show a clear overall decreasing trend from ~0.1E+02 to ~0.8E-01, indicating eventual convergence despite noisy intermediate steps.",,True,,3.9982523918151855,6,100,True
vasp-data-files/101100000101110010100000/OSZICAR,1,100,1,"dE shows oscillations but the rms(c) value decreases overall from ~0.1E+02 to ~0.1E-01, indicating a damping trend consistent with eventual convergence per the Expert's Tie-Breaker Rule.",,True,,4.064828395843506,6,100,True
vasp-data-files/111101111011110011111000/OSZICAR,1,100,0,"dE oscillates strongly with no clear decreasing trend, and rms(c) shows erratic behavior without a consistent downward macro-trend, indicating divergence.",,True,,3.5292584896087646,7,100,True
vasp-data-files/111110000000010000110110/OSZICAR,1,100,1,"Although dE shows oscillations, the rms(c) values show a long-term decreasing trend, indicating eventual convergence despite noisy fluctuations.",,True,,3.3977959156036377,6,100,True
vasp-data-files/100001110110111111011001/OSZICAR,0,100,0,"dE oscillates strongly with no clear decreasing trend, and rms(c) fluctuates between ~0.15-0.18E+01 without a consistent downward macro-trend, indicating divergence",,True,,3.524397611618042,7,100,True
vasp-data-files/110011111010011101101001/OSZICAR,0,100,0,"dE oscillates strongly with no clear decreasing trend, and rms(c) shows erratic behavior without a consistent downward macro-trend, indicating divergence.",,True,,3.4531502723693848,7,100,True
vasp-data-files/110001011011111101111011/OSZICAR,1,100,1,"Although dE shows oscillations, the rms(c) values show a clear overall decreasing trend from ~0.1E+02 to ~0.2E-01, indicating eventual convergence despite noisy intermediate steps.",,True,,3.9652326107025146,6,100,True
vasp-data-files/101111000001111110100000/OSZICAR,0,100,0,"dE oscillates strongly with no clear decreasing trend, and while rms(c) shows some fluctuations, it does not exhibit a consistent long-term downward trend, indicating divergence.",,True,,3.7436671257019043,7,100,True
vasp-data-files/100000110100101101010001/OSZICAR,1,100,1,"Although `dE` shows oscillations, the `rms(c)` values show a clear long-term decreasing trend from ~0.12E+02 to ~0.82E-01, indicating eventual convergence despite noisy intermediate steps.",,True,,9.019218921661377,6,100,True
vasp-data-files/101101111111110011010001/OSZICAR,1,100,1,"Although dE shows oscillations, the rms(c) values show an overall decreasing trend from ~0.125E+02 to ~0.806E-01, indicating eventual convergence despite noisy behavior.",,True,,4.312057256698608,6,100,True
vasp-data-files/101100000101110010101100/OSZICAR,1,100,0,"dE oscillates strongly with no clear decreasing trend, and rms(c) shows erratic behavior without a consistent downward macro-trend, indicating divergence.",,True,,3.247857093811035,6,100,True
vasp-data-files/111110000100111010100000/OSZICAR,1,100,0,"dE shows large oscillations and rms(c) fluctuates without a clear downward trend, indicating divergence despite some minor decreases in later steps.",,True,,3.3256492614746094,5,100,True
vasp-data-files/111110010101110000111100/OSZICAR,1,100,1,"Although dE shows oscillations, the rms(c) values show a clear overall decreasing trend from ~0.1E+02 to ~0.96E-01, indicating eventual convergence despite noisy fluctuations.",,True,,3.6948914527893066,6,100,True
vasp-data-files/100000111100111001000001/OSZICAR,1,100,1,"Although `dE` shows oscillations, the `rms(c)` values show a clear long-term decreasing trend from ~0.1E+02 down to ~0.9E-03, indicating eventual convergence per the Expert's Tie-Breaker Rule.",,True,,4.4416399002075195,7,100,True
vasp-data-files/111101011100111111000011/OSZICAR,0,100,0,"dE oscillates strongly with no clear decreasing trend, and rms(c) fluctuates between ~0.8-1.2E+01 without a consistent downward macro-trend, indicating divergence",,True,,4.00276255607605,7,100,True
vasp-data-files/101100010101110001100100/OSZICAR,1,100,0,"dE oscillates strongly with no clear decreasing trend, and rms(c) shows erratic behavior without a consistent downward macro-trend, indicating divergence.",,True,,3.569566488265991,7,100,True
vasp-data-files/101100000001110010100000/OSZICAR,0,100,1,"Although dE shows oscillations, the rms(c) values show a clear overall decreasing trend from ~0.1E+02 to ~0.7E-01, indicating eventual convergence despite noisy intermediate steps.",,True,,3.6186838150024414,6,100,True
vasp-data-files/110100110011001101010101/OSZICAR,1,100,1,"Although dE shows oscillations, the rms(c) values show a clear long-term decreasing trend from ~0.1E+02 to ~0.8E-01, indicating eventual convergence despite noisy intermediate steps.",,True,,3.9833900928497314,6,100,True
vasp-data-files/110001101111010110111011/OSZICAR,1,100,1,"Although `dE` shows oscillations, the `rms(c)` values show a clear long-term decreasing trend, indicating eventual convergence despite noisy intermediate steps.",,True,,3.243725538253784,6,100,True
vasp-data-files/100001010000011010111110/OSZICAR,1,100,1,"Although `dE` shows oscillations, the `rms(c)` values show a clear long-term decreasing trend from ~0.1E+02 to ~0.2E-01, indicating eventual convergence despite noisy intermediate steps.",,True,,4.149787902832031,6,100,True
vasp-data-files/111110110000110100111100/OSZICAR,0,100,0,"dE oscillates strongly with no clear decreasing trend, and rms(c) fluctuates between ~0.1E+01 and ~0.1E+01 without a consistent downward macro-trend, indicating divergence.",,True,,3.677522659301758,7,100,True
vasp-data-files/101110000100001010011000/OSZICAR,1,100,0,"The `dE` values oscillate strongly with no clear decreasing trend, and while `rms(c)` shows some minor fluctuations, it does not exhibit a consistent long-term downward trend, indicating divergence.",,True,,3.9163498878479004,7,100,True
vasp-data-files/111110000101010010100001/OSZICAR,1,100,1,"Although `dE` shows oscillations, the `rms(c)` values show a clear long-term decreasing trend from ~0.1E+02 to ~0.26E-02, indicating eventual convergence despite noisy intermediate steps.",,True,,4.02462911605835,6,100,True
vasp-data-files/101011010101111010100110/OSZICAR,1,100,0,"dE shows large oscillations and rms(c) fluctuates without a clear downward trend, indicating divergence despite some minor decreases in later steps.",,True,,3.2948946952819824,5,100,True
vasp-data-files/101001011101111010110110/OSZICAR,0,100,0,"The `dE` values oscillate strongly with no clear decreasing trend, and while `rms(c)` shows some minor fluctuations, it remains stuck around 0.15-0.20E+01 without a consistent downward macro-trend, indicating divergence.",,True,,4.287065267562866,7,100,True
vasp-data-files/101101000101111100100000/OSZICAR,1,100,1,"Although dE shows oscillations, the rms(c) values show a long-term decreasing trend from ~0.1E+02 to ~0.25E-01, indicating eventual convergence despite noisy intermediate steps.",,True,,4.10309100151062,6,100,True
vasp-data-files/100100001111000001011111/OSZICAR,0,100,0,"While `dE` shows some decreasing trends in later steps, the `rms(c)` values oscillate and do not show a clear long-term downward trend, indicating divergence.",,True,,3.637275218963623,5,100,True
vasp-data-files/111001111010110001111011/OSZICAR,0,100,1,"Although dE shows oscillations, the rms(c) values show a clear overall decreasing trend from ~0.126E+02 to ~0.136E+00, indicating eventual convergence per the Expert's Tie-Breaker Rule.",,True,,3.859272003173828,6,100,True
vasp-data-files/110010100010001101001111/OSZICAR,0,100,0,"While `dE` shows some decreasing trend in later steps, `rms(c)` oscillates and does not show a clear long-term downward trend, indicating divergence.",,True,,3.3459863662719727,5,100,True
vasp-data-files/100111111100111011000111/OSZICAR,1,100,1,"Although dE shows oscillations, the rms(c) values show an overall decreasing trend from ~0.126E+02 to ~0.175E-01, indicating eventual convergence per the Expert's Tie-Breaker Rule.",,True,,4.250852346420288,6,100,True
vasp-data-files/100011010111111010000110/OSZICAR,1,100,1,"Although `dE` shows oscillations, the `rms(c)` values show a long-term decreasing trend, indicating eventual convergence despite noisy intermediate steps.",,True,,3.472787618637085,6,100,True
vasp-data-files/101100010101100001101100/OSZICAR,1,100,1,"Although dE shows oscillations, the rms(c) values show a clear long-term decreasing trend from ~0.1E+02 to ~0.3E-01, indicating eventual convergence despite noisy intermediate steps.",,True,,4.127240180969238,6,100,True
vasp-data-files/100000010110101000100111/OSZICAR,0,100,1,"Although dE shows large oscillations, the rms(c) values show a long-term decreasing trend from ~0.124E+02 down to ~0.445E+00, indicating eventual convergence despite noisy intermediate steps.",,True,,3.7313313484191895,6,100,True
vasp-data-files/101100000100111100100000/OSZICAR,1,100,1,"dE shows oscillations but the rms(c) value exhibits a long-term decreasing trend, indicating eventual convergence despite noisy fluctuations.",,True,,3.3919572830200195,6,100,True
vasp-data-files/100101000011000010011111/OSZICAR,1,100,1,"Although dE shows oscillations, the rms(c) values show a clear long-term decreasing trend from ~0.1E+02 to ~0.178E-01, indicating eventual convergence despite noisy intermediate steps.",,True,,3.9981517791748047,6,100,True
vasp-data-files/111001101101000111001011/OSZICAR,1,100,0,"dE oscillates strongly with no clear decreasing trend, and rms(c) shows erratic behavior without a consistent downward macro-trend, indicating divergence.",,True,,3.277055501937866,7,100,True
vasp-data-files/101001010100111110100000/OSZICAR,1,100,0,"dE oscillates strongly with no clear decreasing trend, and rms(c) fluctuates between ~0.10E+01 and ~0.23E+01 without a consistent downward macro-trend, indicating divergence",,True,,4.489909887313843,7,100,True
vasp-data-files/101001110001111010000110/OSZICAR,0,100,0,"dE oscillates strongly with no clear decreasing trend, and while rms(c) shows some fluctuations, it does not exhibit a consistent downward macro-trend, indicating divergence.",,True,,3.475665807723999,6,100,True
vasp-data-files/110110001111010100100000/OSZICAR,0,100,0,"The `dE` values show large oscillations, and while `rms(c)` shows some decreasing trends in certain regions, it also exhibits significant oscillations and does not consistently decrease over the entire dataset, indicating a lack of clear macro-trend towards convergence.",,True,,4.024190664291382,5,100,True
vasp-data-files/110110011110111000000110/OSZICAR,0,100,1,"Although dE shows large oscillations, the rms(c) values show a clear long-term downward trend from ~0.12E+02 to ~0.897E+00, indicating eventual convergence despite noisy intermediate steps.",,True,,3.9071877002716064,6,100,True
vasp-data-files/110110101100001000111110/OSZICAR,0,100,0,"dE oscillates strongly with no clear decreasing trend, and rms(c) fluctuates around ~0.19-0.22E+01 without a consistent downward macro-trend, indicating divergence.",,True,,3.9991981983184814,7,100,True
vasp-data-files/111101010101111011011000/OSZICAR,1,100,0,"dE oscillates strongly with no clear decreasing trend, and rms(c) fluctuates between ~0.1E+01 and ~0.1E+01 without a consistent downward macro-trend, indicating divergence despite some local damping",,True,,4.111134767532349,7,100,True
vasp-data-files/100011011011100110111001/OSZICAR,0,100,0,"dE oscillates strongly with no clear decreasing trend, and rms(c) shows no consistent downward macro-trend, instead fluctuating between ~0.4-0.6E+01, indicating divergence.",,True,,3.844968318939209,7,100,True
vasp-data-files/111110000101001100101010/OSZICAR,1,100,0,"dE oscillates strongly with no clear decreasing trend, and rms(c) shows no consistent downward macro-trend, indicating divergence.",,True,,3.2434866428375244,7,100,True
vasp-data-files/101101010101011001000100/OSZICAR,0,100,0,"Although `dE` shows some damping in the later steps, `rms(c)` oscillates and does not show a clear long-term decreasing trend, indicating divergence.",,True,,3.6455070972442627,7,100,True
vasp-data-files/111010010000111010100100/OSZICAR,0,100,0,"dE oscillates strongly with no clear decreasing trend, and rms(c) shows no consistent downward macro-trend, instead fluctuating between ~0.7-1.0E+01, indicating divergence.",,True,,3.5361359119415283,7,100,True
vasp-data-files/100110010100110010111100/OSZICAR,0,100,0,"While `dE` shows some decreasing trends in later steps, `rms(c)` oscillates without a clear downward macro-trend, indicating divergence. The charge density residual remains high and fluctuates between ~0.28 to ~0.81, failing to steadily decrease as required for convergence.",,True,,4.409090518951416,5,100,True
vasp-data-files/101001111011100001100001/OSZICAR,0,100,0,"The `dE` values show large oscillations, and while `rms(c)` shows some decrease in the early steps, it later stagnates and oscillates between ~0.14-0.22E+00 without a clear downward trend, indicating divergence.",,True,,3.9160308837890625,5,100,True
vasp-data-files/101101110000000110000011/OSZICAR,0,100,1,"Although dE shows oscillations, the rms(c) values show a clear long-term decreasing trend from ~0.12E+02 to ~0.66E-01, indicating eventual convergence despite noisy intermediate steps.",,True,,9.209492206573486,6,100,True
vasp-data-files/110110000011010010101100/OSZICAR,1,100,1,"Although `dE` shows oscillations, the `rms(c)` values show an overall decreasing trend from ~0.1E+02 to ~0.1E-01, indicating eventual convergence per the Expert's Tie-Breaker Rule.",,True,,4.13152003288269,6,100,True
vasp-data-files/111011110001110110010000/OSZICAR,0,100,0,"dE oscillates strongly with no clear decreasing trend, and rms(c) fluctuates between ~0.6-0.8E+01 without a consistent downward macro-trend, indicating divergence despite some local damping in later steps.",,True,,3.5553202629089355,7,100,True
vasp-data-files/101101001011001001100101/OSZICAR,0,100,1,"Although `dE` shows oscillations, the `rms(c)` values show an overall decreasing trend from ~0.12E+02 to ~0.65E-01, indicating a damping trend and eventual convergence per the Expert's Tie-Breaker Rule.",,True,,4.23964262008667,6,100,True
vasp-data-files/110000010110101101010011/OSZICAR,0,100,0,"dE shows large oscillations, and while rms(c) has some downward fluctuations, it does not show a clear long-term decreasing trend, indicating divergence.",,True,,3.4660592079162598,5,100,True
vasp-data-files/111010001101110010100110/OSZICAR,0,100,1,"Although `dE` shows oscillations, the `rms(c)` values show a long-term decreasing trend from ~0.1E+02 to ~0.19E+00, indicating eventual convergence despite noisy intermediate steps.",,True,,4.327883005142212,6,100,True
vasp-data-files/110110001001000011111111/OSZICAR,0,100,1,"Although `dE` shows oscillations, the `rms(c)` values show a long-term decreasing trend from ~0.124E+02 to ~0.160E+00, indicating eventual convergence despite noisy intermediate steps.",,True,,4.11683201789856,6,100,True
vasp-data-files/101100010101110001101100/OSZICAR,0,100,0,"dE oscillates with no clear decreasing trend, and rms(c) shows erratic behavior with no consistent downward macro-trend, indicating divergence.",,True,,3.472325086593628,5,100,True
vasp-data-files/101100101001000101010100/OSZICAR,0,100,0,"The `dE` values show large oscillations, and while `rms(c)` shows some decrease in the early steps, it later stagnates and even increases (e.g., from ~0.1E+01 to ~0.89E+00 and back to ~0.1E+01), with no clear long-term downward trend, indicating divergence.",,True,,4.413678407669067,6,100,True
vasp-data-files/101010100000111110110001/OSZICAR,1,100,1,"Although `dE` shows oscillations, the `rms(c)` values show a clear long-term decreasing trend from ~0.1E+02 to ~0.3E-01, indicating eventual convergence despite noisy intermediate steps.",,True,,3.6979849338531494,6,100,True
