filepath,true_label,n_steps,prediction,reasoning,roc_probability,success,error,api_time,confidence_score,actual_steps,enough_steps
vasp-data-files/101001010001001101100100/OSZICAR,1,50,1,"dE shows decreasing magnitude with oscillations, and rms(c) has a clear long-term downward trend despite some fluctuations, indicating eventual convergence per the Tie-Breaker Rule.",0.7500000000000001,True,,5.586950778961182,7,50,True
vasp-data-files/111110000100010000011110/OSZICAR,1,50,0,"dE shows large oscillations and rms(c) fluctuates around 0.2-0.3E+00 without a clear downward trend, indicating divergence despite some minor damping in later steps",0.44999999999999996,True,,2.81567120552063,5,50,True
vasp-data-files/100100001110011011011111/OSZICAR,1,50,1,"dE shows decreasing magnitude with some oscillations, and rms(c) has a clear overall downward trend despite noise, indicating eventual convergence per the Tie-Breaker Rule.",0.7500000000000001,True,,2.7631165981292725,7,50,True
vasp-data-files/111010110111111111000001/OSZICAR,1,50,1,"Although dE shows some oscillations in early steps, the rms(c) value steadily decreases from 0.106E+02 to 0.119E-02, showing a clear downward trend indicating convergence despite initial instability.",0.85,True,,3.5106992721557617,8,50,True
vasp-data-files/101101000101010011100011/OSZICAR,0,50,0,"dE oscillates strongly and rms(c) stagnates around 0.17-0.18E+01 with no clear downward trend, indicating divergence despite some minor fluctuations in rms(c)",0.2499999999999999,True,,3.979344367980957,7,50,True
vasp-data-files/111101100101011011110110/OSZICAR,1,50,1,"Although dE shows some oscillations, the rms(c) values show a clear overall decreasing trend from ~1.0E+02 to ~1.3E-01, indicating eventual convergence per the Expert's Tie-Breaker Rule.",0.7500000000000001,True,,3.020292997360229,7,50,True
vasp-data-files/100010010010001011110101/OSZICAR,1,50,1,"Although dE shows some oscillations in early steps, the rms(c) value steadily decreases from 0.105E+02 to 0.118E-02, showing a clear downward trend, indicating convergence according to the Expert's Tie-Breaker Rule.",0.7500000000000001,True,,3.7607014179229736,7,50,True
vasp-data-files/110110100000011000100100/OSZICAR,1,50,1,"Although dE shows oscillations, the rms(c) values show a clear long-term decreasing trend from ~0.1E+02 to ~0.474E-01, indicating eventual convergence per the Expert's Tie-Breaker Rule.",0.7500000000000001,True,,3.587167978286743,7,50,True
vasp-data-files/110001111011001111111001/OSZICAR,1,50,1,"Although dE shows oscillations, the rms(c) values show a clear long-term decreasing trend from ~1.0E+02 to ~4.6E-01, indicating eventual convergence per the Expert's Tie-Breaker Rule.",0.7500000000000001,True,,3.802150011062622,7,50,True
vasp-data-files/100010101000001110011111/OSZICAR,1,50,1,"dE shows decreasing magnitude with oscillations, and rms(c) has a clear long-term downward trend despite some noise, indicating eventual convergence per the Tie-Breaker Rule.",0.7500000000000001,True,,2.8536465167999268,7,50,True
vasp-data-files/110000011100111100000000/OSZICAR,0,50,0,"dE shows large oscillations and rms(c) remains stuck around 0.19-0.21E+01 with no clear downward trend, indicating divergence despite some minor fluctuations in later steps",0.2499999999999999,True,,2.341559171676636,7,50,True
vasp-data-files/101011010101110010111110/OSZICAR,1,50,1,"Although dE shows oscillations, the rms(c) values show a clear long-term decreasing trend from ~0.1E+02 to ~0.177E-01, indicating eventual convergence per the Expert's Tie-Breaker Rule.",0.7500000000000001,True,,3.315479516983032,7,50,True
vasp-data-files/101110111010110011001111/OSZICAR,0,50,1,"Although dE shows oscillations, the rms(c) values show a clear overall decreasing trend from ~1.0E+02 to ~4.0E+00, indicating eventual convergence per the Expert's Tie-Breaker Rule.",0.65,True,,3.45328426361084,6,50,True
vasp-data-files/101100000000101101100000/OSZICAR,1,50,1,"dE shows a clear decreasing trend towards small values, and rms(c) exhibits an overall downward trend despite some oscillations, indicating eventual convergence per the Expert's Tie-Breaker Rule.",0.7500000000000001,True,,2.952436923980713,7,50,True
vasp-data-files/101101010101101011001000/OSZICAR,1,50,0,"dE shows large oscillations and rms(c) fluctuates without a clear downward trend, indicating divergence despite some minor decreases in later steps",0.44999999999999996,True,,2.5149848461151123,5,50,True
vasp-data-files/101111010100110000100100/OSZICAR,0,50,0,"dE oscillates with large magnitudes and rms(c) shows no clear downward trend, stagnating around 0.18-0.21E+01, indicating divergence",0.2499999999999999,True,,2.1224942207336426,7,50,True
vasp-data-files/111111011101110001001010/OSZICAR,1,50,0,"dE shows large oscillations and rms(c) stagnates around 0.35E+00 without a clear downward trend, indicating divergence despite some minor fluctuations",0.2499999999999999,True,,3.067022562026977,7,50,True
vasp-data-files/111100110011000100101100/OSZICAR,0,50,1,"Although dE shows oscillations, the rms(c) values show a clear long-term decreasing trend from ~0.1E+02 to ~0.4E-01, indicating eventual convergence despite noisy intermediate steps",0.65,True,,3.4075937271118164,6,50,True
vasp-data-files/111101001101110110100010/OSZICAR,1,50,1,"dE shows decreasing magnitude with oscillations, and rms(c) has a clear long-term downward trend despite some fluctuations, indicating eventual convergence per the Tie-Breaker Rule.",0.7500000000000001,True,,3.2481789588928223,7,50,True
vasp-data-files/111110000101010000100000/OSZICAR,0,50,1,"Although dE shows oscillations, the rms(c) values show a clear overall decreasing trend from ~0.137E+01 to ~0.163E+00, indicating eventual convergence per the Expert's Tie-Breaker Rule.",0.65,True,,3.9435222148895264,6,50,True
vasp-data-files/101000010100011110000010/OSZICAR,1,50,1,"Although dE shows oscillations, the rms(c) values show a clear long-term decreasing trend from ~0.1E+02 to ~0.78E-01, indicating eventual convergence per the Expert's Tie-Breaker Rule.",0.7500000000000001,True,,3.2994885444641118,7,50,True
vasp-data-files/101110000000110110100000/OSZICAR,1,50,1,"Although dE shows oscillations, the rms(c) values show a clear long-term decreasing trend from ~0.1E+02 to ~0.12E+00, indicating eventual convergence per the Expert's Tie-Breaker Rule.",0.7500000000000001,True,,3.0523602962493896,7,50,True
vasp-data-files/111000011100111110100100/OSZICAR,1,50,1,"Although dE shows oscillations, the rms(c) values show a clear overall decreasing trend from ~0.1E+02 to ~0.27E+00, indicating eventual convergence per the Expert's Tie-Breaker Rule.",0.65,True,,3.6181044578552246,6,50,True
vasp-data-files/100100110010001101011001/OSZICAR,0,50,1,"Although dE shows oscillations, the rms(c) values show a clear long-term decreasing trend from ~0.2E+02 to ~0.1E+01, indicating eventual convergence per the Expert's Tie-Breaker Rule.",0.65,True,,3.5604825019836426,6,50,True
vasp-data-files/100001111010000001010101/OSZICAR,0,50,1,"dE shows decreasing magnitude with oscillations, and rms(c) has a clear long-term downward trend despite some noise, indicating eventual convergence per the Tie-Breaker Rule.",0.7500000000000001,True,,2.9358935356140137,7,50,True
vasp-data-files/111110000100111110100000/OSZICAR,1,50,0,"dE shows oscillations and does not consistently decrease below 1.0E-03, while rms(c) fluctuates without a clear downward trend, indicating divergence.",0.44999999999999996,True,,2.9970431327819824,5,50,True
vasp-data-files/100001010111110011101110/OSZICAR,0,50,1,"Although dE shows oscillations, the rms(c) values show a clear overall decreasing trend from ~0.1E+02 to ~0.25E+00, indicating eventual convergence per the Expert's Tie-Breaker Rule.",0.65,True,,2.6806564331054688,6,50,True
vasp-data-files/100000010110101010101001/OSZICAR,1,50,1,"dE shows decreasing magnitude with oscillations, and rms(c) has a clear long-term downward trend despite some noise, indicating eventual convergence per the Tie-Breaker Rule.",0.7500000000000001,True,,2.575242757797241,7,50,True
vasp-data-files/101101001111110011100001/OSZICAR,1,50,1,"dE shows decreasing magnitude with oscillations, and rms(c) has a clear long-term downward trend despite some fluctuations, indicating eventual convergence per the Tie-Breaker Rule.",0.7500000000000001,True,,3.3443992137908936,7,50,True
vasp-data-files/111100010101111011110101/OSZICAR,0,50,0,"dE shows large oscillations and rms(c) stagnates around 0.12-0.16E+01 with no clear downward trend, indicating divergence despite some minor fluctuations",0.2499999999999999,True,,3.487114906311035,7,50,True
vasp-data-files/101101010101111111101100/OSZICAR,1,50,1,"Although dE shows some oscillations, the rms(c) values show a clear overall decreasing trend from ~0.1E+02 to ~0.1E-01, indicating eventual convergence per the Expert's Tie-Breaker Rule.",0.7500000000000001,True,,3.504503011703491,7,50,True
vasp-data-files/100011101110110010111111/OSZICAR,1,50,1,"dE shows decreasing magnitude with oscillations, and rms(c) has a clear long-term downward trend despite some fluctuations, indicating eventual convergence per the Tie-Breaker Rule.",0.7500000000000001,True,,2.4699597358703613,7,50,True
vasp-data-files/101111000100111110100000/OSZICAR,1,50,1,"Although dE shows some oscillations, the rms(c) values show a clear long-term decreasing trend from ~0.1E+02 to ~0.1E-01, indicating convergence despite noisy intermediate steps",0.7500000000000001,True,,3.393134832382202,7,50,True
vasp-data-files/101011010100110010100100/OSZICAR,0,50,1,"Although dE shows oscillations, the rms(c) values show a clear long-term decreasing trend from ~0.18E+02 to ~0.81E+00, indicating eventual convergence per the Expert's Tie-Breaker Rule.",0.65,True,,2.98683762550354,6,50,True
vasp-data-files/110100001110001101011001/OSZICAR,0,50,0,"dE shows large oscillations and rms(c) fluctuates without a clear downward trend, indicating divergence despite some minor decreases in later steps",0.44999999999999996,True,,2.6000216007232666,5,50,True
vasp-data-files/100100111111011001010111/OSZICAR,0,50,0,"Although dE shows some oscillations and small decreases, rms(c) fluctuates between ~0.8-0.9E+00 without a clear downward trend, indicating stagnation and lack of convergence.",0.44999999999999996,True,,2.6506075859069824,5,50,True
vasp-data-files/100001011101111010001100/OSZICAR,0,50,1,"Although dE shows oscillations, the rms(c) values show a clear overall decreasing trend from ~0.1E+02 to ~0.198E+00, indicating eventual convergence per the Expert's Tie-Breaker Rule.",0.65,True,,3.349562406539917,6,50,True
vasp-data-files/101110010100111011000100/OSZICAR,1,50,1,"dE shows decreasing magnitude with oscillations, and rms(c) has a clear long-term downward trend despite some noise, indicating eventual convergence per the Tie-Breaker Rule.",0.7500000000000001,True,,2.4252851009368896,7,50,True
vasp-data-files/110100001101111100101000/OSZICAR,1,50,1,"dE shows decreasing magnitude with oscillations, and rms(c) has a clear long-term downward trend despite some fluctuations, indicating eventual convergence per the Tie-Breaker Rule.",0.7500000000000001,True,,2.6182007789611816,7,50,True
vasp-data-files/101110000000011100100000/OSZICAR,1,50,1,"dE decreases consistently towards small values and rms(c) shows a clear downward trend despite some oscillations, indicating convergence according to the Expert's Tie-Breaker Rule.",0.85,True,,2.7079551219940186,8,50,True
vasp-data-files/111100000100111110100000/OSZICAR,1,50,1,"dE shows decreasing magnitude with oscillations, and rms(c) has a clear long-term downward trend despite some fluctuations, indicating eventual convergence per the Tie-Breaker Rule.",0.7500000000000001,True,,2.6044201850891118,7,50,True
vasp-data-files/111000010000110111111010/OSZICAR,1,50,0,"dE shows decreasing magnitude but with oscillations, while rms(c) fluctuates around ~0.4-0.5E+00 without a clear downward trend, indicating possible divergence due to lack of consistent damping in charge density residual",0.44999999999999996,True,,2.813034772872925,5,50,True
vasp-data-files/101101000101011110111100/OSZICAR,1,50,1,"Although dE shows oscillations, the rms(c) value decreases from 0.316E-01 at step 40 to 0.319E-01 at step 50, showing a slight downward trend overall, indicating eventual convergence per the Expert's Tie-Breaker Rule.",0.65,True,,3.650507926940918,6,50,True
vasp-data-files/111100000101111100101000/OSZICAR,0,50,0,"dE shows large oscillations and rms(c) fluctuates without a clear downward trend, indicating divergence despite some minor decreases in later steps",0.44999999999999996,True,,2.040210247039795,5,50,True
vasp-data-files/100001110010011010011111/OSZICAR,1,50,1,"Although dE shows oscillations, the rms(c) values show a clear long-term decreasing trend from ~0.1E+02 to ~0.4E-01, indicating eventual convergence despite noisy intermediate steps",0.65,True,,2.5615930557250977,6,50,True
vasp-data-files/100001110000110000100010/OSZICAR,1,50,1,"dE shows a clear decreasing trend towards small values, and rms(c) exhibits an overall downward trend despite some oscillations, indicating eventual convergence per the Expert's Tie-Breaker Rule.",0.7500000000000001,True,,2.5694844722747803,7,50,True
vasp-data-files/110101101100111101010011/OSZICAR,1,50,1,"Although dE shows oscillations, the rms(c) values show a clear long-term decreasing trend from ~0.1E+02 to ~0.46E-01, indicating eventual convergence per the Expert's Tie-Breaker Rule.",0.7500000000000001,True,,2.782236099243164,7,50,True
vasp-data-files/101001110010000111111111/OSZICAR,1,50,1,"Although dE shows oscillations, the rms(c) values show a clear long-term decreasing trend from ~0.1E+02 to ~0.2E+00, indicating eventual convergence per the Expert's Tie-Breaker Rule.",0.7500000000000001,True,,2.8370862007141118,7,50,True
vasp-data-files/101011010111111010100100/OSZICAR,0,50,1,"Although dE shows oscillations, the rms(c) values show an overall decreasing trend from ~0.1E+02 to ~0.69E-01, indicating eventual convergence per the Expert's Tie-Breaker Rule.",0.65,True,,3.0864124298095703,6,50,True
vasp-data-files/111110000101110010010000/OSZICAR,0,50,1,"Although dE shows oscillations, the rms(c) values show a clear long-term decreasing trend from ~0.1E+02 to ~0.26E+00, indicating eventual convergence per the Expert's Tie-Breaker Rule.",0.65,True,,3.0768582820892334,6,50,True
vasp-data-files/100001110001101111000111/OSZICAR,0,50,0,"dE shows large oscillations and rms(c) fluctuates around ~0.10-0.12E+01 without a clear downward trend, indicating divergence despite some minor damping in later steps",0.44999999999999996,True,,2.65567398071289,5,50,True
vasp-data-files/101100110111111001010101/OSZICAR,0,50,0,"dE oscillates with no clear decreasing trend, and rms(c) fluctuates around ~0.15E+01 without a consistent downward macro-trend, indicating divergence",0.2499999999999999,True,,2.2047460079193115,7,50,True
vasp-data-files/111010000101010010101110/OSZICAR,1,50,1,"Although dE shows oscillations, the rms(c) values show a clear long-term decreasing trend from ~0.1E+02 to ~0.8E+00, indicating eventual convergence per the Expert's Tie-Breaker Rule.",0.65,True,,2.468634366989136,6,50,True
vasp-data-files/100001011101111100001000/OSZICAR,1,50,1,"dE shows a decreasing trend with oscillations, but the rms(c) value steadily decreases from 0.105E+02 to 0.576E-02, indicating a clear macro-trend towards convergence despite some noise in dE.",0.7500000000000001,True,,2.9720458984375,7,50,True
vasp-data-files/101100010110110001010100/OSZICAR,1,50,0,"dE shows large oscillations and rms(c) remains stuck around 0.27-0.28E+01 with no clear downward trend, indicating divergence despite some minor fluctuations in later steps",0.2499999999999999,True,,2.470616579055786,7,50,True
vasp-data-files/111101000101011111100110/OSZICAR,1,50,1,"dE shows decreasing magnitude with oscillations, and rms(c) has a clear overall downward trend despite some fluctuations, indicating eventual convergence per the Tie-Breaker Rule.",0.7500000000000001,True,,2.7653961181640625,7,50,True
vasp-data-files/111010001000000111111000/OSZICAR,0,50,0,"dE shows large oscillations and rms(c) remains stuck around 0.18-0.20E+01 with no clear downward trend, indicating divergence despite some minor fluctuations in later steps",0.2499999999999999,True,,2.903041362762451,7,50,True
vasp-data-files/110100011100111100100000/OSZICAR,0,50,0,"dE shows large oscillations and rms(c) fluctuates without a clear downward trend, indicating divergence despite some minor decreases in later steps",0.44999999999999996,True,,2.2553398609161377,5,50,True
vasp-data-files/111100001001011110010001/OSZICAR,1,50,1,"dE shows a decreasing trend with oscillations, but the rms(c) consistently decreases over time, indicating a macro-trend towards convergence despite some noise and fluctuations in dE.",0.7500000000000001,True,,2.3334310054779053,7,50,True
vasp-data-files/101101000100111110100000/OSZICAR,1,50,1,"Although dE shows oscillations, the rms(c) values show a clear overall decreasing trend from ~0.1E+02 to ~0.45E-01, indicating eventual convergence per the Expert's Tie-Breaker Rule.",0.65,True,,3.230442523956299,6,50,True
vasp-data-files/110110101000010000100000/OSZICAR,1,50,1,"dE shows decreasing magnitude with oscillations, and rms(c) has a clear long-term downward trend despite some noise, indicating eventual convergence per the Tie-Breaker Rule.",0.7500000000000001,True,,2.5078136920928955,7,50,True
vasp-data-files/101011010001110010100000/OSZICAR,1,50,1,"Although dE shows oscillations, the rms(c) values show a clear long-term decreasing trend from ~0.1E+02 to ~0.294E-01, indicating eventual convergence despite noisy intermediate steps",0.65,True,,3.414952278137207,6,50,True
vasp-data-files/111110001100010000111110/OSZICAR,1,50,0,"dE shows large oscillations and rms(c) fluctuates without a clear downward trend, indicating divergence despite some minor reductions in rms(c) later on",0.44999999999999996,True,,2.514266014099121,5,50,True
vasp-data-files/111111000101000000100110/OSZICAR,1,50,1,"Although dE shows some oscillations, the rms(c) values show a clear long-term decreasing trend from ~0.1E+02 to ~0.4E-02, indicating convergence despite noisy intermediate steps",0.7500000000000001,True,,3.1916310787200928,7,50,True
vasp-data-files/101100010101110010111000/OSZICAR,1,50,1,"Although dE shows oscillations, the rms(c) values show a clear long-term decreasing trend from ~0.1E+02 to ~0.138E+00, indicating eventual convergence per the Expert's Tie-Breaker Rule.",0.65,True,,3.180933713912964,6,50,True
vasp-data-files/111001101101110111010011/OSZICAR,1,50,1,"Although dE shows oscillations, the rms(c) value decreases from 0.106E+02 to 0.348E-01, showing a clear macro-trend of damping, indicating eventual convergence per the Expert's Tie-Breaker Rule.",0.65,True,,3.4228532314300537,6,50,True
vasp-data-files/101011010101111011001100/OSZICAR,1,50,1,"dE shows a clear decreasing trend towards small values, and rms(c) steadily decreases despite some oscillations, indicating convergence per the Expert's Tie-Breaker Rule.",0.85,True,,2.5904104709625244,8,50,True
vasp-data-files/100000110100111111010001/OSZICAR,1,50,0,"dE shows large oscillations and rms(c) fluctuates around ~0.99-1.00E+01 without a clear downward trend, indicating divergence despite some minor reductions in later steps",0.44999999999999996,True,,3.361830472946167,5,50,True
vasp-data-files/101110000001100001100001/OSZICAR,0,50,0,"dE shows large oscillations and rms(c) fluctuates around ~0.24-0.26E+01 without a clear downward trend, indicating divergence despite some minor fluctuations in later steps",0.2499999999999999,True,,2.732330560684204,7,50,True
vasp-data-files/100000111110101011010111/OSZICAR,1,50,1,"Although dE shows oscillations, the rms(c) values show a clear overall decreasing trend from ~0.1E+02 to ~0.68E-01, indicating eventual convergence per the Expert's Tie-Breaker Rule.",0.65,True,,5.292367696762085,6,50,True
vasp-data-files/111101000101011101110000/OSZICAR,0,50,0,"dE shows large oscillations and rms(c) fluctuates without a clear downward trend, indicating divergence despite some minor decreases in later steps",0.44999999999999996,True,,2.90054702758789,5,50,True
vasp-data-files/110110100000011000100110/OSZICAR,1,50,1,"Although dE shows oscillations, the rms(c) values show a clear overall decreasing trend from ~0.1E+02 to ~0.25E-01, indicating eventual convergence per the Expert's Tie-Breaker Rule.",0.65,True,,3.3990964889526367,6,50,True
vasp-data-files/101001110111110010010010/OSZICAR,1,50,1,"dE decreases steadily after step 10 and rms(c) shows a clear downward trend despite some oscillations, indicating convergence according to the Expert's Tie-Breaker Rule.",0.85,True,,3.257318019866944,8,50,True
vasp-data-files/101111000100111010100011/OSZICAR,1,50,0,"dE shows large oscillations and rms(c) fluctuates without a clear downward trend, indicating divergence despite some minor decreases in later steps",0.44999999999999996,True,,2.670719146728516,5,50,True
vasp-data-files/110101100010001010011111/OSZICAR,0,50,0,"dE shows large oscillations and rms(c) remains stuck around 0.18-0.20E+01 with no clear downward trend, indicating divergence despite some minor fluctuations",0.2499999999999999,True,,2.749133348464966,7,50,True
vasp-data-files/100001010110001011010101/OSZICAR,1,50,0,"dE shows large oscillations and rms(c) fluctuates around 0.4-0.5E-01 without a clear downward trend, indicating stagnation and lack of convergence",0.44999999999999996,True,,2.6827197074890137,5,50,True
vasp-data-files/110010001001100111111001/OSZICAR,1,50,1,"dE shows decreasing magnitude with oscillations, and rms(c) has a clear long-term downward trend despite some fluctuations, indicating eventual convergence per the Tie-Breaker Rule.",0.7500000000000001,True,,2.377294540405273,7,50,True
vasp-data-files/100110100010000101111001/OSZICAR,1,50,1,"Although dE shows some oscillations, the rms(c) values show a clear overall decreasing trend from ~0.1E+02 to ~0.1E-01, indicating eventual convergence per the Expert's Tie-Breaker Rule.",0.7500000000000001,True,,2.77048134803772,7,50,True
vasp-data-files/111111001000011110110001/OSZICAR,1,50,1,"Although dE shows oscillations, the rms(c) values show a clear long-term decreasing trend from ~0.1E+02 to ~0.127E+00, indicating eventual convergence per the Expert's Tie-Breaker Rule.",0.7500000000000001,True,,2.744691848754883,7,50,True
vasp-data-files/100001111101001011011111/OSZICAR,1,50,1,"Although dE shows oscillations, the rms(c) values show a clear overall decreasing trend from ~0.1E+02 to ~0.178E+00, indicating eventual convergence per the Expert's Tie-Breaker Rule.",0.7500000000000001,True,,4.361637353897095,7,50,True
vasp-data-files/101100110110100100000001/OSZICAR,1,50,0,"dE oscillates with no clear decreasing trend, and rms(c) fluctuates around ~0.11E+01 without a consistent downward macro-trend, indicating divergence",0.2499999999999999,True,,8.034379959106445,7,50,True
vasp-data-files/111110001001010100101000/OSZICAR,1,50,1,"Although dE shows some oscillations in the early steps, the rms(c) value steadily decreases from 0.105E+02 to 0.555E-02, showing a clear downward trend, indicating convergence according to the Expert's Tie-Breaker Rule.",0.7500000000000001,True,,4.228408336639404,7,50,True
vasp-data-files/100110100101011100100000/OSZICAR,1,50,1,"Although dE shows oscillations, the rms(c) values show a clear long-term decreasing trend from ~1.0E+02 to ~4.8E-01, indicating eventual convergence per the Expert's Tie-Breaker Rule.",0.7500000000000001,True,,3.38968825340271,7,50,True
vasp-data-files/110001011111111001000011/OSZICAR,1,50,1,"Although dE shows some oscillations, the rms(c) value consistently decreases from ~0.1E+02 to ~0.1E-01, showing a clear downward macro-trend, indicating eventual convergence per the Expert's Tie-Breaker Rule.",0.7500000000000001,True,,3.66939377784729,7,50,True
vasp-data-files/110011111001011111010011/OSZICAR,1,50,1,"dE decreases consistently from step 10 onwards, and rms(c) shows a clear downward trend despite some oscillations, indicating eventual convergence per the Expert's Tie-Breaker Rule.",0.85,True,,2.9876625537872314,8,50,True
vasp-data-files/100011011101001010011111/OSZICAR,1,50,0,"dE shows large oscillations and rms(c) remains stuck around 0.17-0.18E+01 with no clear downward trend, indicating divergence despite some minor fluctuations in later steps",0.2499999999999999,True,,2.5929105281829834,7,50,True
vasp-data-files/111011110001111110010000/OSZICAR,0,50,1,"Although dE shows oscillations, the rms(c) value decreases from 0.106E+02 to 0.794E-01, showing a clear macro-trend of damping, indicating eventual convergence per the Expert's Tie-Breaker Rule.",0.65,True,,3.520888566970825,6,50,True
vasp-data-files/101001101101011010111100/OSZICAR,1,50,0,"dE shows large oscillations and rms(c) stagnates around 0.25-0.37E+00 with no clear downward trend, indicating divergence despite some minor fluctuations",0.2499999999999999,True,,2.9472978115081787,7,50,True
vasp-data-files/111110001000011000101000/OSZICAR,1,50,1,"dE shows a decreasing trend with oscillations, and rms(c) has an overall downward trend despite some fluctuations, indicating eventual convergence per the Expert's Tie-Breaker Rule.",0.7500000000000001,True,,2.6008763313293457,7,50,True
vasp-data-files/101011010101110010100000/OSZICAR,1,50,1,"Although dE shows oscillations, the rms(c) value steadily decreases from 0.105E+02 to 0.679E-02, indicating a clear downward macro-trend, which overrides the dE oscillations per the Expert's Tie-Breaker Rule.",0.7500000000000001,True,,3.8032732009887695,7,50,True
vasp-data-files/101101000111010011101111/OSZICAR,1,50,1,"dE shows a clear decreasing trend towards small values, and rms(c) exhibits an overall downward trend despite some oscillations, indicating eventual convergence per the Expert's Tie-Breaker Rule.",0.7500000000000001,True,,2.831766128540039,7,50,True
vasp-data-files/101001001100111110000101/OSZICAR,1,50,0,"dE shows large oscillations and rms(c) fluctuates without a clear downward trend, indicating divergence despite some minor decreases in later steps",0.44999999999999996,True,,2.3028366565704346,5,50,True
vasp-data-files/111011010100100010111110/OSZICAR,1,50,1,"dE shows decreasing magnitude with oscillations, and rms(c) has a clear long-term downward trend despite some noise, indicating eventual convergence per the Tie-Breaker Rule.",0.7500000000000001,True,,3.102195978164673,7,50,True
vasp-data-files/110110100000011100100000/OSZICAR,1,50,1,"Although dE shows some oscillations, the rms(c) value consistently decreases from ~0.1E+02 to ~0.1E-01, showing a clear downward macro-trend, indicating eventual convergence per the Expert's Tie-Breaker Rule.",0.7500000000000001,True,,3.118497610092163,7,50,True
vasp-data-files/111100110101111111010001/OSZICAR,1,50,1,"dE shows decreasing magnitude with oscillations, and rms(c) has a clear overall downward trend despite some fluctuations, indicating eventual convergence per the Expert's Tie-Breaker Rule.",0.7500000000000001,True,,2.985125064849853,7,50,True
vasp-data-files/111100001101010010100011/OSZICAR,1,50,1,"dE shows decreasing magnitude with oscillations, and rms(c) has a clear long-term downward trend despite some fluctuations, indicating eventual convergence per the Tie-Breaker Rule.",0.7500000000000001,True,,2.838876962661743,7,50,True
vasp-data-files/110010001110110010101010/OSZICAR,1,50,1,"Although dE shows some oscillations, the rms(c) values show a clear overall decreasing trend from ~1.0E+02 to ~2.3E-01, indicating eventual convergence per the Expert's Tie-Breaker Rule.",0.7500000000000001,True,,3.609296321868897,7,50,True
vasp-data-files/100100001001101001001001/OSZICAR,0,50,0,"dE shows large oscillations and rms(c) fluctuates between 0.4-0.9E+00 without a clear downward trend, indicating divergence despite some minor damping in later steps",0.44999999999999996,True,,2.5278491973876958,5,50,True
vasp-data-files/111100001100111110100000/OSZICAR,0,50,1,"Although dE shows oscillations, the rms(c) values show a clear long-term decreasing trend from ~1.0E+02 to ~1.5E+00, indicating eventual convergence per the Expert's Tie-Breaker Rule.",0.7500000000000001,True,,2.6089768409729004,7,50,True
vasp-data-files/110110100101000111110001/OSZICAR,1,50,1,"Although dE shows some oscillations, the rms(c) values show a clear long-term decreasing trend from ~0.1E+02 to ~0.3E-02, indicating convergence despite initial instability",0.7500000000000001,True,,2.651766777038574,7,50,True
vasp-data-files/101011110110111110100101/OSZICAR,0,50,0,"dE shows large oscillations and rms(c) fluctuates between ~0.13-0.28E+01 with no clear downward trend, indicating divergence despite some minor damping in later steps",0.2499999999999999,True,,3.901625871658325,7,50,True
vasp-data-files/111111000101000010111100/OSZICAR,1,50,1,"Although dE shows oscillations, the rms(c) values show a clear long-term decreasing trend from ~0.1E+02 to ~0.6E-01, indicating eventual convergence per the Expert's Tie-Breaker Rule.",0.7500000000000001,True,,3.154127359390259,7,50,True
vasp-data-files/111111000101000100110110/OSZICAR,1,50,0,"dE shows large oscillations and rms(c) fluctuates between ~0.13-0.17E+01 with no clear downward trend, indicating divergence despite some minor fluctuations in later steps",0.44999999999999996,True,,3.1896939277648926,5,50,True
vasp-data-files/111100000001111110100000/OSZICAR,1,50,1,"dE shows decreasing magnitude with oscillations, and rms(c) has a clear long-term downward trend despite some fluctuations, indicating eventual convergence per the Tie-Breaker Rule.",0.7500000000000001,True,,2.905320167541504,7,50,True
vasp-data-files/100010001100111111010001/OSZICAR,1,50,1,"dE shows oscillations but the rms(c) value decreases from 0.106E+02 to 0.206E-01, showing a clear downward macro-trend despite noise, indicating eventual convergence per the Tie-Breaker Rule.",0.65,True,,3.2764270305633545,6,50,True
vasp-data-files/101011010010111110100000/OSZICAR,1,50,0,"dE shows large oscillations and rms(c) fluctuates without a clear downward trend, indicating divergence despite some minor reductions in later steps",0.44999999999999996,True,,2.619473934173584,5,50,True
vasp-data-files/100100010111111000000110/OSZICAR,0,50,0,"dE shows oscillations and rms(c) fluctuates around 0.37E-01 without a clear downward trend, indicating possible divergence despite some damping in later steps",0.44999999999999996,True,,2.80259370803833,5,50,True
vasp-data-files/101100010100110000110100/OSZICAR,0,50,0,"dE shows large oscillations and rms(c) fluctuates around ~0.13-0.15E+01 without a clear downward trend, indicating divergence despite some minor fluctuations in rms(c)",0.2499999999999999,True,,2.734135389328003,7,50,True
vasp-data-files/111011110010110010101010/OSZICAR,0,50,0,"dE shows large oscillations and rms(c) remains stuck around 0.24-0.25E+01 with no clear downward trend, indicating divergence despite some minor fluctuations in later steps",0.2499999999999999,True,,2.883549690246582,7,50,True
vasp-data-files/111110000101010010101110/OSZICAR,0,50,1,"Although dE shows oscillations, the rms(c) values show a clear long-term decreasing trend from ~0.1E+02 to ~0.7E-01, indicating eventual convergence per the Expert's Tie-Breaker Rule.",0.7500000000000001,True,,3.333382129669189,7,50,True
vasp-data-files/110010100101011101000011/OSZICAR,0,50,0,"dE shows large oscillations and rms(c) fluctuates without a clear downward trend, indicating divergence despite some minor decreases in later steps",0.44999999999999996,True,,2.583488702774048,5,50,True
vasp-data-files/110000111110100001010011/OSZICAR,0,50,0,"dE shows large oscillations and rms(c) fluctuates around 0.19E+00 without a clear downward trend, indicating divergence despite some minor damping in later steps",0.44999999999999996,True,,2.485514879226685,5,50,True
vasp-data-files/110011111101000001111111/OSZICAR,0,50,1,"Although dE shows oscillations, the rms(c) values show a clear long-term decreasing trend from ~0.1E+02 to ~0.4E+00, indicating eventual convergence per the Expert's Tie-Breaker Rule.",0.7500000000000001,True,,3.002809762954712,7,50,True
vasp-data-files/111110000101111100100000/OSZICAR,1,50,1,"Although dE shows oscillations, the rms(c) values show an overall decreasing trend from ~0.1E+02 to ~0.5E-01, indicating eventual convergence per the Expert's Tie-Breaker Rule.",0.65,True,,3.3444528579711914,6,50,True
vasp-data-files/111011010101011010110110/OSZICAR,1,50,1,"Although dE shows oscillations, the rms(c) value shows a clear long-term decreasing trend from ~0.1E+02 to ~0.658E-01, indicating eventual convergence despite noisy intermediate steps",0.7500000000000001,True,,3.419997453689575,7,50,True
vasp-data-files/101011110000011111011000/OSZICAR,0,50,1,"dE shows oscillations but the rms(c) value steadily decreases from 0.106E+02 to 0.513E-01, indicating a clear downward macro-trend despite noise, suggesting eventual convergence per the Expert's Tie-Breaker Rule.",0.65,True,,3.2943649291992188,6,50,True
vasp-data-files/101101001001111010101001/OSZICAR,1,50,1,"dE shows oscillations but the rms(c) value decreases overall from ~0.1E+02 to ~0.14E-01, indicating a damping trend consistent with eventual convergence per the Tie-Breaker Rule.",0.65,True,,2.8372652530670166,6,50,True
vasp-data-files/101101000101010011100000/OSZICAR,1,50,1,"Although dE shows oscillations, the rms(c) values show a clear long-term decreasing trend from ~0.1E+02 to ~0.3E-01, indicating eventual convergence per the Expert's Tie-Breaker Rule.",0.7500000000000001,True,,3.3646233081817627,7,50,True
vasp-data-files/101100000101110011000000/OSZICAR,0,50,0,"dE shows large oscillations and rms(c) remains stuck around 0.21-0.25E+01 with no clear downward trend, indicating divergence despite some minor fluctuations",0.2499999999999999,True,,2.7106311321258545,7,50,True
vasp-data-files/111110000000111100100010/OSZICAR,1,50,1,"dE shows a decreasing trend with oscillations, but the rms(c) value steadily decreases from 0.105E+02 to 0.124E-01, indicating a clear macro-trend towards convergence despite some noise and oscillations in dE.",0.7500000000000001,True,,2.9591023921966557,7,50,True
vasp-data-files/101011010101111100100000/OSZICAR,1,50,1,"dE shows a clear decreasing trend towards small values, and although rms(c) has some oscillations, its overall macro-trend is steadily decreasing, indicating eventual convergence per the Expert's Tie-Breaker Rule.",0.7500000000000001,True,,2.8804385662078857,7,50,True
vasp-data-files/101011010101010010110110/OSZICAR,0,50,0,"dE shows large oscillations and rms(c) fluctuates around ~0.1E+01 without a clear downward trend, indicating divergence despite some minor reductions in later steps",0.2499999999999999,True,,2.4071640968322754,7,50,True
vasp-data-files/111110100100111000100000/OSZICAR,1,50,0,"dE shows large oscillations and rms(c) fluctuates without a clear downward trend, indicating divergence despite some minor decreases in later steps",0.44999999999999996,True,,2.4170918464660645,5,50,True
vasp-data-files/111110000100010010111110/OSZICAR,1,50,1,"Although dE shows oscillations, the rms(c) values show a clear long-term decreasing trend from ~0.1E+02 to ~0.35E-01, indicating eventual convergence per the Expert's Tie-Breaker Rule.",0.7500000000000001,True,,2.866615533828736,7,50,True
vasp-data-files/101001011100111101100000/OSZICAR,0,50,0,"dE shows large oscillations and rms(c) fluctuates without a clear downward trend, indicating divergence despite some minor decreases in later steps",0.44999999999999996,True,,2.2996671199798584,5,50,True
vasp-data-files/111100000101010110100001/OSZICAR,1,50,0,"dE shows large oscillations and rms(c) fluctuates around 0.1-0.2 without a clear downward trend, indicating divergence despite some minor damping in later steps",0.44999999999999996,True,,2.581814765930176,5,50,True
vasp-data-files/100011011111001001011111/OSZICAR,1,50,1,"Although dE shows oscillations, the rms(c) values show a clear long-term decreasing trend from ~0.1E+02 to ~0.775E-01, indicating eventual convergence per the Expert's Tie-Breaker Rule.",0.7500000000000001,True,,3.697143077850342,7,50,True
vasp-data-files/111010011011110010101000/OSZICAR,0,50,1,"Although dE shows oscillations, the rms(c) values show a clear long-term decreasing trend from ~1.0E+02 to ~4.2E+00, indicating eventual convergence per the Expert's Tie-Breaker Rule.",0.65,True,,2.6628739833831787,6,50,True
vasp-data-files/100011011000100110111000/OSZICAR,1,50,1,"dE shows oscillations but the rms(c) value decreases overall from 0.106E+02 to 0.453E-01, indicating a macro-trend of damping and convergence despite noisy intermediate steps",0.7500000000000001,True,,2.6020023822784424,7,50,True
vasp-data-files/110100101101100101010011/OSZICAR,1,50,1,"dE shows decreasing magnitude with oscillations, and rms(c) has a clear long-term downward trend despite some fluctuations, indicating eventual convergence per the Tie-Breaker Rule.",0.7500000000000001,True,,2.625600576400757,7,50,True
vasp-data-files/101001010111101111010011/OSZICAR,1,50,1,"Although dE shows oscillations, the rms(c) values show a clear long-term decreasing trend from ~0.1E+02 to ~0.12E-01, indicating eventual convergence per the Expert's Tie-Breaker Rule.",0.7500000000000001,True,,3.2018637657165527,7,50,True
vasp-data-files/100110010100110000011100/OSZICAR,1,50,1,"Although dE shows oscillations, the rms(c) values show a clear long-term decreasing trend from ~0.1E+02 to ~0.7E-01, indicating eventual convergence per the Expert's Tie-Breaker Rule.",0.7500000000000001,True,,2.396193504333496,7,50,True
vasp-data-files/111001111011111010000110/OSZICAR,0,50,0,"dE shows large oscillations and rms(c) fluctuates without a clear downward trend, indicating divergence despite some minor reductions in rms(c) later on",0.2499999999999999,True,,2.402735471725464,7,50,True
vasp-data-files/101010100100001110111100/OSZICAR,1,50,1,"dE decreases consistently towards small values (<1.0E-04) and rms(c) shows a clear downward trend despite minor fluctuations, indicating convergence per the Expert's Tie-Breaker Rule.",0.7500000000000001,True,,2.88191819190979,7,50,True
vasp-data-files/100100110101100001011111/OSZICAR,1,50,1,"Although dE shows oscillations, the rms(c) value steadily decreases from 0.105E+02 to 0.719E-01, showing a clear downward macro-trend, indicating eventual convergence per the Expert's Tie-Breaker Rule.",0.7500000000000001,True,,2.963420391082764,7,50,True
vasp-data-files/100101001000001110011001/OSZICAR,1,50,1,"dE shows decreasing magnitude with oscillations, and rms(c) has a clear long-term downward trend despite some fluctuations, indicating eventual convergence per the Tie-Breaker Rule.",0.7500000000000001,True,,2.9439547061920166,7,50,True
vasp-data-files/111001010110111000010000/OSZICAR,1,50,1,"Although dE shows oscillations, the rms(c) values show a clear long-term decreasing trend from ~0.1E+02 to ~0.394E+00, indicating eventual convergence per the Expert's Tie-Breaker Rule.",0.65,True,,3.032883882522583,6,50,True
vasp-data-files/111001111111011110011110/OSZICAR,0,50,0,"dE oscillates with large magnitudes and rms(c) stagnates around 0.13-0.15E+01 without a clear downward trend, indicating divergence despite some minor fluctuations",0.2499999999999999,True,,2.6417489051818848,7,50,True
vasp-data-files/100111111001010011101101/OSZICAR,0,50,1,"Although dE shows oscillations, the rms(c) value decreases from 0.106E+02 to 0.961E+00, showing a clear downward trend, indicating eventual convergence per the Expert's Tie-Breaker Rule.",0.65,True,,3.5789332389831543,6,50,True
vasp-data-files/110010111000111100000000/OSZICAR,1,50,1,"Although dE shows oscillations, the rms(c) values show a clear overall decreasing trend from ~0.1E+02 to ~0.459E-01, indicating eventual convergence per the Expert's Tie-Breaker Rule.",0.65,True,,2.9808523654937744,6,50,True
vasp-data-files/101011101101001010111100/OSZICAR,1,50,1,"dE shows decreasing magnitude with oscillations, and rms(c) has a clear overall downward trend despite some fluctuations, indicating eventual convergence per the Expert's Tie-Breaker Rule.",0.7500000000000001,True,,2.4523229598999023,7,50,True
vasp-data-files/101101010101110011010100/OSZICAR,0,50,0,"dE shows large oscillations and rms(c) remains stuck around 0.12-0.13E+01 with no clear downward trend, indicating divergence despite some minor fluctuations in later steps",0.2499999999999999,True,,2.0601747035980225,7,50,True
vasp-data-files/101111001100010010101010/OSZICAR,1,50,1,"Although dE shows oscillations, the rms(c) values show a clear overall decreasing trend from ~0.1E+02 to ~0.3E-01, indicating eventual convergence per the Expert's Tie-Breaker Rule.",0.65,True,,2.8547379970550537,6,50,True
vasp-data-files/101011010101110010100100/OSZICAR,0,50,0,"dE shows large oscillations and rms(c) fluctuates without a clear downward trend, indicating divergence despite some minor decreases in rms(c) at certain steps.",0.44999999999999996,True,,2.3835654258728027,5,50,True
vasp-data-files/110110000011000000111010/OSZICAR,1,50,1,"Although dE shows some oscillations, the rms(c) values show a clear long-term decreasing trend from ~0.1E+02 to ~0.18E-01, indicating eventual convergence per the Expert's Tie-Breaker Rule.",0.7500000000000001,True,,2.565867185592652,7,50,True
vasp-data-files/101101000111110010100010/OSZICAR,1,50,0,"dE shows large oscillations and rms(c) fluctuates around ~0.5E-01 without a clear downward trend, indicating lack of convergence despite some damping in later steps",0.44999999999999996,True,,2.480785131454468,5,50,True
vasp-data-files/101011011101111010100100/OSZICAR,1,50,1,"Although dE shows oscillations, the rms(c) values show a clear long-term decreasing trend from ~0.1E+02 to ~0.8E-01, indicating eventual convergence per the Expert's Tie-Breaker Rule.",0.7500000000000001,True,,2.1836211681365967,7,50,True
vasp-data-files/100010010010011111010111/OSZICAR,1,50,1,"dE shows a clear decreasing trend towards small values, and rms(c) exhibits an overall downward trend despite some oscillations, indicating convergence according to the Expert's Tie-Breaker Rule.",0.7500000000000001,True,,2.2415404319763184,7,50,True
vasp-data-files/110011111111111001000111/OSZICAR,1,50,1,"dE shows a clear decreasing trend towards small values, and rms(c) steadily decreases despite some oscillations, indicating convergence according to the Expert's Tie-Breaker Rule.",0.7500000000000001,True,,2.42029356956482,7,50,True
vasp-data-files/100011110111011010011111/OSZICAR,1,50,1,"Although dE shows oscillations, the rms(c) value steadily decreases from 0.105E+02 to 0.471E+00, showing a clear downward macro-trend, indicating eventual convergence per the Expert's Tie-Breaker Rule.",0.7500000000000001,True,,2.855376958847046,7,50,True
vasp-data-files/101101011101111011011100/OSZICAR,0,50,1,"dE shows decreasing magnitude with oscillations, and rms(c) has a clear long-term downward trend despite some noise, indicating eventual convergence per the Tie-Breaker Rule.",0.7500000000000001,True,,2.69192886352539,7,50,True
vasp-data-files/111110000100001100100010/OSZICAR,1,50,1,"dE shows a consistent decrease towards small values (<1.0E-03) and rms(c) exhibits an overall downward trend despite some oscillations, indicating convergence according to the Expert's Tie-Breaker Rule.",0.7500000000000001,True,,3.232342004776001,7,50,True
vasp-data-files/111110000110001110110010/OSZICAR,1,50,1,"dE shows a decreasing trend with oscillations, and rms(c) has an overall downward trend despite some fluctuations, indicating eventual convergence per the Expert's Tie-Breaker Rule.",0.7500000000000001,True,,2.399369955062866,7,50,True
vasp-data-files/111110000100011000101000/OSZICAR,1,50,1,"dE decreases consistently towards small values (<1.0E-04) and rms(c) shows a clear downward trend despite some noise, indicating convergence per the Expert's Tie-Breaker Rule.",0.85,True,,3.0603842735290527,8,50,True
vasp-data-files/110100000111000100101000/OSZICAR,0,50,0,"dE shows large oscillations and rms(c) fluctuates without a clear downward trend, indicating divergence despite some minor decreases in later steps",0.44999999999999996,True,,2.3553173542022705,5,50,True
vasp-data-files/111100011101110000010101/OSZICAR,0,50,0,"dE oscillates with large magnitudes and rms(c) shows no clear downward trend, stagnating around 0.17-0.19E+01, indicating divergence despite some minor fluctuations",0.2499999999999999,True,,2.721741914749145,7,50,True
vasp-data-files/101010010100111010000100/OSZICAR,0,50,0,"dE shows large oscillations and rms(c) remains stuck around 0.17-0.18E+01 with no clear downward trend, indicating divergence despite some minor fluctuations in later steps",0.2499999999999999,True,,4.605193138122559,7,50,True
vasp-data-files/111101000100111110100000/OSZICAR,1,50,0,"dE shows large oscillations and rms(c) fluctuates around 0.25E-01 without a clear downward trend, indicating lack of convergence despite some damping in later steps",0.44999999999999996,True,,3.0621352195739746,5,50,True
vasp-data-files/111100111100111110010000/OSZICAR,0,50,0,"dE shows large oscillations and rms(c) fluctuates without a clear downward trend, indicating divergence despite some minor decreases in later steps",0.44999999999999996,True,,2.2713184356689453,5,50,True
vasp-data-files/111101000101111011110111/OSZICAR,1,50,1,"dE shows decreasing magnitude with oscillations, and rms(c) has a clear downward trend from ~0.1E+02 to ~0.15E-01, indicating eventual convergence despite dE fluctuations",0.7500000000000001,True,,3.924092292785645,7,50,True
vasp-data-files/101111100101111000100000/OSZICAR,1,50,1,"Although dE shows oscillations, the rms(c) values show a clear long-term decreasing trend from ~0.1E+02 to ~0.77E-01, indicating eventual convergence per the Expert's Tie-Breaker Rule.",0.7500000000000001,True,,3.046408176422119,7,50,True
vasp-data-files/101101000101011100000000/OSZICAR,0,50,1,"Although dE shows oscillations, the rms(c) values show a clear long-term decreasing trend from ~0.1E+02 to ~0.268E+00, indicating eventual convergence per the Expert's Tie-Breaker Rule.",0.65,True,,3.8964145183563232,6,50,True
vasp-data-files/100000011101101111001001/OSZICAR,1,50,1,"dE shows a clear decreasing trend towards small values, and although rms(c) has some fluctuations, its overall macro-trend is decreasing, indicating eventual convergence per the Expert's Tie-Breaker Rule.",0.7500000000000001,True,,2.6643083095550537,7,50,True
vasp-data-files/110001001100001101110101/OSZICAR,0,50,0,"dE shows large oscillations and rms(c) fluctuates around ~0.10-0.12E+01 without a clear downward trend, indicating divergence despite some minor damping in later steps",0.2499999999999999,True,,3.1796562671661377,7,50,True
vasp-data-files/101100001100111110000000/OSZICAR,0,50,0,"dE shows large oscillations and rms(c) fluctuates between ~0.16-0.19E+01 without a clear downward trend, indicating divergence despite some minor reductions in later steps",0.2499999999999999,True,,2.9332189559936523,7,50,True
vasp-data-files/111110000100010000111110/OSZICAR,0,50,1,"Although dE shows oscillations, the rms(c) values show a clear overall decreasing trend from ~0.1E+02 to ~0.177E+00, indicating eventual convergence per the Expert's Tie-Breaker Rule.",0.65,True,,2.702289581298828,6,50,True
vasp-data-files/100100011110111000000110/OSZICAR,1,50,1,"dE shows decreasing magnitude with oscillations, and rms(c) has a clear overall downward trend despite some fluctuations, indicating eventual convergence per the Tie-Breaker Rule.",0.7500000000000001,True,,3.0492279529571533,7,50,True
vasp-data-files/100101001100010000001100/OSZICAR,1,50,1,"Although dE shows oscillations, the rms(c) values show a clear long-term decreasing trend from ~0.1E+02 to ~0.6E-01, indicating eventual convergence per the Expert's Tie-Breaker Rule.",0.65,True,,2.290356397628784,6,50,True
vasp-data-files/100010001001111100101001/OSZICAR,1,50,0,"dE shows large oscillations and rms(c) remains stuck around 0.18-0.20E+01 with no clear downward trend, indicating divergence despite some minor fluctuations in later steps",0.2499999999999999,True,,2.6318655014038086,7,50,True
vasp-data-files/100101101101101011001111/OSZICAR,0,50,0,"dE shows large oscillations and rms(c) fluctuates without a clear downward trend, indicating divergence despite some minor decreases in later steps",0.44999999999999996,True,,2.2696967124938965,5,50,True
vasp-data-files/101101000100111010001000/OSZICAR,1,50,1,"dE shows decreasing magnitude with oscillations, and rms(c) has a clear long-term downward trend despite some fluctuations, indicating eventual convergence per the Tie-Breaker Rule.",0.7500000000000001,True,,2.9662039279937744,7,50,True
vasp-data-files/101100010101110001000100/OSZICAR,1,50,1,"Although dE shows some oscillations, the rms(c) value consistently decreases from ~1.0E+02 to ~5.95E-01, showing a clear downward macro-trend, indicating eventual convergence per the Expert's Tie-Breaker Rule.",0.7500000000000001,True,,3.700000762939453,7,50,True
vasp-data-files/100000001111110011011111/OSZICAR,1,50,1,"Although dE shows some oscillations, the rms(c) values show a clear overall decreasing trend from ~0.1E+02 to ~0.5E-02, indicating eventual convergence per the Expert's Tie-Breaker Rule.",0.7500000000000001,True,,3.5142788887023926,7,50,True
vasp-data-files/101101000101111110000000/OSZICAR,1,50,1,"dE shows decreasing magnitude with oscillations, and rms(c) has a long-term downward trend despite some fluctuations, indicating eventual convergence per the Tie-Breaker Rule.",0.65,True,,2.6053454875946045,6,50,True
vasp-data-files/110110100101001100111100/OSZICAR,1,50,1,"Although dE shows oscillations, the rms(c) values show a clear long-term decreasing trend from ~0.1E+02 to ~0.4E-01, indicating eventual convergence per the Expert's Tie-Breaker Rule.",0.7500000000000001,True,,3.518473863601685,7,50,True
vasp-data-files/100011110011111010000110/OSZICAR,1,50,0,"dE shows large oscillations and rms(c) values increase from ~0.2E+00 to ~0.47E+00 with no clear downward trend, indicating divergence despite some minor fluctuations in later steps",0.44999999999999996,True,,3.617001533508301,5,50,True
vasp-data-files/111000011001110011110010/OSZICAR,1,50,1,"Although dE shows some oscillations, the rms(c) values show a clear long-term decreasing trend from ~0.1E+02 to ~0.5E-01, indicating eventual convergence per the Expert's Tie-Breaker Rule.",0.7500000000000001,True,,3.0514864921569824,7,50,True
vasp-data-files/101110001100111110100000/OSZICAR,1,50,1,"Although dE shows some oscillations, the rms(c) values show a clear long-term decreasing trend from ~0.1E+02 to ~0.137E-01, indicating convergence despite noisy intermediate steps",0.7500000000000001,True,,2.8753042221069336,7,50,True
vasp-data-files/101000010101111111100100/OSZICAR,1,50,1,"Although dE shows oscillations, the rms(c) values show a clear overall decreasing trend from ~0.1E+02 to ~0.88E-01, indicating eventual convergence per the Expert's Tie-Breaker Rule.",0.65,True,,4.391930818557739,6,50,True
vasp-data-files/101000010100111110100000/OSZICAR,1,50,1,"dE shows a clear decreasing trend towards small values, and rms(c) exhibits an overall downward trend despite some oscillations, indicating eventual convergence per the Expert's Tie-Breaker Rule.",0.7500000000000001,True,,2.7511274814605717,7,50,True
vasp-data-files/110100111101110011011001/OSZICAR,1,50,1,"Although dE shows oscillations, the rms(c) values show a clear long-term decreasing trend from ~0.1E+02 to ~0.3E-01, indicating eventual convergence per the Expert's Tie-Breaker Rule.",0.7500000000000001,True,,3.649613618850708,7,50,True
vasp-data-files/111110000101011110100000/OSZICAR,1,50,1,"dE shows a clear decreasing trend towards small values, and rms(c) steadily decreases despite some oscillations, indicating convergence according to the Expert's Tie-Breaker Rule.",0.7500000000000001,True,,2.828202724456787,7,50,True
vasp-data-files/101110100000111100100000/OSZICAR,1,50,1,"dE shows decreasing magnitude with oscillations, and rms(c) has a clear long-term downward trend despite some noise, indicating eventual convergence per the Tie-Breaker Rule.",0.7500000000000001,True,,2.667253017425537,7,50,True
vasp-data-files/110000111110110010001010/OSZICAR,1,50,1,"Although dE shows oscillations in early steps, the rms(c) value steadily decreases from ~1.0E+02 to ~1.88E-01, showing a clear downward macro-trend, indicating eventual convergence per the Expert's Tie-Breaker Rule.",0.7500000000000001,True,,3.384843349456787,7,50,True
vasp-data-files/110100111100111101010011/OSZICAR,0,50,0,"dE oscillates with large magnitudes and rms(c) shows no clear downward trend, indicating divergence despite some minor fluctuations",0.2499999999999999,True,,2.3409311771392822,7,50,True
vasp-data-files/101110000100110010100000/OSZICAR,1,50,1,"Although dE shows some oscillations, the rms(c) values show a clear long-term decreasing trend from ~0.1E+02 to ~0.1E-01, indicating convergence despite initial instability",0.7500000000000001,True,,2.793736934661865,7,50,True
vasp-data-files/110110011101001000110000/OSZICAR,1,50,1,"Although dE shows oscillations, the rms(c) value steadily decreases from 0.222E+01 to 0.729E-01, showing a clear downward macro-trend, indicating eventual convergence per the Expert's Tie-Breaker Rule.",0.7500000000000001,True,,3.108290433883667,7,50,True
vasp-data-files/101110000101001010110100/OSZICAR,1,50,1,"dE shows decreasing magnitude with oscillations, and rms(c) has a clear long-term downward trend despite some fluctuations, indicating eventual convergence per the Tie-Breaker Rule.",0.7500000000000001,True,,2.362518787384033,7,50,True
vasp-data-files/101101000101111010100110/OSZICAR,1,50,1,"dE shows decreasing magnitude with oscillations, and rms(c) has a clear long-term downward trend despite some fluctuations, indicating eventual convergence per the Tie-Breaker Rule.",0.7500000000000001,True,,2.561292886734009,7,50,True
vasp-data-files/111101001100010000100010/OSZICAR,1,50,1,"Although dE shows oscillations in magnitude, the rms(c) values show a clear long-term decreasing trend from ~0.1E+02 to ~0.8E-02, indicating eventual convergence per the Expert's Tie-Breaker Rule.",0.7500000000000001,True,,2.9798920154571533,7,50,True
vasp-data-files/101001001100111011000101/OSZICAR,1,50,1,"Although dE shows some oscillations, the rms(c) values show a clear long-term decreasing trend from ~0.1E+02 to ~0.2E-01, indicating convergence despite noisy intermediate steps",0.7500000000000001,True,,3.0934977531433105,7,50,True
vasp-data-files/100000001110011101010111/OSZICAR,1,50,1,"Although dE shows some oscillations, the rms(c) values show a clear overall decreasing trend from ~0.1E+02 to ~0.12E-01, indicating eventual convergence per the Expert's Tie-Breaker Rule.",0.7500000000000001,True,,3.4501802921295166,7,50,True
vasp-data-files/110100110001110001011001/OSZICAR,0,50,1,"Although dE shows oscillations, the rms(c) values show a clear long-term decreasing trend from ~1.0E+02 to ~0.8E+00, indicating eventual convergence per the Expert's Tie-Breaker Rule.",0.65,True,,2.834986925125122,6,50,True
vasp-data-files/111010110000111110010000/OSZICAR,0,50,0,"dE shows large oscillations and rms(c) fluctuates around ~0.14-0.16E+01 without a clear downward trend, indicating divergence despite some minor damping in later steps",0.44999999999999996,True,,3.1599831581115723,5,50,True
vasp-data-files/101100000100111110000000/OSZICAR,0,50,0,"dE shows large oscillations and rms(c) fluctuates without a clear downward trend, indicating divergence despite some minor decreases in later steps",0.44999999999999996,True,,2.624441385269165,5,50,True
vasp-data-files/100110001100011010011111/OSZICAR,1,50,1,"dE shows decreasing magnitude with oscillations, and rms(c) has a clear long-term downward trend despite some fluctuations, indicating eventual convergence per the Tie-Breaker Rule.",0.7500000000000001,True,,3.0885510444641118,7,50,True
vasp-data-files/101010110000111110100100/OSZICAR,1,50,1,"Although dE shows some oscillations in early steps, the rms(c) value steadily decreases from 0.105E+02 to 0.581E-03, showing a clear downward trend indicating convergence despite initial instability.",0.85,True,,3.048213243484497,8,50,True
vasp-data-files/100001011111111001010111/OSZICAR,0,50,0,"dE shows large oscillations and rms(c) fluctuates between ~0.1E+01 and ~0.8E+00 without a clear downward trend, indicating divergence despite some minor damping in later steps",0.44999999999999996,True,,3.4935295581817627,5,50,True
vasp-data-files/101110100101011110100100/OSZICAR,1,50,1,"Although dE shows some oscillations, the rms(c) values show a clear long-term decreasing trend from ~0.1E+02 to ~0.19E-01, indicating convergence despite noisy intermediate steps",0.7500000000000001,True,,4.833857774734497,7,50,True
vasp-data-files/111110001100010010111111/OSZICAR,0,50,1,"Although dE shows oscillations, the rms(c) values show an overall decreasing trend from ~0.1E+02 to ~0.592E-01, indicating eventual convergence per the Expert's Tie-Breaker Rule.",0.65,True,,2.966635704040528,6,50,True
vasp-data-files/110000000011100101010001/OSZICAR,0,50,0,"dE shows large oscillations and rms(c) fluctuates without a clear downward trend, indicating divergence despite some minor decreases in later steps",0.44999999999999996,True,,2.6935439109802246,5,50,True
vasp-data-files/111100000101111100100000/OSZICAR,1,50,1,"Although dE shows oscillations, the rms(c) values show a clear long-term decreasing trend from ~0.1E+02 to ~0.3E-01, indicating eventual convergence despite noisy intermediate steps",0.65,True,,2.85379958152771,6,50,True
vasp-data-files/100011110011111010100110/OSZICAR,1,50,0,"dE shows large oscillations and rms(c) fluctuates without a clear downward trend, indicating divergence despite some minor decreases in later steps",0.44999999999999996,True,,2.8778233528137207,5,50,True
vasp-data-files/111110110101110100110100/OSZICAR,0,50,1,"Although dE shows oscillations, the rms(c) values show an overall decreasing trend from ~0.1E+02 to ~0.18E+00, indicating eventual convergence per the Expert's Tie-Breaker Rule.",0.65,True,,3.3108530044555664,6,50,True
vasp-data-files/100111001111010100101000/OSZICAR,0,50,0,"dE shows large oscillations and rms(c) remains stuck around 0.19-0.20E+01 with no clear downward trend, indicating divergence despite some minor fluctuations",0.2499999999999999,True,,2.4188334941864014,7,50,True
vasp-data-files/101100000101010001101100/OSZICAR,1,50,0,"dE shows large oscillations and rms(c) fluctuates without a clear downward trend, indicating divergence despite some minor decreases in rms(c) early on",0.44999999999999996,True,,2.9045987129211426,5,50,True
vasp-data-files/101100010101110000111100/OSZICAR,1,50,1,"Although dE shows oscillations, the rms(c) values show a clear overall decreasing trend from ~0.1E+02 to ~0.26E-01, indicating eventual convergence per the Expert's Tie-Breaker Rule.",0.65,True,,2.2332379817962646,6,50,True
vasp-data-files/110101000101000011111110/OSZICAR,1,50,0,"dE shows large oscillations and rms(c) fluctuates around ~0.12-0.15E+01 without a clear downward trend, indicating divergence despite some minor damping in later steps",0.44999999999999996,True,,2.1075384616851807,5,50,True
vasp-data-files/101101000101111100000000/OSZICAR,1,50,1,"Although dE shows oscillations, the rms(c) value shows a clear long-term decreasing trend from ~0.1E+02 to ~0.58E-01, indicating eventual convergence per the Expert's Tie-Breaker Rule.",0.7500000000000001,True,,3.640813589096069,7,50,True
vasp-data-files/110001111110110011011111/OSZICAR,0,50,0,"dE oscillates with no clear decreasing trend, and rms(c) fluctuates around ~0.20E+01 without a consistent downward macro-trend, indicating divergence",0.2499999999999999,True,,2.479257583618164,7,50,True
vasp-data-files/101110001110011101010011/OSZICAR,0,50,1,"Although dE shows oscillations, the rms(c) values show a clear overall decreasing trend from ~0.1E+02 to ~0.9E+00, indicating eventual convergence per the Expert's Tie-Breaker Rule.",0.65,True,,2.934838056564331,6,50,True
vasp-data-files/110000011100011000001011/OSZICAR,1,50,1,"Although dE shows oscillations, the rms(c) values show a clear overall decreasing trend from ~0.1E+02 to ~0.37E+00, indicating eventual convergence per the Expert's Tie-Breaker Rule.",0.65,True,,3.877179384231568,6,50,True
vasp-data-files/101111000101111011101100/OSZICAR,1,50,1,"Although dE shows oscillations, the rms(c) values show a clear long-term decreasing trend from ~0.1E+02 to ~0.2E-01, indicating eventual convergence per the Expert's Tie-Breaker Rule.",0.7500000000000001,True,,3.243470907211304,7,50,True
vasp-data-files/101000001110001111010111/OSZICAR,1,50,0,"dE shows oscillations and rms(c) fluctuates around 0.34-0.36E-01 without a clear downward trend, indicating stagnation and lack of convergence",0.44999999999999996,True,,2.5950162410736084,5,50,True
vasp-data-files/110011010011110110111000/OSZICAR,1,50,1,"dE shows decreasing magnitude with oscillations, and rms(c) has a clear long-term downward trend despite some fluctuations, indicating eventual convergence per the Tie-Breaker Rule.",0.7500000000000001,True,,2.8424108028411865,7,50,True
vasp-data-files/111010010111101111010011/OSZICAR,1,50,0,"dE shows large oscillations and rms(c) fluctuates without a clear downward trend in later steps, indicating divergence despite some early damping in rms(c)",0.44999999999999996,True,,2.346867561340332,5,50,True
vasp-data-files/110100001101011110100001/OSZICAR,1,50,1,"Although dE shows oscillations, the rms(c) values show a clear overall decreasing trend from ~0.1E+02 to ~0.1E+00, indicating eventual convergence per the Expert's Tie-Breaker Rule.",0.65,True,,3.5738508701324463,6,50,True
vasp-data-files/101111100000000011101101/OSZICAR,0,50,1,"Although dE shows oscillations, the rms(c) values show a clear overall decreasing trend from ~0.12E+02 to ~0.92E+00, indicating eventual convergence per the Expert's Tie-Breaker Rule.",0.65,True,,3.077332735061645,6,50,True
vasp-data-files/110110001000011100100000/OSZICAR,1,50,1,"Although dE shows oscillations, the rms(c) values show a clear overall decreasing trend from ~0.1E+02 to ~0.4E-01, indicating eventual convergence per the Expert's Tie-Breaker Rule.",0.65,True,,2.6444342136383057,6,50,True
vasp-data-files/100001010110011010010010/OSZICAR,1,50,1,"Although dE shows oscillations, the rms(c) values show a clear overall decreasing trend from ~0.1E+02 to ~0.788E-01, indicating eventual convergence per the Expert's Tie-Breaker Rule.",0.65,True,,3.142948627471924,6,50,True
vasp-data-files/110110101000011100000000/OSZICAR,1,50,1,"dE shows decreasing magnitude with oscillations, and rms(c) has a clear long-term downward trend despite some fluctuations, indicating eventual convergence per the Tie-Breaker Rule.",0.7500000000000001,True,,2.895804643630981,7,50,True
vasp-data-files/101001010101000011001101/OSZICAR,1,50,0,"dE shows large oscillations and rms(c) fluctuates without a clear downward trend, indicating divergence despite some minor reductions in later steps",0.2499999999999999,True,,2.390030860900879,7,50,True
vasp-data-files/101011010100011010100100/OSZICAR,1,50,1,"dE shows a consistent decrease towards small values and rms(c) exhibits an overall downward trend despite some oscillations, indicating eventual convergence per the Expert's Tie-Breaker Rule.",0.7500000000000001,True,,2.49202823638916,7,50,True
vasp-data-files/111101010111011110011110/OSZICAR,1,50,1,"Although dE shows oscillations, the rms(c) value steadily decreases from 0.106E+02 to 0.237E-01, showing a clear downward macro-trend, indicating eventual convergence per the Expert's Tie-Breaker Rule.",0.7500000000000001,True,,3.1992547512054443,7,50,True
vasp-data-files/101100000101010000110100/OSZICAR,0,50,1,"Although dE shows oscillations, the rms(c) values show a clear overall decreasing trend from ~1.0E+02 to ~7.3E-01, indicating eventual convergence despite noisy intermediate steps",0.65,True,,2.644263505935669,6,50,True
vasp-data-files/100010010110001011010101/OSZICAR,0,50,1,"dE shows decreasing magnitude with oscillations, and rms(c) has a clear long-term downward trend despite some noise, indicating eventual convergence per the Tie-Breaker Rule.",0.7500000000000001,True,,3.037735939025879,7,50,True
vasp-data-files/100000011100111100001000/OSZICAR,1,50,1,"Although dE shows some oscillations, the rms(c) values show a clear long-term decreasing trend from ~0.1E+02 to ~0.7E-02, indicating convergence despite noisy intermediate steps",0.7500000000000001,True,,2.792576789855957,7,50,True
vasp-data-files/101011110000111110100100/OSZICAR,1,50,1,"dE shows decreasing magnitude with oscillations, and rms(c) has a clear long-term downward trend despite some noise, indicating eventual convergence per the Tie-Breaker Rule.",0.7500000000000001,True,,4.01205039024353,7,50,True
vasp-data-files/101100000101010100100000/OSZICAR,1,50,1,"Although dE shows some oscillations, the rms(c) value consistently decreases over time, following a clear downward trend despite minor fluctuations, indicating eventual convergence.",0.7500000000000001,True,,2.566235303878784,7,50,True
vasp-data-files/101000111100111011010111/OSZICAR,1,50,1,"Although dE shows oscillations, the rms(c) values show a clear long-term decreasing trend from ~0.1E+02 to ~0.2E-01, indicating eventual convergence per the Expert's Tie-Breaker Rule.",0.7500000000000001,True,,3.1825082302093506,7,50,True
vasp-data-files/111110001001000010111111/OSZICAR,1,50,1,"Although dE shows oscillations, the rms(c) values show a clear long-term decreasing trend from ~1.0E+02 to ~4.67E-01, indicating eventual convergence per the Expert's Tie-Breaker Rule.",0.7500000000000001,True,,3.059266328811645,7,50,True
vasp-data-files/100001110011100011011101/OSZICAR,1,50,1,"dE shows decreasing magnitude with oscillations, and rms(c) has a clear long-term downward trend despite some fluctuations, indicating eventual convergence per the Tie-Breaker Rule.",0.7500000000000001,True,,2.757209062576294,7,50,True
vasp-data-files/100111001000111100100000/OSZICAR,1,50,1,"Although dE shows some oscillations, the rms(c) values show a clear overall decreasing trend from ~0.1E+02 to ~0.8E-02, indicating eventual convergence per the Expert's Tie-Breaker Rule.",0.7500000000000001,True,,2.9431777000427246,7,50,True
vasp-data-files/100001111010001101011111/OSZICAR,1,50,1,"Although dE shows some oscillations, the rms(c) values show a clear long-term decreasing trend from ~0.1E+02 to ~0.5E-02, indicating convergence despite initial instability.",0.7500000000000001,True,,3.201777219772339,7,50,True
vasp-data-files/111111000001000000111110/OSZICAR,1,50,1,"dE decreases consistently towards small values and rms(c) shows a clear downward trend despite some oscillations, indicating eventual convergence per the Expert's Tie-Breaker Rule.",0.7500000000000001,True,,2.5425095558166504,7,50,True
vasp-data-files/100100001111111101011001/OSZICAR,1,50,1,"dE shows decreasing magnitude with oscillations, and rms(c) has a clear long-term downward trend despite some fluctuations, indicating eventual convergence per the Tie-Breaker Rule.",0.7500000000000001,True,,2.4623794555664062,7,50,True
vasp-data-files/100001111100111001000011/OSZICAR,1,50,1,"dE shows a decreasing trend with oscillations, but the rms(c) consistently decreases over time, indicating a macro-trend towards convergence despite some noise and fluctuations in dE.",0.7500000000000001,True,,2.7995290756225586,7,50,True
vasp-data-files/100000111010110011011101/OSZICAR,1,50,1,"Although dE shows some oscillations, the rms(c) values show a clear overall decreasing trend from ~0.1E+02 to ~0.579E-02, indicating eventual convergence per the Expert's Tie-Breaker Rule.",0.7500000000000001,True,,4.550107002258301,7,50,True
vasp-data-files/110010111010110000101100/OSZICAR,1,50,1,"Although dE shows some oscillations, the rms(c) value consistently decreases from ~1.0E+02 to ~2.0E-01, showing a clear downward macro-trend indicating eventual convergence.",0.7500000000000001,True,,3.3776872158050537,7,50,True
vasp-data-files/101101000101000010111100/OSZICAR,1,50,1,"dE shows decreasing magnitude with oscillations, and rms(c) has a clear downward trend from ~0.1E+02 to ~0.6E-02, indicating convergence despite dE fluctuations",0.7500000000000001,True,,3.3203799724578857,7,50,True
vasp-data-files/110000111111111011000111/OSZICAR,1,50,1,"dE shows a clear decreasing trend towards small values, and rms(c) steadily decreases despite some oscillations, indicating convergence according to the Expert's Tie-Breaker Rule.",0.7500000000000001,True,,2.0764830112457275,7,50,True
vasp-data-files/101101000101111110100101/OSZICAR,0,50,0,"dE oscillates with no clear decreasing trend, and rms(c) shows no consistent downward macro-trend, indicating divergence despite some local fluctuations",0.2499999999999999,True,,2.153265476226806,7,50,True
vasp-data-files/110001000011001111101110/OSZICAR,0,50,0,"dE shows large oscillations and rms(c) fluctuates around 0.12-0.15E+01 without a clear downward trend, indicating divergence despite some minor damping in later steps",0.2499999999999999,True,,2.8407256603240967,7,50,True
vasp-data-files/101000111000110101100100/OSZICAR,1,50,1,"dE shows decreasing magnitude with oscillations, and rms(c) has a clear long-term downward trend despite some fluctuations, indicating eventual convergence per the Tie-Breaker Rule.",0.7500000000000001,True,,2.387906312942505,7,50,True
vasp-data-files/111110001100111010101000/OSZICAR,0,50,1,"Although dE shows oscillations, the rms(c) values show a clear long-term decreasing trend from ~0.1E+02 to ~0.375E+00, indicating eventual convergence per the Expert's Tie-Breaker Rule.",0.65,True,,3.085932970046997,6,50,True
vasp-data-files/101001010110101111110111/OSZICAR,1,50,1,"dE shows decreasing magnitude with oscillations, and rms(c) has a clear long-term downward trend despite some fluctuations, indicating eventual convergence per the Tie-Breaker Rule.",0.7500000000000001,True,,2.0094447135925293,7,50,True
vasp-data-files/101001010101110010101100/OSZICAR,1,50,0,"dE shows oscillations and rms(c) fluctuates without a clear downward trend, indicating divergence despite some minor decreases in later steps",0.44999999999999996,True,,2.3052914142608643,5,50,True
vasp-data-files/110111111010100000100011/OSZICAR,1,50,0,"dE shows large oscillations and rms(c) fluctuates without a clear downward trend, indicating divergence despite some minor decreases in later steps",0.44999999999999996,True,,2.355116367340088,5,50,True
vasp-data-files/100111000111010000101000/OSZICAR,1,50,1,"dE shows a consistent decrease towards small values, and although rms(c) has some oscillations, its overall trend is decreasing, indicating convergence according to the Expert's Tie-Breaker Rule.",0.7500000000000001,True,,2.6510963439941406,7,50,True
vasp-data-files/101001010101111100100000/OSZICAR,1,50,1,"dE shows decreasing magnitude with oscillations, and rms(c) has a clear overall downward trend despite some fluctuations, indicating eventual convergence per the Tie-Breaker Rule.",0.7500000000000001,True,,2.8703036308288574,7,50,True
vasp-data-files/111010010101011110110110/OSZICAR,1,50,1,"Although dE shows oscillations in later steps, the rms(c) value consistently decreases from ~0.1E+02 to ~0.36E-02, showing a clear downward macro-trend, indicating eventual convergence per the Expert's Tie-Breaker Rule.",0.7500000000000001,True,,2.927821397781372,7,50,True
vasp-data-files/101010010101111010100110/OSZICAR,1,50,0,"dE shows large oscillations and rms(c) fluctuates around ~0.14-0.19E+01 without a clear downward trend, indicating divergence despite some minor reductions in later steps",0.44999999999999996,True,,2.489098310470581,5,50,True
vasp-data-files/101001110011110001100110/OSZICAR,1,50,1,"Although dE shows oscillations, the rms(c) values show a clear overall decreasing trend from ~0.1E+02 to ~0.7E-01, indicating eventual convergence per the Expert's Tie-Breaker Rule.",0.65,True,,3.5271546840667725,6,50,True
vasp-data-files/101100000100111010100100/OSZICAR,1,50,1,"Although dE shows some oscillations in early steps, the rms(c) value consistently decreases from ~1.0E+02 to ~2.4E-02, showing a clear downward macro-trend indicating convergence.",0.85,True,,7.853744029998779,8,50,True
vasp-data-files/101001110101101011011111/OSZICAR,1,50,1,"Although dE shows oscillations, the rms(c) values show a clear long-term decreasing trend from ~0.124E+02 to ~0.231E-01, indicating eventual convergence per the Expert's Tie-Breaker Rule.",0.7500000000000001,True,,2.588724136352539,7,50,True
vasp-data-files/101110000101110011000100/OSZICAR,1,50,0,"dE oscillates with no clear decreasing trend, and rms(c) fluctuates around ~0.22E+01 without a consistent downward macro-trend, indicating divergence",0.2499999999999999,True,,3.076324701309204,7,50,True
vasp-data-files/110111100001000100111111/OSZICAR,1,50,1,"Although dE shows oscillations, the rms(c) values show a clear long-term decreasing trend from ~0.1E+02 to ~0.688E-01, indicating eventual convergence per the Expert's Tie-Breaker Rule.",0.7500000000000001,True,,3.287264108657837,7,50,True
vasp-data-files/111110000100110000100000/OSZICAR,0,50,0,"rms(c) shows oscillations without a clear downward trend, and dE remains relatively large with no consistent decrease, indicating divergence.",0.44999999999999996,True,,2.761663913726806,5,50,True
vasp-data-files/101101000111000011111111/OSZICAR,1,50,1,"Although dE shows oscillations, the rms(c) values show a clear long-term decreasing trend from ~0.1E+02 to ~0.1E-01, indicating eventual convergence per the Expert's Tie-Breaker Rule.",0.7500000000000001,True,,3.1780004501342773,7,50,True
vasp-data-files/101011010101011011011110/OSZICAR,0,50,1,"Although dE shows oscillations, the rms(c) values show a long-term decreasing trend from ~0.1E+02 to ~0.1E+01, indicating eventual convergence despite noisy intermediate steps",0.65,True,,2.7936782836914062,6,50,True
vasp-data-files/101010101001110001011110/OSZICAR,1,50,1,"Although dE shows oscillations, the rms(c) values show a clear long-term decreasing trend from ~0.179E+01 to ~0.230E+00, indicating eventual convergence per the Expert's Tie-Breaker Rule.",0.65,True,,3.0215866565704346,6,50,True
vasp-data-files/100001010100111010100000/OSZICAR,1,50,1,"dE shows a decreasing trend with oscillations, but the rms(c) value steadily decreases from 0.105E+02 to 0.176E-01, indicating a clear macro-trend of convergence despite some noise in later steps",0.7500000000000001,True,,2.8182361125946045,7,50,True
vasp-data-files/101000001110011011010111/OSZICAR,1,50,1,"Although dE shows some oscillations, the rms(c) value consistently decreases from ~0.1E+02 to ~0.1E-01, showing a clear downward macro-trend, indicating eventual convergence per the Expert's Tie-Breaker Rule.",0.7500000000000001,True,,2.9223861694335938,7,50,True
vasp-data-files/101111000101001110100000/OSZICAR,1,50,1,"dE shows a clear decreasing trend towards small values, and although rms(c) has some oscillations, its overall macro-trend is steadily decreasing, indicating eventual convergence per the Expert's Tie-Breaker Rule.",0.7500000000000001,True,,2.7653627395629883,7,50,True
vasp-data-files/101100101100000110001110/OSZICAR,1,50,1,"Although dE shows some oscillations, the rms(c) value consistently decreases from ~0.1E+02 to ~0.285E-02, showing a clear downward macro-trend, indicating eventual convergence per the Expert's Tie-Breaker Rule.",0.7500000000000001,True,,3.1624348163604736,7,50,True
vasp-data-files/100011110110111010100000/OSZICAR,1,50,1,"dE shows decreasing magnitude with oscillations, and rms(c) has a clear long-term downward trend despite some noise, indicating eventual convergence per the Tie-Breaker Rule.",0.7500000000000001,True,,2.941668748855591,7,50,True
vasp-data-files/111101011101000110100110/OSZICAR,0,50,0,"dE oscillates with large magnitudes and rms(c) shows no clear downward trend, stagnating around 0.16E+01 indicating divergence",0.2499999999999999,True,,3.0706493854522705,7,50,True
vasp-data-files/110100001001001111000001/OSZICAR,0,50,0,"dE shows large oscillations and rms(c) fluctuates around ~0.25E+01 without a clear downward trend, indicating divergence despite some minor damping in later steps",0.44999999999999996,True,,2.769688844680786,5,50,True
vasp-data-files/101101001101111100101000/OSZICAR,1,50,1,"dE shows a clear decreasing trend towards small values, and rms(c) steadily decreases despite some oscillations, indicating convergence according to the Expert's Tie-Breaker Rule.",0.7500000000000001,True,,2.401289939880371,7,50,True
vasp-data-files/101001010101111010000110/OSZICAR,1,50,1,"dE shows oscillations but the rms(c) value decreases from 0.105E+02 to 0.281E-01, showing a clear macro-trend of damping despite noise, indicating eventual convergence per the Tie-Breaker Rule.",0.65,True,,3.236202955245972,6,50,True
vasp-data-files/101001001110010011011111/OSZICAR,1,50,1,"Although dE shows some oscillations, the rms(c) values show a clear long-term decreasing trend from ~0.1E+02 to ~0.2E-02, indicating convergence despite initial instability",0.7500000000000001,True,,3.3895862102508545,7,50,True
vasp-data-files/111100100000110110111001/OSZICAR,1,50,0,"dE shows large oscillations and rms(c) fluctuates without a clear downward trend, indicating divergence despite some minor reductions in rms(c) later on",0.44999999999999996,True,,2.461060047149658,5,50,True
vasp-data-files/101110001111110011011011/OSZICAR,1,50,1,"Although dE shows oscillations, the rms(c) values show a clear long-term decreasing trend from ~1.0E+02 to ~3.16E-01, indicating eventual convergence per the Expert's Tie-Breaker Rule.",0.7500000000000001,True,,2.283219337463379,7,50,True
vasp-data-files/101010010011001101111101/OSZICAR,1,50,1,"Although dE shows oscillations, the rms(c) value steadily decreases from ~0.1E+02 to ~0.158E-01, showing a clear downward macro-trend, indicating eventual convergence per the Expert's Tie-Breaker Rule.",0.7500000000000001,True,,3.051939010620117,7,50,True
vasp-data-files/101001111110100111011111/OSZICAR,1,50,1,"Although dE shows oscillations, the rms(c) values show a clear long-term decreasing trend from ~0.1E+02 to ~0.25E+00, indicating eventual convergence per the Expert's Tie-Breaker Rule.",0.7500000000000001,True,,2.4444925785064697,7,50,True
vasp-data-files/110100111010001000011111/OSZICAR,1,50,1,"Although dE shows oscillations, the rms(c) values show a clear overall decreasing trend from ~0.1E+02 to ~0.5E-01, indicating eventual convergence per the Expert's Tie-Breaker Rule.",0.65,True,,2.866410255432129,6,50,True
vasp-data-files/101111000110011100100100/OSZICAR,0,50,0,"dE shows large oscillations and rms(c) fluctuates without a clear downward trend, indicating divergence despite some minor decreases in rms(c) later on",0.2499999999999999,True,,2.969050168991089,7,50,True
vasp-data-files/100110011100000111011100/OSZICAR,0,50,0,"dE shows large oscillations and rms(c) fluctuates without a clear downward trend, indicating divergence despite some minor reductions in later steps",0.44999999999999996,True,,2.555330991744995,5,50,True
vasp-data-files/101111001000100011010111/OSZICAR,1,50,1,"dE shows a consistent decrease towards small values, and although rms(c) has some oscillations, its overall trend is decreasing, indicating eventual convergence per the Expert's Tie-Breaker Rule.",0.7500000000000001,True,,2.840446949005127,7,50,True
vasp-data-files/110010010011010000101000/OSZICAR,1,50,1,"Although dE shows oscillations, the rms(c) values show a clear long-term decreasing trend from ~0.1E+02 to ~0.265E-01, indicating eventual convergence per the Expert's Tie-Breaker Rule.",0.65,True,,3.035739660263061,6,50,True
vasp-data-files/100001111100010010011110/OSZICAR,1,50,0,"dE shows large oscillations and rms(c) fluctuates without a clear downward trend, indicating divergence despite some minor decreases in later steps",0.44999999999999996,True,,2.8724522590637207,5,50,True
vasp-data-files/110000111011001111011011/OSZICAR,0,50,0,"dE shows large oscillations and rms(c) fluctuates without a clear downward trend, indicating divergence despite some minor decreases in rms(c) at certain steps.",0.44999999999999996,True,,2.7633962631225586,5,50,True
vasp-data-files/100011110110011101011111/OSZICAR,1,50,0,"dE shows large oscillations and rms(c) fluctuates around 0.5-0.6E+00 without a clear downward trend, indicating divergence despite some minor damping in later steps",0.44999999999999996,True,,2.568523645401001,5,50,True
vasp-data-files/101011010101011010110110/OSZICAR,1,50,1,"Although dE shows some oscillations, the rms(c) value consistently decreases from ~0.1E+02 to ~0.594E-02, showing a clear downward macro-trend, indicating eventual convergence per the Expert's Tie-Breaker Rule.",0.7500000000000001,True,,2.966409683227539,7,50,True
vasp-data-files/101011110000111111101101/OSZICAR,1,50,1,"Although dE shows oscillations, the rms(c) values show a clear overall decreasing trend from ~0.1E+02 to ~0.4E-01, indicating eventual convergence per the Expert's Tie-Breaker Rule.",0.65,True,,3.497069358825684,6,50,True
vasp-data-files/111110001101110001100000/OSZICAR,0,50,1,"Although dE shows oscillations, the rms(c) values show a clear overall decreasing trend from ~0.12E+02 to ~0.70E+00, indicating eventual convergence per the Expert's Tie-Breaker Rule.",0.65,True,,2.845024585723877,6,50,True
vasp-data-files/111010101111100011110111/OSZICAR,1,50,1,"Although dE shows oscillations, the rms(c) values show a clear overall decreasing trend from ~0.1E+02 to ~0.4E+00, indicating eventual convergence per the Expert's Tie-Breaker Rule.",0.65,True,,3.3946940898895264,6,50,True
vasp-data-files/111110001100010000101110/OSZICAR,1,50,1,"Although dE shows oscillations, the rms(c) values show a clear overall decreasing trend from ~0.1E+02 to ~0.19E+00, indicating eventual convergence per the Expert's Tie-Breaker Rule.",0.65,True,,3.220824241638184,6,50,True
vasp-data-files/111110000000111100100000/OSZICAR,1,50,1,"Although dE shows oscillations, the rms(c) value decreases from 0.105E+02 to 0.171E+00, showing a clear downward macro-trend, indicating eventual convergence per the Expert's Tie-Breaker Rule.",0.65,True,,3.632312059402466,6,50,True
vasp-data-files/110101101100011001010011/OSZICAR,1,50,0,"dE shows large oscillations and rms(c) fluctuates without a clear downward trend, indicating divergence despite some minor decreases in rms(c) later on",0.44999999999999996,True,,2.973541498184204,5,50,True
vasp-data-files/111111000100011000100100/OSZICAR,1,50,1,"dE shows oscillations but the rms(c) value steadily decreases from 0.105E+02 to 0.695E-01, indicating a clear downward macro-trend despite noise, which suggests eventual convergence per the Expert's Tie-Breaker Rule.",0.65,True,,3.809334754943848,6,50,True
vasp-data-files/101011010101111110100000/OSZICAR,1,50,1,"Although dE shows oscillations, the rms(c) values show a clear long-term decreasing trend from ~0.1E+02 to ~0.1E+00, indicating eventual convergence per the Expert's Tie-Breaker Rule.",0.7500000000000001,True,,3.160510778427124,7,50,True
vasp-data-files/101110101100010000111110/OSZICAR,0,50,1,"Although dE shows oscillations, the rms(c) values show a clear overall decreasing trend from ~0.1E+02 to ~0.8E+00, indicating eventual convergence per the Expert's Tie-Breaker Rule.",0.65,True,,3.2886011600494385,6,50,True
vasp-data-files/101111000001100010100001/OSZICAR,1,50,0,"dE shows large oscillations and rms(c) fluctuates without a clear downward trend, indicating divergence despite some minor decreases in later steps",0.44999999999999996,True,,2.8232874870300293,5,50,True
vasp-data-files/101100000110111001000010/OSZICAR,1,50,1,"Although dE shows oscillations, the rms(c) values show a clear long-term decreasing trend from ~0.1E+02 to ~0.2E-01, indicating eventual convergence per the Expert's Tie-Breaker Rule.",0.7500000000000001,True,,4.372995853424072,7,50,True
vasp-data-files/110110101000101111100011/OSZICAR,1,50,1,"Although dE shows oscillations, the rms(c) values show an overall decreasing trend from ~0.1E+02 to ~0.13E+00, indicating eventual convergence per the Expert's Tie-Breaker Rule.",0.65,True,,2.964715480804444,6,50,True
vasp-data-files/111111000001010100101000/OSZICAR,1,50,1,"dE shows decreasing magnitude with oscillations, and rms(c) has a clear long-term downward trend despite some fluctuations, indicating eventual convergence per the Tie-Breaker Rule.",0.7500000000000001,True,,3.0893633365631104,7,50,True
vasp-data-files/100001111100010010111110/OSZICAR,1,50,1,"Although dE shows oscillations, the rms(c) values show a clear overall decreasing trend from ~1.0E+02 to ~2.1E+00, indicating eventual convergence per the Expert's Tie-Breaker Rule.",0.65,True,,3.38118314743042,6,50,True
vasp-data-files/101101000100011010011110/OSZICAR,1,50,1,"Although dE shows oscillations, the rms(c) values show a clear long-term decreasing trend from ~1.0E+02 to ~5.98E-01, indicating eventual convergence despite noisy intermediate steps",0.65,True,,2.998380184173584,6,50,True
vasp-data-files/100001000101111011011110/OSZICAR,1,50,1,"dE shows decreasing magnitude with oscillations, and rms(c) has a clear long-term downward trend despite some fluctuations, indicating eventual convergence per the Tie-Breaker Rule.",0.7500000000000001,True,,2.579226493835449,7,50,True
vasp-data-files/111011010111111010100100/OSZICAR,1,50,1,"dE shows decreasing magnitude with oscillations, and rms(c) has a clear downward trend from ~1.0E+02 to ~3.7E-02, indicating eventual convergence despite initial oscillations",0.7500000000000001,True,,3.2443079948425293,7,50,True
vasp-data-files/100001010111000001101110/OSZICAR,1,50,1,"dE shows decreasing magnitude with oscillations, and rms(c) has a clear overall downward trend despite some fluctuations, indicating eventual convergence per the Tie-Breaker Rule.",0.7500000000000001,True,,2.662503480911255,7,50,True
vasp-data-files/100010111000111100100101/OSZICAR,1,50,1,"Although dE shows oscillations, the rms(c) values show a clear overall decreasing trend from ~0.1E+02 to ~0.2E+00, indicating eventual convergence per the Expert's Tie-Breaker Rule.",0.65,True,,3.3900458812713623,6,50,True
vasp-data-files/111110000100111010101010/OSZICAR,1,50,1,"Although dE shows oscillations, the rms(c) values show a clear long-term decreasing trend from ~0.1E+02 to ~0.149E+00, indicating eventual convergence per the Expert's Tie-Breaker Rule.",0.65,True,,2.7447850704193115,6,50,True
vasp-data-files/101110100000001000111110/OSZICAR,1,50,1,"dE shows a clear decreasing trend towards small values, and rms(c) exhibits an overall downward trend despite some oscillations, indicating eventual convergence per the Expert's Tie-Breaker Rule.",0.7500000000000001,True,,2.5738251209259038,7,50,True
vasp-data-files/100010111011110101000001/OSZICAR,0,50,0,"dE shows large oscillations and rms(c) remains stuck around 0.19-0.23E+01 with no clear downward trend, indicating divergence despite some minor fluctuations in later steps",0.2499999999999999,True,,2.8499319553375244,7,50,True
vasp-data-files/111110000000111000100100/OSZICAR,0,50,0,"dE oscillates with no clear decreasing trend, and rms(c) fluctuates around ~0.25E+01 without a consistent downward macro-trend, indicating divergence",0.2499999999999999,True,,2.6665806770324707,7,50,True
vasp-data-files/100011111110010010011110/OSZICAR,1,50,1,"Although dE shows oscillations, the rms(c) value steadily decreases from ~1.0E+02 to ~9.15E-01, indicating a clear macro-trend towards convergence despite noisy intermediate steps.",0.65,True,,3.111306667327881,6,50,True
vasp-data-files/101000101011110011010101/OSZICAR,1,50,1,"Although dE shows some oscillations in early steps, the rms(c) value steadily decreases from 0.105E+02 to 0.116E-02, showing a clear downward trend, indicating convergence according to the Expert's Tie-Breaker Rule.",0.7500000000000001,True,,2.9618966579437256,7,50,True
vasp-data-files/100001001111000001011111/OSZICAR,1,50,1,"Although dE shows some oscillations, the rms(c) value consistently decreases from ~0.1E+02 to ~0.4E-02, showing a clear downward macro-trend, indicating eventual convergence per the Expert's Tie-Breaker Rule.",0.7500000000000001,True,,2.942521333694458,7,50,True
vasp-data-files/101001001100111011001101/OSZICAR,1,50,1,"dE shows a clear decreasing trend towards small values, and rms(c) exhibits an overall downward trend despite some oscillations, indicating convergence according to the Expert's Tie-Breaker Rule.",0.7500000000000001,True,,2.4707696437835693,7,50,True
vasp-data-files/111001110001110010110001/OSZICAR,1,50,1,"dE shows decreasing magnitude with oscillations, and rms(c) has a clear long-term downward trend despite some noise, indicating eventual convergence per the Tie-Breaker Rule.",0.7500000000000001,True,,3.06889009475708,7,50,True
vasp-data-files/111110001001011110110001/OSZICAR,1,50,1,"Although dE shows oscillations, the rms(c) values show a clear overall decreasing trend from ~0.1E+02 to ~0.249E-01, indicating eventual convergence per the Expert's Tie-Breaker Rule.",0.65,True,,2.9706828594207764,6,50,True
vasp-data-files/111100000001110000100000/OSZICAR,1,50,1,"Although dE shows oscillations, the rms(c) values show an overall decreasing trend from ~0.1E+02 to ~0.2E-01, indicating eventual convergence per the Expert's Tie-Breaker Rule.",0.7500000000000001,True,,3.089373588562012,7,50,True
vasp-data-files/101101000100001011000011/OSZICAR,1,50,0,"dE shows large oscillations and rms(c) fluctuates around 0.25-0.33E+01 without a clear downward trend, indicating divergence despite some minor damping in later steps",0.44999999999999996,True,,2.755922079086304,5,50,True
vasp-data-files/101100000000110110100000/OSZICAR,1,50,1,"Although dE shows some oscillations, the rms(c) values show a clear overall decreasing trend from ~0.1E+02 to ~0.28E-02, indicating eventual convergence per the Expert's Tie-Breaker Rule.",0.7500000000000001,True,,3.099843740463257,7,50,True
vasp-data-files/110110101111001101111100/OSZICAR,0,50,1,"Although dE shows oscillations, the rms(c) values show a clear long-term decreasing trend from ~0.1E+02 to ~0.4E-01, indicating eventual convergence per the Expert's Tie-Breaker Rule.",0.7500000000000001,True,,3.427200555801392,7,50,True
vasp-data-files/101001001111110111100101/OSZICAR,1,50,1,"Although dE shows oscillations, the rms(c) values show an overall decreasing trend from ~0.1E+02 to ~0.89E-01, indicating eventual convergence per the Expert's Tie-Breaker Rule.",0.65,True,,2.81336522102356,6,50,True
vasp-data-files/100011110010001010010101/OSZICAR,1,50,1,"dE shows decreasing magnitude with oscillations, and rms(c) has a clear overall downward trend despite some fluctuations, indicating eventual convergence per the Tie-Breaker Rule.",0.65,True,,2.776979684829712,6,50,True
vasp-data-files/111100000101111111100000/OSZICAR,1,50,1,"dE shows a consistent decrease towards small values, and rms(c) exhibits an overall downward trend despite some oscillations, indicating eventual convergence per the Expert's Tie-Breaker Rule.",0.7500000000000001,True,,2.428837299346924,7,50,True
vasp-data-files/110100101100101110100011/OSZICAR,1,50,0,"dE shows large oscillations and rms(c) fluctuates around 0.2-0.3E+00 without a clear downward trend, indicating divergence despite some minor damping in later steps",0.44999999999999996,True,,2.6495156288146973,5,50,True
vasp-data-files/110110000011010000111100/OSZICAR,1,50,0,"dE shows large oscillations and rms(c) fluctuates around 0.4-0.5E+00 without a clear downward trend, indicating lack of convergence despite some minor damping in later steps",0.44999999999999996,True,,2.6178643703460693,5,50,True
vasp-data-files/110011110100000011011101/OSZICAR,1,50,1,"Although dE shows oscillations, the rms(c) values show a clear long-term decreasing trend from ~0.1E+02 to ~0.1E+00, indicating eventual convergence per the Expert's Tie-Breaker Rule.",0.7500000000000001,True,,3.314588785171509,7,50,True
vasp-data-files/100001110010011010010111/OSZICAR,1,50,1,"Although dE shows oscillations, the rms(c) values show a clear long-term decreasing trend from ~0.1E+02 to ~0.3E-01, indicating eventual convergence despite noisy intermediate steps",0.65,True,,3.770580291748047,6,50,True
vasp-data-files/111100001101111010100000/OSZICAR,0,50,0,"dE oscillates with large magnitudes and rms(c) shows no clear downward trend, remaining around 0.24-0.28E+01, indicating divergence despite some minor fluctuations",0.2499999999999999,True,,2.62176513671875,7,50,True
vasp-data-files/101010001100011000000111/OSZICAR,1,50,1,"Although dE shows oscillations, the rms(c) values show a clear overall decreasing trend from ~0.1E+02 to ~0.25E+00, indicating eventual convergence per the Expert's Tie-Breaker Rule.",0.65,True,,3.304928541183472,6,50,True
vasp-data-files/111010010100011100100010/OSZICAR,1,50,0,"dE shows large oscillations and rms(c) fluctuates without a clear downward trend, indicating divergence despite some minor decreases in later steps",0.44999999999999996,True,,2.565856695175171,5,50,True
vasp-data-files/101001010101011110100000/OSZICAR,1,50,1,"Although dE shows oscillations, the rms(c) value steadily decreases from 0.105E+02 to 0.353E-01, indicating a clear macro-trend towards convergence per the Expert's Tie-Breaker Rule.",0.65,True,,3.5797364711761475,6,50,True
vasp-data-files/101001011100111010100010/OSZICAR,0,50,0,"dE oscillates strongly with no clear decreasing trend, and rms(c) fluctuates around ~0.19-0.21E+01 without a consistent downward macro-trend, indicating divergence",0.2499999999999999,True,,3.185183525085449,7,50,True
vasp-data-files/101011011110100110110110/OSZICAR,1,50,1,"Although dE shows oscillations, the rms(c) values show a clear long-term decreasing trend from ~0.1E+02 to ~0.785E-01, indicating eventual convergence per the Expert's Tie-Breaker Rule.",0.7500000000000001,True,,3.079244613647461,7,50,True
vasp-data-files/101000010111100101110111/OSZICAR,0,50,0,"dE oscillates with large magnitudes and rms(c) shows no clear downward trend, stagnating around 0.20-0.25E+01, indicating divergence despite some minor fluctuations",0.2499999999999999,True,,2.8466780185699463,7,50,True
vasp-data-files/110110101000111110101001/OSZICAR,1,50,1,"Although dE shows oscillations, the rms(c) values show a clear long-term decreasing trend from ~0.1E+02 to ~0.147E+00, indicating eventual convergence per the Expert's Tie-Breaker Rule.",0.65,True,,3.00008225440979,6,50,True
vasp-data-files/110011010111000011110101/OSZICAR,1,50,1,"dE shows decreasing magnitude with oscillations, and rms(c) has a clear long-term downward trend despite some noise, indicating eventual convergence per the Tie-Breaker Rule.",0.7500000000000001,True,,2.664771556854248,7,50,True
vasp-data-files/100100010110111000000110/OSZICAR,1,50,0,"dE shows large oscillations and rms(c) fluctuates without a clear downward trend in later steps, indicating divergence despite some minor decreases in rms(c) earlier on.",0.44999999999999996,True,,2.9200375080108643,5,50,True
vasp-data-files/101001111100100011011111/OSZICAR,1,50,0,"dE shows large oscillations and rms(c) fluctuates without a clear downward trend, indicating divergence despite some minor reductions in later steps",0.44999999999999996,True,,2.503278970718384,5,50,True
vasp-data-files/111100000100110010100000/OSZICAR,1,50,1,"dE shows decreasing magnitude with oscillations, and rms(c) has a clear overall downward trend from ~0.1E+02 to ~0.19E-01, indicating eventual convergence despite dE fluctuations",0.7500000000000001,True,,3.3023126125335693,7,50,True
vasp-data-files/100001111101001001011111/OSZICAR,0,50,1,"Although dE shows oscillations, the rms(c) values show a clear long-term decreasing trend from ~0.1E+02 to ~0.1E+00, indicating eventual convergence per the Expert's Tie-Breaker Rule.",0.7500000000000001,True,,3.067955493927002,7,50,True
vasp-data-files/101001010101111110000000/OSZICAR,1,50,1,"Although dE shows oscillations, the rms(c) values show a clear overall decreasing trend from ~0.1E+02 to ~0.9E-02, indicating eventual convergence per the Expert's Tie-Breaker Rule.",0.7500000000000001,True,,2.353672742843628,7,50,True
vasp-data-files/111011110001110100110110/OSZICAR,1,50,1,"Although dE shows oscillations, the rms(c) values show a clear long-term decreasing trend from ~0.1E+02 to ~0.286E-01, indicating eventual convergence per the Expert's Tie-Breaker Rule.",0.7500000000000001,True,,3.727872610092163,7,50,True
vasp-data-files/100110100000001100111101/OSZICAR,0,50,0,"dE oscillates with large magnitudes and rms(c) shows no clear downward trend, stagnating around 0.14-0.17E+01, indicating divergence despite some minor fluctuations",0.2499999999999999,True,,2.6492249965667725,7,50,True
vasp-data-files/100101000001010010011110/OSZICAR,1,50,1,"Although dE shows oscillations, the rms(c) values show a clear overall decreasing trend from ~0.12E+02 to ~0.11E+00, indicating eventual convergence per the Expert's Tie-Breaker Rule.",0.65,True,,2.6754519939422607,6,50,True
vasp-data-files/101101000101000010111110/OSZICAR,0,50,0,"dE shows large oscillations and rms(c) fluctuates between ~0.13-0.17E+01 without a clear downward trend, indicating divergence despite some minor fluctuations in later steps",0.2499999999999999,True,,2.792858123779297,7,50,True
vasp-data-files/110111101101001000111100/OSZICAR,1,50,1,"Although dE shows oscillations, the rms(c) values show a clear overall decreasing trend from ~0.1E+02 to ~0.24E+00, indicating eventual convergence per the Expert's Tie-Breaker Rule.",0.65,True,,3.2372758388519287,6,50,True
vasp-data-files/111101000101011101101000/OSZICAR,1,50,1,"dE shows decreasing magnitude with oscillations, and rms(c) has a clear long-term downward trend despite some noise, indicating eventual convergence per the Tie-Breaker Rule.",0.7500000000000001,True,,2.4624733924865723,7,50,True
vasp-data-files/101101000101000011101101/OSZICAR,0,50,0,"dE shows large oscillations and rms(c) fluctuates around ~0.10E+01 without a clear downward trend, indicating divergence despite some minor damping in later steps",0.44999999999999996,True,,2.7611801624298096,5,50,True
vasp-data-files/111110011001110111110001/OSZICAR,1,50,1,"dE shows a clear decreasing trend towards small values, and rms(c) exhibits an overall downward trend despite some oscillations, indicating eventual convergence per the Expert's Tie-Breaker Rule.",0.7500000000000001,True,,3.252781391143799,7,50,True
vasp-data-files/101001010111101011011111/OSZICAR,1,50,1,"dE shows a clear decreasing trend towards small values, and although rms(c) has some oscillations, its overall macro-trend is decreasing, indicating eventual convergence per the Expert's Tie-Breaker Rule.",0.7500000000000001,True,,2.8003718852996826,7,50,True
vasp-data-files/111110010001110000111000/OSZICAR,1,50,1,"Although dE shows oscillations, the rms(c) values show a clear overall decreasing trend from ~0.1E+02 to ~0.2E+00, indicating eventual convergence per the Expert's Tie-Breaker Rule.",0.65,True,,2.7484259605407715,6,50,True
vasp-data-files/111011110101101000110010/OSZICAR,1,50,1,"Although dE shows oscillations, the rms(c) values show a clear long-term decreasing trend from ~0.12E+02 to ~0.15E-01, indicating eventual convergence per the Expert's Tie-Breaker Rule.",0.7500000000000001,True,,2.9972798824310303,7,50,True
vasp-data-files/101011010101011010100110/OSZICAR,1,50,1,"Although dE shows oscillations, the rms(c) values show a clear long-term decreasing trend from ~0.1E+02 to ~0.14E-01, indicating eventual convergence per the Expert's Tie-Breaker Rule.",0.7500000000000001,True,,3.563833713531494,7,50,True
vasp-data-files/100001110101011001010011/OSZICAR,1,50,1,"dE shows decreasing magnitude with oscillations, and rms(c) has a clear long-term downward trend despite some noise, indicating eventual convergence per the Tie-Breaker Rule.",0.7500000000000001,True,,2.8709492683410645,7,50,True
vasp-data-files/111011110001110000100110/OSZICAR,1,50,1,"dE shows decreasing magnitude with oscillations, and rms(c) has a clear downward trend despite some fluctuations, indicating eventual convergence per the Expert's Tie-Breaker Rule.",0.7500000000000001,True,,2.6663525104522705,7,50,True
vasp-data-files/110110100100001100111100/OSZICAR,1,50,1,"dE shows decreasing magnitude with oscillations, and rms(c) has a clear long-term downward trend despite some fluctuations, indicating eventual convergence per the Tie-Breaker Rule.",0.7500000000000001,True,,2.5022943019866943,7,50,True
vasp-data-files/100111100100111010100011/OSZICAR,1,50,1,"Although dE shows oscillations, the rms(c) values show a clear long-term decreasing trend from ~0.1E+02 to ~0.58E-01, indicating eventual convergence per the Expert's Tie-Breaker Rule.",0.7500000000000001,True,,2.966935873031616,7,50,True
vasp-data-files/101001010101111010100100/OSZICAR,1,50,1,"Although dE shows oscillations, the rms(c) value decreases from 0.105E+02 to 0.121E+00, showing a clear macro-trend of damping, indicating eventual convergence per the Expert's Tie-Breaker Rule.",0.65,True,,3.830970287322998,6,50,True
vasp-data-files/101000010110110001010100/OSZICAR,0,50,0,"dE shows large oscillations and rms(c) fluctuates around ~0.17-0.18E+01 without a clear downward trend, indicating divergence despite some minor fluctuations in rms(c)",0.2499999999999999,True,,2.6952619552612305,7,50,True
vasp-data-files/111000011111001011010011/OSZICAR,0,50,0,"dE shows large oscillations and rms(c) fluctuates without a clear downward trend, indicating divergence despite some minor decreases in later steps",0.44999999999999996,True,,2.414304733276367,5,50,True
vasp-data-files/110101100010001101011001/OSZICAR,1,50,1,"dE shows decreasing magnitude with oscillations, and rms(c) has a clear long-term downward trend despite some fluctuations, indicating eventual convergence per the Tie-Breaker Rule.",0.7500000000000001,True,,2.770334005355835,7,50,True
vasp-data-files/100001110111111011010111/OSZICAR,1,50,1,"dE shows decreasing magnitude with oscillations, and rms(c) has a clear overall downward trend despite some fluctuations, indicating eventual convergence per the Expert's Tie-Breaker Rule.",0.7500000000000001,True,,2.7074530124664307,7,50,True
vasp-data-files/110110111001001000110010/OSZICAR,1,50,0,"dE shows large oscillations and rms(c) fluctuates around ~0.14-0.16E+01 without a clear downward trend, indicating divergence despite some minor reductions in rms(c) later on",0.2499999999999999,True,,2.721606731414795,7,50,True
vasp-data-files/111100000101010100100001/OSZICAR,1,50,1,"Although dE shows oscillations, the rms(c) value steadily decreases from ~1.0E+02 to ~0.159E+00, indicating a clear macro-trend towards convergence per the Expert's Tie-Breaker Rule.",0.7500000000000001,True,,3.942458152770996,7,50,True
vasp-data-files/101011011100110010010111/OSZICAR,0,50,0,"dE oscillates with large magnitudes and rms(c) shows no clear downward trend, stagnating around 0.22-0.25E+01, indicating divergence despite some minor fluctuations",0.2499999999999999,True,,2.1156625747680664,7,50,True
vasp-data-files/111101000100111010100000/OSZICAR,1,50,1,"Although dE shows oscillations, the rms(c) values show a clear long-term decreasing trend from ~0.1E+02 to ~0.3E-01, indicating eventual convergence per the Expert's Tie-Breaker Rule.",0.7500000000000001,True,,3.0794177055358887,7,50,True
vasp-data-files/111011100111011111010111/OSZICAR,1,50,1,"Although dE shows oscillations, the rms(c) values show a clear long-term decreasing trend from ~1.0E+02 to ~0.2E+00, indicating eventual convergence per the Expert's Tie-Breaker Rule.",0.65,True,,2.3569674491882324,6,50,True
vasp-data-files/110000111101111011010001/OSZICAR,1,50,1,"Although dE shows oscillations, the rms(c) value consistently decreases from ~0.1E+02 to ~0.16E-01, showing a clear downward macro-trend, indicating eventual convergence per the Expert's Tie-Breaker Rule.",0.7500000000000001,True,,3.068603992462158,7,50,True
vasp-data-files/101100000001100111000001/OSZICAR,1,50,1,"dE shows decreasing magnitude with oscillations, and rms(c) has a clear long-term downward trend despite some fluctuations, indicating eventual convergence per the Tie-Breaker Rule.",0.7500000000000001,True,,2.6423003673553467,7,50,True
vasp-data-files/111001010111111000010000/OSZICAR,0,50,0,"dE shows large oscillations and rms(c) fluctuates without a clear downward trend, indicating divergence despite some minor decreases in later steps",0.44999999999999996,True,,2.701199531555176,5,50,True
vasp-data-files/111110000100110100100000/OSZICAR,1,50,1,"dE shows a clear decreasing trend towards small values, and rms(c) steadily decreases despite some oscillations, indicating convergence per the Expert's Tie-Breaker Rule.",0.7500000000000001,True,,2.4050533771514893,7,50,True
vasp-data-files/100010001111111111111010/OSZICAR,0,50,0,"dE shows large oscillations and rms(c) fluctuates without a clear downward trend, indicating divergence despite some minor reductions in later steps",0.44999999999999996,True,,2.7024500370025635,5,50,True
vasp-data-files/100000111010000101111111/OSZICAR,1,50,1,"dE shows decreasing magnitude with oscillations, and rms(c) has a clear downward trend from ~0.1E+02 to ~0.3E-02, indicating eventual convergence despite initial oscillations",0.7500000000000001,True,,2.6499412059783936,7,50,True
vasp-data-files/100010101011000001011111/OSZICAR,0,50,1,"Although dE shows oscillations, the rms(c) values show a clear long-term decreasing trend from ~0.1E+02 to ~0.179E+00, indicating eventual convergence per the Expert's Tie-Breaker Rule.",0.65,True,,3.4932665824890137,6,50,True
vasp-data-files/110100001111001001011101/OSZICAR,1,50,1,"Although dE shows some oscillations, the rms(c) values show a clear overall decreasing trend from ~0.1E+02 to ~0.3E-01, indicating eventual convergence per the Expert's Tie-Breaker Rule.",0.7500000000000001,True,,2.789290428161621,7,50,True
vasp-data-files/101100000101100111000000/OSZICAR,1,50,1,"dE shows decreasing magnitude with oscillations, and rms(c) has a clear long-term downward trend despite some noise, indicating eventual convergence per the Tie-Breaker Rule.",0.7500000000000001,True,,2.4689533710479736,7,50,True
vasp-data-files/111100001101011011110110/OSZICAR,1,50,1,"Although dE shows oscillations, the rms(c) values show a clear overall decreasing trend from ~0.1E+02 to ~0.1E+00, indicating eventual convergence per the Expert's Tie-Breaker Rule.",0.65,True,,3.073965311050415,6,50,True
vasp-data-files/101111001100010010100010/OSZICAR,1,50,1,"dE shows decreasing magnitude with oscillations, and rms(c) has a clear long-term downward trend despite some fluctuations, indicating eventual convergence per the Tie-Breaker Rule.",0.7500000000000001,True,,2.664636611938477,7,50,True
vasp-data-files/100110100010000101011001/OSZICAR,1,50,0,"dE shows large oscillations and rms(c) fluctuates without a clear downward trend, indicating divergence despite some minor decreases in later steps",0.44999999999999996,True,,2.7737395763397217,5,50,True
vasp-data-files/110110101000011100100000/OSZICAR,1,50,1,"dE shows a clear decreasing trend towards small values, and rms(c) steadily decreases despite some oscillations, indicating convergence according to the Expert's Tie-Breaker Rule.",0.7500000000000001,True,,2.261422872543335,7,50,True
vasp-data-files/101111010101001111101011/OSZICAR,1,50,0,"dE shows large oscillations and rms(c) fluctuates without a clear downward trend, indicating divergence despite some minor decreases in later steps",0.2499999999999999,True,,2.4594671726226807,7,50,True
vasp-data-files/100000010111101001010111/OSZICAR,0,50,1,"Although dE shows oscillations, the rms(c) value shows a clear long-term decreasing trend from ~0.1E+02 to ~0.65E-01, indicating eventual convergence despite noisy intermediate steps",0.65,True,,2.5717809200286865,6,50,True
vasp-data-files/111010101001110101110100/OSZICAR,1,50,1,"Although dE shows oscillations, the rms(c) value steadily decreases from ~0.1E+02 to ~0.3E-01, showing a clear downward macro-trend, indicating eventual convergence per the Expert's Tie-Breaker Rule.",0.7500000000000001,True,,2.9630606174468994,7,50,True
vasp-data-files/101001010101111010100110/OSZICAR,1,50,1,"dE shows decreasing magnitude with oscillations, and rms(c) has a clear long-term downward trend despite some fluctuations, indicating eventual convergence per the Tie-Breaker Rule.",0.7500000000000001,True,,2.614768743515014,7,50,True
vasp-data-files/111110001100011010100011/OSZICAR,1,50,0,"dE shows large oscillations and rms(c) fluctuates without a clear downward trend, indicating divergence despite some minor decreases in later steps",0.44999999999999996,True,,2.284987688064575,5,50,True
vasp-data-files/101010001100011010010111/OSZICAR,1,50,1,"dE shows decreasing magnitude with oscillations, and rms(c) has a clear long-term downward trend despite some fluctuations, indicating eventual convergence per the Tie-Breaker Rule.",0.7500000000000001,True,,2.5405049324035645,7,50,True
vasp-data-files/110000101010001110011011/OSZICAR,0,50,1,"Although dE shows oscillations, the rms(c) value decreases from 1.05E+01 to 3.22E+00 over steps 12-50, showing a clear macro-trend of damping, indicating eventual convergence per the Expert's Tie-Breaker Rule.",0.65,True,,4.069314241409302,6,50,True
vasp-data-files/111101010101110000101000/OSZICAR,1,50,1,"Although dE shows some oscillations in early steps, the rms(c) value steadily decreases from 0.105E+02 to 0.361E-03, showing a clear downward trend indicating convergence despite initial instability.",0.85,True,,3.519772529602051,8,50,True
vasp-data-files/101100000000111100100000/OSZICAR,1,50,1,"dE shows decreasing magnitude with oscillations, and rms(c) has a clear overall downward trend despite some fluctuations, indicating eventual convergence per the Tie-Breaker Rule.",0.7500000000000001,True,,2.2580039501190186,7,50,True
vasp-data-files/101011010101000010111110/OSZICAR,0,50,0,"dE oscillates with no clear decreasing trend, and rms(c) fluctuates around ~0.17-0.20E+01 without a consistent downward macro-trend, indicating divergence",0.2499999999999999,True,,2.670875310897827,7,50,True
vasp-data-files/111100000101110000100000/OSZICAR,1,50,1,"Although dE shows oscillations, the rms(c) values show a clear overall decreasing trend from ~0.1E+02 to ~0.5E-01, indicating eventual convergence per the Expert's Tie-Breaker Rule.",0.65,True,,2.6931729316711426,6,50,True
vasp-data-files/101111100101000010111111/OSZICAR,0,50,0,"dE shows large oscillations and rms(c) fluctuates without a clear downward trend, indicating divergence despite some minor decreases in later steps",0.44999999999999996,True,,2.744093894958496,5,50,True
vasp-data-files/101101000101011010100110/OSZICAR,1,50,1,"Although dE shows some oscillations in early steps, the rms(c) value consistently decreases from ~0.1E+02 to ~0.98E-03, showing a clear downward trend indicating convergence despite initial instability",0.85,True,,3.4843432903289795,8,50,True
vasp-data-files/101001110101111010010110/OSZICAR,1,50,1,"Although dE shows oscillations in later steps, the rms(c) value steadily decreases from ~0.1E+02 to ~0.21E-01, showing a clear downward macro-trend, indicating eventual convergence per the Expert's Tie-Breaker Rule.",0.7500000000000001,True,,3.1146223545074463,7,50,True
vasp-data-files/110100111100111101010001/OSZICAR,1,50,0,"dE shows large oscillations and rms(c) stagnates around 0.95-1.0E+00 without a clear downward trend, indicating divergence despite some minor fluctuations",0.2499999999999999,True,,2.6203479766845703,7,50,True
vasp-data-files/101101001101001101000111/OSZICAR,0,50,1,"Although dE shows oscillations, the rms(c) values show a clear long-term decreasing trend from ~0.12E+02 to ~0.536E+00, indicating eventual convergence per the Expert's Tie-Breaker Rule.",0.65,True,,3.723381280899048,6,50,True
vasp-data-files/100111100001100010100001/OSZICAR,1,50,1,"Although dE shows oscillations, the rms(c) values show an overall decreasing trend from ~0.1E+02 to ~0.4E-01, indicating eventual convergence per the Expert's Tie-Breaker Rule.",0.65,True,,3.3793601989746094,6,50,True
vasp-data-files/101111000101111110100000/OSZICAR,1,50,1,"Although dE shows some oscillations, the rms(c) values show a clear long-term decreasing trend from ~0.1E+02 to ~0.1E-01, indicating eventual convergence per the Expert's Tie-Breaker Rule.",0.7500000000000001,True,,2.955827236175537,7,50,True
vasp-data-files/110011111110110011001001/OSZICAR,1,50,1,"dE shows decreasing magnitude with oscillations, and rms(c) has a clear long-term downward trend despite some fluctuations, indicating eventual convergence per the Tie-Breaker Rule.",0.7500000000000001,True,,3.169275283813477,7,50,True
vasp-data-files/101100000101010000111100/OSZICAR,1,50,0,"dE shows oscillations and does not consistently decrease below 1.0E-03, while rms(c) fluctuates without a clear downward trend, indicating divergence despite some minor reductions in later steps",0.44999999999999996,True,,2.36145544052124,5,50,True
vasp-data-files/101011110000111110100101/OSZICAR,1,50,0,"dE oscillates with large magnitudes and rms(c) shows no clear downward trend, instead fluctuating between ~0.9E+01 and ~0.13E+01, indicating divergence despite some minor damping in later steps",0.2499999999999999,True,,3.0768747329711914,7,50,True
vasp-data-files/111110110101000101010101/OSZICAR,0,50,0,"dE shows large oscillations and rms(c) fluctuates around 0.12-0.14E+00 without a clear downward trend, indicating lack of convergence despite some damping in later steps",0.44999999999999996,True,,2.780167579650879,5,50,True
vasp-data-files/100111001011101101101000/OSZICAR,0,50,0,"dE oscillates strongly with no clear decreasing trend, and rms(c) fluctuates around ~0.26E+01 without a consistent downward macro-trend, indicating divergence",0.2499999999999999,True,,2.300201416015625,7,50,True
vasp-data-files/101011110101111010011110/OSZICAR,1,50,1,"dE shows decreasing magnitude with oscillations, and rms(c) has a clear long-term downward trend despite some fluctuations, indicating eventual convergence per the Tie-Breaker Rule.",0.7500000000000001,True,,2.3085174560546875,7,50,True
vasp-data-files/100101011111111001001100/OSZICAR,0,50,0,"dE shows oscillations and does not consistently decrease below 1.0E-03, while rms(c) stagnates around 0.27-0.29E-01 with no clear downward trend, indicating divergence.",0.44999999999999996,True,,2.249969482421875,5,50,True
vasp-data-files/100001111011111110101100/OSZICAR,1,50,1,"dE shows a clear decreasing trend towards small values, and rms(c) exhibits an overall downward trend despite some oscillations, indicating eventual convergence per the Expert's Tie-Breaker Rule.",0.7500000000000001,True,,2.8873653411865234,7,50,True
vasp-data-files/101000010101000011010111/OSZICAR,0,50,1,"Although dE shows oscillations, the rms(c) values show a clear long-term decreasing trend from ~0.1E+02 to ~0.4E-01, indicating eventual convergence per the Expert's Tie-Breaker Rule.",0.65,True,,3.782126426696777,6,50,True
vasp-data-files/101010010100111110100100/OSZICAR,1,50,0,"dE shows large oscillations and rms(c) remains stuck around 0.18E+01 with no clear downward trend, indicating divergence despite some minor fluctuations in rms",0.2499999999999999,True,,2.559123039245605,7,50,True
vasp-data-files/100110010111000000110001/OSZICAR,0,50,0,"The `dE` values show large oscillations and do not consistently decrease below 1.0E-03, while `rms(c)` fluctuates without a clear downward trend, indicating divergence despite some minor decreases in later steps.",0.44999999999999996,True,,3.284661054611206,5,50,True
vasp-data-files/100111000001000011111011/OSZICAR,0,50,1,"Although dE shows oscillations, the rms(c) value steadily decreases from 0.105E+02 to 0.937E+00, indicating a clear downward macro-trend, which overrides the dE oscillations per the Expert's Tie-Breaker Rule.",0.65,True,,3.1874611377716064,6,50,True
vasp-data-files/100001001011000001011111/OSZICAR,1,50,1,"dE shows decreasing magnitude with oscillations, and rms(c) has a clear long-term downward trend despite some fluctuations, indicating eventual convergence per the Tie-Breaker Rule.",0.7500000000000001,True,,3.0869293212890625,7,50,True
vasp-data-files/101110001101010111010001/OSZICAR,0,50,0,"dE shows large oscillations and rms(c) fluctuates without a clear downward trend, indicating divergence despite some minor reductions in later steps",0.44999999999999996,True,,2.5638434886932373,5,50,True
vasp-data-files/111110000001111110100001/OSZICAR,1,50,1,"Although dE shows oscillations, the rms(c) values show a clear long-term decreasing trend from ~0.1E+02 to ~0.28E-01, indicating eventual convergence despite noisy intermediate steps",0.65,True,,2.529465675354004,6,50,True
vasp-data-files/101001011000100101100000/OSZICAR,1,50,1,"dE shows a consistent decrease towards small values (<1.0E-02) and rms(c) has a clear downward trend despite some oscillations, indicating eventual convergence per the Expert's Tie-Breaker Rule.",0.7500000000000001,True,,2.927295207977295,7,50,True
vasp-data-files/101100100010000101111111/OSZICAR,1,50,1,"Although dE shows some oscillations, the rms(c) values show a clear long-term decreasing trend from ~0.1E+02 to ~0.1E-01, indicating convergence despite initial instability",0.7500000000000001,True,,2.915747165679932,7,50,True
vasp-data-files/100001111100111101010111/OSZICAR,1,50,1,"dE shows decreasing magnitude with oscillations, and rms(c) has a clear long-term downward trend despite some noise, indicating eventual convergence per the Tie-Breaker Rule.",0.7500000000000001,True,,2.158125877380371,7,50,True
vasp-data-files/110100110101111101010001/OSZICAR,0,50,1,"Despite oscillations in dE, the rms(c) shows an overall decreasing trend from ~0.1E+02 to ~0.3E-01, indicating eventual convergence per the Expert's Tie-Breaker Rule.",0.65,True,,3.0977225303649902,6,50,True
vasp-data-files/100110100011001101111000/OSZICAR,1,50,1,"Although dE shows oscillations, the rms(c) values show a clear long-term decreasing trend from ~0.1E+02 to ~0.4E-01, indicating eventual convergence per the Expert's Tie-Breaker Rule.",0.65,True,,3.2630181312561035,6,50,True
vasp-data-files/100010110100110000110000/OSZICAR,0,50,1,"Although dE shows oscillations, the rms(c) value shows a clear long-term decreasing trend from ~0.1E+02 to ~0.9E+00, indicating eventual convergence per the Expert's Tie-Breaker Rule.",0.65,True,,3.888626337051392,6,50,True
vasp-data-files/101011000101010010111110/OSZICAR,0,50,0,"dE oscillates with no clear decreasing trend, and rms(c) fluctuates around ~0.18E+01 without a consistent downward macro-trend, indicating divergence",0.2499999999999999,True,,2.672513723373413,7,50,True
vasp-data-files/100101000101011010100011/OSZICAR,1,50,1,"dE shows decreasing magnitude with oscillations, and rms(c) has a clear long-term downward trend despite some fluctuations, indicating eventual convergence per the Tie-Breaker Rule.",0.7500000000000001,True,,2.0496535301208496,7,50,True
vasp-data-files/101010010111010100100000/OSZICAR,1,50,1,"Although dE shows oscillations, the rms(c) values show a clear long-term decreasing trend from ~0.1E+02 to ~0.5E-01, indicating eventual convergence per the Expert's Tie-Breaker Rule.",0.65,True,,3.5937905311584477,6,50,True
vasp-data-files/110001110110000110011100/OSZICAR,0,50,0,"dE shows large oscillations and rms(c) fluctuates around ~0.11E+01 without a clear downward trend, indicating divergence despite some minor damping in later steps",0.44999999999999996,True,,2.6726856231689453,5,50,True
vasp-data-files/101100000000111110100000/OSZICAR,1,50,1,"dE shows a clear decreasing trend towards small values, and although rms(c) has some oscillations, its overall macro-trend is steadily decreasing, indicating eventual convergence per the Expert's Tie-Breaker Rule.",0.7500000000000001,True,,2.657827138900757,7,50,True
vasp-data-files/101001010001010010111100/OSZICAR,1,50,1,"Although dE shows some oscillations, the rms(c) values show a clear overall decreasing trend from ~0.1E+02 to ~0.138E-01, indicating eventual convergence per the Expert's Tie-Breaker Rule.",0.7500000000000001,True,,3.006823301315308,7,50,True
vasp-data-files/100010001001111100101000/OSZICAR,1,50,1,"Although dE shows oscillations, the rms(c) values show a clear overall decreasing trend from ~0.1E+02 to ~0.2E+00, indicating eventual convergence per the Expert's Tie-Breaker Rule.",0.65,True,,2.222008228302002,6,50,True
vasp-data-files/101110000000010010110110/OSZICAR,1,50,1,"dE shows decreasing magnitude with oscillations, and rms(c) has a clear long-term downward trend despite some noise, indicating eventual convergence per the Tie-Breaker Rule.",0.7500000000000001,True,,2.5723700523376465,7,50,True
vasp-data-files/100110100010100101111001/OSZICAR,1,50,1,"Although dE shows oscillations, the rms(c) values show a clear long-term decreasing trend from ~0.1E+02 to ~0.9E-01, indicating eventual convergence per the Expert's Tie-Breaker Rule.",0.7500000000000001,True,,2.9084348678588867,7,50,True
vasp-data-files/111111000110000110111010/OSZICAR,0,50,0,"dE shows large oscillations and rms(c) values fluctuate between ~0.5-1.3E+01 without a clear downward trend, indicating divergence despite some minor damping in later steps",0.2499999999999999,True,,2.8635058403015137,7,50,True
vasp-data-files/111101000100011010110110/OSZICAR,1,50,1,"dE shows decreasing magnitude with oscillations, and rms(c) has a clear long-term downward trend despite some fluctuations, indicating eventual convergence per the Tie-Breaker Rule.",0.7500000000000001,True,,2.626982450485229,7,50,True
vasp-data-files/100101000001000011011111/OSZICAR,1,50,1,"Although dE shows oscillations, the rms(c) values show a clear long-term decreasing trend from ~0.1E+02 to ~0.46E-01, indicating eventual convergence per the Expert's Tie-Breaker Rule.",0.65,True,,3.679250717163086,6,50,True
vasp-data-files/100000111011011011010111/OSZICAR,1,50,1,"Although dE shows oscillations in later steps, the rms(c) value consistently decreases from ~0.1E+02 to ~0.3E-02, showing a clear downward macro-trend, indicating eventual convergence per the Expert's Tie-Breaker Rule.",0.7500000000000001,True,,2.7640914916992188,7,50,True
vasp-data-files/100110001111110101011011/OSZICAR,1,50,1,"dE shows decreasing magnitude with oscillations, and rms(c) has a clear long-term downward trend despite some fluctuations, indicating eventual convergence per the Tie-Breaker Rule.",0.7500000000000001,True,,7.699863433837891,7,50,True
vasp-data-files/101100000111000101101001/OSZICAR,1,50,1,"dE shows oscillations but the rms(c) value decreases from 0.105E+02 to 0.185E-01, showing a clear macro-trend of damping, indicating eventual convergence per the Expert's Tie-Breaker Rule.",0.7500000000000001,True,,3.770733118057251,7,50,True
vasp-data-files/101001010111000011111111/OSZICAR,1,50,0,"dE shows large oscillations and rms(c) fluctuates without a clear downward trend, indicating divergence despite some minor damping in later steps",0.35,True,,2.4784951210021973,6,50,True
vasp-data-files/101011011101011010110111/OSZICAR,1,50,1,"dE shows decreasing magnitude with oscillations, and rms(c) has a clear long-term downward trend despite some fluctuations, indicating eventual convergence per the Tie-Breaker Rule.",0.7500000000000001,True,,2.7934298515319824,7,50,True
vasp-data-files/101010000111110111100101/OSZICAR,0,50,0,"dE shows large oscillations and rms(c) remains stuck around 0.17-0.20E+01 with no clear downward trend, indicating divergence despite some minor fluctuations",0.2499999999999999,True,,2.4740583896636963,7,50,True
vasp-data-files/100010111000111100100000/OSZICAR,1,50,1,"Although dE shows some oscillations, the rms(c) values show a clear overall decreasing trend from ~0.1E+02 to ~0.13E-01, indicating eventual convergence per the Expert's Tie-Breaker Rule.",0.7500000000000001,True,,2.7136542797088623,7,50,True
vasp-data-files/100000001110110011111111/OSZICAR,1,50,1,"Although dE shows oscillations, the rms(c) value decreases from 0.541E+00 at step 30 to 0.423E-01 at step 50, showing a clear macro-trend of damping, indicating eventual convergence per the Expert's Tie-Breaker Rule.",0.65,True,,2.960392475128174,6,50,True
vasp-data-files/101110001100010010111010/OSZICAR,1,50,1,"dE shows a clear decreasing trend towards small values, and rms(c) steadily decreases despite some oscillations, indicating convergence according to the Expert's Tie-Breaker Rule.",0.7500000000000001,True,,3.192593812942505,7,50,True
vasp-data-files/110100000101010001010010/OSZICAR,0,50,0,"dE shows large oscillations and rms(c) fluctuates without a clear downward trend, indicating divergence despite some minor decreases in later steps",0.44999999999999996,True,,2.775135040283203,5,50,True
vasp-data-files/100001110111111001000111/OSZICAR,1,50,1,"dE shows decreasing magnitude with oscillations, and rms(c) has a clear long-term downward trend despite some fluctuations, indicating eventual convergence per the Tie-Breaker Rule.",0.7500000000000001,True,,2.9692423343658447,7,50,True
vasp-data-files/101111000111010010101000/OSZICAR,1,50,1,"Although dE shows oscillations, the rms(c) values show an overall decreasing trend from ~0.1E+02 to ~0.27E-01, indicating eventual convergence per the Expert's Tie-Breaker Rule.",0.7500000000000001,True,,3.496253728866577,7,50,True
vasp-data-files/100001011000111100101000/OSZICAR,1,50,1,"dE shows a consistent decrease towards small values, and although rms(c) has some oscillations, its overall trend is decreasing, indicating eventual convergence per the Expert's Tie-Breaker Rule.",0.7500000000000001,True,,2.7095038890838623,7,50,True
vasp-data-files/111110000001000000111010/OSZICAR,1,50,1,"dE shows decreasing magnitude with oscillations, and rms(c) has a clear long-term downward trend despite some noise, indicating eventual convergence per the Tie-Breaker Rule.",0.7500000000000001,True,,2.362394094467163,7,50,True
vasp-data-files/111110000100111100100000/OSZICAR,1,50,1,"dE shows a clear decreasing trend towards small values, and rms(c) exhibits an overall downward trend despite some oscillations, indicating eventual convergence per the Expert's Tie-Breaker Rule.",0.7500000000000001,True,,2.8832952976226807,7,50,True
vasp-data-files/111101010100111110110000/OSZICAR,0,50,1,"Although dE shows oscillations, the rms(c) values show a clear long-term decreasing trend from ~0.1E+02 to ~0.137E+00, indicating eventual convergence per the Expert's Tie-Breaker Rule.",0.65,True,,3.286794185638428,6,50,True
vasp-data-files/100001111101000011011111/OSZICAR,1,50,1,"dE shows decreasing magnitude with oscillations, and rms(c) has a clear long-term downward trend despite some fluctuations, indicating eventual convergence per the Tie-Breaker Rule.",0.7500000000000001,True,,2.7340102195739746,7,50,True
vasp-data-files/100001110101100011010111/OSZICAR,0,50,1,"Although dE shows oscillations, the rms(c) values show a clear long-term decreasing trend from ~0.15E+02 to ~0.93E+00, indicating eventual convergence per the Expert's Tie-Breaker Rule.",0.65,True,,2.955627202987671,6,50,True
vasp-data-files/100010110010001110111111/OSZICAR,1,50,1,"Although dE shows oscillations, the rms(c) values show a clear long-term decreasing trend from ~0.1E+02 to ~0.1E+00, indicating eventual convergence per the Expert's Tie-Breaker Rule.",0.7500000000000001,True,,3.43257474899292,7,50,True
vasp-data-files/110000110001101101010001/OSZICAR,1,50,1,"Although dE shows oscillations, the rms(c) values show a clear long-term decreasing trend from ~0.1E+02 to ~0.2E-01, indicating eventual convergence per the Expert's Tie-Breaker Rule.",0.7500000000000001,True,,3.0801215171813965,7,50,True
vasp-data-files/110100001000111000000001/OSZICAR,1,50,1,"Although dE shows oscillations, the rms(c) values show a clear overall decreasing trend from ~0.1E+02 to ~0.4E+00, indicating eventual convergence per the Expert's Tie-Breaker Rule.",0.65,True,,2.6570017337799072,6,50,True
vasp-data-files/111100100100000001100011/OSZICAR,1,50,1,"dE shows a consistent decrease towards small values (<1.0E-03) and rms(c) exhibits an overall downward trend despite some oscillations, indicating convergence according to the Expert's Tie-Breaker Rule.",0.7500000000000001,True,,3.5990376472473145,7,50,True
vasp-data-files/101110000101010010100000/OSZICAR,1,50,1,"dE shows decreasing magnitude with oscillations, and rms(c) has a clear long-term downward trend despite some noise, indicating eventual convergence per the Tie-Breaker Rule.",0.7500000000000001,True,,1.9783568382263184,7,50,True
vasp-data-files/101100000101100011100001/OSZICAR,1,50,1,"dE shows decreasing magnitude with oscillations, and rms(c) has a clear overall downward trend from ~1.0E+02 to ~2.1E-01, indicating eventual convergence despite initial instability",0.7500000000000001,True,,3.1594836711883545,7,50,True
vasp-data-files/110110101000001000111100/OSZICAR,1,50,1,"dE shows a decreasing trend with oscillations, but the rms(c) consistently decreases over time, indicating eventual convergence despite initial instability",0.7500000000000001,True,,2.2428629398345947,7,50,True
vasp-data-files/110110101010110000110001/OSZICAR,0,50,1,"Although dE shows oscillations, the rms(c) values show a clear long-term decreasing trend from ~0.1E+02 to ~0.3E+00, indicating eventual convergence per the Expert's Tie-Breaker Rule.",0.65,True,,2.767427921295166,6,50,True
vasp-data-files/111110000000001100100000/OSZICAR,1,50,1,"Although dE shows some oscillations, the rms(c) values show a clear long-term decreasing trend from ~0.1E+02 to ~0.5E-02, indicating eventual convergence per the Expert's Tie-Breaker Rule.",0.7500000000000001,True,,3.5335042476654053,7,50,True
vasp-data-files/100010010011000001111110/OSZICAR,1,50,0,"dE shows large oscillations and rms(c) fluctuates without a clear downward trend, indicating divergence despite some minor decreases in later steps",0.44999999999999996,True,,2.7236433029174805,5,50,True
vasp-data-files/110110001010000111111001/OSZICAR,0,50,0,"dE shows large oscillations and rms(c) fluctuates without a clear downward trend, indicating divergence despite some minor decreases in later steps",0.44999999999999996,True,,2.355067491531372,5,50,True
vasp-data-files/101101000111000111100011/OSZICAR,1,50,1,"dE shows a consistent decrease towards small values and rms(c) exhibits an overall downward trend despite some oscillations, indicating eventual convergence per the Expert's Tie-Breaker Rule.",0.7500000000000001,True,,2.942003011703491,7,50,True
vasp-data-files/101001111110111111000001/OSZICAR,0,50,0,"dE shows large oscillations and rms(c) fluctuates around ~0.15E+01 without a clear downward trend, indicating divergence despite some minor damping in later steps",0.44999999999999996,True,,2.889332771301269,5,50,True
vasp-data-files/111110000100011100100010/OSZICAR,1,50,1,"Although dE shows oscillations, the rms(c) values show a clear long-term decreasing trend from ~0.1E+02 to ~0.1E-01, indicating eventual convergence per the Expert's Tie-Breaker Rule.",0.7500000000000001,True,,3.1990983486175537,7,50,True
vasp-data-files/101100000100001110100110/OSZICAR,1,50,1,"dE shows decreasing magnitude with oscillations, and rms(c) has a clear long-term downward trend despite some fluctuations, indicating eventual convergence per the Tie-Breaker Rule.",0.7500000000000001,True,,2.755359172821045,7,50,True
vasp-data-files/101001010001000010111110/OSZICAR,1,50,0,"dE shows large oscillations and rms(c) fluctuates around ~0.7-0.9E+00 without a clear downward trend, indicating lack of convergence despite some minor damping in later steps",0.44999999999999996,True,,3.2858686447143555,5,50,True
vasp-data-files/111011110001101100100101/OSZICAR,1,50,1,"Although dE shows oscillations, the rms(c) values show a clear long-term decreasing trend from ~0.18E+02 to ~0.536E-01, indicating eventual convergence per the Expert's Tie-Breaker Rule.",0.7500000000000001,True,,3.131197690963745,7,50,True
vasp-data-files/101001010101111110100101/OSZICAR,0,50,0,"dE shows large oscillations and rms(c) stagnates around 0.15E+00 with no clear downward trend, indicating divergence despite some minor fluctuations in later steps",0.44999999999999996,True,,3.112679243087769,5,50,True
vasp-data-files/110001010111111011010011/OSZICAR,1,50,1,"Although dE shows some oscillations, the rms(c) value consistently decreases from ~0.1E+02 to ~0.967E-02, showing a clear downward macro-trend, indicating eventual convergence per the Expert's Tie-Breaker Rule.",0.7500000000000001,True,,3.070762872695923,7,50,True
vasp-data-files/110111001100011100101000/OSZICAR,0,50,0,"dE shows large oscillations and rms(c) fluctuates without a clear downward trend, indicating divergence despite some minor reductions in later steps",0.44999999999999996,True,,2.9704465866088867,5,50,True
vasp-data-files/111101001101111100100000/OSZICAR,1,50,1,"Although dE shows oscillations, the rms(c) values show a clear long-term decreasing trend from ~0.1E+02 to ~0.25E-01, indicating eventual convergence per the Expert's Tie-Breaker Rule.",0.65,True,,2.932756185531616,6,50,True
vasp-data-files/100101110001000001011001/OSZICAR,1,50,1,"Although dE shows some oscillations, the rms(c) values show a clear overall decreasing trend from ~0.1E+02 to ~0.6E-01, indicating eventual convergence per the Expert's Tie-Breaker Rule.",0.7500000000000001,True,,3.754927635192871,7,50,True
vasp-data-files/110100001110001101111001/OSZICAR,1,50,1,"Although dE shows oscillations, the rms(c) values show a clear overall decreasing trend from ~0.1E+02 to ~0.486E-01, indicating eventual convergence per the Expert's Tie-Breaker Rule.",0.65,True,,2.991081714630127,6,50,True
vasp-data-files/101111000011110010100000/OSZICAR,1,50,1,"Although dE shows some oscillations, the rms(c) values show a clear long-term decreasing trend from ~0.1E+02 to ~0.19E-01, indicating convergence despite noisy intermediate steps",0.7500000000000001,True,,3.232225179672241,7,50,True
vasp-data-files/101001011100111100100000/OSZICAR,1,50,1,"Although dE shows oscillations, the rms(c) value steadily decreases from 0.105E+02 to 0.641E-01, showing a clear downward macro-trend, indicating eventual convergence per the Expert's Tie-Breaker Rule.",0.7500000000000001,True,,3.064910888671875,7,50,True
vasp-data-files/110101111100111101010011/OSZICAR,0,50,0,"dE oscillates strongly with no clear decreasing trend, and rms(c) fluctuates between ~0.21-0.24E+01 without a consistent downward macro-trend, indicating divergence",0.2499999999999999,True,,2.312240600585937,7,50,True
vasp-data-files/111100001100111110000000/OSZICAR,1,50,1,"dE shows a decreasing trend with oscillations, but the rms(c) consistently decreases over time, indicating a macro-trend towards convergence despite noise",0.7500000000000001,True,,2.528653144836426,7,50,True
vasp-data-files/111100011110000110000001/OSZICAR,0,50,0,"dE shows large oscillations and rms(c) remains stuck around 0.16-0.22E+01 with no clear downward trend, indicating divergence despite some minor fluctuations in later steps",0.2499999999999999,True,,3.3607215881347656,7,50,True
vasp-data-files/101001010101110011100111/OSZICAR,0,50,0,"dE shows large oscillations and rms(c) values fluctuate without a clear downward trend, indicating divergence despite some minor decreases in later steps",0.2499999999999999,True,,2.3678622245788574,7,50,True
vasp-data-files/101101110001000000000110/OSZICAR,0,50,0,"dE shows large oscillations and rms(c) stagnates around 0.4-0.5E+01 with no clear downward trend, indicating divergence despite some minor fluctuations in later steps",0.2499999999999999,True,,2.945945978164673,7,50,True
vasp-data-files/101011110001111110010000/OSZICAR,1,50,1,"dE shows a clear decreasing trend towards small values, and rms(c) steadily decreases despite some oscillations, indicating convergence according to the Expert's Tie-Breaker Rule.",0.7500000000000001,True,,3.103097438812256,7,50,True
vasp-data-files/110010110000001110111100/OSZICAR,1,50,1,"dE shows decreasing magnitude with oscillations, and rms(c) has a clear long-term downward trend despite some fluctuations, indicating eventual convergence per the Tie-Breaker Rule.",0.7500000000000001,True,,2.8683712482452397,7,50,True
vasp-data-files/111101000001110000101000/OSZICAR,0,50,1,"dE shows a decreasing trend with oscillations, and rms(c) has a clear downward macro-trend from ~0.1E+02 to ~0.3E-01, indicating eventual convergence despite dE fluctuations",0.7500000000000001,True,,2.7348053455352783,7,50,True
vasp-data-files/111100100000110111110001/OSZICAR,1,50,1,"Although dE shows oscillations, the rms(c) values show an overall decreasing trend from ~0.14E+02 to ~0.75E-01, indicating eventual convergence per the Expert's Tie-Breaker Rule.",0.65,True,,3.3110194206237797,6,50,True
vasp-data-files/110110000111000011111111/OSZICAR,1,50,0,"dE shows large oscillations and rms(c) fluctuates without a clear downward trend, indicating divergence despite some minor decreases in later steps",0.44999999999999996,True,,2.1522512435913086,5,50,True
vasp-data-files/100011010011000001101110/OSZICAR,0,50,0,"dE shows large oscillations and rms(c) remains stuck around 0.16-0.17E+01 with no clear downward trend, indicating divergence despite some minor fluctuations in later steps",0.2499999999999999,True,,2.884634733200073,7,50,True
vasp-data-files/111011010001010000111100/OSZICAR,1,50,1,"dE shows a decreasing trend with oscillations, and rms(c) has an overall downward trend despite some fluctuations, indicating eventual convergence per the Expert's Tie-Breaker Rule.",0.7500000000000001,True,,2.6287319660186768,7,50,True
vasp-data-files/101001011100111100000000/OSZICAR,1,50,1,"dE shows decreasing magnitude with oscillations, and rms(c) has a clear overall downward trend from ~0.1E+02 to ~0.8E-02, indicating eventual convergence despite initial instability",0.7500000000000001,True,,3.174708366394043,7,50,True
vasp-data-files/100110101010000101011001/OSZICAR,1,50,0,"dE shows large oscillations and rms(c) stagnates around 0.15E+00 with no clear downward trend, indicating divergence despite some minor fluctuations in later steps",0.44999999999999996,True,,2.8824710845947266,5,50,True
vasp-data-files/111110001000010010100010/OSZICAR,1,50,1,"Although dE shows oscillations, the rms(c) values show an overall decreasing trend from ~0.1E+02 to ~0.48E-01, indicating eventual convergence per the Expert's Tie-Breaker Rule.",0.65,True,,3.344409465789795,6,50,True
vasp-data-files/111110000110110000100000/OSZICAR,1,50,1,"Although dE shows oscillations, the rms(c) value shows a clear long-term decreasing trend from ~0.22E+02 to ~0.20E-01, indicating eventual convergence despite noisy intermediate steps",0.65,True,,2.6038460731506348,6,50,True
vasp-data-files/110010010011000001111101/OSZICAR,0,50,0,"dE shows large oscillations and rms(c) fluctuates without a clear downward trend in the later steps, indicating divergence despite some early damping in rms(c) values.",0.44999999999999996,True,,2.4157490730285645,5,50,True
vasp-data-files/100010001111000001111111/OSZICAR,1,50,0,"dE shows large oscillations and rms(c) fluctuates without a clear downward trend, indicating divergence despite some minor decreases in later steps",0.44999999999999996,True,,3.0088467597961426,5,50,True
vasp-data-files/110001111101111101010011/OSZICAR,1,50,1,"Although dE shows some oscillations, the rms(c) values show a clear long-term decreasing trend from ~0.1E+02 to ~0.2E-01, indicating eventual convergence per the Expert's Tie-Breaker Rule.",0.7500000000000001,True,,3.3573553562164307,7,50,True
vasp-data-files/100000011111111011000100/OSZICAR,0,50,1,"Although dE shows oscillations, the rms(c) values show a clear long-term decreasing trend from ~1.0E+02 to ~0.175E+00, indicating eventual convergence per the Expert's Tie-Breaker Rule.",0.65,True,,3.2425200939178467,6,50,True
vasp-data-files/101101000001010100101000/OSZICAR,1,50,1,"Although dE shows oscillations, the rms(c) value steadily decreases from 0.105E+02 to 0.458E-01, indicating a clear downward macro-trend, which overrides the dE oscillations per the Expert's Tie-Breaker Rule.",0.65,True,,3.3400158882141118,6,50,True
vasp-data-files/101001011101100011010111/OSZICAR,1,50,1,"Although dE shows oscillations, the rms(c) values show a clear long-term decreasing trend from ~0.1E+02 to ~0.6E-01, indicating eventual convergence per the Expert's Tie-Breaker Rule.",0.7500000000000001,True,,3.363267421722412,7,50,True
vasp-data-files/101101000101000011011111/OSZICAR,0,50,1,"Although dE shows oscillations, the rms(c) value steadily decreases from ~1.0E+02 to ~3.5E+00, indicating a clear macro-trend towards convergence per the Expert's Tie-Breaker Rule.",0.65,True,,2.9923958778381348,6,50,True
vasp-data-files/110100010111000101000001/OSZICAR,0,50,1,"Although dE shows oscillations, the rms(c) values show a clear long-term decreasing trend from ~0.1E+02 to ~0.13E+00, indicating eventual convergence per the Expert's Tie-Breaker Rule.",0.7500000000000001,True,,2.764061689376831,7,50,True
vasp-data-files/100110010111000001110001/OSZICAR,1,50,1,"Although dE shows oscillations, the rms(c) values show a clear long-term decreasing trend from ~1.0E+02 to ~5.4E-01, indicating eventual convergence per the Expert's Tie-Breaker Rule.",0.7500000000000001,True,,4.460970163345337,7,50,True
vasp-data-files/111111010001011000100000/OSZICAR,1,50,1,"Although dE shows oscillations, the rms(c) values show a clear overall decreasing trend from ~0.1E+02 to ~0.13E+00, indicating eventual convergence per the Expert's Tie-Breaker Rule.",0.65,True,,3.7002458572387695,6,50,True
vasp-data-files/111110001100110001101110/OSZICAR,1,50,1,"Although dE shows oscillations, the rms(c) values show an overall decreasing trend from ~1.0E+02 to ~2.19E+00, indicating eventual convergence despite noisy intermediate steps",0.65,True,,2.8302078247070312,6,50,True
vasp-data-files/100001110010001011011111/OSZICAR,1,50,1,"Although dE shows some oscillations, the rms(c) values show a clear overall decreasing trend from ~0.1E+02 to ~0.5E-01, indicating eventual convergence per the Expert's Tie-Breaker Rule.",0.7500000000000001,True,,3.020405530929565,7,50,True
vasp-data-files/111100000000111000100000/OSZICAR,1,50,1,"dE shows a clear decreasing trend towards small values, and rms(c) steadily decreases despite some oscillations, indicating convergence per the Expert's Tie-Breaker Rule.",0.7500000000000001,True,,2.4910855293273926,7,50,True
vasp-data-files/101101000111000011101111/OSZICAR,1,50,1,"Although dE shows oscillations, the rms(c) values show a clear long-term decreasing trend from ~0.16E+02 to ~0.499E-01, indicating eventual convergence per the Expert's Tie-Breaker Rule.",0.65,True,,2.807088851928711,6,50,True
vasp-data-files/100100100000111101100100/OSZICAR,1,50,1,"dE shows a clear decreasing trend towards small values, and rms(c) steadily decreases despite some oscillations, indicating convergence according to the Expert's Tie-Breaker Rule.",0.7500000000000001,True,,3.0856566429138184,7,50,True
vasp-data-files/101111010101010010100000/OSZICAR,1,50,1,"dE shows a consistent decrease towards small values, and rms(c) exhibits an overall downward trend despite some fluctuations, indicating convergence according to the Expert's Tie-Breaker Rule.",0.7500000000000001,True,,2.6247830390930176,7,50,True
vasp-data-files/100001110100101101010001/OSZICAR,1,50,1,"Although dE shows oscillations, the rms(c) values show a clear overall decreasing trend from ~0.1E+02 to ~0.68E+00, indicating eventual convergence per the Expert's Tie-Breaker Rule.",0.65,True,,3.011218309402466,6,50,True
vasp-data-files/111100001101110010101000/OSZICAR,1,50,0,"dE shows large oscillations and rms(c) stagnates around 0.4-0.5E-01 with no clear downward trend, indicating divergence despite some minor fluctuations",0.44999999999999996,True,,3.0780415534973145,5,50,True
vasp-data-files/100010111011000001011111/OSZICAR,1,50,1,"Although dE shows oscillations, the rms(c) values show a clear long-term decreasing trend from ~0.1E+02 to ~0.7E-01, indicating eventual convergence despite noisy intermediate steps",0.65,True,,3.081631898880005,6,50,True
vasp-data-files/100001110111011010011111/OSZICAR,1,50,0,"dE shows large oscillations and rms(c) fluctuates without a clear downward trend, indicating divergence despite some minor decreases in later steps",0.44999999999999996,True,,2.255890369415283,5,50,True
vasp-data-files/101110100001011110100100/OSZICAR,1,50,1,"dE shows a consistent decrease towards small values, and rms(c) exhibits an overall downward trend despite some oscillations, indicating eventual convergence per the Expert's Tie-Breaker Rule.",0.7500000000000001,True,,3.6355817317962646,7,50,True
vasp-data-files/101101000100111010000000/OSZICAR,1,50,1,"Although dE shows oscillations, the rms(c) values show a clear long-term decreasing trend from ~0.1E+02 to ~0.479E-01, indicating eventual convergence per the Expert's Tie-Breaker Rule.",0.65,True,,3.532887935638428,6,50,True
vasp-data-files/101001010000111010100110/OSZICAR,1,50,1,"dE shows decreasing magnitude with oscillations, and rms(c) has a clear long-term downward trend despite some fluctuations, indicating eventual convergence per the Tie-Breaker Rule.",0.7500000000000001,True,,2.29119873046875,7,50,True
vasp-data-files/111010001100011101110110/OSZICAR,1,50,1,"Although dE shows oscillations, the rms(c) values show an overall decreasing trend from ~0.1E+02 to ~0.35E-01, indicating eventual convergence per the Expert's Tie-Breaker Rule.",0.65,True,,3.15388560295105,6,50,True
vasp-data-files/111100010100111000000010/OSZICAR,1,50,1,"Although dE shows some oscillations in early steps, the rms(c) value steadily decreases from 0.165E+03 to 0.113E-02, showing a clear downward trend, indicating convergence according to the Expert's Tie-Breaker Rule.",0.85,True,,3.2736330032348637,8,50,True
vasp-data-files/101100000001101001000001/OSZICAR,1,50,1,"dE shows decreasing magnitude with oscillations, and rms(c) has a clear long-term downward trend despite some fluctuations, indicating eventual convergence per the Tie-Breaker Rule.",0.7500000000000001,True,,2.593759298324585,7,50,True
vasp-data-files/111101000101110000101100/OSZICAR,1,50,0,"dE shows large oscillations and rms(c) fluctuates without a clear downward trend, indicating divergence despite some minor decreases in later steps",0.44999999999999996,True,,2.1195530891418457,5,50,True
vasp-data-files/101110010101110000101100/OSZICAR,1,50,1,"Although dE shows oscillations, the rms(c) values show a clear long-term decreasing trend from ~0.1E+02 to ~0.16E-01, indicating eventual convergence per the Expert's Tie-Breaker Rule.",0.65,True,,2.985621929168701,6,50,True
vasp-data-files/100100101010010010111110/OSZICAR,1,50,1,"dE shows decreasing magnitude with oscillations, and rms(c) has a clear overall downward trend from ~1.0E+02 to ~2.85E-01, indicating eventual convergence despite initial instability",0.7500000000000001,True,,2.8679728507995605,7,50,True
vasp-data-files/100100001111001001011101/OSZICAR,1,50,0,"dE shows large oscillations and rms(c) fluctuates without a clear downward trend, indicating divergence despite some minor decreases in later steps",0.44999999999999996,True,,2.7736146450042725,5,50,True
vasp-data-files/111001110011111000010010/OSZICAR,1,50,1,"dE shows decreasing magnitude with oscillations, and rms(c) has a clear long-term downward trend despite some fluctuations, indicating eventual convergence per the Tie-Breaker Rule.",0.7500000000000001,True,,3.073303699493408,7,50,True
vasp-data-files/100100010101110010111100/OSZICAR,0,50,1,"Although dE shows oscillations, the rms(c) values show a clear long-term decreasing trend from ~0.1E+02 to ~0.8E-01, indicating eventual convergence per the Expert's Tie-Breaker Rule.",0.65,True,,3.0478804111480717,6,50,True
vasp-data-files/111001111011000001110101/OSZICAR,1,50,0,"dE shows large oscillations and rms(c) fluctuates without a clear downward trend, indicating divergence despite some minor reductions in later steps",0.2499999999999999,True,,2.56437349319458,7,50,True
vasp-data-files/100100001110000101111111/OSZICAR,0,50,0,"dE shows large oscillations and rms(c) fluctuates without a clear downward trend, indicating divergence despite some minor reductions in later steps",0.44999999999999996,True,,2.4057185649871826,5,50,True
vasp-data-files/101001010111001011111111/OSZICAR,1,50,1,"Although dE shows oscillations, the rms(c) values show a clear long-term decreasing trend from ~0.1E+02 to ~0.2E-01, indicating eventual convergence per the Expert's Tie-Breaker Rule.",0.7500000000000001,True,,5.381548881530762,7,50,True
vasp-data-files/101100010110111010000011/OSZICAR,1,50,0,"dE shows large oscillations and rms(c) fluctuates without a clear downward trend, indicating divergence despite some minor decreases in later steps",0.44999999999999996,True,,2.667293071746826,5,50,True
vasp-data-files/110110101000111000100000/OSZICAR,1,50,1,"Although dE shows oscillations, the rms(c) values show a clear overall decreasing trend from ~0.1E+02 to ~0.2E-01, indicating eventual convergence per the Expert's Tie-Breaker Rule.",0.65,True,,2.882516622543335,6,50,True
vasp-data-files/110100101001001101000001/OSZICAR,1,50,1,"Although dE shows some oscillations, the rms(c) values show a clear long-term decreasing trend from ~1.0E+02 to ~1.0E-01, indicating convergence despite initial instability.",0.7500000000000001,True,,3.065596580505371,7,50,True
vasp-data-files/100000110010011111011111/OSZICAR,1,50,1,"Although dE shows some oscillations, the rms(c) value consistently decreases from ~0.1E+02 to ~0.3E-02, showing a clear downward macro-trend, indicating eventual convergence per the Expert's Tie-Breaker Rule.",0.7500000000000001,True,,3.184683322906494,7,50,True
vasp-data-files/101111100100111011100011/OSZICAR,1,50,1,"Although dE shows oscillations, the rms(c) values show a long-term decreasing trend from ~0.124E+02 to ~0.911E+00, indicating eventual convergence despite noisy intermediate steps",0.65,True,,6.426913499832153,6,50,True
vasp-data-files/101111001011100011100001/OSZICAR,1,50,1,"Although dE shows oscillations, the rms(c) values show a clear long-term decreasing trend from ~1.0E+02 to ~3.5E-01, indicating eventual convergence per the Expert's Tie-Breaker Rule.",0.7500000000000001,True,,2.9354088306427,7,50,True
vasp-data-files/100010010101100100100000/OSZICAR,0,50,0,"dE shows large oscillations and rms(c) fluctuates around ~0.27E+01 without a clear downward trend, indicating divergence despite some minor damping in later steps",0.44999999999999996,True,,2.551091194152832,5,50,True
vasp-data-files/100000000001001100111100/OSZICAR,1,50,1,"dE shows decreasing magnitude with oscillations, and rms(c) has a clear long-term downward trend despite some fluctuations, indicating eventual convergence per the Tie-Breaker Rule.",0.7500000000000001,True,,2.475696563720703,7,50,True
vasp-data-files/110110101001100101011011/OSZICAR,1,50,1,"Although dE shows oscillations, the rms(c) values show a clear overall decreasing trend from ~0.1E+02 to ~0.6E-01, indicating eventual convergence per the Expert's Tie-Breaker Rule.",0.65,True,,2.908390760421753,6,50,True
vasp-data-files/110010101011000001111111/OSZICAR,0,50,1,"Although dE shows oscillations, the rms(c) values show a clear overall decreasing trend from ~0.1E+02 to ~0.15E+00, indicating eventual convergence per the Expert's Tie-Breaker Rule.",0.65,True,,2.9253923892974854,6,50,True
vasp-data-files/100100110010001101111001/OSZICAR,1,50,1,"dE shows a consistent decrease towards small values (<1.0E-03) and rms(c) exhibits an overall downward trend despite some oscillations, indicating convergence according to the Expert's Tie-Breaker Rule.",0.7500000000000001,True,,3.974071502685547,7,50,True
vasp-data-files/111110101111000011110101/OSZICAR,0,50,1,"dE shows oscillations but the rms(c) value decreases from 0.105E+02 to 0.675E-01, showing a clear downward macro-trend despite noise, indicating eventual convergence per the Tie-Breaker Rule.",0.65,True,,3.89389443397522,6,50,True
vasp-data-files/101011110001111010000110/OSZICAR,1,50,1,"dE shows oscillations but the rms(c) value decreases from 0.105E+02 to 0.648E-01, showing a clear macro-trend of damping despite noise, indicating eventual convergence per the Tie-Breaker Rule.",0.65,True,,2.952850103378296,6,50,True
vasp-data-files/111110001001010000101000/OSZICAR,1,50,1,"Although dE shows oscillations, the rms(c) values show a clear overall decreasing trend from ~0.1E+02 to ~0.245E-01, indicating eventual convergence per the Expert's Tie-Breaker Rule.",0.65,True,,2.453366279602051,6,50,True
vasp-data-files/100110001111000001111111/OSZICAR,1,50,1,"Although dE shows oscillations, the rms(c) value steadily decreases from ~1.0E+02 to ~8.0E-01, indicating a clear macro-trend towards convergence per the Expert's Tie-Breaker Rule.",0.7500000000000001,True,,3.9265215396881104,7,50,True
vasp-data-files/100000111001001001011111/OSZICAR,1,50,1,"Although dE shows oscillations, the rms(c) values show a clear overall decreasing trend from ~0.1E+02 to ~0.6E-01, indicating eventual convergence per the Expert's Tie-Breaker Rule.",0.65,True,,3.941721439361572,6,50,True
vasp-data-files/111110010100111110100100/OSZICAR,1,50,1,"Although dE shows oscillations, the rms(c) value decreases from 0.106E+02 to 0.309E+00, showing a clear downward macro-trend, indicating eventual convergence per the Expert's Tie-Breaker Rule.",0.65,True,,3.136137008666992,6,50,True
vasp-data-files/110010111001001011111111/OSZICAR,1,50,1,"Although dE shows some oscillations, the rms(c) values show a clear overall decreasing trend from ~1.0E+02 to ~5.25E-01, indicating eventual convergence per the Expert's Tie-Breaker Rule.",0.7500000000000001,True,,3.077638626098633,7,50,True
vasp-data-files/101101000101110010100100/OSZICAR,1,50,1,"dE shows a clear decreasing trend towards small values, and rms(c) exhibits an overall downward trend despite some oscillations, indicating eventual convergence per the Expert's Tie-Breaker Rule.",0.7500000000000001,True,,3.0434069633483887,7,50,True
vasp-data-files/111100001100111100100000/OSZICAR,0,50,1,"Although dE shows oscillations, the rms(c) values show a clear long-term decreasing trend from ~0.12E+02 to ~0.87E+00, indicating eventual convergence despite noisy intermediate steps",0.65,True,,2.813833475112915,6,50,True
vasp-data-files/110100001111100001000011/OSZICAR,0,50,1,"Although dE shows oscillations, the rms(c) values show a clear long-term decreasing trend from ~1.0E+02 to ~7.59E+00, indicating eventual convergence per the Expert's Tie-Breaker Rule.",0.7500000000000001,True,,2.9911351203918457,7,50,True
vasp-data-files/100001111100011010111110/OSZICAR,1,50,1,"Although dE shows oscillations, the rms(c) values show a clear long-term decreasing trend from ~1.0E+02 to ~8.6E-01, indicating eventual convergence per the Expert's Tie-Breaker Rule.",0.7500000000000001,True,,2.666621446609497,7,50,True
vasp-data-files/110010111011101011000111/OSZICAR,1,50,1,"Although dE shows oscillations, the rms(c) values show a clear long-term decreasing trend from ~0.1E+02 to ~0.5E-01, indicating eventual convergence per the Expert's Tie-Breaker Rule.",0.7500000000000001,True,,3.009406328201294,7,50,True
vasp-data-files/111110000101011000101000/OSZICAR,1,50,1,"Although dE shows oscillations, the rms(c) values show an overall decreasing trend from ~0.1E+02 to ~0.6E-01, indicating eventual convergence despite noisy behavior",0.65,True,,2.654173851013184,6,50,True
vasp-data-files/111100001101110010100000/OSZICAR,1,50,1,"Although dE shows some oscillations, the rms(c) values show a clear overall decreasing trend from ~0.1E+02 to ~0.129E-01, indicating eventual convergence per the Expert's Tie-Breaker Rule.",0.7500000000000001,True,,3.272488832473755,7,50,True
vasp-data-files/101100010111110001011100/OSZICAR,1,50,0,"dE shows large oscillations and rms(c) fluctuates without a clear downward trend, indicating divergence despite some minor decreases in later steps",0.44999999999999996,True,,2.382747173309326,5,50,True
vasp-data-files/101100011100010001010110/OSZICAR,1,50,1,"Although dE shows oscillations, the rms(c) values show a clear overall decreasing trend from ~0.1E+02 to ~0.1E+00, indicating eventual convergence per the Expert's Tie-Breaker Rule.",0.7500000000000001,True,,2.6723902225494385,7,50,True
vasp-data-files/111101000101111111100100/OSZICAR,0,50,0,"dE oscillates with large magnitudes and rms(c) shows no clear downward trend, remaining in the range of ~0.105E+01 to ~0.198E+01, indicating divergence despite some minor fluctuations",0.2499999999999999,True,,2.704469919204712,7,50,True
vasp-data-files/111110001011100010101001/OSZICAR,0,50,0,"dE shows large oscillations and rms(c) remains stuck around 0.16-0.18E+01 with no clear downward trend, indicating divergence despite some minor fluctuations in rms(c)",0.2499999999999999,True,,2.72365951538086,7,50,True
vasp-data-files/100011111001011000000100/OSZICAR,1,50,1,"Although dE shows oscillations, the rms(c) values show a clear long-term decreasing trend from ~0.1E+02 to ~0.19E+00, indicating eventual convergence per the Expert's Tie-Breaker Rule.",0.65,True,,3.0146026611328125,6,50,True
vasp-data-files/100011111100111010000100/OSZICAR,1,50,1,"dE shows decreasing magnitude with oscillations, and rms(c) has a clear long-term downward trend despite some fluctuations, indicating eventual convergence per the Tie-Breaker Rule.",0.7500000000000001,True,,2.4888358116149902,7,50,True
vasp-data-files/110100101111001001011101/OSZICAR,0,50,1,"Although dE shows some oscillations, the rms(c) value consistently decreases from ~0.1E+02 to ~0.2E-01, showing a clear downward macro-trend, indicating eventual convergence per the Expert's Tie-Breaker Rule.",0.7500000000000001,True,,3.5959296226501465,7,50,True
vasp-data-files/111100100000010110111001/OSZICAR,1,50,1,"Although dE shows oscillations, the rms(c) values show a clear long-term decreasing trend from ~0.1E+02 to ~0.986E-01, indicating eventual convergence per the Expert's Tie-Breaker Rule.",0.65,True,,3.685238122940064,6,50,True
vasp-data-files/110110101000001110101011/OSZICAR,1,50,1,"Although dE shows oscillations, the rms(c) values show a clear long-term decreasing trend from ~0.1E+02 to ~0.77E-01, indicating eventual convergence per the Expert's Tie-Breaker Rule.",0.7500000000000001,True,,2.9177942276000977,7,50,True
vasp-data-files/111110001010000110111001/OSZICAR,0,50,1,"Although dE shows oscillations, the rms(c) values show a clear long-term decreasing trend from ~0.13E+01 to ~0.64E+00, indicating eventual convergence per the Expert's Tie-Breaker Rule.",0.65,True,,3.621154546737671,6,50,True
vasp-data-files/100010010111001011110101/OSZICAR,1,50,1,"Although dE shows oscillations, the rms(c) value shows a clear long-term decreasing trend from ~0.1E+02 to ~0.168E-01, indicating eventual convergence despite noisy intermediate steps",0.65,True,,3.1184890270233154,6,50,True
vasp-data-files/111110001001010010110001/OSZICAR,1,50,0,"dE shows large oscillations and rms(c) fluctuates without a clear downward trend, indicating divergence despite some minor decreases in later steps",0.44999999999999996,True,,2.5843520164489746,5,50,True
vasp-data-files/101011111000111010100111/OSZICAR,1,50,1,"Although dE shows oscillations, the rms(c) values show a clear long-term decreasing trend from ~0.1E+02 to ~0.3E+00, indicating eventual convergence per the Expert's Tie-Breaker Rule.",0.65,True,,3.71501898765564,6,50,True
vasp-data-files/111001111101101001111111/OSZICAR,1,50,1,"Although dE shows oscillations, the rms(c) values show a clear long-term decreasing trend from ~0.1E+02 to ~0.1E+00, indicating eventual convergence per the Expert's Tie-Breaker Rule.",0.65,True,,2.777807235717773,6,50,True
vasp-data-files/101100000000101101100001/OSZICAR,1,50,1,"Although dE shows oscillations, the rms(c) values show a clear overall decreasing trend from ~1.0E+02 to ~8.6E+00, indicating eventual convergence per the Expert's Tie-Breaker Rule.",0.65,True,,3.831691265106201,6,50,True
vasp-data-files/101111000101000010011010/OSZICAR,1,50,1,"Although dE shows some oscillations in the early steps, the rms(c) value steadily decreases from 0.105E+02 to 0.276E-02, showing a clear downward trend, indicating convergence according to the Expert's Tie-Breaker Rule.",0.7500000000000001,True,,3.371889352798462,7,50,True
vasp-data-files/100010001011000001111111/OSZICAR,1,50,0,"dE shows large oscillations and rms(c) fluctuates without a clear downward trend, indicating divergence despite some minor reductions in rms(c) later on",0.44999999999999996,True,,2.7857937812805176,5,50,True
vasp-data-files/111100000101111101100000/OSZICAR,1,50,1,"dE shows decreasing magnitude with oscillations, and rms(c) has a clear long-term downward trend despite some fluctuations, indicating eventual convergence per the Tie-Breaker Rule.",0.7500000000000001,True,,2.5380988121032715,7,50,True
vasp-data-files/110000110001111111010001/OSZICAR,1,50,1,"Although dE shows some oscillations, the rms(c) values show a clear long-term decreasing trend from ~0.1E+02 to ~0.12E-01, indicating convergence despite initial instability",0.7500000000000001,True,,2.760626792907715,7,50,True
vasp-data-files/100001110101001111010001/OSZICAR,1,50,1,"Although dE shows oscillations, the rms(c) value decreases from 0.105E+02 to 0.190E+00, showing a clear macro-trend of damping, indicating eventual convergence per the Expert's Tie-Breaker Rule.",0.65,True,,2.909005641937256,6,50,True
vasp-data-files/110100001101110001000111/OSZICAR,0,50,0,"dE shows large oscillations and rms(c) fluctuates around ~0.2E+01 without a clear downward trend, indicating divergence despite some minor damping in later steps",0.44999999999999996,True,,1.961604118347168,5,50,True
vasp-data-files/111010001100100111110110/OSZICAR,1,50,0,"dE shows large oscillations and rms(c) fluctuates without a clear downward trend, indicating divergence despite some minor decreases in later steps",0.2499999999999999,True,,2.593692779541016,7,50,True
vasp-data-files/110111001100110110010101/OSZICAR,1,50,1,"Although dE shows oscillations, the rms(c) values show a clear long-term decreasing trend from ~1.0E+02 to ~1.0E-01, indicating eventual convergence per the Expert's Tie-Breaker Rule.",0.7500000000000001,True,,3.38846206665039,7,50,True
vasp-data-files/100010110010001111111101/OSZICAR,1,50,0,"dE shows large oscillations and rms(c) fluctuates without a clear downward trend, indicating divergence despite some minor decreases in later steps",0.44999999999999996,True,,2.256967544555664,5,50,True
vasp-data-files/101011000101001010011111/OSZICAR,1,50,1,"dE shows decreasing magnitude with oscillations, and rms(c) has a clear long-term downward trend despite some noise, indicating eventual convergence per the Tie-Breaker Rule.",0.7500000000000001,True,,2.3704934120178223,7,50,True
vasp-data-files/100001010111111111011000/OSZICAR,1,50,1,"dE shows decreasing magnitude with oscillations, and rms(c) has a clear long-term downward trend despite some fluctuations, indicating eventual convergence per the Tie-Breaker Rule.",0.7500000000000001,True,,2.864786386489868,7,50,True
vasp-data-files/101011010001111010100000/OSZICAR,1,50,0,"dE oscillates with large magnitudes and rms(c) shows no clear downward trend, remaining around 0.22-0.23E+01, indicating divergence despite some minor fluctuations",0.2499999999999999,True,,2.7360289096832275,7,50,True
vasp-data-files/110110101010110000111001/OSZICAR,1,50,1,"Although dE shows oscillations, the rms(c) values show a clear long-term decreasing trend from ~0.1E+02 to ~0.19E+00, indicating eventual convergence per the Expert's Tie-Breaker Rule.",0.65,True,,3.0536279678344727,6,50,True
vasp-data-files/100001111011000011011111/OSZICAR,1,50,1,"Although dE shows oscillations, the rms(c) values show a clear long-term decreasing trend from ~0.1E+02 to ~0.3E+00, indicating eventual convergence per the Expert's Tie-Breaker Rule.",0.65,True,,3.417178153991699,6,50,True
vasp-data-files/100110101011000001111111/OSZICAR,1,50,0,"dE shows large oscillations and rms(c) fluctuates around 0.8-1.2E+01 without a clear downward trend, indicating divergence despite some minor damping in later steps",0.2499999999999999,True,,3.280571222305298,7,50,True
vasp-data-files/101101000101000000011110/OSZICAR,1,50,0,"dE shows large oscillations and rms(c) fluctuates without a clear downward trend, indicating divergence despite some minor reductions in later steps",0.44999999999999996,True,,2.196898937225342,5,50,True
vasp-data-files/100110100000111001100100/OSZICAR,1,50,1,"dE shows a decreasing trend with oscillations, but the rms(c) value steadily decreases from ~0.1E+02 to ~0.14E-01, indicating a clear macro-trend towards convergence despite some noise and oscillations in dE.",0.7500000000000001,True,,3.0592055320739746,7,50,True
vasp-data-files/101001010101111110100000/OSZICAR,1,50,1,"Although dE shows oscillations, the rms(c) values show a clear long-term decreasing trend from ~0.1E+02 to ~0.3E-01, indicating eventual convergence per the Expert's Tie-Breaker Rule.",0.65,True,,3.258344888687134,6,50,True
vasp-data-files/101110011001010001000110/OSZICAR,0,50,0,"dE shows large oscillations and rms(c) fluctuates without a clear downward trend, indicating divergence despite some minor decreases in later steps",0.2499999999999999,True,,2.6715681552886963,7,50,True
vasp-data-files/110000111000110101111001/OSZICAR,1,50,1,"dE shows a decreasing trend with oscillations, and rms(c) has a clear overall downward trend from ~0.1E+02 to ~0.9E-02, indicating eventual convergence despite some noise",0.7500000000000001,True,,2.587628126144409,7,50,True
vasp-data-files/101001000101010010111000/OSZICAR,1,50,1,"Although dE shows some oscillations, the rms(c) values show a clear overall decreasing trend from ~0.1E+02 to ~0.16E-01, indicating convergence according to the Expert's Tie-Breaker Rule.",0.7500000000000001,True,,2.3420090675354004,7,50,True
vasp-data-files/100001111111000011011111/OSZICAR,1,50,1,"Although dE shows oscillations, the rms(c) values show a clear long-term decreasing trend from ~0.1E+02 to ~0.11E-01, indicating eventual convergence per the Expert's Tie-Breaker Rule.",0.7500000000000001,True,,2.259737014770508,7,50,True
vasp-data-files/101101000000110010100011/OSZICAR,0,50,0,"dE shows large oscillations and rms(c) remains stuck around 0.13-0.14E+01 with no clear downward trend, indicating divergence despite some minor fluctuations in rms(c)",0.2499999999999999,True,,2.410018920898437,7,50,True
vasp-data-files/101101011100110011011100/OSZICAR,0,50,0,"dE oscillates with large magnitudes and rms(c) stagnates around 0.17E+01 with no clear downward trend, indicating divergence despite some minor fluctuations in later steps",0.2499999999999999,True,,2.2172553539276123,7,50,True
vasp-data-files/110111001001101100101100/OSZICAR,0,50,0,"dE shows large oscillations and rms(c) fluctuates around ~0.13-0.15E+01 without a clear downward trend, indicating divergence despite some minor reductions in later steps",0.2499999999999999,True,,2.4637110233306885,7,50,True
vasp-data-files/111100000100110110100000/OSZICAR,1,50,1,"Although dE shows some oscillations, the rms(c) value consistently decreases from ~1.0E+02 to ~2.2E-01, showing a clear downward macro-trend, which indicates eventual convergence per the Expert's Tie-Breaker Rule.",0.7500000000000001,True,,4.823598623275757,7,50,True
vasp-data-files/111101001100111110100000/OSZICAR,0,50,1,"Although dE shows oscillations, the rms(c) values show a clear long-term decreasing trend from ~0.1E+02 to ~0.169E+00, indicating eventual convergence per the Expert's Tie-Breaker Rule.",0.65,True,,2.664771795272827,6,50,True
vasp-data-files/100011010111000010111111/OSZICAR,1,50,1,"Although dE shows some oscillations, the rms(c) values show a clear overall decreasing trend from ~0.1E+02 to ~0.2E-01, indicating eventual convergence per the Expert's Tie-Breaker Rule.",0.7500000000000001,True,,2.7359068393707275,7,50,True
vasp-data-files/110110000111011010110100/OSZICAR,1,50,1,"Although dE shows oscillations, the rms(c) values show a clear overall decreasing trend from ~1.0E+02 to ~6.5E+00, indicating eventual convergence per the Expert's Tie-Breaker Rule.",0.65,True,,3.102280855178833,6,50,True
vasp-data-files/100011110001111111100100/OSZICAR,0,50,0,"dE shows large oscillations and rms(c) values fluctuate without a clear downward trend, indicating divergence despite some minor decreases in later steps",0.44999999999999996,True,,2.599323511123657,5,50,True
vasp-data-files/101010110101110010100110/OSZICAR,1,50,1,"dE shows a clear decreasing trend towards small values, and rms(c) exhibits an overall downward trend despite some oscillations, indicating eventual convergence per the Expert's Tie-Breaker Rule.",0.7500000000000001,True,,2.061866521835327,7,50,True
vasp-data-files/111100110101110000101000/OSZICAR,0,50,0,"While dE shows some decreasing trend, rms(c) oscillates between ~0.11E+01 and ~0.12E+01 without a clear downward macro-trend, indicating stagnation and divergence.",0.44999999999999996,True,,3.4306342601776123,5,50,True
vasp-data-files/111001110011110001010100/OSZICAR,1,50,1,"dE shows decreasing magnitude with oscillations, and rms(c) has a clear long-term downward trend despite some noise, indicating eventual convergence per the Tie-Breaker Rule.",0.7500000000000001,True,,2.519343614578247,7,50,True
vasp-data-files/111111010101110010100010/OSZICAR,1,50,0,"dE shows large oscillations and rms(c) stagnates around 0.5-0.6E+00 with no clear downward trend, indicating divergence despite some minor fluctuations",0.2499999999999999,True,,2.408381938934326,7,50,True
vasp-data-files/101010010101111010100100/OSZICAR,1,50,1,"Although dE shows oscillations, the rms(c) values show a clear overall decreasing trend from ~1.0E+02 to ~7.3E-01, indicating eventual convergence per the Expert's Tie-Breaker Rule.",0.7500000000000001,True,,2.2774598598480225,7,50,True
vasp-data-files/111111000100011100100000/OSZICAR,1,50,1,"Although dE shows oscillations, the rms(c) values show a clear long-term decreasing trend from ~1.0E+02 to ~4.59E-01, indicating eventual convergence per the Expert's Tie-Breaker Rule.",0.7500000000000001,True,,2.4402847290039062,7,50,True
vasp-data-files/101001010100111010001000/OSZICAR,1,50,1,"Although dE shows oscillations in later steps, the rms(c) value steadily decreases from ~0.105E+02 to ~0.204E-01, showing a clear downward macro-trend, indicating eventual convergence per the Expert's Tie-Breaker Rule.",0.65,True,,3.76287579536438,6,50,True
vasp-data-files/101001001101111000000000/OSZICAR,1,50,1,"Although dE shows oscillations, the rms(c) values show a clear long-term decreasing trend from ~0.1E+02 to ~0.2E-01, indicating eventual convergence per the Expert's Tie-Breaker Rule.",0.7500000000000001,True,,3.488155603408813,7,50,True
vasp-data-files/101011110100111111010110/OSZICAR,0,50,0,"dE shows large oscillations and rms(c) stagnates around 0.11-0.12E+01 with no clear downward trend, indicating divergence despite some minor fluctuations in later steps",0.2499999999999999,True,,2.905159950256348,7,50,True
vasp-data-files/110001111111111010000110/OSZICAR,1,50,1,"dE shows decreasing magnitude with oscillations, and rms(c) has a clear long-term downward trend despite some fluctuations, indicating eventual convergence per the Tie-Breaker Rule.",0.7500000000000001,True,,2.634570598602295,7,50,True
vasp-data-files/101001111100101011011111/OSZICAR,1,50,1,"Although dE shows oscillations, the rms(c) value consistently decreases from ~1.0E+02 to ~4.2E-01, showing a clear downward macro-trend indicating eventual convergence.",0.7500000000000001,True,,3.0985186100006104,7,50,True
vasp-data-files/100000010110101000101101/OSZICAR,1,50,1,"Although dE shows some oscillations, the rms(c) values show a clear overall decreasing trend from ~0.1E+02 to ~0.1E-01, indicating eventual convergence per the Expert's Tie-Breaker Rule.",0.7500000000000001,True,,2.257902145385742,7,50,True
vasp-data-files/100110101011000101111111/OSZICAR,1,50,0,"dE shows large oscillations and rms(c) remains stuck around 0.10-0.18E+01 with no clear downward trend, indicating divergence despite some minor fluctuations in later steps",0.2499999999999999,True,,3.1367528438568115,7,50,True
vasp-data-files/100001111000111101011001/OSZICAR,1,50,1,"Although dE shows oscillations, the rms(c) value steadily decreases from ~0.105E+02 to ~0.131E+00, showing a clear downward macro-trend, indicating eventual convergence per the Expert's Tie-Breaker Rule.",0.65,True,,3.581192970275879,6,50,True
vasp-data-files/100111000000111100101001/OSZICAR,1,50,1,"dE shows decreasing magnitude with oscillations, and rms(c) has a clear long-term downward trend despite some fluctuations, indicating eventual convergence per the Tie-Breaker Rule.",0.7500000000000001,True,,3.942740678787232,7,50,True
vasp-data-files/101010010111101011110111/OSZICAR,1,50,1,"dE shows decreasing magnitude with oscillations, and rms(c) has a clear long-term downward trend despite some noise, indicating eventual convergence per the Tie-Breaker Rule.",0.7500000000000001,True,,2.6143181324005127,7,50,True
vasp-data-files/110001010101000001010111/OSZICAR,1,50,1,"Although dE shows oscillations, the rms(c) values show a clear long-term decreasing trend from ~0.2E+02 to ~0.4E+00, indicating eventual convergence per the Expert's Tie-Breaker Rule.",0.65,True,,2.965973138809204,6,50,True
vasp-data-files/100001110110011010010111/OSZICAR,1,50,1,"dE shows decreasing magnitude with oscillations, and rms(c) has a clear overall downward trend despite some fluctuations, indicating eventual convergence per the Tie-Breaker Rule.",0.7500000000000001,True,,2.343900442123413,7,50,True
vasp-data-files/110110001001000111111001/OSZICAR,1,50,0,"dE shows large oscillations and rms(c) fluctuates without a clear downward trend, indicating divergence despite some minor decreases in later steps",0.44999999999999996,True,,2.237466335296631,5,50,True
vasp-data-files/111110111011100101101101/OSZICAR,0,50,0,"dE oscillates with no clear decreasing trend, and rms(c) fluctuates around ~0.18-0.25E+01 without a consistent downward macro-trend, indicating divergence",0.2499999999999999,True,,2.5994341373443604,7,50,True
vasp-data-files/111100111100111111010001/OSZICAR,1,50,1,"dE shows a clear decreasing trend towards small values, and rms(c) exhibits an overall downward trend despite some oscillations, indicating eventual convergence per the Expert's Tie-Breaker Rule.",0.7500000000000001,True,,3.10377049446106,7,50,True
vasp-data-files/111101001101010100100000/OSZICAR,1,50,0,"dE shows oscillations and does not consistently decrease below 1.0E-03, while rms(c) fluctuates without a clear downward trend, indicating divergence despite some minor damping in later steps",0.44999999999999996,True,,3.207282543182373,5,50,True
vasp-data-files/111101011101111000001110/OSZICAR,0,50,1,"dE shows oscillations but the rms(c) value decreases from 0.117E+01 to 0.217E+00, showing a clear macro-trend of damping despite noise, indicating eventual convergence per the Tie-Breaker Rule.",0.65,True,,2.9948830604553223,6,50,True
vasp-data-files/110001011111111010000110/OSZICAR,1,50,1,"dE shows a decreasing trend with oscillations, but the rms(c) value steadily decreases from ~0.1E+02 to ~0.8E-02, indicating a clear macro-trend towards convergence despite some noise in dE.",0.7500000000000001,True,,3.0629117488861084,7,50,True
vasp-data-files/101101000011001011000001/OSZICAR,0,50,0,"rms(c) shows oscillations without a clear downward trend, and dE remains relatively large with no consistent decrease, indicating divergence despite some minor fluctuations",0.44999999999999996,True,,2.669839143753052,5,50,True
vasp-data-files/101001011110101011010111/OSZICAR,1,50,1,"Although dE shows some oscillations, the rms(c) values show a clear long-term decreasing trend from ~0.1E+02 to ~0.3E-02, indicating convergence despite initial instability.",0.7500000000000001,True,,3.0867018699646,7,50,True
vasp-data-files/111010110010100111010001/OSZICAR,1,50,1,"Although dE shows oscillations, the rms(c) values show a clear long-term decreasing trend from ~1.0E+02 to ~1.8E-01, indicating eventual convergence per the Expert's Tie-Breaker Rule.",0.7500000000000001,True,,2.768864870071411,7,50,True
vasp-data-files/100111100010000011111111/OSZICAR,0,50,0,"dE oscillates with large magnitudes and rms(c) shows no clear downward trend, remaining around 0.21-0.25E+01, indicating divergence despite some minor fluctuations",0.2499999999999999,True,,3.276386260986328,7,50,True
vasp-data-files/111110001011110110101000/OSZICAR,1,50,1,"Despite oscillations in dE, the rms(c) shows a clear long-term decreasing trend from ~0.1E+02 to ~0.55E-01, indicating eventual convergence per the Expert's Tie-Breaker Rule.",0.65,True,,3.130427360534668,6,50,True
vasp-data-files/110000010011000011011001/OSZICAR,0,50,0,"dE shows large oscillations and rms(c) fluctuates without a clear downward trend, indicating divergence despite some minor decreases in later steps",0.44999999999999996,True,,2.390753984451294,5,50,True
vasp-data-files/111011111001110010110010/OSZICAR,1,50,0,"dE shows large oscillations and rms(c) fluctuates around ~0.6E-01 without a clear downward trend, indicating divergence despite some minor damping in later steps",0.44999999999999996,True,,2.577021598815918,5,50,True
vasp-data-files/111110001100111010100000/OSZICAR,1,50,1,"dE shows oscillations but the rms(c) value decreases from 0.939E+00 to 0.250E-01, showing a clear downward macro-trend despite noise, indicating eventual convergence per the Expert's Tie-Breaker Rule.",0.65,True,,3.7883243560791016,6,50,True
vasp-data-files/100100101010000001111111/OSZICAR,1,50,1,"Although dE shows some oscillations, the rms(c) value consistently decreases from ~1.0E+02 to ~6.8E-02, showing a clear downward macro-trend indicating eventual convergence.",0.7500000000000001,True,,2.9277327060699463,7,50,True
vasp-data-files/100110111101011101000100/OSZICAR,0,50,1,"Although dE shows oscillations, the rms(c) values show a clear long-term decreasing trend from ~1.0E+02 to ~1.27E+00, indicating eventual convergence per the Expert's Tie-Breaker Rule.",0.65,True,,2.947671413421631,6,50,True
vasp-data-files/100001110110111001000111/OSZICAR,1,50,1,"dE shows decreasing magnitude with oscillations, and rms(c) has a clear long-term downward trend despite some noise, indicating eventual convergence per the Tie-Breaker Rule.",0.7500000000000001,True,,2.511818647384644,7,50,True
vasp-data-files/101101000101110010100000/OSZICAR,1,50,1,"dE shows decreasing magnitude with oscillations, and rms(c) has a clear downward trend from ~0.1E+02 to ~0.2E-02, indicating convergence despite dE fluctuations",0.7500000000000001,True,,2.1461260318756104,7,50,True
vasp-data-files/101000010101111010100100/OSZICAR,0,50,0,"dE oscillates with large magnitudes and rms(c) shows no clear downward trend, remaining in the range of ~0.18-0.37E+01, indicating divergence",0.2499999999999999,True,,2.6536805629730225,7,50,True
vasp-data-files/111101000101011010111110/OSZICAR,1,50,1,"dE shows decreasing magnitude with oscillations, and rms(c) has a clear long-term downward trend despite some fluctuations, indicating eventual convergence per the Tie-Breaker Rule.",0.7500000000000001,True,,2.531025648117065,7,50,True
vasp-data-files/101011110100111110100000/OSZICAR,1,50,1,"dE shows a consistent decrease towards small values (<1.0E-03) and rms(c) exhibits an overall downward trend despite some oscillations, indicating convergence according to the Expert's Tie-Breaker Rule.",0.7500000000000001,True,,3.2954349517822266,7,50,True
vasp-data-files/110010111011110000101100/OSZICAR,0,50,1,"dE shows a decreasing trend with oscillations, but the rms(c) value steadily decreases from 0.105E+02 to 0.264E-01, indicating a clear macro-trend towards convergence despite dE fluctuations",0.7500000000000001,True,,2.77264404296875,7,50,True
vasp-data-files/101001110100110011000011/OSZICAR,0,50,0,"dE shows large oscillations and rms(c) fluctuates without a clear downward trend, indicating divergence despite some minor reductions in later steps",0.44999999999999996,True,,2.769935846328736,5,50,True
vasp-data-files/100101100101010001010011/OSZICAR,1,50,1,"Although dE shows oscillations, the rms(c) values show a clear overall decreasing trend from ~0.1E+02 to ~0.7E-01, indicating eventual convergence per the Expert's Tie-Breaker Rule.",0.65,True,,2.737574577331543,6,50,True
vasp-data-files/111111111011011111101000/OSZICAR,0,50,0,"dE shows large oscillations and rms(c) remains stuck around 0.17-0.26E+01 with no clear downward trend, indicating divergence despite some minor fluctuations in later steps",0.2499999999999999,True,,3.08707594871521,7,50,True
vasp-data-files/111111100001000100110110/OSZICAR,1,50,1,"dE decreases consistently towards small values (<1.0E-04) and rms(c) shows a clear downward trend despite some oscillations, indicating convergence per the Expert's Tie-Breaker Rule.",0.7500000000000001,True,,3.169062376022339,7,50,True
vasp-data-files/110010101110011101000111/OSZICAR,1,50,1,"Although dE shows some oscillations in later steps, the rms(c) value consistently decreases from ~0.1E+02 to ~0.275E-02, showing a clear downward macro-trend, indicating eventual convergence per the Expert's Tie-Breaker Rule.",0.7500000000000001,True,,3.40586256980896,7,50,True
vasp-data-files/101011001110010111111001/OSZICAR,0,50,1,"Although dE shows oscillations, the rms(c) values show a clear long-term decreasing trend from ~0.1E+02 to ~0.4E+00, indicating eventual convergence per the Expert's Tie-Breaker Rule.",0.65,True,,2.5594635009765625,6,50,True
vasp-data-files/111100001101110101100000/OSZICAR,1,50,1,"Although dE shows oscillations, the rms(c) values show an overall decreasing trend from ~0.1E+02 to ~0.8E-01, indicating eventual convergence per the Expert's Tie-Breaker Rule.",0.65,True,,2.245594024658203,6,50,True
vasp-data-files/101001010101101101010011/OSZICAR,1,50,1,"Although dE shows oscillations, the rms(c) values show a clear long-term decreasing trend from ~0.1E+02 to ~0.2E+00, indicating eventual convergence per the Expert's Tie-Breaker Rule.",0.65,True,,2.871165990829468,6,50,True
vasp-data-files/111010001101100111110111/OSZICAR,1,50,1,"Although dE shows some oscillations, the rms(c) value consistently decreases from ~0.1E+02 to ~0.966E-02, showing a clear downward macro-trend, indicating eventual convergence per the Expert's Tie-Breaker Rule.",0.7500000000000001,True,,4.086134433746338,7,50,True
vasp-data-files/100001111101001111010001/OSZICAR,1,50,1,"dE shows a consistent decrease towards small values, and although rms(c) has some oscillations, its overall trend is decreasing, indicating eventual convergence per the Expert's Tie-Breaker Rule.",0.7500000000000001,True,,3.073833465576172,7,50,True
vasp-data-files/111100000000000000111010/OSZICAR,1,50,0,"dE shows large oscillations and rms(c) fluctuates without a clear downward trend, indicating divergence despite some minor decreases in later steps",0.44999999999999996,True,,1.9862661361694336,5,50,True
vasp-data-files/111100000001011100110001/OSZICAR,0,50,0,"dE oscillates with no clear decreasing trend, and rms(c) fluctuates between ~0.31E+01 and ~0.32E+01 without a consistent downward macro-trend, indicating divergence",0.2499999999999999,True,,2.818326711654663,7,50,True
vasp-data-files/110110100001001100111100/OSZICAR,1,50,1,"dE shows a decreasing trend with oscillations, and rms(c) has an overall downward trend despite some fluctuations, indicating eventual convergence per the Expert's Tie-Breaker Rule.",0.7500000000000001,True,,2.6803324222564697,7,50,True
vasp-data-files/101110010100111001000100/OSZICAR,1,50,1,"dE shows decreasing magnitude with oscillations, and rms(c) has a clear long-term downward trend despite some fluctuations, indicating eventual convergence per the Tie-Breaker Rule.",0.7500000000000001,True,,2.4569761753082275,7,50,True
vasp-data-files/111101000101010010110000/OSZICAR,0,50,0,"dE shows large oscillations and rms(c) fluctuates without a clear downward trend, indicating divergence despite some minor reductions in later steps",0.44999999999999996,True,,2.296868801116944,5,50,True
vasp-data-files/101100001101110001100001/OSZICAR,1,50,1,"Although dE shows oscillations, the rms(c) values show a clear long-term decreasing trend from ~0.1E+02 to ~0.5E+00, indicating eventual convergence per the Expert's Tie-Breaker Rule.",0.65,True,,2.9904582500457764,6,50,True
vasp-data-files/100100001000110000100001/OSZICAR,1,50,1,"Although dE shows oscillations, the rms(c) values show a clear long-term decreasing trend from ~0.1E+02 to ~0.5E-01, indicating eventual convergence per the Expert's Tie-Breaker Rule.",0.7500000000000001,True,,3.443387746810913,7,50,True
vasp-data-files/111101011101111001001000/OSZICAR,1,50,0,"dE oscillates with no clear decreasing trend, and rms(c) shows no consistent downward macro-trend, indicating divergence despite some local fluctuations",0.2499999999999999,True,,2.239429712295532,7,50,True
vasp-data-files/111110000100011100100000/OSZICAR,1,50,1,"Although dE shows oscillations, the rms(c) values show an overall decreasing trend from ~0.1E+02 to ~0.2E-01, indicating eventual convergence despite noisy behavior",0.65,True,,2.8508663177490234,6,50,True
vasp-data-files/101000010001100011101011/OSZICAR,1,50,1,"Although dE shows oscillations, the rms(c) values show a clear overall decreasing trend from ~0.1E+02 to ~0.1E+00, indicating eventual convergence per the Expert's Tie-Breaker Rule.",0.65,True,,3.728076219558716,6,50,True
vasp-data-files/100010111010001101011111/OSZICAR,1,50,0,"dE shows large oscillations and rms(c) remains stuck around 0.21-0.25E+01 with no clear downward trend, indicating divergence despite some minor fluctuations in later steps",0.2499999999999999,True,,3.1417641639709477,7,50,True
vasp-data-files/111111001101000000100100/OSZICAR,1,50,1,"Although dE shows some oscillations, the rms(c) values show a clear overall decreasing trend from ~0.1E+02 to ~0.14E-01, indicating eventual convergence per the Expert's Tie-Breaker Rule.",0.7500000000000001,True,,3.5373659133911133,7,50,True
vasp-data-files/111101000101011010110110/OSZICAR,1,50,1,"dE shows decreasing magnitude with oscillations, and rms(c) has a clear overall downward trend despite some fluctuations, indicating eventual convergence per the Tie-Breaker Rule.",0.7500000000000001,True,,2.415372133255005,7,50,True
vasp-data-files/110100001111000001011111/OSZICAR,1,50,1,"Although dE shows oscillations, the rms(c) values show a clear long-term decreasing trend from ~0.1E+02 to ~0.28E-01, indicating eventual convergence despite noisy intermediate steps",0.65,True,,2.850032091140747,6,50,True
vasp-data-files/101000010100011110100010/OSZICAR,1,50,1,"Although dE shows oscillations, the rms(c) values show a clear overall decreasing trend from ~0.1E+02 to ~0.6E-01, indicating eventual convergence per the Expert's Tie-Breaker Rule.",0.65,True,,2.61665415763855,6,50,True
vasp-data-files/101100000001011100100000/OSZICAR,0,50,0,"dE shows large oscillations and rms(c) remains stuck around 0.17-0.18E+01 with no clear downward trend, indicating divergence despite some minor fluctuations in later steps",0.2499999999999999,True,,3.5528674125671387,7,50,True
vasp-data-files/100000111101000011011111/OSZICAR,1,50,0,"dE shows large oscillations and rms(c) fluctuates without a clear downward trend, indicating divergence despite some minor damping in later steps",0.35,True,,2.378279209136963,6,50,True
vasp-data-files/110110001111000001111111/OSZICAR,1,50,1,"Although dE shows oscillations, the rms(c) values show a clear overall decreasing trend from ~0.1E+02 to ~0.3E-01, indicating eventual convergence per the Expert's Tie-Breaker Rule.",0.65,True,,3.682587146759033,6,50,True
vasp-data-files/111110000111011010110110/OSZICAR,0,50,1,"Although dE shows oscillations, the rms(c) values show a clear overall decreasing trend from ~1.0E+02 to ~0.96E+00, indicating eventual convergence per the Expert's Tie-Breaker Rule.",0.65,True,,2.9937877655029297,6,50,True
vasp-data-files/101101000011100011101011/OSZICAR,0,50,1,"Although dE shows oscillations, the rms(c) values show an overall decreasing trend from ~0.1E+02 to ~0.1E+00, indicating eventual convergence per the Expert's Tie-Breaker Rule.",0.65,True,,2.6366748809814453,6,50,True
vasp-data-files/100010110000111010000100/OSZICAR,1,50,1,"Although dE shows some oscillations, the rms(c) value consistently decreases from ~0.1E+02 to ~0.95E-02, showing a clear downward macro-trend indicating eventual convergence.",0.7500000000000001,True,,2.9326605796813965,7,50,True
vasp-data-files/100001111101001111010011/OSZICAR,1,50,1,"Although dE shows oscillations in later steps, the rms(c) value steadily decreases from ~0.1E+02 to ~0.2E-01, showing a clear downward macro-trend, indicating eventual convergence per the Expert's Tie-Breaker Rule.",0.7500000000000001,True,,2.32452654838562,7,50,True
vasp-data-files/111110000011000001111111/OSZICAR,1,50,0,"dE shows large oscillations and rms(c) fluctuates without a clear downward trend, indicating divergence despite some minor decreases in later steps",0.44999999999999996,True,,2.6740636825561523,5,50,True
vasp-data-files/101001100111010000100111/OSZICAR,1,50,1,"Although dE shows oscillations, the rms(c) values show a clear long-term decreasing trend from ~0.1E+02 to ~0.5E-01, indicating eventual convergence per the Expert's Tie-Breaker Rule.",0.65,True,,3.272436141967773,6,50,True
vasp-data-files/110101110010001101011001/OSZICAR,1,50,0,"dE shows large oscillations and rms(c) fluctuates around 0.6-0.7E+00 without a clear downward trend, indicating divergence despite some minor damping in later steps",0.44999999999999996,True,,2.7690422534942627,5,50,True
vasp-data-files/100010010100111100100000/OSZICAR,0,50,0,"dE shows large oscillations and rms(c) fluctuates around 0.5E+00 without a clear downward trend, indicating divergence despite some minor damping in later steps",0.44999999999999996,True,,2.5704617500305176,5,50,True
vasp-data-files/110101110010111101011001/OSZICAR,1,50,1,"dE shows decreasing magnitude with oscillations, and rms(c) has a clear long-term downward trend despite some fluctuations, indicating eventual convergence per the Tie-Breaker Rule.",0.7500000000000001,True,,2.90219521522522,7,50,True
vasp-data-files/110110101000010000101100/OSZICAR,1,50,1,"Although dE shows some oscillations, the rms(c) values show a clear overall decreasing trend from ~0.1E+02 to ~0.1E-01, indicating eventual convergence per the Expert's Tie-Breaker Rule.",0.7500000000000001,True,,3.607195854187012,7,50,True
vasp-data-files/101010010100111111100101/OSZICAR,1,50,1,"Although dE shows oscillations, the rms(c) values show a clear long-term decreasing trend from ~0.1E+02 to ~0.9E-01, indicating eventual convergence per the Expert's Tie-Breaker Rule.",0.7500000000000001,True,,3.633557796478272,7,50,True
vasp-data-files/110011110011111110010000/OSZICAR,1,50,1,"Although dE shows oscillations, the rms(c) values show a clear long-term decreasing trend from ~0.1E+02 to ~0.76E-01, indicating eventual convergence per the Expert's Tie-Breaker Rule.",0.65,True,,2.951946973800659,6,50,True
vasp-data-files/100110001000010110100000/OSZICAR,1,50,1,"dE shows decreasing magnitude with oscillations, and rms(c) has a clear long-term downward trend despite some fluctuations, indicating eventual convergence per the Tie-Breaker Rule.",0.7500000000000001,True,,3.172358274459839,7,50,True
vasp-data-files/101001110001111010100101/OSZICAR,0,50,1,"Although dE shows oscillations, the rms(c) values show a clear overall decreasing trend from ~0.15E+02 to ~0.6E+00, indicating eventual convergence per the Expert's Tie-Breaker Rule.",0.65,True,,2.8329052925109863,6,50,True
vasp-data-files/111110001100001000110010/OSZICAR,1,50,1,"Although dE shows oscillations, the rms(c) values show a clear long-term decreasing trend from ~0.1E+02 to ~0.7E-01, indicating eventual convergence per the Expert's Tie-Breaker Rule.",0.7500000000000001,True,,2.8402087688446045,7,50,True
vasp-data-files/101011010101111111100100/OSZICAR,1,50,1,"Although dE shows some oscillations, the rms(c) value steadily decreases from ~0.1E+02 to ~0.3E-02, showing a clear downward macro-trend, indicating eventual convergence per the Expert's Tie-Breaker Rule.",0.7500000000000001,True,,3.115875005722046,7,50,True
vasp-data-files/111100100000111101100000/OSZICAR,1,50,1,"dE shows a clear decreasing trend towards small values, and although rms(c) has some oscillations, its overall macro-trend is decreasing, indicating eventual convergence per the Expert's Tie-Breaker Rule.",0.7500000000000001,True,,2.7040395736694336,7,50,True
vasp-data-files/110000111010111001011111/OSZICAR,1,50,1,"Although dE shows oscillations, the rms(c) values show a clear long-term decreasing trend from ~0.1E+02 to ~0.1E-01, indicating eventual convergence per the Expert's Tie-Breaker Rule.",0.7500000000000001,True,,2.864565849304199,7,50,True
vasp-data-files/100001010111111111011001/OSZICAR,1,50,1,"dE shows decreasing magnitude with oscillations, and rms(c) has a clear overall downward trend despite some fluctuations, indicating eventual convergence per the Expert's Tie-Breaker Rule.",0.7500000000000001,True,,2.4854273796081543,7,50,True
vasp-data-files/111100000100110100100000/OSZICAR,1,50,1,"Although dE shows oscillations, the rms(c) values show a clear long-term decreasing trend from ~0.1E+02 to ~0.1E+00, indicating eventual convergence per the Expert's Tie-Breaker Rule.",0.7500000000000001,True,,2.952507495880127,7,50,True
vasp-data-files/101001100101000010111111/OSZICAR,1,50,1,"Although dE shows oscillations, the rms(c) values show a clear overall decreasing trend from ~1.0E+02 to ~5.5E+00, indicating eventual convergence per the Expert's Tie-Breaker Rule.",0.65,True,,2.872185468673706,6,50,True
vasp-data-files/100011010011001011110101/OSZICAR,1,50,1,"dE shows a clear decreasing trend towards small values, and rms(c) steadily decreases despite some oscillations, indicating convergence according to the Expert's Tie-Breaker Rule.",0.7500000000000001,True,,2.403400182723999,7,50,True
vasp-data-files/111100001101001111000001/OSZICAR,0,50,0,"dE shows large oscillations and rms(c) fluctuates without a clear downward trend, indicating divergence despite some minor reductions in later steps",0.44999999999999996,True,,2.940033197402954,5,50,True
vasp-data-files/101110001100010000110011/OSZICAR,1,50,1,"Although dE shows oscillations, the rms(c) values show a clear long-term decreasing trend from ~0.1E+02 to ~0.2E-01, indicating eventual convergence per the Expert's Tie-Breaker Rule.",0.7500000000000001,True,,2.8541667461395264,7,50,True
vasp-data-files/100001001111110011011101/OSZICAR,1,50,1,"Although dE shows oscillations, the rms(c) values show a clear long-term decreasing trend from ~0.1E+02 to ~0.2E-01, indicating eventual convergence per the Expert's Tie-Breaker Rule.",0.65,True,,3.757102251052856,6,50,True
vasp-data-files/101101100101000010111100/OSZICAR,1,50,1,"Although dE shows oscillations, the rms(c) values show a clear overall decreasing trend from ~0.1E+02 to ~0.6E-01, indicating eventual convergence per the Expert's Tie-Breaker Rule.",0.65,True,,3.6342949867248535,6,50,True
vasp-data-files/101101000001110010100001/OSZICAR,0,50,0,"dE shows large oscillations and rms(c) fluctuates without a clear downward trend, indicating divergence despite some minor reductions in rms(c) later on",0.35,True,,2.5747787952423096,6,50,True
vasp-data-files/101001010101111110100100/OSZICAR,1,50,0,"dE shows large oscillations and rms(c) fluctuates without a clear downward trend, indicating divergence despite some minor decreases in later steps",0.44999999999999996,True,,2.161142587661743,5,50,True
vasp-data-files/101100000000111110000000/OSZICAR,1,50,1,"Although dE shows oscillations, the rms(c) values show a clear overall decreasing trend from ~0.1E+02 to ~0.37E+00, indicating eventual convergence per the Expert's Tie-Breaker Rule.",0.65,True,,3.376124620437622,6,50,True
vasp-data-files/100010110010110001101101/OSZICAR,1,50,1,"dE shows a clear decreasing trend towards small values, and rms(c) exhibits an overall downward trend despite some oscillations, indicating eventual convergence per the Expert's Tie-Breaker Rule.",0.7500000000000001,True,,2.750272750854492,7,50,True
vasp-data-files/100100100110110101111001/OSZICAR,0,50,1,"Although dE shows oscillations, the rms(c) values show a clear overall decreasing trend from ~0.1E+02 to ~0.4E-01, indicating eventual convergence per the Expert's Tie-Breaker Rule.",0.65,True,,3.144794464111328,6,50,True
vasp-data-files/110001111011110001001111/OSZICAR,1,50,1,"Although dE shows some oscillations, the rms(c) values show a clear long-term decreasing trend from ~0.1E+02 to ~0.1E-01, indicating convergence despite initial instability.",0.7500000000000001,True,,3.3409714698791504,7,50,True
vasp-data-files/111011110101110000100010/OSZICAR,1,50,1,"Although dE shows oscillations, the rms(c) values show a clear long-term decreasing trend from ~0.1E+02 to ~0.2E-01, indicating eventual convergence per the Expert's Tie-Breaker Rule.",0.7500000000000001,True,,2.872934103012085,7,50,True
vasp-data-files/110100110011001101111001/OSZICAR,1,50,0,"dE shows large oscillations and rms(c) remains stuck around 0.10E+00 with no clear downward trend, indicating divergence despite some minor fluctuations in later steps",0.44999999999999996,True,,2.808881998062134,5,50,True
vasp-data-files/101101111110111111010001/OSZICAR,0,50,1,"Although dE shows oscillations, the rms(c) values show a clear overall decreasing trend from ~0.1E+02 to ~0.19E+00, indicating eventual convergence per the Expert's Tie-Breaker Rule.",0.65,True,,3.198474884033203,6,50,True
vasp-data-files/111011011011011101101001/OSZICAR,1,50,1,"Although dE shows some oscillations, the rms(c) values show a clear long-term decreasing trend from ~0.1E+02 to ~0.188E-01, indicating convergence despite initial instability",0.7500000000000001,True,,2.7774221897125244,7,50,True
vasp-data-files/101111000000111110100000/OSZICAR,1,50,1,"dE shows decreasing magnitude with oscillations, and rms(c) has a clear long-term downward trend despite some fluctuations, indicating eventual convergence per the Tie-Breaker Rule.",0.7500000000000001,True,,2.873777151107788,7,50,True
vasp-data-files/111110001101100011110111/OSZICAR,1,50,1,"dE shows a clear decreasing trend towards small values, and rms(c) steadily decreases despite some oscillations, indicating convergence according to the Expert's Tie-Breaker Rule.",0.7500000000000001,True,,2.969866275787353,7,50,True
vasp-data-files/101011110001111111100100/OSZICAR,1,50,1,"Although dE shows oscillations, the rms(c) values show a long-term decreasing trend from ~0.12E+02 to ~0.94E+00, indicating eventual convergence despite noisy intermediate steps",0.65,True,,2.79402494430542,6,50,True
vasp-data-files/110110101010000001111000/OSZICAR,1,50,1,"dE shows a decreasing trend with oscillations, and rms(c) has a clear overall downward trend from ~0.1E+02 to ~0.135E-01, indicating eventual convergence despite some noise",0.7500000000000001,True,,2.978887796401977,7,50,True
vasp-data-files/101001001100111111000101/OSZICAR,1,50,1,"dE shows decreasing magnitude with oscillations, and rms(c) has a clear long-term downward trend despite some noise, indicating eventual convergence per the Tie-Breaker Rule.",0.7500000000000001,True,,3.035456895828247,7,50,True
vasp-data-files/111011010110111110100000/OSZICAR,1,50,1,"Although dE shows oscillations, the rms(c) values show a clear long-term decreasing trend from ~0.1E+02 to ~0.3E-01, indicating eventual convergence per the Expert's Tie-Breaker Rule.",0.65,True,,2.6585350036621094,6,50,True
vasp-data-files/111110000001000000111110/OSZICAR,0,50,0,"dE shows large oscillations and rms(c) fluctuates without a clear downward trend, indicating divergence despite some minor decreases in later steps",0.44999999999999996,True,,2.658395528793335,5,50,True
vasp-data-files/101100000100111110000001/OSZICAR,0,50,0,"dE shows large oscillations and rms(c) fluctuates without a clear downward trend, indicating divergence despite some minor reductions in rms(c) values.",0.44999999999999996,True,,2.4727230072021484,5,50,True
vasp-data-files/110010111011000101111111/OSZICAR,1,50,1,"Although dE shows oscillations, the rms(c) values show a clear long-term decreasing trend from ~1.0E+02 to ~0.15E+00, indicating eventual convergence per the Expert's Tie-Breaker Rule.",0.7500000000000001,True,,2.9638876914978027,7,50,True
vasp-data-files/101001010100111010100000/OSZICAR,1,50,1,"Although dE shows oscillations, the rms(c) values show a clear long-term decreasing trend from ~0.1E+02 to ~0.888E-01, indicating eventual convergence per the Expert's Tie-Breaker Rule.",0.7500000000000001,True,,2.2677762508392334,7,50,True
vasp-data-files/110110101000001010101101/OSZICAR,1,50,1,"dE shows decreasing magnitude with oscillations, and rms(c) has a clear long-term downward trend despite some fluctuations, indicating eventual convergence per the Tie-Breaker Rule.",0.7500000000000001,True,,2.0353305339813232,7,50,True
vasp-data-files/100011111100011010011110/OSZICAR,1,50,0,"dE shows large oscillations and rms(c) fluctuates without a clear downward trend, indicating divergence despite some minor decreases in later steps",0.2499999999999999,True,,2.6136133670806885,7,50,True
vasp-data-files/110110100100000100110100/OSZICAR,1,50,0,"dE shows large oscillations and rms(c) fluctuates without a clear downward trend, indicating divergence despite some minor decreases in later steps",0.44999999999999996,True,,2.3334202766418457,5,50,True
vasp-data-files/100101011101111011000011/OSZICAR,0,50,0,"dE shows large oscillations and rms(c) remains stuck around 0.16-0.20E+01 with no clear downward trend, indicating divergence despite some minor fluctuations in later steps",0.2499999999999999,True,,2.3396260738372803,7,50,True
vasp-data-files/101100000100011110111110/OSZICAR,1,50,1,"Although dE shows oscillations, the rms(c) values show a clear long-term decreasing trend from ~1.0E+02 to ~3.5E-01, indicating eventual convergence per the Expert's Tie-Breaker Rule.",0.7500000000000001,True,,3.0123465061187744,7,50,True
vasp-data-files/100011011111000010111111/OSZICAR,0,50,1,"Although dE shows oscillations, the rms(c) values show a clear long-term decreasing trend from ~0.124E+02 to ~0.107E+01, indicating eventual convergence per the Expert's Tie-Breaker Rule.",0.65,True,,7.536493301391602,6,50,True
vasp-data-files/100101011100111011000011/OSZICAR,1,50,1,"dE shows decreasing magnitude with oscillations, and rms(c) has a clear long-term downward trend despite some noise, indicating eventual convergence per the Tie-Breaker Rule.",0.7500000000000001,True,,2.9783577919006348,7,50,True
vasp-data-files/100001111100111101010011/OSZICAR,0,50,1,"Although dE shows oscillations, the rms(c) values show a clear long-term decreasing trend from ~0.1E+02 to ~0.6E+00, indicating eventual convergence per the Expert's Tie-Breaker Rule.",0.65,True,,2.9837465286254883,6,50,True
vasp-data-files/111101110111100111101010/OSZICAR,1,50,1,"dE shows a clear decreasing trend towards small values, and rms(c) exhibits an overall downward trend despite some oscillations, indicating eventual convergence per the Expert's Tie-Breaker Rule.",0.7500000000000001,True,,2.9504330158233643,7,50,True
vasp-data-files/101000010001110011111101/OSZICAR,1,50,1,"dE shows decreasing magnitude with some oscillations, and rms(c) has a clear overall downward trend despite minor fluctuations, indicating eventual convergence per the Tie-Breaker Rule.",0.65,True,,2.9224894046783447,6,50,True
vasp-data-files/111011010101111110100000/OSZICAR,1,50,1,"Although dE shows oscillations, the rms(c) values show a clear long-term decreasing trend from ~0.193E+01 to ~0.343E-01, indicating eventual convergence per the Expert's Tie-Breaker Rule.",0.7500000000000001,True,,2.6766576766967773,7,50,True
vasp-data-files/101001001111010011011111/OSZICAR,1,50,1,"Although dE shows oscillations, the rms(c) values show a clear long-term decreasing trend from ~0.1E+02 to ~0.4E-01, indicating eventual convergence despite noisy intermediate steps",0.65,True,,2.173231363296509,6,50,True
vasp-data-files/100001010111011100010001/OSZICAR,0,50,1,"Although dE shows oscillations, the rms(c) values show a clear long-term decreasing trend from ~0.1E+02 to ~0.1E+00, indicating eventual convergence per the Expert's Tie-Breaker Rule.",0.65,True,,3.315624713897705,6,50,True
vasp-data-files/100001110101000011011111/OSZICAR,0,50,1,"Although dE shows oscillations, the rms(c) values show a clear overall decreasing trend from ~1.0E+02 to ~8.85E+00, indicating eventual convergence per the Expert's Tie-Breaker Rule.",0.65,True,,2.622789144515991,6,50,True
vasp-data-files/111101000001001010110010/OSZICAR,1,50,0,"dE shows oscillations and does not consistently decrease below 1.0E-03, while rms(c) fluctuates around ~0.39E-01 without a clear downward trend, indicating divergence.",0.44999999999999996,True,,3.531205177307129,5,50,True
vasp-data-files/101111001100010011100010/OSZICAR,1,50,1,"Although dE shows oscillations, the rms(c) values show a clear long-term decreasing trend from ~0.1E+02 to ~0.697E-01, indicating eventual convergence per the Expert's Tie-Breaker Rule.",0.7500000000000001,True,,2.6671459674835205,7,50,True
vasp-data-files/111110001100010000100010/OSZICAR,1,50,1,"Although dE shows oscillations, the rms(c) values show a clear long-term decreasing trend from ~0.15E+01 to ~0.895E+00, indicating eventual convergence per the Expert's Tie-Breaker Rule.",0.65,True,,3.0989949703216557,6,50,True
vasp-data-files/101100000001111100100000/OSZICAR,1,50,1,"dE shows decreasing magnitude with oscillations, and rms(c) has a clear long-term downward trend despite some fluctuations, indicating eventual convergence per the Tie-Breaker Rule.",0.7500000000000001,True,,2.623090505599976,7,50,True
vasp-data-files/101011111001110010011110/OSZICAR,0,50,0,"dE shows large oscillations and rms(c) stagnates around 0.15-0.26E+01 with no clear downward trend, indicating divergence despite some minor fluctuations",0.2499999999999999,True,,2.973914384841919,7,50,True
vasp-data-files/110101111011111111111010/OSZICAR,1,50,1,"Although dE shows oscillations, the rms(c) values show a clear long-term decreasing trend from ~0.1E+02 to ~0.7E-01, indicating eventual convergence per the Expert's Tie-Breaker Rule.",0.7500000000000001,True,,4.097445249557495,7,50,True
vasp-data-files/111110000010111100110000/OSZICAR,1,50,1,"Although dE shows oscillations, the rms(c) values show a clear long-term decreasing trend from ~0.18E+02 to ~0.656E-01, indicating eventual convergence per the Expert's Tie-Breaker Rule.",0.7500000000000001,True,,3.0799059867858887,7,50,True
vasp-data-files/111110001100010010111110/OSZICAR,0,50,0,"dE shows large oscillations and rms(c) fluctuates around 0.10-0.13E+01 without a clear downward trend, indicating divergence despite some minor damping in later steps",0.44999999999999996,True,,2.3549818992614746,5,50,True
vasp-data-files/100100011110001111000110/OSZICAR,1,50,1,"Although dE shows oscillations, the rms(c) values show a clear overall decreasing trend from ~0.1E+02 to ~0.295E-01, indicating eventual convergence per the Expert's Tie-Breaker Rule.",0.65,True,,2.9807686805725098,6,50,True
vasp-data-files/101111000100011100100100/OSZICAR,1,50,0,"dE shows large oscillations and rms(c) fluctuates without a clear downward trend, indicating divergence despite some minor reductions in later steps",0.44999999999999996,True,,2.163339376449585,5,50,True
vasp-data-files/100011111111000011011111/OSZICAR,1,50,1,"Although dE shows some oscillations in early steps, the rms(c) value steadily decreases from ~1.0E+02 to ~3.0E-02, showing a clear downward macro-trend, indicating eventual convergence per the Expert's Tie-Breaker Rule.",0.7500000000000001,True,,2.440426826477051,7,50,True
vasp-data-files/111110000101110010101000/OSZICAR,1,50,1,"Although dE shows some oscillations in the later steps, the rms(c) value consistently decreases from ~0.105E+02 to ~0.131E-02, showing a clear downward macro-trend, which indicates eventual convergence per the Expert's Tie-Breaker Rule.",0.7500000000000001,True,,3.8151562213897705,7,50,True
vasp-data-files/110100001001000011011111/OSZICAR,1,50,1,"dE shows decreasing magnitude with oscillations, and rms(c) has a clear long-term downward trend despite some fluctuations, indicating eventual convergence per the Tie-Breaker Rule.",0.7500000000000001,True,,2.761223316192627,7,50,True
vasp-data-files/111100000111000001010110/OSZICAR,1,50,0,"dE oscillates with large magnitudes and rms(c) shows no clear downward trend, instead fluctuating between ~0.18-0.25E+01, indicating divergence due to lack of macro-trend in charge density residual.",0.2499999999999999,True,,2.9703309535980225,7,50,True
vasp-data-files/111111000101110010100100/OSZICAR,1,50,1,"dE shows a decreasing trend with oscillations, and rms(c) has an overall downward trend despite some fluctuations, indicating eventual convergence per the Expert's Tie-Breaker Rule.",0.7500000000000001,True,,2.6317617893218994,7,50,True
vasp-data-files/110010010011000000101000/OSZICAR,1,50,1,"dE shows decreasing magnitude with oscillations, and rms(c) has a clear long-term downward trend despite some fluctuations, indicating eventual convergence per the Tie-Breaker Rule.",0.7500000000000001,True,,2.9878828525543213,7,50,True
vasp-data-files/101101001100111000001000/OSZICAR,1,50,1,"dE shows oscillations but the rms(c) value decreases from 0.105E+02 to 0.261E-01, showing a clear macro-trend of damping despite noise, indicating eventual convergence per the Tie-Breaker Rule.",0.65,True,,2.920929193496704,6,50,True
vasp-data-files/101011110101101011011111/OSZICAR,0,50,0,"dE shows large oscillations and rms(c) fluctuates around ~0.8-0.12E+01 without a clear downward trend, indicating divergence despite some minor damping in later steps",0.2499999999999999,True,,2.7773971557617188,7,50,True
vasp-data-files/110111000111000011111111/OSZICAR,1,50,1,"Although dE shows some oscillations, the rms(c) values show a clear long-term decreasing trend from ~0.1E+02 to ~0.1E-01, indicating eventual convergence per the Expert's Tie-Breaker Rule.",0.7500000000000001,True,,3.0270676612854004,7,50,True
vasp-data-files/101100000001101111000001/OSZICAR,1,50,1,"Although dE shows oscillations, the rms(c) values show a clear long-term decreasing trend from ~0.1E+02 to ~0.6E-01, indicating eventual convergence despite noisy intermediate steps",0.65,True,,3.603946447372437,6,50,True
vasp-data-files/111110100000001100110001/OSZICAR,0,50,0,"dE shows large oscillations and rms(c) fluctuates without a clear downward trend, indicating divergence despite some minor decreases in later steps",0.44999999999999996,True,,3.106025695800781,5,50,True
vasp-data-files/100111100010001100011001/OSZICAR,1,50,1,"Although dE shows oscillations, the rms(c) values show a clear overall decreasing trend from ~0.1E+02 to ~0.17E+00, indicating eventual convergence per the Expert's Tie-Breaker Rule.",0.65,True,,3.853084087371826,6,50,True
vasp-data-files/111110000100000000111110/OSZICAR,1,50,1,"Although dE shows oscillations, the rms(c) values show a clear long-term decreasing trend from ~0.1E+02 to ~0.35E-01, indicating eventual convergence despite noisy intermediate steps",0.65,True,,2.9336929321289062,6,50,True
vasp-data-files/110000011001000011111010/OSZICAR,1,50,1,"Although dE shows oscillations, the rms(c) values show a clear long-term decreasing trend from ~1.0E+02 to ~3.99E+00, indicating eventual convergence per the Expert's Tie-Breaker Rule.",0.65,True,,3.349203109741211,6,50,True
vasp-data-files/101011110001110011110101/OSZICAR,0,50,0,"dE shows large oscillations and rms(c) fluctuates without a clear downward trend, indicating divergence despite some minor decreases in later steps",0.44999999999999996,True,,2.1991286277771,5,50,True
vasp-data-files/111110001111111010110001/OSZICAR,0,50,1,"Although dE shows oscillations, the rms(c) values show a clear long-term decreasing trend from ~0.1E+02 to ~0.13E+00, indicating eventual convergence per the Expert's Tie-Breaker Rule.",0.7500000000000001,True,,3.46651554107666,7,50,True
vasp-data-files/101010110001110000111100/OSZICAR,1,50,1,"Although dE shows oscillations, the rms(c) value consistently decreases from 0.105E+02 to 0.126E-01, showing a clear downward macro-trend, indicating eventual convergence per the Expert's Tie-Breaker Rule.",0.7500000000000001,True,,3.182264566421509,7,50,True
vasp-data-files/111110000001010100101000/OSZICAR,1,50,1,"Although dE shows some oscillations, the rms(c) value steadily decreases from 0.105E+02 to 0.157E-01, showing a clear downward macro-trend, indicating eventual convergence per the Expert's Tie-Breaker Rule.",0.7500000000000001,True,,3.560028553009033,7,50,True
vasp-data-files/101110000100111110100000/OSZICAR,0,50,0,"dE shows large oscillations and rms(c) fluctuates around ~0.10E+01 without a clear downward trend, indicating divergence despite some minor reductions in rms(c) later on",0.2499999999999999,True,,2.423663854598999,7,50,True
vasp-data-files/101101000001010000111100/OSZICAR,1,50,1,"Although dE shows some oscillations, the rms(c) value consistently decreases from ~0.1E+02 to ~0.276E-02, showing a clear downward macro-trend, indicating eventual convergence per the Expert's Tie-Breaker Rule.",0.7500000000000001,True,,2.828926086425781,7,50,True
vasp-data-files/111011010101110000100110/OSZICAR,1,50,1,"Although dE shows oscillations, the rms(c) values show a clear long-term decreasing trend from ~0.1E+02 to ~0.19E-01, indicating eventual convergence per the Expert's Tie-Breaker Rule.",0.65,True,,2.337759494781494,6,50,True
vasp-data-files/111110000001011100100000/OSZICAR,1,50,1,"dE shows a clear decreasing trend towards small values, and although rms(c) has some oscillations, its overall macro-trend is decreasing, indicating eventual convergence per the Expert's Tie-Breaker Rule.",0.7500000000000001,True,,3.5516180992126465,7,50,True
vasp-data-files/100100101110010010111110/OSZICAR,1,50,1,"dE shows oscillations but the rms(c) value decreases from 0.105E+02 to 0.730E-01, showing a clear downward macro-trend despite noise, indicating eventual convergence per the Tie-Breaker Rule.",0.65,True,,2.8056225776672363,6,50,True
vasp-data-files/110010110010100111010001/OSZICAR,1,50,0,"dE shows large oscillations and rms(c) fluctuates around 0.3-0.9E+00 without a clear downward trend, indicating divergence despite some minor damping in later steps",0.44999999999999996,True,,2.6339800357818604,5,50,True
vasp-data-files/101011010110110010010100/OSZICAR,0,50,1,"Although dE shows oscillations, the rms(c) values show an overall decreasing trend from ~1.0E+02 to ~0.13E+00, indicating eventual convergence per the Expert's Tie-Breaker Rule.",0.65,True,,3.0297181606292725,6,50,True
vasp-data-files/111111000001000000111010/OSZICAR,1,50,1,"dE shows decreasing magnitude with oscillations, and rms(c) has a clear long-term downward trend despite some noise, indicating eventual convergence per the Tie-Breaker Rule.",0.7500000000000001,True,,2.353323459625244,7,50,True
vasp-data-files/100011111011011001010111/OSZICAR,1,50,1,"Although dE shows oscillations, the rms(c) values show a clear long-term decreasing trend from ~0.1E+02 to ~0.13E+00, indicating eventual convergence per the Expert's Tie-Breaker Rule.",0.7500000000000001,True,,3.4564099311828613,7,50,True
vasp-data-files/111110000100001100101010/OSZICAR,1,50,1,"dE shows a clear decreasing trend towards small values, and rms(c) steadily decreases despite some oscillations, indicating convergence according to the Expert's Tie-Breaker Rule.",0.7500000000000001,True,,2.3044800758361816,7,50,True
vasp-data-files/101001110111111111000001/OSZICAR,0,50,0,"dE shows large oscillations and rms(c) remains stuck around 0.21E+01 with no clear downward trend, indicating divergence despite some minor fluctuations",0.2499999999999999,True,,2.6781604290008545,7,50,True
vasp-data-files/111110000101111010100000/OSZICAR,1,50,1,"dE shows a clear decreasing trend towards small values, and although rms(c) has some oscillations, its overall macro-trend is still decreasing, indicating eventual convergence per the Expert's Tie-Breaker Rule.",0.7500000000000001,True,,3.1283907890319824,7,50,True
vasp-data-files/110010111011100011111101/OSZICAR,1,50,1,"dE shows oscillations but the rms(c) value steadily decreases from 0.105E+02 to 0.461E-01, indicating a clear macro-trend of damping and convergence according to the Expert's Tie-Breaker Rule.",0.7500000000000001,True,,4.184390544891357,7,50,True
vasp-data-files/101100000101000011101101/OSZICAR,1,50,1,"dE shows large oscillations but rms(c) has a clear downward trend from ~1.0E+02 to ~8.0E-01, indicating eventual convergence despite noisy behavior",0.7500000000000001,True,,3.203836441040039,7,50,True
vasp-data-files/111001010101110110100001/OSZICAR,1,50,1,"dE shows decreasing magnitude with oscillations, and rms(c) has a clear long-term downward trend despite some noise, indicating eventual convergence per the Tie-Breaker Rule.",0.7500000000000001,True,,3.029447078704834,7,50,True
vasp-data-files/101100110010100101111101/OSZICAR,0,50,0,"dE oscillates with no clear decreasing trend, and rms(c) fluctuates between ~0.14-0.18E+01 without a consistent downward macro-trend, indicating divergence",0.2499999999999999,True,,3.230329751968384,7,50,True
vasp-data-files/111110000101000010101110/OSZICAR,1,50,1,"dE shows decreasing magnitude with oscillations, and rms(c) has a clear long-term downward trend despite some fluctuations, indicating eventual convergence per the Tie-Breaker Rule.",0.7500000000000001,True,,2.958219051361084,7,50,True
vasp-data-files/100001001101000001011111/OSZICAR,1,50,1,"Although dE shows oscillations, the rms(c) values show an overall decreasing trend from ~0.1E+02 to ~0.28E-01, indicating eventual convergence despite noisy behavior",0.65,True,,2.9144067764282227,6,50,True
vasp-data-files/110001111011001101110111/OSZICAR,1,50,1,"Although dE shows some oscillations, the rms(c) values show a clear overall decreasing trend from ~0.1E+02 to ~0.2E-01, indicating eventual convergence per the Expert's Tie-Breaker Rule.",0.7500000000000001,True,,3.56381893157959,7,50,True
vasp-data-files/101111100110001111111101/OSZICAR,1,50,0,"dE shows large oscillations and rms(c) fluctuates without a clear downward trend, indicating divergence despite some minor decreases in later steps",0.44999999999999996,True,,2.3308749198913574,5,50,True
vasp-data-files/111110010101100000111000/OSZICAR,1,50,1,"dE shows decreasing magnitude with oscillations, and rms(c) has a clear long-term downward trend despite some fluctuations, indicating eventual convergence per the Tie-Breaker Rule.",0.7500000000000001,True,,2.7199220657348637,7,50,True
vasp-data-files/101000111001111010100100/OSZICAR,1,50,1,"Although dE shows oscillations, the rms(c) values show a clear long-term decreasing trend from ~0.1E+02 to ~0.2E+00, indicating eventual convergence per the Expert's Tie-Breaker Rule.",0.65,True,,3.516371250152588,6,50,True
vasp-data-files/101111101101011010111100/OSZICAR,1,50,1,"Although dE shows oscillations, the rms(c) values show a clear long-term decreasing trend from ~0.1E+02 to ~0.374E-01, indicating eventual convergence per the Expert's Tie-Breaker Rule.",0.65,True,,2.737154722213745,6,50,True
vasp-data-files/100111000111010000100000/OSZICAR,1,50,1,"Although dE shows oscillations, the rms(c) values show a clear overall decreasing trend from ~0.1E+02 to ~0.5E-01, indicating eventual convergence per the Expert's Tie-Breaker Rule.",0.65,True,,3.769874811172485,6,50,True
vasp-data-files/101010110001111110100100/OSZICAR,1,50,1,"dE shows decreasing magnitude with oscillations, and rms(c) has a clear long-term downward trend despite some fluctuations, indicating eventual convergence per the Tie-Breaker Rule.",0.7500000000000001,True,,2.4758996963500977,7,50,True
vasp-data-files/111110000101011010101000/OSZICAR,1,50,1,"Although dE shows some oscillations, the rms(c) values show a clear long-term decreasing trend from ~0.1E+02 to ~0.1E-01, indicating eventual convergence per the Expert's Tie-Breaker Rule.",0.7500000000000001,True,,2.4528400897979736,7,50,True
vasp-data-files/100011111010101011011111/OSZICAR,0,50,0,"dE shows large oscillations and rms(c) stagnates around 0.4-0.5E+00 with no clear downward trend, indicating divergence despite some minor fluctuations",0.2499999999999999,True,,2.3656508922576904,7,50,True
vasp-data-files/111101001100110010100000/OSZICAR,1,50,0,"dE shows large oscillations and rms(c) fluctuates around 0.3E-01 without a clear downward trend, indicating lack of convergence despite some damping in later steps",0.44999999999999996,True,,2.763885259628296,5,50,True
vasp-data-files/101111000101010010100000/OSZICAR,1,50,1,"Although dE shows oscillations, the rms(c) values show a clear long-term decreasing trend from ~0.1E+02 to ~0.2E-01, indicating eventual convergence per the Expert's Tie-Breaker Rule.",0.7500000000000001,True,,2.6655166149139404,7,50,True
vasp-data-files/100001110101111111010111/OSZICAR,1,50,1,"Although dE shows oscillations, the rms(c) values show a clear long-term decreasing trend from ~0.1E+02 to ~0.2E-01, indicating eventual convergence per the Expert's Tie-Breaker Rule.",0.7500000000000001,True,,3.2003753185272217,7,50,True
vasp-data-files/111110001001000001111110/OSZICAR,1,50,1,"dE shows a decreasing trend with oscillations, but the rms(c) consistently decreases from ~0.1E+02 to ~0.987E-02, indicating a clear macro-trend towards convergence despite dE fluctuations",0.7500000000000001,True,,3.457272291183472,7,50,True
vasp-data-files/100101100000111110110101/OSZICAR,1,50,0,"dE shows large oscillations and rms(c) fluctuates without a clear downward trend, indicating divergence despite some minor decreases in later steps",0.44999999999999996,True,,2.688917636871338,5,50,True
vasp-data-files/101011010101111010100100/OSZICAR,1,50,1,"dE shows a decreasing trend with oscillations, and rms(c) has an overall downward trend despite some fluctuations, indicating eventual convergence per the Expert's Tie-Breaker Rule.",0.7500000000000001,True,,2.895246982574463,7,50,True
vasp-data-files/111110000001000000111000/OSZICAR,1,50,1,"Although dE shows oscillations, the rms(c) values show a clear long-term decreasing trend from ~0.1E+02 to ~0.865E-01, indicating eventual convergence per the Expert's Tie-Breaker Rule.",0.7500000000000001,True,,3.1504201889038086,7,50,True
vasp-data-files/111110010100011100110010/OSZICAR,0,50,1,"Although dE shows oscillations, the rms(c) values show a clear long-term decreasing trend from ~0.1E+02 to ~0.2E+00, indicating eventual convergence per the Expert's Tie-Breaker Rule.",0.65,True,,2.670987844467163,6,50,True
vasp-data-files/101011110001111110100100/OSZICAR,1,50,1,"dE shows decreasing magnitude with oscillations, and rms(c) has a clear long-term downward trend despite some fluctuations, indicating eventual convergence per the Tie-Breaker Rule.",0.7500000000000001,True,,2.0030500888824463,7,50,True
vasp-data-files/101011110000111010100101/OSZICAR,0,50,0,"dE shows large oscillations and rms(c) fluctuates between ~0.9-1.4E+01 without a clear downward trend, indicating divergence despite some minor damping in later steps",0.44999999999999996,True,,2.513124227523804,5,50,True
vasp-data-files/110000101000000110101100/OSZICAR,0,50,0,"dE shows large oscillations and rms(c) fluctuates without a clear downward trend, indicating divergence despite some minor reductions in later steps",0.44999999999999996,True,,1.8302831649780276,5,50,True
vasp-data-files/101011100101001010111110/OSZICAR,0,50,0,"dE oscillates with no clear decreasing trend, and rms(c) shows no consistent downward macro-trend, instead fluctuating between ~0.8-1.2E+01, indicating divergence",0.2499999999999999,True,,3.504858016967773,7,50,True
vasp-data-files/101101000101001111000001/OSZICAR,1,50,1,"Although dE shows oscillations, the rms(c) values show a clear long-term decreasing trend from ~0.1E+02 to ~0.293E+00, indicating eventual convergence per the Expert's Tie-Breaker Rule.",0.65,True,,2.872197151184082,6,50,True
vasp-data-files/110010111010000010101010/OSZICAR,0,50,1,"dE shows decreasing magnitude with oscillations, and rms(c) has a clear overall downward trend despite some fluctuations, indicating eventual convergence per the Expert's Tie-Breaker Rule.",0.7500000000000001,True,,2.9807491302490234,7,50,True
vasp-data-files/111110000001011110100000/OSZICAR,1,50,0,"dE shows large oscillations and rms(c) fluctuates around ~0.1E+00 without a clear downward trend, indicating stagnation and lack of convergence",0.44999999999999996,True,,2.4340574741363525,5,50,True
vasp-data-files/101011010110111110100000/OSZICAR,1,50,1,"dE shows decreasing magnitude with oscillations, and rms(c) has a clear overall downward trend despite some fluctuations, indicating eventual convergence per the Tie-Breaker Rule.",0.7500000000000001,True,,2.3733127117156982,7,50,True
vasp-data-files/100100010110111001001000/OSZICAR,1,50,1,"Although dE shows oscillations, the rms(c) values show a clear long-term decreasing trend from ~1.0E+02 to ~3.26E-01, indicating eventual convergence per the Expert's Tie-Breaker Rule.",0.7500000000000001,True,,2.9208755493164062,7,50,True
vasp-data-files/111110001100001110100010/OSZICAR,1,50,0,"dE shows large oscillations and rms(c) fluctuates without a clear downward trend, indicating divergence despite some minor reductions in later steps",0.44999999999999996,True,,2.352236747741699,5,50,True
vasp-data-files/101110000101000001101111/OSZICAR,1,50,0,"dE shows large oscillations and rms(c) fluctuates without a clear downward trend, indicating divergence despite some minor decreases in later steps",0.44999999999999996,True,,2.4112350940704346,5,50,True
vasp-data-files/110010111010110010101000/OSZICAR,1,50,1,"Although dE shows oscillations, the rms(c) values show a clear downward trend from ~0.1E+02 to ~0.4E-01, indicating eventual convergence per the Expert's Tie-Breaker Rule.",0.65,True,,3.291697263717652,6,50,True
vasp-data-files/101100000101110010100000/OSZICAR,1,50,1,"dE shows decreasing magnitude with oscillations, and rms(c) has a clear long-term downward trend despite some fluctuations, indicating eventual convergence per the Tie-Breaker Rule.",0.7500000000000001,True,,2.579679012298584,7,50,True
vasp-data-files/110110000011000100101000/OSZICAR,1,50,1,"Although dE shows oscillations, the rms(c) values show a clear long-term decreasing trend from ~0.1E+02 to ~0.2E-01, indicating eventual convergence per the Expert's Tie-Breaker Rule.",0.7500000000000001,True,,3.38612961769104,7,50,True
vasp-data-files/111101111011110011111000/OSZICAR,1,50,1,"Although dE shows oscillations, the rms(c) values show a clear long-term decreasing trend from ~0.1E+02 to ~0.7E-01, indicating eventual convergence per the Expert's Tie-Breaker Rule.",0.7500000000000001,True,,2.6681952476501465,7,50,True
vasp-data-files/111110000000010000110110/OSZICAR,1,50,1,"dE shows decreasing magnitude with oscillations, and rms(c) has a clear long-term downward trend despite some noise, indicating eventual convergence per the Tie-Breaker Rule.",0.7500000000000001,True,,2.4502217769622803,7,50,True
vasp-data-files/100001110110111111011001/OSZICAR,0,50,0,"dE shows large oscillations and rms(c) remains stuck around 0.15E+01 with no clear downward trend, indicating divergence despite some minor fluctuations in later steps",0.2499999999999999,True,,2.505767107009888,7,50,True
vasp-data-files/110011111010011101101001/OSZICAR,0,50,1,"Although dE shows oscillations, the rms(c) values show a clear overall decreasing trend from ~0.1E+02 to ~0.57E+00, indicating eventual convergence per the Expert's Tie-Breaker Rule.",0.65,True,,3.840075016021729,6,50,True
vasp-data-files/100000110110100011010111/OSZICAR,1,50,1,"Although dE shows some oscillations in early steps, the rms(c) value steadily decreases from 0.105E+02 to 0.122E-02, showing a clear downward trend, indicating convergence according to the Expert's Tie-Breaker Rule.",0.7500000000000001,True,,3.3838953971862797,7,50,True
vasp-data-files/101101000101110010001000/OSZICAR,1,50,0,"dE shows large oscillations and rms(c) stagnates around 0.6-0.7E-01 with no clear downward trend, indicating divergence despite some minor fluctuations in later steps",0.44999999999999996,True,,3.1955385208129883,5,50,True
vasp-data-files/101111010101010001101100/OSZICAR,1,50,0,"dE shows large oscillations and rms(c) fluctuates without a clear downward trend, indicating divergence despite some minor decreases in later steps",0.44999999999999996,True,,2.306403875350952,5,50,True
vasp-data-files/110001011011111101111011/OSZICAR,1,50,1,"Although dE shows oscillations, the rms(c) values show a clear long-term decreasing trend from ~1.0E+02 to ~9.2E-01, indicating eventual convergence per the Expert's Tie-Breaker Rule.",0.7500000000000001,True,,3.1267783641815186,7,50,True
vasp-data-files/101111000001111110100000/OSZICAR,0,50,0,"dE oscillates with no clear decreasing trend, and rms(c) shows no consistent downward macro-trend, indicating divergence despite some local fluctuations",0.2499999999999999,True,,2.4700469970703125,7,50,True
vasp-data-files/100000110100101101010001/OSZICAR,1,50,1,"Although dE shows oscillations, the rms(c) values show a clear long-term decreasing trend from ~0.1E+02 to ~0.75E-01, indicating eventual convergence per the Expert's Tie-Breaker Rule.",0.7500000000000001,True,,3.17102313041687,7,50,True
vasp-data-files/101101111111110011010001/OSZICAR,1,50,1,"Although dE shows oscillations, the rms(c) values show a clear overall decreasing trend from ~0.1E+02 to ~0.493E+00, indicating eventual convergence per the Expert's Tie-Breaker Rule.",0.65,True,,3.091420888900757,6,50,True
vasp-data-files/100001111101111011010101/OSZICAR,1,50,1,"Although dE shows oscillations, the rms(c) values show a clear long-term decreasing trend from ~0.1E+02 to ~0.1E-01, indicating eventual convergence per the Expert's Tie-Breaker Rule.",0.7500000000000001,True,,2.442633390426636,7,50,True
vasp-data-files/101100000101110010101100/OSZICAR,1,50,1,"Although dE shows oscillations, the rms(c) value decreases from 0.105E+02 to 0.390E+00, showing a clear macro-trend of damping, indicating eventual convergence per the Expert's Tie-Breaker Rule.",0.65,True,,3.793810606002808,6,50,True
vasp-data-files/111110000100111010100000/OSZICAR,1,50,0,"dE shows large oscillations and rms(c) fluctuates without a clear downward trend, indicating divergence despite some minor decreases in later steps",0.44999999999999996,True,,2.352380752563477,5,50,True
vasp-data-files/111110010101110000111100/OSZICAR,1,50,1,"Although dE shows some oscillations, the rms(c) values show a clear overall decreasing trend from ~0.1E+02 to ~0.2E-01, indicating eventual convergence per the Expert's Tie-Breaker Rule.",0.7500000000000001,True,,3.4860143661499023,7,50,True
vasp-data-files/111110000101011010110110/OSZICAR,1,50,1,"Although dE shows some oscillations, the rms(c) value consistently decreases over time, following a clear downward trend even with minor fluctuations, indicating eventual convergence.",0.7500000000000001,True,,2.9793736934661865,7,50,True
vasp-data-files/100000111100111001000001/OSZICAR,1,50,0,"dE shows large oscillations and rms(c) fluctuates without a clear downward trend, indicating divergence despite some minor reductions in rms(c) later on",0.44999999999999996,True,,3.0756349563598637,5,50,True
vasp-data-files/111100000101010100100000/OSZICAR,1,50,1,"dE shows oscillations but the rms(c) value decreases from 0.105E+02 to 0.567E-01, showing a clear macro-trend of damping despite noise, indicating eventual convergence per the Tie-Breaker Rule.",0.65,True,,3.6738264560699454,6,50,True
vasp-data-files/111101011100111111000011/OSZICAR,0,50,0,"dE oscillates with no clear decreasing trend, and rms(c) fluctuates between ~0.10E+01 and ~0.17E+01 without a consistent downward macro-trend, indicating divergence",0.2499999999999999,True,,2.7717835903167725,7,50,True
vasp-data-files/101000000000001100110001/OSZICAR,1,50,1,"Although dE shows oscillations, the rms(c) values show a clear overall decreasing trend from ~0.1E+02 to ~0.5E-01, indicating eventual convergence per the Expert's Tie-Breaker Rule.",0.65,True,,2.465503215789795,6,50,True
vasp-data-files/110110000011010100101000/OSZICAR,1,50,1,"Although dE shows oscillations, the rms(c) values show a clear long-term decreasing trend from ~0.1E+02 to ~0.3E-01, indicating eventual convergence despite noisy intermediate steps",0.65,True,,2.810877084732056,6,50,True
vasp-data-files/101100010101110001100100/OSZICAR,1,50,0,"dE shows large oscillations and rms(c) fluctuates around ~0.25E+01 without a clear downward trend, indicating divergence despite some minor fluctuations in later steps",0.2499999999999999,True,,2.3869357109069824,7,50,True
vasp-data-files/111100000101111110000000/OSZICAR,1,50,1,"Although dE shows oscillations, the rms(c) values show a clear overall decreasing trend from ~1.0E+02 to ~3.2E-01, indicating eventual convergence despite noisy intermediate steps",0.65,True,,3.694717168807984,6,50,True
vasp-data-files/101001111100101111010001/OSZICAR,1,50,0,"dE shows large oscillations and rms(c) fluctuates without a clear downward trend, indicating divergence despite some minor decreases in later steps",0.44999999999999996,True,,2.3932876586914062,5,50,True
vasp-data-files/101100000001110010100000/OSZICAR,0,50,1,"Although dE shows oscillations, the rms(c) values show a clear long-term decreasing trend from ~0.1E+02 to ~0.1E+00, indicating eventual convergence per the Expert's Tie-Breaker Rule.",0.65,True,,2.4733011722564697,6,50,True
vasp-data-files/110100110011001101010101/OSZICAR,1,50,1,"Although dE shows oscillations, the rms(c) values show a clear long-term decreasing trend from ~0.1E+02 to ~0.9E-01, indicating eventual convergence per the Expert's Tie-Breaker Rule.",0.7500000000000001,True,,3.2732081413269043,7,50,True
vasp-data-files/110001101111010110111011/OSZICAR,1,50,1,"Although dE shows oscillations, the rms(c) values show a clear long-term decreasing trend from ~0.1E+02 to ~0.8E-01, indicating eventual convergence per the Expert's Tie-Breaker Rule.",0.7500000000000001,True,,2.4900622367858887,7,50,True
vasp-data-files/100001010000011010111110/OSZICAR,1,50,1,"Although dE shows oscillations, the rms(c) values show a clear overall decreasing trend from ~0.1E+02 to ~0.1E+00, indicating eventual convergence per the Expert's Tie-Breaker Rule.",0.65,True,,3.7509920597076416,6,50,True
vasp-data-files/111110110000110100111100/OSZICAR,0,50,0,"dE oscillates with large magnitudes and rms(c) shows no clear downward trend, stagnating around 0.21-0.24E+01, indicating divergence despite some minor fluctuations",0.2499999999999999,True,,3.4570415019989014,7,50,True
vasp-data-files/100100010100110000110100/OSZICAR,1,50,1,"Although dE shows oscillations, the rms(c) values show a clear long-term decreasing trend from ~0.1E+02 to ~0.3E-01, indicating eventual convergence per the Expert's Tie-Breaker Rule.",0.7500000000000001,True,,2.862706422805786,7,50,True
vasp-data-files/101110000100001010011000/OSZICAR,1,50,0,"dE oscillates with no clear decreasing trend, and rms(c) shows no consistent downward macro-trend, indicating divergence",0.2499999999999999,True,,2.654906749725342,7,50,True
vasp-data-files/111110000010001100111000/OSZICAR,1,50,1,"dE shows decreasing magnitude with oscillations, and rms(c) has a clear overall downward trend despite some noise, indicating eventual convergence per the Tie-Breaker Rule.",0.7500000000000001,True,,2.838467121124268,7,50,True
vasp-data-files/100101001111000001011111/OSZICAR,1,50,1,"dE shows a clear decreasing trend towards small values, and rms(c) exhibits an overall downward trend despite some oscillations, indicating eventual convergence per the Expert's Tie-Breaker Rule.",0.7500000000000001,True,,2.226799488067627,7,50,True
vasp-data-files/111100000100111000100000/OSZICAR,1,50,1,"Although dE shows some oscillations in early steps, the rms(c) value steadily decreases from 0.165E+03 to 0.436E-02, showing a clear downward trend, indicating convergence according to the Expert's Tie-Breaker Rule.",0.7500000000000001,True,,3.867907285690308,7,50,True
vasp-data-files/111110000101010010100001/OSZICAR,1,50,1,"Although dE shows oscillations, the rms(c) values show a clear long-term decreasing trend from ~0.1E+02 to ~0.8E-01, indicating eventual convergence per the Expert's Tie-Breaker Rule.",0.7500000000000001,True,,4.072049379348755,7,50,True
vasp-data-files/101011010101111010100110/OSZICAR,1,50,0,"dE shows large oscillations and rms(c) fluctuates without a clear downward trend in later steps, indicating divergence despite some early damping in rms(c)",0.44999999999999996,True,,3.049825668334961,5,50,True
vasp-data-files/110011010011110110110000/OSZICAR,1,50,1,"dE shows a consistent decrease towards small values (<1.0E-03) and rms(c) exhibits an overall downward trend despite some oscillations, indicating convergence according to the Expert's Tie-Breaker Rule.",0.7500000000000001,True,,3.804804563522339,7,50,True
vasp-data-files/111110001100001110100011/OSZICAR,1,50,1,"Although dE shows oscillations, the rms(c) values show a clear long-term decreasing trend from ~0.1E+02 to ~0.1E-01, indicating eventual convergence per the Expert's Tie-Breaker Rule.",0.65,True,,3.82526421546936,6,50,True
vasp-data-files/101011010101000100111110/OSZICAR,1,50,1,"dE shows a decreasing trend with oscillations, but the rms(c) value steadily decreases from 0.105E+02 to 0.100E-01, indicating a clear macro-trend towards convergence despite some noise and oscillations in dE.",0.7500000000000001,True,,4.3938539028167725,7,50,True
vasp-data-files/101001011101111010110110/OSZICAR,0,50,0,"dE shows large oscillations and rms(c) remains stuck around 0.17-0.20E+01 with no clear downward trend, indicating divergence despite some minor fluctuations",0.2499999999999999,True,,3.06825590133667,7,50,True
vasp-data-files/101101000101111100100000/OSZICAR,1,50,1,"dE shows decreasing magnitude with oscillations, and rms(c) has a clear long-term downward trend despite some fluctuations, indicating eventual convergence per the Tie-Breaker Rule.",0.7500000000000001,True,,2.773557186126709,7,50,True
vasp-data-files/100100001111000001011111/OSZICAR,0,50,1,"Although dE shows oscillations, the rms(c) values show a clear overall decreasing trend from ~0.1E+02 to ~0.37E-01, indicating eventual convergence per the Expert's Tie-Breaker Rule.",0.65,True,,3.2614920139312744,6,50,True
vasp-data-files/111110000000000000111110/OSZICAR,1,50,1,"Although dE shows some oscillations, the rms(c) values show a clear long-term decreasing trend from ~0.1E+02 to ~0.13E-01, indicating eventual convergence per the Expert's Tie-Breaker Rule.",0.7500000000000001,True,,2.950453042984009,7,50,True
vasp-data-files/101001010100111110000000/OSZICAR,1,50,1,"Although dE shows oscillations, the rms(c) values show a clear overall decreasing trend from ~0.1E+02 to ~0.25E-01, indicating eventual convergence per the Expert's Tie-Breaker Rule.",0.65,True,,3.371403455734253,6,50,True
vasp-data-files/111001111010110001111011/OSZICAR,0,50,0,"dE shows large oscillations and rms(c) fluctuates around ~0.11E+01 without a clear downward trend, indicating divergence despite some minor damping in later steps",0.44999999999999996,True,,3.9416675567626953,5,50,True
vasp-data-files/101101010101111010000011/OSZICAR,1,50,1,"dE shows decreasing magnitude with oscillations, and rms(c) has a clear long-term downward trend despite some noise, indicating eventual convergence per the Tie-Breaker Rule.",0.7500000000000001,True,,2.867953300476074,7,50,True
vasp-data-files/110010100010001101001111/OSZICAR,0,50,1,"Although dE shows oscillations, the rms(c) values show a clear overall decreasing trend from ~0.1E+02 to ~0.3E-01, indicating eventual convergence per the Expert's Tie-Breaker Rule.",0.65,True,,4.725042819976807,6,50,True
vasp-data-files/101010010100001011010111/OSZICAR,1,50,1,"dE shows decreasing magnitude with oscillations, and rms(c) has a clear long-term downward trend despite some fluctuations, indicating eventual convergence per the Tie-Breaker Rule.",0.7500000000000001,True,,3.0989136695861816,7,50,True
vasp-data-files/100111111100111011000111/OSZICAR,1,50,1,"Although dE shows oscillations, the rms(c) values show a clear overall decreasing trend from ~0.1E+02 to ~0.25E+00, indicating eventual convergence per the Expert's Tie-Breaker Rule.",0.65,True,,2.9980719089508057,6,50,True
vasp-data-files/100011010111111010000110/OSZICAR,1,50,1,"Although dE shows oscillations, the rms(c) values show an overall decreasing trend from ~0.1E+02 to ~0.9E-01, indicating eventual convergence per the Expert's Tie-Breaker Rule.",0.65,True,,2.9111015796661377,6,50,True
vasp-data-files/101011010100111010100000/OSZICAR,1,50,1,"dE shows a decreasing trend with oscillations, but the rms(c) value steadily decreases from ~0.1E+02 to ~0.356E-02, indicating a clear macro-trend towards convergence despite some noise in dE.",0.7500000000000001,True,,3.176035165786743,7,50,True
vasp-data-files/101100010101100001101100/OSZICAR,1,50,0,"dE shows large oscillations and rms(c) fluctuates without a clear downward trend, indicating divergence despite some minor reductions in later steps",0.44999999999999996,True,,2.980257272720337,5,50,True
vasp-data-files/111100000001101101000001/OSZICAR,1,50,1,"dE shows a clear decreasing trend towards small values, and rms(c) exhibits an overall downward trend despite some oscillations, indicating convergence according to the Expert's Tie-Breaker Rule.",0.7500000000000001,True,,2.571197748184204,7,50,True
vasp-data-files/100000010110101000100111/OSZICAR,0,50,0,"dE shows large oscillations and rms(c) fluctuates without a clear downward trend, indicating divergence despite some minor decreases in rms(c) values.",0.44999999999999996,True,,2.561884880065918,5,50,True
vasp-data-files/101011010101111010100111/OSZICAR,1,50,1,"dE shows a clear decreasing trend towards small values, and rms(c) exhibits an overall downward trend despite some oscillations, indicating eventual convergence per the Expert's Tie-Breaker Rule.",0.7500000000000001,True,,3.381308078765869,7,50,True
vasp-data-files/110100001101000001011111/OSZICAR,1,50,1,"Although dE shows oscillations, the rms(c) values show an overall decreasing trend from ~0.1E+02 to ~0.886E-01, indicating eventual convergence per the Expert's Tie-Breaker Rule.",0.65,True,,3.5499091148376465,6,50,True
vasp-data-files/101100000100111100100000/OSZICAR,1,50,0,"dE shows oscillations and rms(c) fluctuates around 0.27E-01 without a clear downward trend, indicating possible divergence despite some damping in later steps",0.44999999999999996,True,,2.80747652053833,5,50,True
vasp-data-files/101111100101011111100100/OSZICAR,1,50,1,"Although dE shows some oscillations, the rms(c) values show a clear overall decreasing trend from ~0.1E+02 to ~0.13E-01, indicating eventual convergence per the Expert's Tie-Breaker Rule.",0.7500000000000001,True,,2.17820143699646,7,50,True
vasp-data-files/100101000011000010011111/OSZICAR,1,50,1,"dE shows decreasing magnitude with oscillations, and rms(c) has a clear long-term downward trend despite some fluctuations, indicating eventual convergence per the Tie-Breaker Rule.",0.7500000000000001,True,,3.790154695510864,7,50,True
vasp-data-files/111001101101000111001011/OSZICAR,1,50,1,"Although dE shows oscillations, the rms(c) values show a clear long-term decreasing trend from ~0.1E+02 to ~0.385E+00, indicating eventual convergence per the Expert's Tie-Breaker Rule.",0.65,True,,3.888451337814331,6,50,True
vasp-data-files/111110000101111110100000/OSZICAR,1,50,1,"Although dE shows some oscillations in early steps, the rms(c) value steadily decreases from 0.105E+02 to 0.204E-02, showing a clear downward trend, indicating convergence according to the Expert's Tie-Breaker Rule.",0.7500000000000001,True,,2.8486762046813965,7,50,True
vasp-data-files/101001010100111110100000/OSZICAR,1,50,0,"dE oscillates with large magnitudes and rms(c) shows no clear downward trend, instead fluctuating between ~0.17-0.22E+01, indicating divergence due to lack of macro-trend in charge density residual.",0.2499999999999999,True,,2.2611098289489746,7,50,True
vasp-data-files/101001110001111010000110/OSZICAR,0,50,1,"dE shows decreasing magnitude with oscillations, and rms(c) has a clear long-term downward trend despite some fluctuations, indicating eventual convergence per the Tie-Breaker Rule.",0.7500000000000001,True,,2.3656342029571533,7,50,True
vasp-data-files/110000111011001011011101/OSZICAR,1,50,1,"dE shows decreasing magnitude with oscillations, and rms(c) has a clear long-term downward trend despite some noise, indicating eventual convergence per the Tie-Breaker Rule.",0.7500000000000001,True,,2.9599783420562744,7,50,True
vasp-data-files/111110111011101100101011/OSZICAR,1,50,1,"dE shows a clear decreasing trend towards small values, and although rms(c) has some oscillations, its overall macro-trend is decreasing, indicating eventual convergence per the Expert's Tie-Breaker Rule.",0.7500000000000001,True,,2.17302680015564,7,50,True
vasp-data-files/110110001111010100100000/OSZICAR,0,50,1,"Although dE shows oscillations, the rms(c) values show a clear long-term decreasing trend from ~1.0E+02 to ~8.9E-01, indicating eventual convergence despite noisy intermediate steps",0.65,True,,3.826630353927612,6,50,True
vasp-data-files/110110101101010111000011/OSZICAR,1,50,1,"Although dE shows oscillations, the rms(c) values show a clear long-term decreasing trend from ~0.1E+02 to ~0.3E-01, indicating eventual convergence per the Expert's Tie-Breaker Rule.",0.7500000000000001,True,,2.4245381355285645,7,50,True
vasp-data-files/110110011110111000000110/OSZICAR,0,50,0,"dE shows large oscillations and rms(c) remains stuck around 0.18-0.22E+01 with no clear downward trend, indicating divergence despite some minor fluctuations",0.2499999999999999,True,,2.92962646484375,7,50,True
vasp-data-files/101011010101111110100100/OSZICAR,1,50,1,"Although dE shows some oscillations, the rms(c) values show a clear long-term decreasing trend from ~0.1E+02 to ~0.4E-02, indicating convergence despite initial instability",0.7500000000000001,True,,2.8051836490631104,7,50,True
vasp-data-files/101101000001100010011000/OSZICAR,1,50,1,"dE shows decreasing magnitude with oscillations, and rms(c) has a clear long-term downward trend despite some noise, indicating eventual convergence per the Tie-Breaker Rule.",0.7500000000000001,True,,2.651953220367432,7,50,True
vasp-data-files/110110101100001000111110/OSZICAR,0,50,0,"dE shows large oscillations and rms(c) remains stuck around 0.19-0.20E+01 with no clear downward trend, indicating divergence despite some minor fluctuations in later steps",0.44999999999999996,True,,2.7312331199646,5,50,True
vasp-data-files/111101010101111011011000/OSZICAR,1,50,0,"dE shows large oscillations and rms(c) remains stuck around 0.17-0.21E+01 with no clear downward trend, indicating divergence despite some minor fluctuations",0.2499999999999999,True,,2.0579679012298584,7,50,True
vasp-data-files/100101110010001101011001/OSZICAR,1,50,1,"dE shows decreasing magnitude with oscillations, and rms(c) has a clear long-term downward trend despite some fluctuations, indicating eventual convergence per the Tie-Breaker Rule.",0.7500000000000001,True,,2.608837842941284,7,50,True
vasp-data-files/111111010111000011010011/OSZICAR,1,50,1,"dE decreases steadily after step 10, and although rms(c) shows some oscillations, its overall trend is decreasing, indicating eventual convergence per the Expert's Tie-Breaker Rule.",0.7500000000000001,True,,2.8027024269104004,7,50,True
vasp-data-files/100100110010000101111001/OSZICAR,1,50,1,"Although dE shows some oscillations in early steps, the rms(c) value steadily decreases from 0.106E+02 to 0.268E-02, showing a clear downward trend, indicating convergence according to the Expert's Tie-Breaker Rule.",0.7500000000000001,True,,3.1484649181365967,7,50,True
vasp-data-files/100011011011100110111001/OSZICAR,0,50,1,"Although dE shows oscillations, the rms(c) values show a clear overall decreasing trend from ~0.128E+02 to ~0.474E+00, indicating eventual convergence per the Expert's Tie-Breaker Rule.",0.65,True,,3.6804277896881104,6,50,True
vasp-data-files/111110000101001100101010/OSZICAR,1,50,0,"dE shows large oscillations and rms(c) fluctuates around ~0.6-0.7E+01 without a clear downward trend, indicating divergence despite some minor damping in later steps",0.44999999999999996,True,,3.02028751373291,5,50,True
vasp-data-files/101101010101011001000100/OSZICAR,0,50,1,"Although dE shows oscillations, the rms(c) values show a clear long-term decreasing trend from ~1.0E+02 to ~2.0E+00, indicating eventual convergence per the Expert's Tie-Breaker Rule.",0.65,True,,3.086526870727539,6,50,True
vasp-data-files/111101001101111011110000/OSZICAR,1,50,1,"Despite oscillations in dE, the rms(c) shows a clear long-term decreasing trend from ~0.1E+02 to ~0.1E-01, indicating eventual convergence per the Expert's Tie-Breaker Rule.",0.7500000000000001,True,,2.922974109649658,7,50,True
vasp-data-files/101001010001111100000000/OSZICAR,1,50,1,"dE shows decreasing magnitude with oscillations, and rms(c) has a clear long-term downward trend despite some fluctuations, indicating eventual convergence per the Tie-Breaker Rule.",0.7500000000000001,True,,2.9839508533477783,7,50,True
vasp-data-files/111010010000111010100100/OSZICAR,0,50,0,"dE shows large oscillations and rms(c) fluctuates around 0.13-0.16E+01 without a clear downward trend, indicating divergence despite some minor damping in later steps",0.44999999999999996,True,,3.175983667373657,5,50,True
vasp-data-files/101101000100011011000011/OSZICAR,1,50,1,"Although dE shows some oscillations, the rms(c) value consistently decreases from ~1.0E+02 to ~2.5E-01, showing a clear downward macro-trend indicating eventual convergence.",0.7500000000000001,True,,2.8284952640533447,7,50,True
vasp-data-files/100110010100110010111100/OSZICAR,0,50,1,"Although dE shows oscillations, the rms(c) values show a clear overall decreasing trend from ~0.1E+02 to ~0.2E+00, indicating eventual convergence per the Expert's Tie-Breaker Rule.",0.65,True,,2.2869632244110107,6,50,True
vasp-data-files/110101011111001001011011/OSZICAR,1,50,1,"Although dE shows some oscillations, the rms(c) values show a clear long-term decreasing trend from ~0.1E+02 to ~0.5E-02, indicating eventual convergence per the Expert's Tie-Breaker Rule.",0.7500000000000001,True,,3.683441400527954,7,50,True
vasp-data-files/111110000101111010100100/OSZICAR,1,50,1,"Although dE shows oscillations, the rms(c) values show a clear long-term decreasing trend from ~0.1E+02 to ~0.1E-01, indicating eventual convergence per the Expert's Tie-Breaker Rule.",0.7500000000000001,True,,3.274643898010254,7,50,True
vasp-data-files/110010111010001100010010/OSZICAR,1,50,1,"dE shows decreasing magnitude with oscillations, and rms(c) has a clear long-term downward trend despite some noise, indicating eventual convergence per the Tie-Breaker Rule.",0.7500000000000001,True,,2.531008720397949,7,50,True
vasp-data-files/101001111011100001100001/OSZICAR,0,50,0,"dE shows large oscillations and rms(c) fluctuates around ~0.5E+00 without a clear downward trend, indicating divergence despite some minor damping in later steps",0.44999999999999996,True,,1.98746395111084,5,50,True
vasp-data-files/101101110000000110000011/OSZICAR,0,50,0,"dE shows large oscillations and rms(c) fluctuates around 0.6-0.8E+00 without a clear downward trend, indicating divergence despite some minor damping in later steps",0.44999999999999996,True,,2.0545477867126465,5,50,True
vasp-data-files/110110000011010010101100/OSZICAR,1,50,1,"Although dE shows oscillations, the rms(c) values show a clear overall decreasing trend from ~0.1E+02 to ~0.65E-01, indicating eventual convergence per the Expert's Tie-Breaker Rule.",0.65,True,,3.073763370513916,6,50,True
vasp-data-files/100101001101111100001000/OSZICAR,1,50,1,"Although dE shows some oscillations in the early steps, the rms(c) value steadily decreases from 0.105E+02 to 0.196E-02, showing a clear downward trend, indicating convergence according to the Expert's Tie-Breaker Rule.",0.7500000000000001,True,,3.3687241077423096,7,50,True
vasp-data-files/111011110001110110010000/OSZICAR,0,50,0,"dE shows large oscillations and rms(c) remains stuck around 0.22E+01 with no clear downward trend, indicating divergence despite some minor fluctuations",0.2499999999999999,True,,2.07106351852417,7,50,True
vasp-data-files/101101001011001001100101/OSZICAR,0,50,1,"dE shows decreasing magnitude with oscillations, and rms(c) has a clear long-term downward trend despite some fluctuations, indicating eventual convergence per the Tie-Breaker Rule.",0.7500000000000001,True,,2.9729526042938232,7,50,True
vasp-data-files/110000010110101101010011/OSZICAR,0,50,1,"dE shows oscillations but the rms(c) value decreases from 0.106E+02 to 0.487E-01, showing a clear downward macro-trend despite noise, indicating eventual convergence per the Tie-Breaker Rule.",0.65,True,,3.222933530807495,6,50,True
vasp-data-files/111010001101110010100110/OSZICAR,0,50,0,"dE shows large oscillations and rms(c) fluctuates without a clear downward trend, indicating divergence despite some minor decreases in later steps",0.44999999999999996,True,,2.74819016456604,5,50,True
vasp-data-files/110110001001000011111111/OSZICAR,0,50,0,"dE shows large oscillations and rms(c) fluctuates without a clear downward trend, indicating divergence despite some minor decreases in later steps",0.2499999999999999,True,,2.757986545562744,7,50,True
vasp-data-files/100010110110111111110001/OSZICAR,1,50,0,"dE shows large oscillations and rms(c) fluctuates around 0.1E+00 without a clear downward trend, indicating divergence despite some minor damping in later steps",0.44999999999999996,True,,2.8467702865600586,5,50,True
vasp-data-files/101100010101110001101100/OSZICAR,0,50,1,"Although dE shows oscillations, the rms(c) values show a clear overall decreasing trend from ~0.1E+02 to ~0.1E+00, indicating eventual convergence per the Expert's Tie-Breaker Rule.",0.65,True,,3.3209524154663086,6,50,True
vasp-data-files/101100101001000101010100/OSZICAR,0,50,0,"dE shows large oscillations and rms(c) fluctuates without a clear downward trend, indicating divergence despite some minor reductions in later steps",0.44999999999999996,True,,2.3171167373657227,5,50,True
vasp-data-files/101010100000111110110001/OSZICAR,1,50,1,"Although dE shows oscillations, the rms(c) values show a clear long-term decreasing trend from ~1.0E+02 to ~9.7E-01, indicating eventual convergence per the Expert's Tie-Breaker Rule.",0.7500000000000001,True,,2.7101447582244877,7,50,True
