filepath,true_label,total_steps,final_prediction,final_confidence,final_reasoning,status,predicted_at_steps,final_api_time,num_api_calls
vasp-data-files/101001010001001101100100/OSZICAR,1,172,0.0,7.0,"rms(c) stagnates around 0.12-0.15 after step 70 with no clear downward trend, and dE shows persistent oscillations without convergence, indicating divergence per Expert Tie-Breaker Rule",Kill,100,4.273498296737671,1
vasp-data-files/111110000100010000011110/OSZICAR,1,116,,,评估到 125 步时，实际步数仅为 116，数据不足。,Insufficient_Steps,116,9.437814235687256,1
vasp-data-files/101101000101010011100011/OSZICAR,0,200,0.0,8.0,"rms(c) shows no consistent downward trend, stagnating around 0.5-1.5 after step 90 with persistent high oscillations, indicating divergence according to Expert Tie-Breaker Rule",Kill,100,3.829805850982666,1
vasp-data-files/110110100000011000100100/OSZICAR,1,105,1.0,7.0,"Despite persistent dE oscillations, rms(c) shows clear macro-trend decreasing from ~122 at step 13 to ~0.011 at step 100, following Expert Tie-Breaker Rule",Continue,100,3.602190971374512,1
vasp-data-files/110001111011001111111001/OSZICAR,1,106,1.0,7.0,"Despite dE oscillations, rms(c) shows clear macro-trend decreasing from 1.24E+02 to 1.16E-01 over 100 steps, following Expert Tie-Breaker Rule for damped oscillatory convergence",Continue,100,5.140199899673462,1
vasp-data-files/110000011100111100000000/OSZICAR,0,200,0.0,8.0,"rms(c) shows no consistent downward trend, stagnating around 1.0-1.5E+01 after 100 steps with persistent large dE oscillations, indicating divergence",Kill,100,3.6019210815429688,1
vasp-data-files/101110111010110011001111/OSZICAR,0,200,1.0,7.0,"Despite persistent dE oscillations, rms(c) shows clear macro-trend decreasing from ~125 at step 13 to ~0.22 at step 125, following the Expert's Tie-Breaker Rule for damped oscillatory convergence",Continue,125,8.43739652633667,2
vasp-data-files/101111010100110000100100/OSZICAR,0,200,1.0,7.0,"Despite persistent dE oscillations, rms(c) shows clear macro-trend decreasing from ~12.1E+00 to ~0.9E-01 over 125 steps, following the Expert's Tie-Breaker Rule for damped oscillatory convergence",Continue,125,7.824638843536377,2
vasp-data-files/111111011101110001001010/OSZICAR,1,118,,,评估到 125 步时，实际步数仅为 118，数据不足。,Insufficient_Steps,118,3.908008813858032,1
vasp-data-files/111100110011000100101100/OSZICAR,0,200,0.0,7.0,"rms(c) shows no consistent downward trend, stagnating around 0.2-0.3 after initial improvement, with dE remaining oscillatory and high, indicating divergence according to Expert Tie-Breaker Rule",Kill,125,8.060932159423828,2
vasp-data-files/111110000101010000100000/OSZICAR,0,200,0.0,7.0,"rms(c) stagnates around 1.5-1.7 after step 110 with no clear downward trend, and dE remains oscillatory with large values, indicating divergence according to Expert's Tie-Breaker Rule",Kill,125,8.123092412948608,2
vasp-data-files/101000010100011110000010/OSZICAR,1,139,1.0,7.0,"Despite persistent dE oscillations, rms(c) shows clear macro-trend decreasing from ~1.25E+02 to ~6.33E-02 over 125 steps, following Expert Tie-Breaker Rule",Continue,125,7.823168039321899,2
vasp-data-files/111000011100111110100100/OSZICAR,1,146,,,评估到 150 步时，实际步数仅为 146，数据不足。,Insufficient_Steps,146,8.437345027923584,2
vasp-data-files/100100110010001101011001/OSZICAR,0,200,1.0,7.0,"Despite persistent dE oscillations, rms(c) shows clear macro-trend of downward damping from ~1.5E+01 to ~8.5E-01 over steps 12-125, following Expert Tie-Breaker Rule",Continue,125,8.05368709564209,2
vasp-data-files/100001111010000001010101/OSZICAR,0,200,1.0,7.0,"Despite persistent dE oscillations, rms(c) shows clear macro-trend decreasing from ~1.22E+02 to ~1.44E-01 over 125 steps, following Expert Tie-Breaker Rule",Continue,125,8.43760085105896,2
vasp-data-files/100001010111110011101110/OSZICAR,0,200,0.0,8.0,"rms(c) shows no consistent downward trend, stagnating around 1.0-1.2 after step 68 with persistent high oscillations, indicating divergence despite some dE fluctuations",Kill,100,3.822939395904541,1
vasp-data-files/111100010101111011110101/OSZICAR,0,200,0.0,8.0,"rms(c) shows no consistent downward trend, stagnating around 1.0-2.2 with oscillations and no progress toward convergence thresholds",Kill,125,7.910232067108154,2
vasp-data-files/101011010100110010100100/OSZICAR,0,200,1.0,7.0,"Despite persistent dE oscillations, rms(c) shows clear macro-trend decreasing from ~100 to ~0.6 over 150 steps, following Expert Tie-Breaker Rule for damped oscillatory convergence",Continue,150,12.35093879699707,3
vasp-data-files/110100001110001101011001/OSZICAR,0,200,0.0,7.0,"rms(c) oscillates between 0.3-0.8 with no clear downward macro-trend over the last 80 steps, indicating stagnation and eventual divergence despite some dE fluctuations",Kill,100,3.918524265289306,1
vasp-data-files/100100111111011001010111/OSZICAR,0,200,0.0,8.0,"rms(c) shows no consistent downward trend, oscillating between 0.2-0.8 for over 150 steps with no progress toward convergence thresholds, indicating stagnation despite dE oscillations",Kill,175,17.076884269714355,4
vasp-data-files/100001011101111010001100/OSZICAR,0,200,0.0,8.0,"rms(c) shows no sustained downward trend, stagnating around 0.4-0.5 after initial improvement, with large oscillations and no progress in later steps indicating divergence",Kill,125,6.6977081298828125,2
vasp-data-files/101110010100111011000100/OSZICAR,1,122,1.0,7.0,"Despite persistent dE oscillations, rms(c) shows clear macro-trend decreasing from ~100 to ~0.25 over 100 steps, following Expert Tie-Breaker Rule for damped oscillatory convergence",Continue,100,3.906606674194336,1
vasp-data-files/110100001101111100101000/OSZICAR,1,110,,,评估到 125 步时，实际步数仅为 110，数据不足。,Insufficient_Steps,110,4.525967121124268,1
vasp-data-files/111100000101111100101000/OSZICAR,0,200,0.0,7.0,"rms(c) shows no consistent downward trend, stagnating around 0.3-0.7 after initial improvement, with dE oscillations persisting throughout later steps",Kill,100,4.442006587982178,1
vasp-data-files/110101101100111101010011/OSZICAR,1,140,1.0,7.0,"Despite persistent dE oscillations, rms(c) shows clear macro-trend decreasing from ~1.26E+02 to ~1.04E-01 over 125 steps, following the Expert's Tie-Breaker Rule for damped oscillatory convergence",Continue,125,8.751691341400146,2
vasp-data-files/101001110010000111111111/OSZICAR,1,114,1.0,7.0,"Despite dE oscillations, rms(c) shows clear macro-trend decreasing from ~128 to ~0.07 over 100 steps, following Expert Tie-Breaker Rule for damped oscillatory convergence",Continue,100,3.595393657684326,1
vasp-data-files/101011010111111010100100/OSZICAR,0,200,0.0,7.0,"rms(c) shows no consistent downward trend, stagnating around 0.5-0.9 after initial drop, with dE oscillations persisting throughout 125 steps indicating divergence",Kill,125,7.824099779129028,2
vasp-data-files/111110000101110010010000/OSZICAR,0,200,0.0,7.0,"rms(c) oscillates between 0.15-0.86 with no clear downward macro-trend over 100 steps, indicating stagnation and eventual divergence despite some dE fluctuations",Kill,100,3.6029610633850098,1
vasp-data-files/100001110001101111000111/OSZICAR,0,200,0.0,7.0,"rms(c) shows no consistent downward trend, oscillating between 9-14 with stagnation at high values, indicating divergence despite some dE oscillations",Kill,100,3.2921395301818848,1
vasp-data-files/101100110111111001010101/OSZICAR,0,200,0.0,7.0,"rms(c) shows no consistent downward trend, stagnating around 5-6 after initial decrease, with dE remaining high and oscillatory",Kill,100,3.6015830039978027,1
vasp-data-files/111010000101010010101110/OSZICAR,1,120,,,评估到 125 步时，实际步数仅为 120，数据不足。,Insufficient_Steps,120,4.216465950012207,1
vasp-data-files/101100010110110001010100/OSZICAR,1,188,1.0,7.0,"Despite persistent dE oscillations, rms(c) shows clear macro-trend decreasing from ~26.6 at step 32 to ~2.1 at step 125, following the Expert's Tie-Breaker Rule for damped oscillatory convergence",Continue,125,10.51252794265747,2
vasp-data-files/111010001000000111111000/OSZICAR,0,200,0.0,8.0,"rms(c) shows no consistent downward trend, stagnating around 1.0E+01 after 100 steps with persistent large oscillations, indicating divergence according to Expert Tie-Breaker Rule",Kill,100,3.9040660858154297,1
vasp-data-files/110100011100111100100000/OSZICAR,0,200,0.0,7.0,"rms(c) shows no consistent downward trend, stagnating around 1.0E+01 after initial fluctuations, indicating divergence according to Expert's Tie-Breaker Rule",Kill,100,3.6067848205566406,1
vasp-data-files/111110001100010000111110/OSZICAR,1,191,0.0,8.0,"rms(c) stagnates at ~23 after step 83 with no downward trend, dE shows persistent oscillations, violating the Expert Tie-Breaker Rule",Kill,100,3.906254291534424,1
vasp-data-files/100000110100111111010001/OSZICAR,1,184,0.0,7.0,"rms(c) oscillates between 0.5-1.1 without sustained downward trend, showing stagnation at high values despite some dE oscillations",Kill,100,3.2932300567626958,1
vasp-data-files/101110000001100001100001/OSZICAR,0,200,0.0,8.0,"rms(c) shows no consistent downward trend, stagnating around 2.0-3.6 with no macro-decrease over 100 steps, indicating divergence despite some dE oscillations",Kill,100,4.523293495178223,1
vasp-data-files/111101000101011101110000/OSZICAR,0,200,0.0,7.0,"rms(c) shows no consistent downward trend, oscillating between 0.9-1.1 in final steps with no progress toward convergence thresholds",Kill,125,7.515033006668091,2
vasp-data-files/101111000100111010100011/OSZICAR,1,109,,,评估到 125 步时，实际步数仅为 109，数据不足。,Insufficient_Steps,109,5.854078531265259,1
vasp-data-files/110101100010001010011111/OSZICAR,0,200,0.0,8.0,"rms(c) shows no consistent downward trend, stagnating around 8-9 after initial fluctuations, with dE remaining large and oscillatory throughout",Kill,100,3.726300477981568,1
vasp-data-files/100001010110001011010101/OSZICAR,1,105,1.0,7.0,"Despite persistent dE oscillations, rms(c) shows clear macro-trend decreasing from ~100 to ~0.02 over 100 steps, following Expert Tie-Breaker Rule for damped oscillatory convergence",Continue,100,3.909782648086548,1
vasp-data-files/110010001001100111111001/OSZICAR,1,110,1.0,7.0,"Despite persistent dE oscillations, rms(c) shows clear macro-trend decreasing from ~1.2E+01 to ~7.9E-02 over 100 steps, following Expert Tie-Breaker Rule for damped oscillatory convergence",Continue,100,3.600534677505493,1
vasp-data-files/111111001000011110110001/OSZICAR,1,181,1.0,7.0,"Despite persistent dE oscillations, rms(c) shows clear macro-trend decreasing from ~125 at step 13 to ~0.09 at step 100, following Expert Tie-Breaker Rule for damped oscillatory convergence",Continue,100,4.523517608642578,1
vasp-data-files/100001111101001011011111/OSZICAR,1,102,1.0,7.0,"Despite persistent dE oscillations, rms(c) shows clear macro-trend decreasing from ~100 to ~0.02 over 100 steps, following Expert Tie-Breaker Rule for damped oscillatory convergence",Continue,100,3.981488943099976,1
vasp-data-files/101100110110100100000001/OSZICAR,1,180,0.0,7.0,"rms(c) oscillates between 0.85-1.5 with no sustained downward trend, showing stagnation at high values despite some temporary dips, indicating divergence according to Expert Tie-Breaker Rule",Kill,100,3.8360536098480233,1
vasp-data-files/100110100101011100100000/OSZICAR,1,116,1.0,7.0,"Despite persistent dE oscillations, rms(c) shows clear macro-trend decreasing from 1.24E+02 to 3.90E-02 over 100 steps, following Expert Tie-Breaker Rule",Continue,100,3.9074838161468506,1
vasp-data-files/100011011101001010011111/OSZICAR,1,186,0.0,8.0,"rms(c) shows no consistent downward trend, stagnating around 6-20 with oscillations and no overall decrease over 100 steps, indicating divergence despite some dE fluctuations",Kill,100,3.907961845397949,1
vasp-data-files/111011110001111110010000/OSZICAR,0,200,0.0,7.0,"rms(c) oscillates between 0.1-0.15 with no clear downward trend in later steps (steps 80-100), indicating stagnation despite some dE fluctuations",Kill,100,3.6632533073425293,1
vasp-data-files/101001101101011010111100/OSZICAR,1,102,1.0,7.0,"Despite persistent dE oscillations, rms(c) shows clear macro-trend decreasing from 1.23E+02 to 1.64E-02 over 100 steps, following Expert Tie-Breaker Rule",Continue,100,3.9045681953430176,1
vasp-data-files/111011010100100010111110/OSZICAR,1,105,1.0,7.0,"Despite persistent dE oscillations, rms(c) shows clear macro-trend decreasing from 125E+01 to 102E-02 over 88 steps, following Expert Tie-Breaker Rule for damped oscillatory convergence",Continue,100,4.522054672241211,1
vasp-data-files/100100001001101001001001/OSZICAR,0,200,0.0,7.0,"rms(c) oscillates between 0.37-1.05 with no sustained downward trend over 100 steps, indicating stagnation and divergence despite some dE oscillations",Kill,100,3.60205078125,1
vasp-data-files/111100001100111110100000/OSZICAR,0,200,1.0,7.0,"Despite persistent dE oscillations, rms(c) shows clear macro-trend decreasing from ~1.2E+01 to ~8.5E-01 over 150 steps, following Expert Tie-Breaker Rule for damped oscillatory convergence",Continue,150,12.043791055679321,3
vasp-data-files/101011110110111110100101/OSZICAR,0,200,0.0,8.0,"rms(c) shows no consistent downward trend, stagnating around 1.3-3.3 with no macro-decrease, while dE oscillates with large magnitudes",Kill,100,3.907986879348755,1
vasp-data-files/111111000101000100110110/OSZICAR,1,131,1.0,7.0,"Despite persistent dE oscillations, rms(c) shows clear macro-trend decreasing from ~16.0 to ~0.44 over 100 steps, following Expert Tie-Breaker Rule for damped oscillatory convergence",Continue,100,4.214577674865723,1
vasp-data-files/111100000001111110100000/OSZICAR,1,144,1.0,7.0,"Despite dE oscillations, rms(c) shows clear macro-trend decreasing from 1.22E+02 to 5.36E-01 over 100 steps, following Expert Tie-Breaker Rule",Continue,100,3.3963921070098877,1
vasp-data-files/101011010010111110100000/OSZICAR,1,184,1.0,7.0,"Despite persistent dE oscillations, rms(c) shows clear macro-trend decreasing from ~100 to ~0.86 over 125 steps, following Expert Tie-Breaker Rule for damped oscillatory convergence",Continue,125,8.333498477935791,2
vasp-data-files/100100010111111000000110/OSZICAR,0,200,1.0,7.0,"Despite persistent dE oscillations, rms(c) shows clear macro-trend decreasing from ~1.22E+02 at step 13 to ~1.14E-01 at step 197, following Expert Tie-Breaker Rule",Continue,200,21.102099895477295,5
vasp-data-files/101100010100110000110100/OSZICAR,0,200,0.0,7.0,"rms(c) shows no consistent downward trend, stagnating around 1.0E+01 with oscillations, indicating divergence despite some dE fluctuations",Kill,100,3.599480390548706,1
vasp-data-files/111011110010110010101010/OSZICAR,0,200,0.0,8.0,"rms(c) shows no consistent downward trend, stagnating around 1.0E+01 to 4.1E+01 with oscillations and no clear damping, indicating divergence according to Expert Tie-Breaker Rule",Kill,100,4.21505880355835,1
vasp-data-files/111110000101010010101110/OSZICAR,0,200,1.0,7.0,"Despite persistent dE oscillations, rms(c) shows clear macro-trend decrease from ~100 to ~0.1 over 125 steps, following Expert Tie-Breaker Rule for damped oscillatory convergence",Continue,125,7.824648380279541,2
vasp-data-files/110010100101011101000011/OSZICAR,0,200,0.0,7.0,"rms(c) shows no consistent downward trend, stagnating around 0.1-0.2 after step 57 with oscillations and no progress toward convergence thresholds",Kill,100,3.906442403793335,1
vasp-data-files/110000111110100001010011/OSZICAR,0,200,0.0,7.0,"rms(c) shows no consistent downward trend, stagnating around 0.15-0.33 with oscillations and ending at 0.333E+00, while dE remains high and oscillatory throughout",Kill,100,4.521156072616577,1
vasp-data-files/110011111101000001111111/OSZICAR,0,200,1.0,7.0,"Despite persistent dE oscillations, rms(c) shows clear macro-trend decreasing from ~100 to ~0.26 over 175 steps, following Expert Tie-Breaker Rule for damped oscillatory convergence",Continue,175,15.038497686386108,4
vasp-data-files/101011110000011111011000/OSZICAR,0,200,1.0,7.0,"Despite persistent dE oscillations, rms(c) shows clear macro-trend decreasing from ~1.06E+02 to ~3.21E-01 over 125 steps, following Expert Tie-Breaker Rule",Continue,125,8.7428560256958,2
vasp-data-files/101100000101110011000000/OSZICAR,0,200,0.0,8.0,"rms(c) shows no consistent downward trend, stagnating around 0.7-1.0 after initial decrease, with dE remaining large and oscillatory throughout",Kill,100,3.9070379734039307,1
vasp-data-files/101011010101010010110110/OSZICAR,0,200,0.0,8.0,"rms(c) shows no consistent downward trend, stagnating around 10-14 after initial decrease, with dE remaining large and oscillatory",Kill,100,3.9079911708831787,1
vasp-data-files/111110100100111000100000/OSZICAR,1,103,1.0,8.0,"Despite significant dE oscillations throughout, rms(c) shows clear macro-trend decreasing from ~100 to 0.013 over 100 steps, following Expert Tie-Breaker Rule for damped oscillatory convergence",Continue,100,4.213171005249023,1
vasp-data-files/111110000100010010111110/OSZICAR,1,155,1.0,7.0,"Despite persistent dE oscillations, rms(c) shows clear macro-trend decreasing from ~100 to ~0.4 over 125 steps, following Expert Tie-Breaker Rule for damped oscillatory convergence",Continue,125,8.130231857299805,2
vasp-data-files/101001011100111101100000/OSZICAR,0,200,1.0,7.0,"Despite persistent dE oscillations, rms(c) shows clear macro-trend decreasing from ~12.3 at step 13 to ~2.17 at step 125, following Expert Tie-Breaker Rule for damped oscillatory convergence",Continue,125,13.358912467956543,2
vasp-data-files/111100000101010110100001/OSZICAR,1,144,0.0,7.0,"rms(c) shows no consistent downward trend, stagnating around 0.2-0.5 after step 90 with persistent oscillations, indicating divergence according to Expert Tie-Breaker Rule",Kill,125,8.427262783050537,2
vasp-data-files/100011011111001001011111/OSZICAR,1,131,1.0,7.0,"Despite persistent dE oscillations, rms(c) shows clear macro-trend decreasing from ~1.22E+02 to ~1.49E-02 over 125 steps, following Expert Tie-Breaker Rule",Continue,125,8.437458753585815,2
vasp-data-files/111010011011110010101000/OSZICAR,0,200,1.0,7.0,"Despite persistent dE oscillations, rms(c) shows clear macro-trend downward from ~125 at step 13 to ~0.145 at step 125, following the Expert's Tie-Breaker Rule for damped oscillatory convergence",Continue,125,8.436603784561157,2
vasp-data-files/100110010100110000011100/OSZICAR,1,131,1.0,7.0,"Despite persistent dE oscillations, rms(c) shows clear macro-trend decreasing from ~1.22E+02 to ~5.06E-01 over 100 steps, following Expert Tie-Breaker Rule",Continue,100,3.915621042251587,1
vasp-data-files/111001111011111010000110/OSZICAR,0,200,0.0,8.0,"rms(c) shows no consistent downward trend, oscillating between 1-3 without sustained improvement, indicating stagnation and eventual divergence despite some dE fluctuations",Kill,100,3.5927886962890625,1
vasp-data-files/100100110101100001011111/OSZICAR,1,131,,,评估到 150 步时，实际步数仅为 131，数据不足。,Insufficient_Steps,131,7.5148584842681885,2
vasp-data-files/100101001000001110011001/OSZICAR,1,157,1.0,7.0,"Despite persistent dE oscillations, rms(c) shows clear macro-trend decreasing from ~1.05E+02 at step 12 to ~3.75E-01 at step 100, following the Expert Tie-Breaker Rule for eventual convergence",Continue,100,4.750112295150757,1
vasp-data-files/111001010110111000010000/OSZICAR,1,102,,,评估到 125 步时，实际步数仅为 102，数据不足。,Insufficient_Steps,102,4.214874744415283,1
vasp-data-files/111001111111011110011110/OSZICAR,0,200,1.0,7.0,"Despite persistent dE oscillations, rms(c) shows clear macro-trend decreasing from ~12.7 to ~0.9 over 125 steps, following Expert Tie-Breaker Rule for damped oscillatory convergence",Continue,125,7.129088878631592,2
vasp-data-files/100111111001010011101101/OSZICAR,0,200,0.0,8.0,"rms(c) shows no consistent downward trend, stagnating around 0.9-1.0 after step 90 with persistent high oscillations, indicating divergence according to Expert Tie-Breaker Rule",Kill,100,3.9081456661224365,1
vasp-data-files/110010111000111100000000/OSZICAR,1,136,1.0,7.0,"Despite persistent dE oscillations, rms(c) shows clear macro-trend decreasing from ~1.21E+01 to ~2.17E-01 over 125 steps, following the Expert's Tie-Breaker Rule for damped oscillatory convergence",Continue,125,7.820147514343262,2
vasp-data-files/101101010101110011010100/OSZICAR,0,200,0.0,7.0,"rms(c) oscillates between 0.5-1.45 with no clear downward macro-trend over 100 steps, indicating stagnation and divergence despite some dE fluctuations",Kill,100,4.215131998062134,1
vasp-data-files/101011010101110010100100/OSZICAR,0,200,0.0,7.0,"rms(c) shows no consistent downward trend, stagnating around 0.3-0.9 after step 99 with persistent high oscillations, indicating divergence despite some dE fluctuations",Kill,100,4.21513295173645,1
vasp-data-files/100011110111011010011111/OSZICAR,1,116,,,评估到 125 步时，实际步数仅为 116，数据不足。,Insufficient_Steps,116,3.9070990085601807,1
vasp-data-files/101101011101111011011100/OSZICAR,0,200,0.0,8.0,"rms(c) stagnates at ~1.2 with no decreasing trend after step 90, violating the Expert Tie-Breaker Rule despite some dE oscillation damping",Kill,100,3.8293535709381104,1
vasp-data-files/110100000111000100101000/OSZICAR,0,200,0.0,7.0,"rms(c) stagnates around 1.0E+00 after step 82 with no overall downward trend, and dE shows persistent oscillations without convergence",Kill,100,4.520961761474609,1
vasp-data-files/111100011101110000010101/OSZICAR,0,200,0.0,7.0,"rms(c) shows no consistent downward trend, stagnating around 1.0-1.9 with oscillations, indicating divergence despite some energy fluctuations",Kill,100,4.111816883087158,1
vasp-data-files/101010010100111010000100/OSZICAR,0,200,1.0,7.0,"Despite persistent dE oscillations, rms(c) shows clear macro-trend decreasing from ~17.6 at step 33 to ~1.01 at step 100, following the Expert Tie-Breaker Rule for damped oscillatory convergence",Continue,100,4.932576894760132,1
vasp-data-files/111100111100111110010000/OSZICAR,0,200,0.0,7.0,"rms(c) oscillates between 1.6-5.5 with no clear downward macro-trend over 100 steps, indicating stagnation and divergence despite some dE fluctuations",Kill,100,3.9060230255126953,1
vasp-data-files/101111100101111000100000/OSZICAR,1,100,1.0,7.0,"Despite dE oscillations in later steps, rms(c) shows clear macro-trend decreasing from ~10.5 to ~0.138 over steps 12-99, following Expert Tie-Breaker Rule for damped oscillatory convergence",Continue,100,4.522857666015625,1
vasp-data-files/101101000101011100000000/OSZICAR,0,200,1.0,7.0,"Despite persistent dE oscillations, rms(c) shows clear macro-trend decreasing from ~120 at step 12 to ~0.53 at step 125, following Expert Tie-Breaker Rule for damped oscillatory convergence",Continue,125,7.820203542709351,2
vasp-data-files/110001001100001101110101/OSZICAR,0,200,0.0,7.0,"rms(c) oscillates between 9-21 with no sustained downward trend, stagnating around 10-12 in final steps, indicating divergence per Expert Tie-Breaker Rule",Kill,100,3.912168502807617,1
vasp-data-files/101100001100111110000000/OSZICAR,0,200,1.0,7.0,"Despite persistent dE oscillations, rms(c) shows clear macro-trend decreasing from ~18.2 at step 25 to ~0.7 at step 125, following Expert Tie-Breaker Rule",Continue,125,8.123470783233643,2
vasp-data-files/111110000100010000111110/OSZICAR,0,200,0.0,7.0,"rms(c) stagnates around 0.1-0.15 after step 100 with no clear downward trend, and dE continues oscillating without reaching convergence thresholds, indicating divergence per Expert Tie-Breaker Rule",Kill,125,8.128282070159912,2
vasp-data-files/100101001100010000001100/OSZICAR,1,165,1.0,7.0,"Despite persistent dE oscillations, rms(c) shows clear macro-trend decreasing from ~1.2E+02 to ~4E-01 over 100 steps, following Expert Tie-Breaker Rule for damped oscillatory convergence",Continue,100,4.213913440704346,1
vasp-data-files/100010001001111100101001/OSZICAR,1,176,1.0,7.0,"Despite persistent dE oscillations, rms(c) shows clear macro-trend decreasing from ~20 to ~0.26 over 150 steps, following Expert Tie-Breaker Rule for damped oscillatory convergence",Continue,150,11.737137079238892,3
vasp-data-files/100101101101101011001111/OSZICAR,0,200,1.0,7.0,"Despite persistent dE oscillations, rms(c) shows clear macro-trend decreasing from ~12.6 at step 13 to ~1.1 at step 125, following the Expert's Tie-Breaker Rule for damped oscillatory convergence",Continue,125,8.127622365951538,2
vasp-data-files/101100010101110001000100/OSZICAR,1,186,1.0,7.0,"Despite dE oscillations, rms(c) shows clear macro-trend decreasing from ~129 at step 13 to ~0.588 at step 100, following Expert Tie-Breaker Rule for damped oscillatory convergence",Continue,100,4.213982105255127,1
vasp-data-files/110110100101001100111100/OSZICAR,1,136,1.0,7.0,"Despite persistent dE oscillations, rms(c) shows clear macro-trend decreasing from ~1.26E+01 to ~2.46E-01 over 125 steps, following Expert Tie-Breaker Rule",Continue,125,8.129450798034668,2
vasp-data-files/100011110011111010000110/OSZICAR,1,141,0.0,7.0,"rms(c) shows no consistent downward trend, stagnating around 0.2-0.5 after initial improvement, with dE remaining oscillatory and high",Kill,100,3.59946346282959,1
vasp-data-files/110100111100111101010011/OSZICAR,0,200,0.0,7.0,"rms(c) oscillates between 6-28 with no consistent downward trend, stagnating around 6-7 in final steps despite dE oscillations",Kill,100,3.2924556732177734,1
vasp-data-files/101001001100111011000101/OSZICAR,1,117,,,评估到 125 步时，实际步数仅为 117，数据不足。,Insufficient_Steps,117,4.213631629943848,1
vasp-data-files/110100110001110001011001/OSZICAR,0,200,0.0,7.0,"rms(c) stagnates around 1.0E+00 with no clear downward trend after 175 steps, following Expert Tie-Breaker Rule for divergence despite some dE oscillations",Kill,175,18.029017448425293,4
vasp-data-files/111010110000111110010000/OSZICAR,0,200,0.0,7.0,"rms(c) shows no consistent downward trend, oscillating between 0.8-1.6 without meaningful reduction over 100 steps, indicating stagnation and divergence according to Expert's Tie-Breaker Rule",Kill,100,3.907508134841919,1
vasp-data-files/101100000100111110000000/OSZICAR,0,200,0.0,7.0,"rms(c) oscillates between 5-12 with no clear downward macro-trend over 100 steps, indicating stagnation and divergence despite some dE fluctuations",Kill,100,3.9031224250793457,1
vasp-data-files/100001011111111001010111/OSZICAR,0,200,0.0,7.0,"rms(c) shows no consistent downward trend, oscillating between 0.8-1.1 in later steps with no progress toward convergence thresholds, indicating stagnation despite some dE fluctuations",Kill,150,12.352938652038574,3
vasp-data-files/111110001100010010111111/OSZICAR,0,200,0.0,7.0,"rms(c) shows no consistent downward trend, stagnating around 0.4-0.5 after initial improvement, with dE remaining oscillatory and high",Kill,100,4.2148356437683105,1
vasp-data-files/110000000011100101010001/OSZICAR,0,200,0.0,7.0,"rms(c) oscillates between 0.2-0.4 without clear downward trend in final 50 steps, dE remains high with persistent oscillations, indicating stagnation per Expert Tie-Breaker Rule",Kill,100,3.9047579765319824,1
vasp-data-files/111100000101111100100000/OSZICAR,1,138,1.0,7.0,"Despite persistent dE oscillations, rms(c) shows clear macro-trend decreasing from 1.22E+02 at step 13 to 3.98E-01 at step 100, following the Expert's Tie-Breaker Rule for damped oscillatory convergence",Continue,100,4.519918918609619,1
vasp-data-files/100011110011111010100110/OSZICAR,1,144,0.0,7.0,"rms(c) stagnates at high values (2.8-2.9) in final steps with no decreasing trend, despite dE becoming small, indicating divergence according to Expert Tie-Breaker Rule",Kill,100,4.213469505310059,1
vasp-data-files/111110110101110100110100/OSZICAR,0,200,0.0,7.0,"rms(c) shows no consistent downward trend, stagnating around 0.15-0.31 after step 30 with persistent oscillations, indicating divergence according to Expert Tie-Breaker Rule",Kill,100,3.2936580181121826,1
vasp-data-files/100111001111010100101000/OSZICAR,0,200,1.0,7.0,"Despite persistent dE oscillations, rms(c) shows clear macro-trend decreasing from ~20 to ~3 over 100 steps, following Expert Tie-Breaker Rule for damped oscillatory convergence",Continue,100,3.601092576980591,1
vasp-data-files/101100000101010001101100/OSZICAR,1,142,1.0,7.0,"Despite persistent dE oscillations, rms(c) shows clear macro-trend decreasing from ~1.0E+02 to ~1.0E-01 over 125 steps, following Expert Tie-Breaker Rule",Continue,125,7.8178300857543945,2
vasp-data-files/101100010101110000111100/OSZICAR,1,107,,,评估到 125 步时，实际步数仅为 107，数据不足。,Insufficient_Steps,107,3.7034313678741455,1
vasp-data-files/110101000101000011111110/OSZICAR,1,149,1.0,7.0,"Despite persistent dE oscillations, rms(c) shows clear macro-trend decreasing from ~12.5 to ~0.22 over 100+ steps, following the Expert's Tie-Breaker Rule for damped oscillatory convergence",Continue,125,8.561007499694824,2
vasp-data-files/101101000101111100000000/OSZICAR,1,102,,,评估到 125 步时，实际步数仅为 102，数据不足。,Insufficient_Steps,102,4.211808919906616,1
vasp-data-files/110001111110110011011111/OSZICAR,0,200,0.0,8.0,"rms(c) shows no consistent downward trend, stagnating around 0.9-1.3E+01 after initial fluctuations, with dE remaining large and oscillatory throughout",Kill,100,3.215357542037964,1
vasp-data-files/101110001110011101010011/OSZICAR,0,200,1.0,7.0,"Despite persistent dE oscillations, rms(c) shows clear macro-trend decreasing from ~1.3E+01 to ~4.5E-01 over 125 steps, following Expert Tie-Breaker Rule for damped oscillatory convergence",Continue,125,9.049475193023682,2
vasp-data-files/110000011100011000001011/OSZICAR,1,131,1.0,7.0,"Despite persistent dE oscillations, rms(c) shows clear macro-trend decreasing from ~1.24E+02 to ~1.12E-01 over 125 steps, following Expert Tie-Breaker Rule",Continue,125,8.434386730194092,2
vasp-data-files/101000001110001111010111/OSZICAR,1,125,1.0,7.0,"Despite persistent dE oscillations, rms(c) shows clear macro-trend decreasing from ~1.21E+02 to ~6.33E-02 over 125 steps, following Expert Tie-Breaker Rule",Continue,125,8.127722263336182,2
vasp-data-files/101111100000000011101101/OSZICAR,0,200,0.0,7.0,"rms(c) shows no consistent downward trend, stagnating around 1-3 after step 12 with persistent oscillations, indicating divergence despite some dE fluctuations",Kill,100,3.908396005630493,1
vasp-data-files/110110001000011100100000/OSZICAR,1,122,,,评估到 125 步时，实际步数仅为 122，数据不足。,Insufficient_Steps,122,4.209818124771118,1
vasp-data-files/100001010110011010010010/OSZICAR,1,165,1.0,7.0,"Despite persistent dE oscillations, rms(c) shows clear macro-trend decreasing from ~1.0E+02 to ~3.5E-01 over 125 steps, following Expert Tie-Breaker Rule for damped oscillatory convergence",Continue,125,8.97042441368103,2
vasp-data-files/101001010101000011001101/OSZICAR,1,154,1.0,7.0,"Despite persistent dE oscillations, rms(c) shows clear macro-trend decreasing from ~12.6 at step 36 to ~1.36 at step 100, following Expert Tie-Breaker Rule for damped oscillatory convergence",Continue,100,4.827977180480957,1
vasp-data-files/111101010111011110011110/OSZICAR,1,109,,,评估到 125 步时，实际步数仅为 109，数据不足。,Insufficient_Steps,109,3.5990676879882812,1
vasp-data-files/101100000101010000110100/OSZICAR,0,200,0.0,8.0,"rms(c) stagnates at ~0.19-0.20 after step 108 with no decreasing trend, dE remains oscillatory, matching divergence pattern where charge residual fails to improve",Kill,125,7.127001047134399,2
vasp-data-files/100010010110001011010101/OSZICAR,0,200,0.0,7.0,"rms(c) oscillates between 0.19E-01 and 0.75E-01 in final 50 steps with no consistent downward trend, indicating stagnation despite dE oscillations",Kill,100,4.521952390670776,1
vasp-data-files/101101000101111110100101/OSZICAR,0,200,1.0,7.0,"Despite persistent dE oscillations, rms(c) shows clear macro-trend decreasing from ~12.6 at step 35 to ~2.8 at step 150, following Expert Tie-Breaker Rule",Continue,150,12.347497940063477,3
vasp-data-files/110001000011001111101110/OSZICAR,0,200,0.0,7.0,"rms(c) shows no consistent downward trend, stagnating around 5-22 with oscillations and no overall improvement, indicating divergence despite some dE fluctuations",Kill,100,3.9067463874816895,1
vasp-data-files/101000111000110101100100/OSZICAR,1,102,1.0,7.0,"Despite persistent dE oscillations, rms(c) shows clear macro-trend decreasing from ~1.23E+02 to ~1.43E-01 over 100 steps, following Expert Tie-Breaker Rule",Continue,100,3.5987823009490967,1
vasp-data-files/111110001100111010101000/OSZICAR,0,200,1.0,7.0,"Despite persistent dE oscillations, rms(c) shows clear macro-trend decreasing from ~1.2E+02 to ~4.8E-01 over 200 steps, following Expert Tie-Breaker Rule for damped oscillatory convergence",Continue,200,51.209877252578735,5
vasp-data-files/101010010101111010100110/OSZICAR,1,171,0.0,7.0,"rms(c) shows no consistent downward trend, stagnating around 6-7 after initial decrease from ~12, with dE remaining large and oscillatory",Kill,100,9.741852760314941,1
vasp-data-files/101001110011110001100110/OSZICAR,1,180,0.0,7.0,"rms(c) shows no consistent downward trend, stagnating around 0.3-0.5 after step 40 with persistent oscillations, while dE remains oscillatory without reaching convergence thresholds",Kill,100,8.8215913772583,1
vasp-data-files/101110000101110011000100/OSZICAR,1,186,1.0,7.0,"Despite significant dE oscillations throughout, rms(c) shows clear macro-trend decreasing from ~23.5 at step 50 to ~0.38 at step 150, following the Expert's Tie-Breaker Rule for damped oscillatory convergence",Continue,150,16.956534385681152,3
vasp-data-files/110111100001000100111111/OSZICAR,1,160,1.0,7.0,"Despite persistent dE oscillations, rms(c) shows clear macro-trend decreasing from ~100 to ~0.04 over 150 steps, following Expert Tie-Breaker Rule for damped oscillatory convergence",Continue,150,18.801979303359985,3
vasp-data-files/111110000100110000100000/OSZICAR,0,200,0.0,7.0,"rms(c) shows no consistent downward trend, oscillating between 0.5-1.25 without meaningful reduction over last 50 steps, indicating stagnation and divergence despite some dE fluctuations",Kill,100,3.5989246368408203,1
vasp-data-files/101011010101011011011110/OSZICAR,0,200,0.0,7.0,"rms(c) stagnates around 0.26-0.27 for the last 20+ steps with no clear downward trend, and dE continues to oscillate significantly, indicating divergence per Expert Tie-Breaker Rule",Kill,125,8.125970840454102,2
vasp-data-files/101010101001110001011110/OSZICAR,1,122,,,评估到 125 步时，实际步数仅为 122，数据不足。,Insufficient_Steps,122,3.9063549041748047,1
vasp-data-files/100001010100111010100000/OSZICAR,1,146,1.0,7.0,"Despite persistent dE oscillations, rms(c) shows clear macro-trend decreasing from ~1.24E+02 to ~1.06E-01 over 125 steps, following Expert Tie-Breaker Rule",Continue,125,7.434406042098999,2
vasp-data-files/111101011101000110100110/OSZICAR,0,200,0.0,8.0,"rms(c) shows no consistent downward trend, stagnating around 1.5-1.9 after initial fluctuations, indicating divergence despite some dE oscillations",Kill,100,3.2913565635681152,1
vasp-data-files/110100001001001111000001/OSZICAR,0,200,0.0,7.0,"rms(c) oscillates between 1.5-3.2 with no sustained downward trend over 100 steps, indicating stagnation and failure to converge despite dE oscillations",Kill,100,3.9061968326568604,1
vasp-data-files/111100100000110110111001/OSZICAR,1,157,1.0,7.0,"Despite persistent dE oscillations, rms(c) shows clear macro-trend decreasing from ~120 to ~0.09 over 125 steps, following the Expert's Tie-Breaker Rule for damped oscillatory convergence",Continue,125,7.206338882446289,2
vasp-data-files/101111000110011100100100/OSZICAR,0,200,0.0,7.0,"rms(c) shows no consistent downward trend, oscillating between 0.3-1.1 without meaningful reduction over 125 steps, indicating stagnation and divergence despite some dE oscillations",Kill,125,8.127103805541992,2
vasp-data-files/100110011100000111011100/OSZICAR,0,200,1.0,6.0,"Large dE oscillations persist but rms(c) shows clear downward macro-trend from ~100 to ~0.2 over 200 steps, following Expert Tie-Breaker Rule for eventual convergence despite noise",Unresolved_MaxSteps,200,19.257137775421143,5
vasp-data-files/101111001000100011010111/OSZICAR,1,102,1.0,7.0,"Despite persistent dE oscillations, rms(c) shows clear macro-trend decreasing from 1.23E+02 to 6.49E-03 over 100 steps, following Expert Tie-Breaker Rule for damped oscillatory convergence",Continue,100,3.905588150024414,1
vasp-data-files/100001111100010010011110/OSZICAR,1,148,1.0,7.0,"Despite persistent dE oscillations, rms(c) shows clear macro-trend decreasing from ~1.2E+01 to ~3.0E-01 over 125 steps, following Expert Tie-Breaker Rule for damped oscillatory convergence",Continue,125,7.2049925327301025,2
vasp-data-files/110000111011001111011011/OSZICAR,0,200,0.0,7.0,"rms(c) shows no consistent downward trend, oscillating between 0.5-1.3 without meaningful reduction over many iterations, indicating stagnation despite some dE oscillations",Kill,125,7.512534856796265,2
vasp-data-files/101011110000111111101101/OSZICAR,1,124,,,评估到 125 步时，实际步数仅为 124，数据不足。,Insufficient_Steps,124,4.216720819473267,1
vasp-data-files/111110001101110001100000/OSZICAR,0,200,1.0,6.0,"Large dE oscillations persist but rms(c) shows clear downward macro-trend from ~100 to ~0.2-0.6 range over 200 steps, following Expert Tie-Breaker Rule for damped oscillatory convergence",Unresolved_MaxSteps,200,23.476481914520264,5
vasp-data-files/111010101111100011110111/OSZICAR,1,119,,,评估到 125 步时，实际步数仅为 119，数据不足。,Insufficient_Steps,119,3.9051640033721924,1
vasp-data-files/111110001100010000101110/OSZICAR,1,116,,,评估到 125 步时，实际步数仅为 116，数据不足。,Insufficient_Steps,116,3.83272385597229,1
vasp-data-files/111110000000111100100000/OSZICAR,1,155,0.0,7.0,"rms(c) stagnates around 0.1-0.4 after step 40 with no sustained downward trend, and dE continues oscillating without reaching convergence thresholds, indicating divergence per Expert Tie-Breaker Rule",Kill,125,8.350602626800537,2
vasp-data-files/110101101100011001010011/OSZICAR,1,156,0.0,7.0,"rms(c) shows no consistent downward trend, oscillating between 0.3-1.4 without sustained decrease, indicating stagnation and divergence despite some dE oscillations",Kill,100,3.904918670654297,1
vasp-data-files/101110101100010000111110/OSZICAR,0,200,0.0,7.0,"rms(c) shows no consistent downward trend, stagnating around 6-11 after initial decrease, with dE remaining large and oscillatory",Kill,100,3.5977485179901123,1
vasp-data-files/110110101000101111100011/OSZICAR,1,197,0.0,7.0,"rms(c) oscillates between 0.9-1.9 with no clear downward macro-trend over 100 steps, indicating stagnation and divergence despite some dE fluctuations",Kill,100,4.51961088180542,1
vasp-data-files/100001111100010010111110/OSZICAR,1,194,1.0,7.0,"Despite persistent dE oscillations, rms(c) shows clear macro-trend decreasing from ~120 to ~0.1-0.8 range with overall downward damping, following Expert Tie-Breaker Rule",Continue,125,8.441648960113525,2
vasp-data-files/101101000100011010011110/OSZICAR,1,102,1.0,7.0,"Despite persistent dE oscillations, rms(c) shows clear macro-trend decreasing from ~100 to ~0.02 over 100 steps, following Expert Tie-Breaker Rule for damped oscillatory convergence",Continue,100,3.898749351501465,1
vasp-data-files/100001000101111011011110/OSZICAR,1,100,1.0,7.0,"Despite persistent dE oscillations, rms(c) shows clear macro-trend decreasing from ~1.0E+02 to ~1.0E-02 over 100 steps, following Expert Tie-Breaker Rule for damped oscillatory convergence",Continue,100,9.741576910018921,1
vasp-data-files/100010111000111100100101/OSZICAR,1,145,1.0,7.0,"Despite persistent dE oscillations, rms(c) shows clear macro-trend decreasing from ~100 to ~0.6 over the calculation, following the Expert's Tie-Breaker Rule for damped oscillatory convergence",Continue,125,7.51246190071106,2
vasp-data-files/111110000100111010101010/OSZICAR,1,141,,,评估到 150 步时，实际步数仅为 141，数据不足。,Insufficient_Steps,141,7.513572931289673,2
vasp-data-files/100010111011110101000001/OSZICAR,0,200,0.0,7.0,"rms(c) shows no consistent downward trend, stagnating around 0.9-1.6 with oscillations, indicating divergence according to Expert Tie-Breaker Rule",Kill,100,4.13188624382019,1
vasp-data-files/111110000000111000100100/OSZICAR,0,200,0.0,8.0,"rms(c) shows no consistent downward trend, stagnating around 1.5-4.6 with oscillations and no overall improvement over 100 steps, indicating divergence per Expert Tie-Breaker Rule",Kill,100,3.9056267738342285,1
vasp-data-files/100011111110010010011110/OSZICAR,1,170,0.0,7.0,"rms(c) stagnates around 0.7-1.1 after step 30 with no clear downward macro-trend, and dE continues oscillating significantly",Kill,100,3.907003402709961,1
vasp-data-files/101101000100001011000011/OSZICAR,1,168,0.0,8.0,"rms(c) shows no consistent downward trend, stagnating around 2.5-3.7 for most steps with only brief dips, indicating divergence according to Expert Tie-Breaker Rule",Kill,100,3.9030966758728027,1
vasp-data-files/110110101111001101111100/OSZICAR,0,200,1.0,7.0,"Despite persistent dE oscillations, rms(c) shows clear macro-trend decreasing from ~129 at step 13 to ~0.38 at step 100, following Expert Tie-Breaker Rule for damped oscillatory convergence",Continue,100,4.520522594451904,1
vasp-data-files/101001001111110111100101/OSZICAR,1,101,1.0,7.0,"Despite persistent dE oscillations, rms(c) shows clear macro-trend decreasing from ~120 to ~0.009 over 100 steps, following Expert Tie-Breaker Rule for damped oscillatory convergence",Continue,100,3.9059925079345703,1
vasp-data-files/110100101100101110100011/OSZICAR,1,141,0.0,8.0,"rms(c) shows no consistent downward trend, stagnating around 0.15-0.25 after step 70 with no further improvement, indicating divergence despite some dE oscillations",Kill,125,39.46065664291382,2
vasp-data-files/110110000011010000111100/OSZICAR,1,126,0.0,7.0,"rms(c) oscillates between 0.15-0.55 without sustained downward trend, dE remains high with persistent oscillations, indicating stagnation per Expert Tie-Breaker Rule",Kill,125,8.125777244567871,2
vasp-data-files/110011110100000011011101/OSZICAR,1,131,,,评估到 150 步时，实际步数仅为 131，数据不足。,Insufficient_Steps,131,8.743598937988281,2
vasp-data-files/111100001101111010100000/OSZICAR,0,200,0.0,8.0,"rms(c) shows no consistent downward trend, oscillating between 1.0-3.2 with final values around 1.2, indicating stagnation and failure to converge",Kill,100,3.8303961753845215,1
vasp-data-files/101010001100011000000111/OSZICAR,1,105,1.0,7.0,"Despite persistent dE oscillations, rms(c) shows clear macro-trend decreasing from ~1.15E+01 at step 15 to ~6.62E-01 at step 100, following Expert Tie-Breaker Rule for damped oscillatory convergence",Continue,100,4.8223042488098145,1
vasp-data-files/111010010100011100100010/OSZICAR,1,130,1.0,7.0,"Despite persistent dE oscillations, rms(c) shows clear macro-trend decreasing from ~1.22E+02 to ~9.39E-02 over 125 steps, following the Expert's Tie-Breaker Rule for damped oscillatory convergence",Continue,125,8.739914178848267,2
vasp-data-files/101001010101011110100000/OSZICAR,1,131,0.0,7.0,"rms(c) stagnates around 0.5 after step 40 with no clear downward macro-trend, and dE continues oscillating without reaching convergence thresholds",Kill,100,3.288994073867798,1
vasp-data-files/101001011100111010100010/OSZICAR,0,200,0.0,7.0,"rms(c) shows no consistent downward trend, oscillating between 1.4E+01 and 2.8E+01 with final values around 8.5E+00, while dE remains persistently large with wild oscillations, indicating stagnation and divergence",Kill,100,3.906343936920166,1
vasp-data-files/101011011110100110110110/OSZICAR,1,116,1.0,7.0,"Despite persistent dE oscillations, rms(c) shows clear macro-trend decreasing from ~128 at step 13 to ~0.132 at step 100, following Expert Tie-Breaker Rule",Continue,100,4.212372541427612,1
vasp-data-files/101000010111100101110111/OSZICAR,0,200,0.0,8.0,"rms(c) shows no consistent downward trend, stagnating around 1.3-2.3 with oscillations and no net decrease over 100 steps, indicating divergence per Expert Tie-Breaker Rule",Kill,100,4.211069583892822,1
vasp-data-files/110110101000111110101001/OSZICAR,1,127,0.0,7.0,"rms(c) shows no consistent downward trend, oscillating between 0.1-5.2 with final values around 2.2, indicating stagnation and divergence according to Expert Tie-Breaker Rule",Kill,100,4.211676597595215,1
vasp-data-files/100100010110111000000110/OSZICAR,1,103,1.0,7.0,"Despite persistent dE oscillations, rms(c) shows clear macro-trend decreasing from ~100 to ~0.01 over 100 steps, following the Expert Tie-Breaker Rule for damped oscillatory convergence",Continue,100,4.519904613494873,1
vasp-data-files/101001111100100011011111/OSZICAR,1,111,,,评估到 125 步时，实际步数仅为 111，数据不足。,Insufficient_Steps,111,3.8031938076019287,1
vasp-data-files/100001111101001001011111/OSZICAR,0,200,0.0,8.0,"rms(c) shows no consistent downward trend after step 40, oscillating between 0.1-0.5 and stagnating around 0.2 in final steps, indicating divergence despite some dE oscillations",Kill,100,4.236362457275391,1
vasp-data-files/100110100000001100111101/OSZICAR,0,200,0.0,8.0,"rms(c) shows no consistent downward trend, oscillating between 1.0-2.5 without sustained decrease, indicating stagnation and divergence despite some dE fluctuations",Kill,100,3.59633469581604,1
vasp-data-files/101101000101000010111110/OSZICAR,0,200,0.0,7.0,"rms(c) oscillates between 0.5-1.8 with no clear downward macro-trend over 100 steps, indicating stagnation and eventual divergence despite some local decreases",Kill,100,3.5980167388916016,1
vasp-data-files/110111101101001000111100/OSZICAR,1,148,0.0,7.0,"rms(c) stagnates around 0.24-0.35 after step 40 with no clear downward macro-trend, and dE shows persistent oscillations without convergence to small values",Kill,100,3.602722644805908,1
vasp-data-files/101101000101000011101101/OSZICAR,0,200,0.0,8.0,"rms(c) shows no consistent downward trend, oscillating between 0.5-1.3 with no net improvement over 125 steps, indicating stagnation and divergence according to Expert Tie-Breaker Rule",Kill,125,7.506350517272949,2
vasp-data-files/111110010001110000111000/OSZICAR,1,156,1.0,7.0,"Despite persistent dE oscillations, rms(c) shows clear macro-trend decreasing from ~100 to ~0.3 over 100 steps, following Expert Tie-Breaker Rule for damped oscillatory convergence",Continue,100,3.901899814605713,1
vasp-data-files/110110100100001100111100/OSZICAR,1,127,0.0,7.0,"rms(c) shows no consistent downward trend, stagnating around 0.1-0.3 after step 30 with persistent oscillations, indicating divergence despite some dE fluctuations",Kill,100,33.70561933517456,1
vasp-data-files/101001010101111010100100/OSZICAR,1,138,0.0,7.0,"rms(c) shows no consistent downward trend, stagnating around 0.12 after step 50 with persistent oscillations, indicating divergence according to Expert Tie-Breaker Rule",Kill,100,4.2115478515625,1
vasp-data-files/101000010110110001010100/OSZICAR,0,200,0.0,8.0,"rms(c) shows no consistent downward trend, stagnating around 1.5-2.8 with no macro-decrease, while dE exhibits persistent large oscillations indicating divergence",Kill,100,3.5990004539489746,1
vasp-data-files/111000011111001011010011/OSZICAR,0,200,0.0,7.0,"rms(c) shows no consistent downward trend, oscillating between 0.1-0.6 without sustained improvement over many iterations, indicating stagnation and eventual divergence",Kill,100,3.90431809425354,1
vasp-data-files/110110111001001000110010/OSZICAR,1,117,1.0,7.0,"Despite persistent dE oscillations, rms(c) shows clear macro-trend decreasing from ~15.0 at step 40 to ~1.55 at step 100, following Expert Tie-Breaker Rule",Continue,100,3.9022576808929443,1
vasp-data-files/111100000101010100100001/OSZICAR,1,151,1.0,7.0,"Despite persistent dE oscillations, rms(c) shows clear macro-trend decreasing from ~100 to ~0.45 over 125 steps, following Expert Tie-Breaker Rule for damped oscillatory convergence",Continue,125,8.126364707946777,2
vasp-data-files/101011011100110010010111/OSZICAR,0,200,0.0,7.0,"rms(c) shows no consistent downward trend, stagnating around 0.5-0.8 after step 93 with persistent high oscillations, indicating divergence according to Expert Tie-Breaker Rule",Kill,100,3.5984768867492676,1
vasp-data-files/111011100111011111010111/OSZICAR,1,126,1.0,7.0,"Despite persistent dE oscillations, rms(c) shows clear macro-trend decreasing from ~1.2E+01 to ~2.8E-01 over 125 steps, following Expert Tie-Breaker Rule",Continue,125,7.20421290397644,2
vasp-data-files/111001010111111000010000/OSZICAR,0,200,1.0,6.0,"Large dE oscillations persist but rms(c) shows clear downward macro-trend from ~120 at step 13 to ~0.2 at step 120, following Expert Tie-Breaker Rule for damped convergence despite noise",Unresolved_MaxSteps,200,18.640276193618774,5
vasp-data-files/100010001111111111111010/OSZICAR,0,200,0.0,8.0,"rms(c) shows no consistent downward trend, stagnating around 1.5-2.1 with oscillations and no overall improvement, while dE remains persistently high with large fluctuations",Kill,100,3.5954761505126953,1
vasp-data-files/100010101011000001011111/OSZICAR,0,200,1.0,7.0,"Despite persistent dE oscillations, rms(c) shows clear macro-trend decreasing from ~1.22E+02 to ~8.41E-01 over 125 steps, following Expert Tie-Breaker Rule for damped oscillatory convergence",Continue,125,8.434144735336304,2
vasp-data-files/101100000101100111000000/OSZICAR,1,107,1.0,7.0,"Despite dE oscillations, rms(c) shows clear macro-trend decreasing from ~1.22E+02 to ~4.40E-02 over 100 steps, following Expert Tie-Breaker Rule for damped oscillatory convergence",Continue,100,4.210299968719482,1
vasp-data-files/101111001100010010100010/OSZICAR,1,124,1.0,7.0,"Despite persistent dE oscillations, rms(c) shows clear macro-trend decreasing from ~1.24E+02 to ~3.27E-01 over 100 steps, following Expert Tie-Breaker Rule",Continue,100,3.597187042236328,1
vasp-data-files/101111010101001111101011/OSZICAR,1,115,,,评估到 125 步时，实际步数仅为 115，数据不足。,Insufficient_Steps,115,4.522769927978516,1
vasp-data-files/100000010111101001010111/OSZICAR,0,200,0.0,7.0,"rms(c) shows no consistent downward trend, oscillating between 0.4-1.2 in later steps with no progress below 0.4, indicating stagnation despite some dE oscillations",Kill,100,3.8215949535369873,1
vasp-data-files/111010101001110101110100/OSZICAR,1,104,1.0,7.0,"Despite persistent dE oscillations, rms(c) shows clear macro-trend decreasing from ~126 at step 13 to ~0.022 at step 100, following Expert Tie-Breaker Rule",Continue,100,3.9027020931243896,1
vasp-data-files/110000101010001110011011/OSZICAR,0,200,0.0,7.0,"rms(c) oscillates between 0.3-0.6 without sustained downward trend after step 50, indicating stagnation per Expert Tie-Breaker Rule",Kill,100,3.9062929153442383,1
vasp-data-files/101011010101000010111110/OSZICAR,0,200,0.0,8.0,"rms(c) shows no consistent downward trend, stagnating around 1-3E+01 with oscillations, indicating divergence according to Expert Tie-Breaker Rule",Kill,100,3.595741033554077,1
vasp-data-files/111100000101110000100000/OSZICAR,1,102,,,评估到 125 步时，实际步数仅为 102，数据不足。,Insufficient_Steps,102,4.210294246673584,1
vasp-data-files/101111100101000010111111/OSZICAR,0,200,0.0,8.0,"rms(c) shows no consistent downward trend, stagnating around 1.0-3.5E+01 with persistent high oscillations, indicating divergence according to Expert Tie-Breaker Rule",Kill,100,4.130922317504883,1
vasp-data-files/101001110101111010010110/OSZICAR,1,115,1.0,7.0,"Despite persistent dE oscillations, rms(c) shows clear macro-trend decreasing from ~100 to ~0.1 over 100 steps, following Expert Tie-Breaker Rule for damped oscillatory convergence",Continue,100,4.212364196777344,1
vasp-data-files/110100111100111101010001/OSZICAR,1,140,1.0,7.0,"Despite persistent dE oscillations, rms(c) shows clear macro-trend decreasing from ~12.5 at step 13 to ~0.3 at step 100, following Expert Tie-Breaker Rule for damped oscillatory convergence",Continue,100,4.2112743854522705,1
vasp-data-files/101101001101001101000111/OSZICAR,0,200,0.0,7.0,"rms(c) shows no consistent downward trend, oscillating between 0.3-4.4 without sustained improvement, indicating stagnation despite some dE fluctuations",Kill,125,7.81789493560791,2
vasp-data-files/101011110000111110100101/OSZICAR,1,133,1.0,7.0,"Despite persistent dE oscillations, rms(c) shows clear macro-trend decreasing from ~12.6 at step 13 to ~0.28 at step 100, following Expert Tie-Breaker Rule",Continue,100,4.212004899978638,1
vasp-data-files/111110110101000101010101/OSZICAR,0,200,0.0,7.0,"rms(c) shows no consistent downward trend, stagnating around 0.1-0.3 after initial improvement, with dE remaining oscillatory and high, indicating divergence per Expert Tie-Breaker Rule",Kill,100,4.209906339645386,1
vasp-data-files/100111001011101101101000/OSZICAR,0,200,0.0,8.0,"rms(c) shows no consistent downward trend, stagnating around 1.0-1.3 after initial decrease, with dE remaining large and oscillatory",Kill,100,3.2900876998901367,1
vasp-data-files/101011110101111010011110/OSZICAR,1,160,0.0,7.0,"rms(c) stagnates around 0.1-0.12 after step 100 with no clear downward trend, despite dE oscillations, indicating divergence per Expert Tie-Breaker Rule",Kill,125,7.510392665863037,2
vasp-data-files/100101011111111001001100/OSZICAR,0,200,0.0,8.0,"rms(c) shows no consistent downward trend, stagnating around 0.1-0.7 after initial improvement, with dE remaining oscillatory and high, indicating divergence according to Expert Tie-Breaker Rule",Kill,125,8.431851625442505,2
vasp-data-files/101000010101000011010111/OSZICAR,0,200,0.0,8.0,"rms(c) shows no consistent downward trend, stagnating around 0.1-0.4 after step 30 with large oscillations up to 1.0, indicating divergence despite some dE fluctuations",Kill,175,15.645947694778442,4
vasp-data-files/101010010100111110100100/OSZICAR,1,175,0.0,8.0,"rms(c) shows no consistent downward trend, stagnating around 1.5-3.5 with oscillations and no overall improvement over 125 steps, indicating divergence per Expert Tie-Breaker Rule",Kill,125,7.5119194984436035,2
vasp-data-files/100110010111000000110001/OSZICAR,0,200,0.0,7.0,"rms(c) shows no consistent downward trend, oscillating between 0.2-1.2 without meaningful reduction over 125 steps, indicating stagnation and divergence according to Expert Tie-Breaker Rule",Kill,125,6.897299289703369,2
vasp-data-files/100111000001000011111011/OSZICAR,0,200,0.0,7.0,"rms(c) shows no consistent downward trend, oscillating between 0.4-1.1E+01 without sustained improvement, indicating stagnation and divergence despite some dE fluctuations",Kill,125,17.953487634658813,2
vasp-data-files/101110001101010111010001/OSZICAR,0,200,0.0,7.0,"rms(c) shows no consistent downward trend, stagnating around 0.2-0.25 after step 95 with dE remaining oscillatory, indicating divergence per Expert Tie-Breaker Rule",Kill,100,4.211960315704346,1
vasp-data-files/110100110101111101010001/OSZICAR,0,200,0.0,7.0,"rms(c) shows no consistent downward trend, stagnating around 0.3-0.6 after step 25 with occasional spikes to 1.6, indicating failure to converge despite dE oscillations",Kill,100,4.824886798858643,1
vasp-data-files/100110100011001101111000/OSZICAR,1,156,1.0,7.0,"Despite persistent dE oscillations, rms(c) shows clear macro-trend decreasing from ~100 to ~0.3 over 100 steps, following Expert Tie-Breaker Rule for damped oscillatory convergence",Continue,100,4.21013617515564,1
vasp-data-files/100010110100110000110000/OSZICAR,0,200,1.0,7.0,"Despite persistent dE oscillations, rms(c) shows clear macro-trend decreasing from ~15.8 at step 60 to ~0.1 at step 125, following Expert Tie-Breaker Rule",Continue,125,7.510585308074951,2
vasp-data-files/101011000101010010111110/OSZICAR,0,200,0.0,8.0,"rms(c) shows no consistent downward trend, stagnating around 1.0-3.0 with oscillations and no overall improvement, indicating divergence despite some dE fluctuations",Kill,100,4.211169242858887,1
vasp-data-files/110001110110000110011100/OSZICAR,0,200,0.0,8.0,"rms(c) shows no consistent downward trend, stagnating around 1.0-1.5 with oscillations and no overall improvement over many iterations, indicating divergence per Expert Tie-Breaker Rule",Kill,100,3.2935843467712402,1
vasp-data-files/100010001001111100101000/OSZICAR,1,141,1.0,7.0,"Despite persistent dE oscillations, rms(c) shows clear macro-trend decreasing from ~1.24E+02 to ~3.32E-01 over 100 steps, following Expert Tie-Breaker Rule for damped oscillatory convergence",Continue,100,4.205985069274902,1
vasp-data-files/111111000110000110111010/OSZICAR,0,200,0.0,7.0,"rms(c) shows no consistent downward trend, oscillating between 6-16 with stagnation around 9-13 in later steps, indicating divergence despite some dE oscillations",Kill,100,3.900376796722412,1
vasp-data-files/100101000001000011011111/OSZICAR,1,115,1.0,7.0,"Despite persistent dE oscillations, rms(c) shows clear macro-trend decreasing from ~100 to ~0.08 over 100 steps, following Expert Tie-Breaker Rule for damped oscillatory convergence",Continue,100,3.599470853805542,1
vasp-data-files/101001010111000011111111/OSZICAR,1,152,1.0,7.0,"Despite persistent dE oscillations, rms(c) shows clear macro-trend decreasing from ~12.3 at step 13 to ~0.39 at step 125, following Expert Tie-Breaker Rule",Continue,125,7.509614944458008,2
vasp-data-files/101010000111110111100101/OSZICAR,0,200,0.0,8.0,"rms(c) shows no consistent downward trend, stagnating around 1.0E+01 after 100 steps with persistent oscillations, indicating divergence according to Expert Tie-Breaker Rule",Kill,100,3.594879627227783,1
vasp-data-files/100010111000111100100000/OSZICAR,1,112,,,评估到 125 步时，实际步数仅为 112，数据不足。,Insufficient_Steps,112,4.211500406265259,1
vasp-data-files/100000001110110011111111/OSZICAR,1,103,1.0,7.0,"Despite persistent dE oscillations, rms(c) shows clear macro-trend decreasing from ~122 at step 13 to 0.016 at step 100, following Expert Tie-Breaker Rule",Continue,100,4.13109564781189,1
vasp-data-files/110100000101010001010010/OSZICAR,0,200,0.0,7.0,"rms(c) oscillates between 0.5-1.2 without sustained downward trend, stagnating around 0.58-0.59 in final steps despite dE becoming small",Kill,125,8.1257905960083,2
vasp-data-files/111101010100111110110000/OSZICAR,0,200,0.0,7.0,"rms(c) oscillates between 1.3-3.9 with no clear downward macro-trend over 100 steps, indicating stagnation and divergence despite dE oscillations",Kill,100,3.9036519527435303,1
vasp-data-files/100001110101100011010111/OSZICAR,0,200,1.0,7.0,"Despite persistent dE oscillations, rms(c) shows clear macro-trend decreasing from ~120 to ~9.3 over 175 steps, following the Expert's Tie-Breaker Rule for damped oscillatory convergence",Continue,175,16.56726574897766,4
vasp-data-files/100010110010001110111111/OSZICAR,1,170,1.0,7.0,"Despite persistent dE oscillations, rms(c) shows clear macro-trend decreasing from ~1.24E+01 to ~3.50E-01 over 125 steps, following Expert Tie-Breaker Rule",Continue,125,8.437250137329102,2
vasp-data-files/110100001000111000000001/OSZICAR,1,121,0.0,8.0,"rms(c) shows no consistent downward trend, oscillating between 0.1-1.0 with final values around 0.4-1.0, indicating stagnation and divergence despite some dE oscillations",Kill,100,3.59189772605896,1
vasp-data-files/110110101010110000110001/OSZICAR,0,200,0.0,7.0,"rms(c) shows no consistent downward trend, oscillating between 0.18-0.85 without sustained improvement, indicating stagnation despite dE oscillations",Kill,125,7.200295925140381,2
vasp-data-files/100010010011000001111110/OSZICAR,1,126,1.0,7.0,"Despite persistent dE oscillations, rms(c) shows clear macro-trend decreasing from ~100 to ~0.01 over 100 steps, following Expert Tie-Breaker Rule for damped oscillatory convergence",Continue,100,3.9034745693206787,1
vasp-data-files/110110001010000111111001/OSZICAR,0,200,0.0,7.0,"rms(c) oscillates between 0.1-0.4 without sustained downward trend, showing stagnation at high values despite dE oscillations",Kill,125,6.897111654281616,2
vasp-data-files/101001111110111111000001/OSZICAR,0,200,0.0,8.0,"rms(c) shows no consistent downward trend, stagnating around 1.0-2.5 with large oscillations and no progress toward convergence thresholds, while dE remains persistently high",Kill,100,3.9027233123779297,1
vasp-data-files/101001010001000010111110/OSZICAR,1,161,1.0,7.0,"Despite persistent dE oscillations, rms(c) shows clear macro-trend decreasing from ~12 to ~0.76 over 125 steps, following Expert Tie-Breaker Rule for damped oscillatory convergence",Continue,125,6.901206731796265,2
vasp-data-files/101001010101111110100101/OSZICAR,0,200,1.0,7.0,"Despite persistent dE oscillations, rms(c) shows clear macro-trend decreasing from ~126 at step 13 to ~0.35-0.55 in final steps, following Expert Tie-Breaker Rule for damped oscillatory convergence",Continue,200,20.168535470962524,5
vasp-data-files/110111001100011100101000/OSZICAR,0,200,1.0,6.0,"Large dE oscillations persist but rms(c) shows clear macro-trend downward from ~100 to ~0.5 over 200 steps, following Expert Tie-Breaker Rule for eventual convergence despite noise",Unresolved_MaxSteps,200,21.40315318107605,5
vasp-data-files/111101001101111100100000/OSZICAR,1,135,0.0,7.0,"rms(c) stagnates around 0.1-0.14 after step 70 with no clear downward trend, and dE shows persistent oscillations without convergence, indicating divergence per Expert Tie-Breaker Rule",Kill,100,4.516334056854248,1
vasp-data-files/110100001110001101111001/OSZICAR,1,109,,,评估到 125 步时，实际步数仅为 109，数据不足。,Insufficient_Steps,109,3.902230739593506,1
vasp-data-files/101001011100111100100000/OSZICAR,1,127,1.0,7.0,"Despite persistent dE oscillations, rms(c) shows clear macro-trend decreasing from ~12.2 at step 13 to ~0.115 at step 100, following the Expert Tie-Breaker Rule for damped oscillatory convergence",Continue,100,4.13176155090332,1
vasp-data-files/110101111100111101010011/OSZICAR,0,200,1.0,7.0,"Despite persistent dE oscillations, rms(c) shows clear macro-trend decrease from ~22 to ~0.7 over 150 steps, following Expert Tie-Breaker Rule for damped oscillatory convergence",Continue,150,12.344934463500977,3
vasp-data-files/111100011110000110000001/OSZICAR,0,200,0.0,8.0,"rms(c) shows no consistent downward trend, stagnating around 1.2-1.5E+01 in final steps with persistent large dE oscillations indicating divergence",Kill,100,3.9040067195892334,1
vasp-data-files/101001010101110011100111/OSZICAR,0,200,0.0,7.0,"rms(c) oscillates between 0.3-1.2 with no sustained downward trend over 125 steps, indicating stagnation and failure to converge despite dE oscillations",Kill,125,8.124967575073242,2
vasp-data-files/101101110001000000000110/OSZICAR,0,200,0.0,7.0,"rms(c) stagnates around 1.1-1.2 after step 100 with no clear downward trend, dE oscillations persist, violating the Expert's Tie-Breaker Rule",Kill,125,6.894999027252197,2
vasp-data-files/111101000001110000101000/OSZICAR,0,200,0.0,7.0,"rms(c) shows no overall decreasing trend after step 40, stagnating around 0.2-0.3 with no sustained improvement, indicating divergence despite some dE oscillations",Kill,100,9.738207578659058,1
vasp-data-files/111100100000110111110001/OSZICAR,1,106,,,评估到 125 步时，实际步数仅为 106，数据不足。,Insufficient_Steps,106,10.045710802078247,1
vasp-data-files/110110000111000011111111/OSZICAR,1,145,1.0,7.0,"Despite persistent dE oscillations, rms(c) shows clear macro-trend decreasing from ~100 to ~0.19 over 125 steps, following the Expert's Tie-Breaker Rule for damped oscillatory convergence",Continue,125,8.660514116287231,2
vasp-data-files/100011010011000001101110/OSZICAR,0,200,0.0,8.0,"rms(c) shows no consistent downward trend, stagnating around 1.5-2.5E+01 with no meaningful reduction over many iterations, indicating divergence despite some dE oscillations",Kill,100,4.517179489135742,1
vasp-data-files/100110101010000101011001/OSZICAR,1,123,,,评估到 125 步时，实际步数仅为 123，数据不足。,Insufficient_Steps,123,4.2092509269714355,1
vasp-data-files/110010010011000001111101/OSZICAR,0,200,1.0,7.0,"Despite persistent dE oscillations, rms(c) shows clear macro-trend decreasing from ~1.05E+02 to ~7.62E-01 over 125 steps, following Expert Tie-Breaker Rule",Continue,125,8.665642023086548,2
vasp-data-files/100000011111111011000100/OSZICAR,0,200,0.0,7.0,"rms(c) shows no consistent downward trend, stagnating around 0.1-0.15 after step 60 with persistent oscillations, indicating divergence according to Expert Tie-Breaker Rule",Kill,100,3.901599884033203,1
vasp-data-files/101001011101100011010111/OSZICAR,1,104,1.0,7.0,"Despite persistent dE oscillations, rms(c) shows clear macro-trend decreasing from ~1.5E+01 to ~1.0E-02 over 100 steps, following the Expert Tie-Breaker Rule for damped oscillatory convergence",Continue,100,4.1014697551727295,1
vasp-data-files/101101000101000011011111/OSZICAR,0,200,0.0,7.0,"rms(c) shows no consistent downward trend, stagnating around 2.0-2.8 after initial improvement, with dE oscillations persisting throughout - violates the Expert Tie-Breaker Rule",Kill,100,5.242172956466675,1
vasp-data-files/110100010111000101000001/OSZICAR,0,200,0.0,7.0,"rms(c) stagnates around 1.7-2.5 after step 110 with no clear downward trend, and dE shows persistent large oscillations, indicating divergence according to Expert Tie-Breaker Rule",Kill,125,18.867249011993408,2
vasp-data-files/100110010111000001110001/OSZICAR,1,107,,,评估到 125 步时，实际步数仅为 107，数据不足。,Insufficient_Steps,107,4.21522331237793,1
vasp-data-files/111111010001011000100000/OSZICAR,1,110,,,评估到 125 步时，实际步数仅为 110，数据不足。,Insufficient_Steps,110,3.8195509910583496,1
vasp-data-files/111110001100110001101110/OSZICAR,1,133,1.0,7.0,"Despite persistent dE oscillations, rms(c) shows clear macro-trend decreasing from ~12.4 at step 13 to ~0.0188 at step 125, following the Expert's Tie-Breaker Rule for damped oscillatory convergence",Continue,125,7.12458348274231,2
vasp-data-files/100001110100101101010001/OSZICAR,1,196,0.0,7.0,"rms(c) shows no consistent downward trend, stagnating around 1.3-1.5 after initial improvement, with dE remaining large and oscillatory",Kill,100,3.901291847229004,1
vasp-data-files/111100001101110010101000/OSZICAR,1,124,,,评估到 125 步时，实际步数仅为 124，数据不足。,Insufficient_Steps,124,4.521474838256836,1
vasp-data-files/101101000100111010000000/OSZICAR,1,176,1.0,7.0,"Despite persistent dE oscillations, rms(c) shows clear macro-trend decreasing from ~1.05E+02 to ~2.44E-01 over 125 steps, following Expert Tie-Breaker Rule for damped oscillatory convergence",Continue,125,7.731842517852783,2
vasp-data-files/101001010000111010100110/OSZICAR,1,101,1.0,7.0,"Despite persistent dE oscillations, rms(c) shows clear macro-trend decreasing from 1.24E+02 to 1.75E-02 over 100 steps, following Expert Tie-Breaker Rule",Continue,100,4.51664924621582,1
vasp-data-files/111010001100011101110110/OSZICAR,1,143,1.0,7.0,"Despite persistent dE oscillations, rms(c) shows clear macro-trend decreasing from ~1.25E+02 to ~2.54E-01 over 125 steps, following Expert Tie-Breaker Rule",Continue,125,13.653769493103027,2
vasp-data-files/111101000101110000101100/OSZICAR,1,135,0.0,7.0,"rms(c) stagnates around 0.5-0.8 after initial improvement, showing no clear downward macro-trend in later steps despite dE oscillations",Kill,100,3.287496328353882,1
vasp-data-files/100100001111001001011101/OSZICAR,1,111,1.0,7.0,"Despite persistent dE oscillations, rms(c) shows clear macro-trend decreasing from ~1.5E+00 at step 60 to ~1.05E-01 at step 100, following the Expert's Tie-Breaker Rule for damped oscillatory convergence",Continue,100,4.516268730163574,1
vasp-data-files/100100010101110010111100/OSZICAR,0,200,1.0,7.0,"Despite persistent dE oscillations, rms(c) shows clear macro-trend decreasing from ~1.6E+01 to ~4.9E-01 over 100 steps, following Expert Tie-Breaker Rule",Continue,100,10.046297788619995,1
vasp-data-files/111001111011000001110101/OSZICAR,1,127,1.0,7.0,"Despite persistent dE oscillations, rms(c) shows clear macro-trend decreasing from ~1.2E+02 to ~1.2E-01 over 125 steps, following Expert Tie-Breaker Rule for damped oscillatory convergence",Continue,125,12.117555141448975,2
vasp-data-files/100100001110000101111111/OSZICAR,0,200,0.0,7.0,"rms(c) shows no consistent downward trend, oscillating between 0.1-1.2 without sustained improvement, indicating stagnation and divergence despite some dE fluctuations",Kill,100,3.5933637619018555,1
vasp-data-files/101100010110111010000011/OSZICAR,1,181,0.0,7.0,"rms(c) oscillates between 0.3-1.1 with no clear downward macro-trend over 100 steps, indicating stagnation and divergence despite some dE fluctuations",Kill,100,3.906524181365967,1
vasp-data-files/101111100100111011100011/OSZICAR,1,161,1.0,7.0,"Despite persistent dE oscillations, rms(c) shows clear macro-trend decreasing from ~12.4 to ~0.35 over 125 steps, following the Expert's Tie-Breaker Rule for damped oscillatory convergence",Continue,125,7.197336912155151,2
vasp-data-files/101111001011100011100001/OSZICAR,1,175,1.0,7.0,"Despite persistent dE oscillations, rms(c) shows clear macro-trend decreasing from ~1.2E+01 to ~2.3E-01 over 150 steps, following Expert Tie-Breaker Rule",Continue,150,12.036598920822144,3
vasp-data-files/100010010101100100100000/OSZICAR,0,200,0.0,8.0,"rms(c) shows no consistent downward trend, stagnating around 2.0-3.0 for most steps with no meaningful reduction, indicating divergence despite some dE oscillations",Kill,100,3.9016828536987305,1
vasp-data-files/110110101001100101011011/OSZICAR,1,110,1.0,7.0,"Despite persistent dE oscillations, rms(c) shows clear macro-trend decreasing from 125E+01 at step 13 to 339E-02 at step 100, following Expert Tie-Breaker Rule for damped oscillatory convergence",Continue,100,10.047903060913086,1
vasp-data-files/110010101011000001111111/OSZICAR,0,200,0.0,7.0,"rms(c) shows no consistent downward trend, oscillating between 0.6-2.2 without meaningful reduction over 125 steps, indicating stagnation despite dE oscillations",Kill,125,21.023141384124756,2
vasp-data-files/111110101111000011110101/OSZICAR,0,200,0.0,7.0,"rms(c) shows no consistent downward trend, stagnating around 0.1-0.2 after initial improvement, with dE oscillations persisting throughout - violates Expert's Tie-Breaker Rule",Kill,125,13.653313398361206,2
vasp-data-files/100110001111000001111111/OSZICAR,1,103,1.0,7.0,"Despite persistent dE oscillations, rms(c) shows clear macro-trend decreasing from ~1.27E+02 to ~1.70E-02 over 100 steps, following Expert Tie-Breaker Rule for damped oscillatory convergence",Continue,100,4.210160970687866,1
vasp-data-files/100000111001001001011111/OSZICAR,1,137,0.0,7.0,"rms(c) stagnates around 0.6-0.8 after initial decrease, showing no clear downward macro-trend in later steps (50-100), while dE continues oscillating significantly",Kill,100,4.208410263061523,1
vasp-data-files/111110010100111110100100/OSZICAR,1,197,1.0,7.0,"Despite persistent dE oscillations, rms(c) shows clear macro-trend decreasing from ~1.27E+02 to ~2.52E-01 over 125 steps, following Expert Tie-Breaker Rule for damped oscillatory convergence",Continue,125,8.127667427062988,2
vasp-data-files/111100001100111100100000/OSZICAR,0,200,0.0,7.0,"rms(c) stagnates around 0.6-0.8 after step 82 with no clear downward macro-trend, and dE continues to show persistent oscillations without reaching convergence thresholds",Kill,100,3.588165283203125,1
vasp-data-files/110100001111100001000011/OSZICAR,0,200,0.0,7.0,"rms(c) shows no consistent downward trend, stagnating around 6-20 with oscillations and no overall improvement, indicating divergence despite some dE fluctuations",Kill,100,3.2874062061309814,1
vasp-data-files/110010111011101011000111/OSZICAR,1,123,1.0,7.0,"Despite persistent dE oscillations, rms(c) shows clear macro-trend decreasing from ~100 to ~0.09 over 100 steps, following Expert Tie-Breaker Rule for damped oscillatory convergence",Continue,100,3.59615421295166,1
vasp-data-files/111110000101011000101000/OSZICAR,1,116,1.0,7.0,"Despite persistent dE oscillations, rms(c) shows clear macro-trend decreasing from ~1.23E+02 at step 13 to 1.78E-01 at step 100, following Expert Tie-Breaker Rule",Continue,100,3.900089740753174,1
vasp-data-files/111101000101111111100100/OSZICAR,0,200,0.0,7.0,"rms(c) shows no consistent downward trend, oscillating between 0.6-1.8E+01 with final values at 1.8E+01, indicating stagnation and divergence despite some dE oscillations",Kill,100,4.209094285964966,1
vasp-data-files/111110001011100010101001/OSZICAR,0,200,0.0,8.0,"rms(c) shows no consistent downward trend, stagnating around 2-5 after initial fluctuations, with dE remaining large and oscillatory throughout the calculation",Kill,175,16.570591688156128,4
vasp-data-files/110100101111001001011101/OSZICAR,0,200,0.0,7.0,"rms(c) oscillates between 0.2-0.7 without clear downward trend after step 40, dE remains high with persistent oscillations, indicating stagnation per Expert Tie-Breaker Rule",Kill,100,4.2054762840271,1
vasp-data-files/110110101000001110101011/OSZICAR,1,175,1.0,7.0,"Despite persistent dE oscillations, rms(c) shows clear macro-trend decreasing from ~12.3 to ~0.81 over 100 steps, following Expert Tie-Breaker Rule for damped oscillatory convergence",Continue,100,3.9014573097229004,1
vasp-data-files/111110001010000110111001/OSZICAR,0,200,0.0,7.0,"rms(c) stagnates around 0.2-0.3 after step 100 with no clear downward trend, and dE remains oscillatory with no convergence to small values",Kill,125,7.819978475570679,2
vasp-data-files/111110001001010010110001/OSZICAR,1,162,1.0,7.0,"Despite persistent dE oscillations, rms(c) shows clear macro-trend decreasing from ~120 to ~1.6 over 125 steps, following Expert Tie-Breaker Rule for damped oscillatory convergence",Continue,125,8.116206169128418,2
vasp-data-files/101011111000111010100111/OSZICAR,1,136,1.0,7.0,"Despite persistent dE oscillations, rms(c) shows clear macro-trend decreasing from ~100 to ~0.07 over 125 steps, following Expert Tie-Breaker Rule for damped oscillatory convergence",Continue,125,7.509288311004639,2
vasp-data-files/101100000000101101100001/OSZICAR,1,181,1.0,7.0,"Despite persistent dE oscillations, rms(c) shows clear macro-trend decreasing from ~10.8 at step 42 to ~0.5 at step 125, following Expert Tie-Breaker Rule",Continue,125,7.5146543979644775,2
vasp-data-files/100010001011000001111111/OSZICAR,1,110,1.0,7.0,"Despite persistent dE oscillations, rms(c) shows clear macro-trend decreasing from ~7.7 at step 33 to ~0.2 at step 100, following Expert Tie-Breaker Rule",Continue,100,3.7936763763427734,1
vasp-data-files/111100000101111101100000/OSZICAR,1,156,1.0,7.0,"Despite persistent dE oscillations, rms(c) shows clear macro-trend decreasing from ~1.0E+01 to ~1.4E-01 over steps 12-100, following Expert Tie-Breaker Rule",Continue,100,4.312960863113403,1
vasp-data-files/110000110001111111010001/OSZICAR,1,105,1.0,7.0,"Despite persistent dE oscillations, rms(c) shows clear macro-trend decreasing from ~1.2E+01 to ~6E-02 over 100 steps, following Expert Tie-Breaker Rule for damped oscillatory convergence",Continue,100,4.411966562271118,1
vasp-data-files/110100001101110001000111/OSZICAR,0,200,0.0,8.0,"rms(c) shows no consistent downward trend, stagnating around 0.5-2.2 with oscillations and no overall improvement over 100 steps, indicating divergence per Expert Tie-Breaker Rule",Kill,100,3.389760971069336,1
vasp-data-files/111010001100100111110110/OSZICAR,1,153,0.0,7.0,"rms(c) shows no consistent downward trend, stagnating around 0.1-0.7 after initial drop, with dE remaining oscillatory and high, indicating divergence per Expert Tie-Breaker Rule",Kill,100,4.515669584274292,1
vasp-data-files/110111001100110110010101/OSZICAR,1,172,1.0,7.0,"Despite persistent dE oscillations, rms(c) shows clear macro-trend decreasing from ~128 at step 13 to ~0.66 at step 125, following Expert Tie-Breaker Rule",Continue,125,8.122626066207886,2
vasp-data-files/100010110010001111111101/OSZICAR,1,109,1.0,7.0,"Despite persistent dE oscillations, rms(c) shows clear macro-trend decreasing from ~120 to ~0.08 over 100 steps, following Expert Tie-Breaker Rule for damped oscillatory convergence",Continue,100,5.130742073059082,1
vasp-data-files/101011010001111010100000/OSZICAR,1,175,1.0,7.0,"Despite persistent dE oscillations, rms(c) shows clear macro-trend decreasing from ~23.5 at step 25 to ~0.64 at step 125, following the Expert's Tie-Breaker Rule for damped oscillatory convergence",Continue,125,7.508174896240234,2
vasp-data-files/100001111011000011011111/OSZICAR,1,126,1.0,7.0,"Despite persistent dE oscillations, rms(c) shows clear macro-trend decreasing from ~100 to ~0.02 over 125 steps, following Expert Tie-Breaker Rule for damped oscillatory convergence",Continue,125,6.893837213516235,2
vasp-data-files/100110101011000001111111/OSZICAR,1,167,0.0,7.0,"rms(c) shows no consistent downward trend, stagnating around 0.1-0.17 after step 60 with persistent oscillations, indicating divergence according to Expert Tie-Breaker Rule",Kill,100,3.387500047683716,1
vasp-data-files/101101000101000000011110/OSZICAR,1,104,1.0,7.0,"Despite persistent dE oscillations, rms(c) shows clear macro-trend decreasing from ~120 to ~0.06 over 100 steps, following Expert Tie-Breaker Rule for damped oscillatory convergence",Continue,100,3.800004005432129,1
vasp-data-files/101110011001010001000110/OSZICAR,0,200,0.0,7.0,"rms(c) oscillates between 0.3-0.8 with no clear downward trend after step 70, stagnating around 0.6-0.8 in final steps despite dE oscillations",Kill,100,4.822519302368164,1
vasp-data-files/101101000000110010100011/OSZICAR,0,200,0.0,8.0,"rms(c) shows no consistent downward trend, stagnating around 0.3-0.5 after initial fluctuations, indicating divergence according to Expert Tie-Breaker Rule",Kill,125,7.200279712677002,2
vasp-data-files/101101011100110011011100/OSZICAR,0,200,0.0,8.0,"rms(c) stagnates around 1.5-1.8 with no clear downward trend after step 36, and dE shows persistent oscillations without approaching convergence thresholds",Kill,100,3.593413829803467,1
vasp-data-files/110111001001101100101100/OSZICAR,0,200,0.0,8.0,"rms(c) shows no consistent downward trend, stagnating around 1.0E+01 to 2.0E+01 with large oscillations and no overall improvement over 100 steps",Kill,100,3.900440216064453,1
vasp-data-files/111100000100110110100000/OSZICAR,1,126,1.0,7.0,"Despite persistent dE oscillations, rms(c) shows clear macro-trend decreasing from ~1.22E+02 to ~1.57E-01 over 125 steps, following the Expert's Tie-Breaker Rule for damped oscillatory convergence",Continue,125,8.736375570297241,2
vasp-data-files/111101001100111110100000/OSZICAR,0,200,0.0,7.0,"rms(c) oscillates between 0.5-0.8 in later steps with no clear downward macro-trend, indicating stagnation and eventual divergence despite some dE fluctuations",Kill,100,3.8997623920440674,1
vasp-data-files/100011110001111111100100/OSZICAR,0,200,0.0,7.0,"rms(c) shows no consistent downward trend, oscillating between 0.5-1.1 without meaningful reduction over 125 steps, indicating stagnation and divergence according to Expert Tie-Breaker Rule",Kill,125,18.26081395149231,2
vasp-data-files/111100110101110000101000/OSZICAR,0,200,0.0,8.0,"rms(c) shows no consistent downward trend, stagnating around 1.0-1.9 with oscillations and no overall decrease over 100 steps, indicating divergence despite some dE fluctuations",Kill,100,8.815556287765503,1
vasp-data-files/111111010101110010100010/OSZICAR,1,140,1.0,7.0,"Despite persistent dE oscillations, rms(c) shows clear macro-trend decreasing from ~12.3 at step 13 to ~0.22 at step 100, following Expert Tie-Breaker Rule for damped oscillatory convergence",Continue,100,4.823302268981934,1
vasp-data-files/101010010101111010100100/OSZICAR,1,135,,,评估到 150 步时，实际步数仅为 135，数据不足。,Insufficient_Steps,135,20.10254716873169,2
vasp-data-files/111111000100011100100000/OSZICAR,1,132,1.0,7.0,"Despite persistent dE oscillations, rms(c) shows clear macro-trend decreasing from ~1.2E+01 to ~1.0E-02 over 100 steps, following the Expert's Tie-Breaker Rule for damped oscillatory convergence",Continue,100,4.743680953979492,1
vasp-data-files/101001010100111010001000/OSZICAR,1,116,,,评估到 125 步时，实际步数仅为 116，数据不足。,Insufficient_Steps,116,3.5943210124969482,1
vasp-data-files/101011110100111111010110/OSZICAR,0,200,0.0,8.0,"rms(c) shows no consistent downward trend, stagnating around 1.0E+01 after step 30 with persistent oscillations, while dE remains large and oscillatory indicating divergence",Kill,100,4.128376245498657,1
vasp-data-files/101001111100101011011111/OSZICAR,1,132,1.0,7.0,"Despite persistent dE oscillations, rms(c) shows clear macro-trend decreasing from ~1.28E+02 to ~3.44E-02 over 125 steps, following Expert Tie-Breaker Rule",Continue,125,7.814225196838379,2
vasp-data-files/100110101011000101111111/OSZICAR,1,142,0.0,7.0,"rms(c) shows no consistent downward trend, stagnating around 1-5 after step 45 with persistent high oscillations, indicating divergence despite some energy fluctuations",Kill,100,3.286752223968506,1
vasp-data-files/100001111000111101011001/OSZICAR,1,165,1.0,7.0,"Despite persistent dE oscillations, rms(c) shows clear macro-trend decreasing from ~1.22E+01 to ~5.72E-01 over 125 steps, following Expert Tie-Breaker Rule",Continue,125,7.8159167766571045,2
vasp-data-files/110001010101000001010111/OSZICAR,1,123,1.0,7.0,"Despite persistent dE oscillations, rms(c) shows clear macro-trend decreasing from ~20 to ~0.12 over 100 steps, following Expert Tie-Breaker Rule for damped oscillatory convergence",Continue,100,4.205053806304932,1
vasp-data-files/111110111011100101101101/OSZICAR,0,200,0.0,8.0,"rms(c) shows no consistent downward trend, stagnating around 1.0-3.0 with oscillations and ending at 1.12E+01, indicating divergence according to Expert Tie-Breaker Rule",Kill,100,4.208462953567505,1
vasp-data-files/111101001101010100100000/OSZICAR,1,136,0.0,8.0,"rms(c) stagnates around 0.7-0.8 in final 20 steps with no decreasing trend, and dE shows persistent oscillations without reaching convergence thresholds",Kill,100,3.5928850173950195,1
vasp-data-files/111101011101111000001110/OSZICAR,0,200,0.0,7.0,"rms(c) shows no consistent downward trend, oscillating between 0.1-0.6 without meaningful reduction over 125 steps, indicating stagnation despite dE oscillations",Kill,125,20.410458087921143,2
vasp-data-files/101101000011001011000001/OSZICAR,0,200,0.0,7.0,"rms(c) oscillates between 0.2-0.8 with no clear downward macro-trend over the last 50 steps, indicating stagnation and eventual divergence despite some energy fluctuations",Kill,100,4.206212520599365,1
vasp-data-files/111010110010100111010001/OSZICAR,1,111,1.0,7.0,"Despite persistent dE oscillations, rms(c) shows clear macro-trend decreasing from ~1.06E+01 at step 12 to ~1.00E-01 at step 100, following the Expert's Tie-Breaker Rule for damped oscillatory convergence",Continue,100,4.517428398132324,1
vasp-data-files/100111100010000011111111/OSZICAR,0,200,0.0,8.0,"rms(c) shows no consistent downward trend, stagnating around 2-3E+01 with oscillations, indicating divergence despite some dE fluctuations",Kill,100,3.593782663345337,1
vasp-data-files/110000010011000011011001/OSZICAR,0,200,0.0,7.0,"rms(c) stagnates around 0.7-0.9 after step 90 with no clear downward trend, and dE shows persistent oscillations without convergence, indicating divergence according to the Expert's Tie-Breaker Rule",Kill,125,8.121869564056396,2
vasp-data-files/111110001100111010100000/OSZICAR,1,182,0.0,7.0,"rms(c) stagnates around 0.7-0.9 after step 100 with no clear downward trend, and dE continues oscillating significantly, indicating divergence according to Expert Tie-Breaker Rule",Kill,125,8.430613279342651,2
vasp-data-files/100110111101011101000100/OSZICAR,0,200,0.0,7.0,"rms(c) shows no consistent downward trend, stagnating around 0.1-0.2 after step 45 with persistent oscillations, indicating divergence despite some dE fluctuations",Kill,100,3.2913529872894287,1
vasp-data-files/101000010101111010100100/OSZICAR,0,200,0.0,8.0,"rms(c) shows no consistent downward trend, stagnating around 8-9 after initial fluctuations, with dE remaining large and oscillatory",Kill,100,3.5877695083618164,1
vasp-data-files/110010111011110000101100/OSZICAR,0,200,1.0,7.0,"Despite dE oscillations, rms(c) shows clear macro-trend decreasing from ~1.2E+02 to ~5E-01 over 100 steps, following Expert Tie-Breaker Rule for damped oscillatory convergence",Continue,100,5.129136800765991,1
vasp-data-files/101001110100110011000011/OSZICAR,0,200,0.0,7.0,"rms(c) oscillates between 0.2-0.6 without sustained downward trend, showing stagnation at high values despite many iterations",Kill,100,3.592022657394409,1
vasp-data-files/100101100101010001010011/OSZICAR,1,131,1.0,7.0,"Despite persistent dE oscillations, rms(c) shows clear macro-trend decreasing from ~1.0E+02 to ~4.5E-02 over 125 steps, following Expert Tie-Breaker Rule",Continue,125,8.121047258377075,2
vasp-data-files/111111111011011111101000/OSZICAR,0,200,1.0,7.0,"Despite persistent dE oscillations, rms(c) shows clear macro-trend decreasing from ~25.9 at step 43 to ~7.77 at step 125, following the Expert's Tie-Breaker Rule for damped oscillatory convergence",Continue,125,8.734898567199707,2
vasp-data-files/101011001110010111111001/OSZICAR,0,200,0.0,7.0,"rms(c) shows no consistent downward trend, stagnating around 1.0-1.5 after initial improvement, with dE remaining oscillatory and high",Kill,125,6.8950722217559814,2
vasp-data-files/101001010101101101010011/OSZICAR,1,115,1.0,7.0,"Despite persistent dE oscillations, rms(c) shows clear macro-trend decreasing from ~100 to ~0.04 over 100 steps, following the Expert Tie-Breaker Rule for damped oscillatory convergence",Continue,100,3.5895636081695557,1
vasp-data-files/111100000001011100110001/OSZICAR,0,200,0.0,8.0,"rms(c) shows no consistent downward trend, stagnating around 3.0 after initial fluctuations, with dE remaining large and oscillatory throughout",Kill,100,3.593055486679077,1
vasp-data-files/111101000101010010110000/OSZICAR,0,200,0.0,7.0,"rms(c) shows no consistent downward trend, oscillating between 0.12-0.35 in later steps with stagnation around 0.19-0.22, indicating divergence despite some dE oscillations",Kill,100,3.899123191833496,1
vasp-data-files/101100001101110001100001/OSZICAR,1,117,1.0,7.0,"Despite persistent dE oscillations, rms(c) shows clear macro-trend decreasing from ~122 at step 13 to 0.134 at step 100, following Expert Tie-Breaker Rule for damped oscillatory convergence",Continue,100,4.515857219696045,1
vasp-data-files/111101011101111001001000/OSZICAR,1,167,0.0,7.0,"rms(c) stagnates around 1.07 after step 82 with no overall decreasing trend, despite some dE oscillations, indicating divergence per Expert Tie-Breaker Rule",Kill,100,4.514429569244385,1
vasp-data-files/101000010001100011101011/OSZICAR,1,102,,,评估到 125 步时，实际步数仅为 102，数据不足。,Insufficient_Steps,102,11.271491527557373,1
vasp-data-files/100010111010001101011111/OSZICAR,1,145,1.0,7.0,"Despite persistent dE oscillations, rms(c) shows clear macro-trend decreasing from ~25 to ~0.6 over 125 steps, following the Expert's Tie-Breaker Rule for damped oscillatory convergence",Continue,125,12.959747314453125,2
vasp-data-files/101100000001011100100000/OSZICAR,0,200,0.0,8.0,"rms(c) shows no consistent downward trend, oscillating between 1.0-2.5 with final values around 0.9E+01, indicating stagnation and divergence according to Expert Tie-Breaker Rule",Kill,100,10.04246997833252,1
vasp-data-files/100000111101000011011111/OSZICAR,1,149,1.0,7.0,"Despite persistent dE oscillations, rms(c) shows clear macro-trend decreasing from ~50 to ~0.07 over 100 steps, following Expert Tie-Breaker Rule for damped oscillatory convergence",Continue,100,10.043537616729736,1
vasp-data-files/111110000111011010110110/OSZICAR,0,200,0.0,7.0,"rms(c) stagnates at high values (10-15) with no consistent downward trend, and dE shows persistent large oscillations, indicating divergence according to Expert Tie-Breaker Rule",Kill,100,7.893708944320679,1
vasp-data-files/101101000011100011101011/OSZICAR,0,200,0.0,7.0,"rms(c) shows no consistent downward trend, stagnating around 0.7-1.8 after initial improvement, with dE remaining oscillatory and high, indicating divergence according to Expert Tie-Breaker Rule",Kill,100,4.205876350402832,1
vasp-data-files/100001111101001111010011/OSZICAR,1,114,1.0,7.0,"Despite persistent dE oscillations, rms(c) shows clear macro-trend decreasing from ~1.25E+02 to 1.69E-01 over 100 steps, following Expert Tie-Breaker Rule for damped oscillatory convergence",Continue,100,4.213606834411621,1
vasp-data-files/110101110010001101011001/OSZICAR,1,145,1.0,7.0,"Despite persistent dE oscillations, rms(c) shows clear macro-trend decreasing from ~1.2E+02 to ~5.5E-02 over 125 steps, following the Expert's Tie-Breaker Rule for damped oscillatory convergence",Continue,125,8.424462080001831,2
vasp-data-files/100010010100111100100000/OSZICAR,0,200,0.0,7.0,"rms(c) shows no consistent downward trend, oscillating between 0.2-0.5 with recent spikes to 0.47, indicating stagnation and divergence according to Expert Tie-Breaker Rule",Kill,100,3.8982951641082764,1
vasp-data-files/100110001000010110100000/OSZICAR,1,129,1.0,7.0,"Despite persistent dE oscillations, rms(c) shows clear macro-trend decreasing from ~1.25E+02 to ~1.85E-01 over 100 steps, following Expert Tie-Breaker Rule",Continue,100,3.9033589363098145,1
vasp-data-files/101001110001111010100101/OSZICAR,0,200,0.0,8.0,"rms(c) shows no consistent downward trend, stagnating around 0.5-1.3 with oscillations and no overall improvement over 100 steps, indicating divergence despite some dE fluctuations",Kill,100,4.206653118133545,1
vasp-data-files/111100000100110100100000/OSZICAR,1,124,1.0,7.0,"Despite persistent dE oscillations, rms(c) shows clear macro-trend decreasing from ~120 to ~0.06 over 100 steps, following Expert Tie-Breaker Rule for damped oscillatory convergence",Continue,100,5.13744330406189,1
vasp-data-files/101001100101000010111111/OSZICAR,1,142,1.0,7.0,"Despite persistent dE oscillations, rms(c) shows clear macro-trend downward from ~125 at step 13 to ~0.23 at step 125, following Expert Tie-Breaker Rule",Continue,125,7.806124448776245,2
vasp-data-files/111100001101001111000001/OSZICAR,0,200,0.0,7.0,"rms(c) shows no consistent downward trend, stagnating around 0.15-0.75 with oscillations and no clear macro-decrease over 125 steps, indicating divergence per Expert Tie-Breaker Rule",Kill,125,7.505249738693237,2
vasp-data-files/101101100101000010111100/OSZICAR,1,171,1.0,7.0,"Despite persistent dE oscillations, rms(c) shows clear macro-trend decreasing from ~120 to ~0.08 over 100 steps, following Expert Tie-Breaker Rule for damped oscillatory convergence",Continue,100,3.592198133468628,1
vasp-data-files/101101000001110010100001/OSZICAR,0,200,0.0,7.0,"rms(c) shows no consistent downward trend, oscillating between 0.2-0.4 for the last 80 steps with no progress toward convergence thresholds",Kill,125,7.507336378097534,2
vasp-data-files/101100000000111110000000/OSZICAR,1,106,1.0,7.0,"Despite persistent dE oscillations, rms(c) shows clear macro-trend decreasing from ~120 to 0.0146 over 100 steps, following Expert Tie-Breaker Rule for damped oscillatory convergence",Continue,100,3.906226634979248,1
vasp-data-files/100100100110110101111001/OSZICAR,0,200,1.0,7.0,"Despite persistent dE oscillations, rms(c) shows clear macro-trend decreasing from ~1.2E+02 to ~4.9E-01 over 125 steps, following the Expert's Tie-Breaker Rule for damped oscillatory convergence",Continue,125,8.114343643188477,2
vasp-data-files/110100110011001101111001/OSZICAR,1,136,0.0,7.0,"rms(c) stagnates at ~0.9 after step 31 with no overall downward trend, dE oscillations persist without convergence",Kill,100,4.20552659034729,1
vasp-data-files/101101111110111111010001/OSZICAR,0,200,0.0,7.0,"rms(c) oscillates between 0.3-0.7 with no sustained downward trend after step 40, indicating stagnation and failure to converge despite some dE fluctuations",Kill,100,3.5943217277526855,1
vasp-data-files/101011110001111111100100/OSZICAR,1,196,1.0,7.0,"Despite persistent dE oscillations, rms(c) shows clear macro-trend decreasing from ~12 to ~2 over last 100 steps, following Expert Tie-Breaker Rule for damped oscillatory convergence",Continue,125,8.120131492614746,2
vasp-data-files/110110101010000001111000/OSZICAR,1,156,0.0,8.0,"rms(c) shows no consistent downward trend, stagnating around 0.1-0.3 after step 30 with persistent oscillations, indicating divergence according to Expert Tie-Breaker Rule",Kill,125,7.5112011432647705,2
vasp-data-files/111110000001000000111110/OSZICAR,0,200,0.0,7.0,"rms(c) shows no consistent downward trend, stagnating around 1.0-1.4 after step 83 with persistent high oscillations, indicating divergence despite some dE fluctuations",Kill,100,3.893115282058716,1
vasp-data-files/101100000100111110000001/OSZICAR,0,200,0.0,7.0,"rms(c) shows no consistent downward trend, stagnating around 0.6-1.1 with oscillations and no clear damping, indicating divergence according to Expert Tie-Breaker Rule",Kill,100,3.899179458618164,1
vasp-data-files/110010111011000101111111/OSZICAR,1,131,1.0,7.0,"Despite persistent dE oscillations in later steps, rms(c) shows clear macro-trend decreasing from ~1.26E+02 to ~3.56E-02 over 100 steps, following Expert Tie-Breaker Rule",Continue,100,4.206829071044922,1
vasp-data-files/101001010100111010100000/OSZICAR,1,122,1.0,7.0,"Despite persistent dE oscillations, rms(c) shows clear macro-trend decreasing from ~100 to ~0.5 over 100 steps, following Expert Tie-Breaker Rule for damped oscillatory convergence",Continue,100,3.899062156677246,1
vasp-data-files/100011111100011010011110/OSZICAR,1,109,1.0,7.0,"Despite persistent dE oscillations, rms(c) shows clear macro-trend decreasing from ~126 at step 13 to ~0.083 at step 100, following Expert Tie-Breaker Rule for damped oscillatory convergence",Continue,100,4.207589149475098,1
vasp-data-files/110110100100000100110100/OSZICAR,1,110,1.0,7.0,"Despite persistent dE oscillations, rms(c) shows clear macro-trend decreasing from ~12.4 at step 12 to ~0.466 at step 100, following Expert Tie-Breaker Rule for damped oscillatory convergence",Continue,100,4.820735931396484,1
vasp-data-files/100101011101111011000011/OSZICAR,0,200,0.0,7.0,"rms(c) shows no consistent downward trend, stagnating around 1.0-1.2 after step 60 with persistent high oscillations, indicating divergence despite some dE fluctuations",Kill,100,4.512907981872559,1
vasp-data-files/100011011111000010111111/OSZICAR,0,200,0.0,8.0,"rms(c) shows no consistent downward trend, stagnating around 1.0-2.5E+01 with large oscillations, indicating divergence despite some dE fluctuations",Kill,100,5.435449123382568,1
vasp-data-files/100001111100111101010011/OSZICAR,0,200,0.0,7.0,"rms(c) shows no consistent downward trend, oscillating between 0.5-3.1 without sustained decrease, indicating stagnation despite some dE fluctuations",Kill,100,3.594601631164551,1
vasp-data-files/101001001111010011011111/OSZICAR,1,192,0.0,7.0,"rms(c) stagnates around 0.6-0.9 after step 38 with no clear downward macro-trend, and dE shows persistent oscillations without convergence despite many iterations",Kill,175,16.561660766601562,4
vasp-data-files/100001010111011100010001/OSZICAR,0,200,0.0,7.0,"rms(c) stagnates at high values (0.9-1.6) with no sustained downward trend after step 40, and dE shows persistent large oscillations, indicating divergence according to the tie-breaker rule",Kill,125,8.733644723892212,2
vasp-data-files/100001110101000011011111/OSZICAR,0,200,0.0,7.0,"rms(c) shows no consistent downward trend, stagnating around 2.0-2.5 after initial drop, with dE remaining oscillatory and high, indicating divergence according to Expert Tie-Breaker Rule",Kill,100,3.898845672607422,1
vasp-data-files/111101000001001010110010/OSZICAR,1,121,1.0,7.0,"Despite persistent dE oscillations, rms(c) shows clear macro-trend decreasing from ~1.2E+01 to ~4.1E-02 over 100 steps, following Expert Tie-Breaker Rule for damped oscillatory convergence",Continue,100,4.207393407821655,1
vasp-data-files/101111001100010011100010/OSZICAR,1,197,1.0,7.0,"Despite persistent dE oscillations, rms(c) shows clear macro-trend decreasing from ~1.2E+01 to ~7.6E-01 over 125 steps, following Expert Tie-Breaker Rule",Continue,125,7.506458282470703,2
vasp-data-files/111110001100010000100010/OSZICAR,1,181,1.0,7.0,"Despite significant dE oscillations, rms(c) shows clear macro-trend decreasing from ~15 to ~0.18 over 150 steps, following Expert Tie-Breaker Rule",Continue,150,12.340377569198608,3
vasp-data-files/101100000001111100100000/OSZICAR,1,126,1.0,7.0,"Despite persistent dE oscillations, rms(c) shows clear macro-trend decreasing from ~1.2E+01 to ~1.3E-01 over 125 steps, following Expert Tie-Breaker Rule",Continue,125,7.511695146560669,2
vasp-data-files/101011111001110010011110/OSZICAR,0,200,0.0,7.0,"rms(c) shows no consistent downward trend, stagnating around 1.0-1.5E+01 after 100 steps with persistent large dE oscillations, indicating divergence",Kill,100,3.895221710205078,1
vasp-data-files/111110001100010010111110/OSZICAR,0,200,0.0,7.0,"rms(c) shows no consistent downward trend, oscillating between 0.5-1.6 without sustained improvement, indicating stagnation and eventual divergence despite some dE fluctuations",Kill,100,3.589583158493042,1
vasp-data-files/101111000100011100100100/OSZICAR,1,175,0.0,7.0,"rms(c) oscillates between 0.4E-01 and 0.12E+00 with no clear downward macro-trend over the last 80 steps, indicating stagnation despite some dE fluctuations",Kill,125,8.427665948867798,2
vasp-data-files/111100000111000001010110/OSZICAR,1,164,0.0,8.0,"rms(c) shows no consistent downward trend, stagnating around 1.0-2.6 with no macro-decrease over 100 steps, indicating divergence despite some dE oscillations",Kill,100,3.8996541500091553,1
vasp-data-files/101101001100111000001000/OSZICAR,1,103,1.0,7.0,"Despite persistent dE oscillations, rms(c) shows clear macro-trend decreasing from ~1.22E+02 to 2.57E-02 over 100 steps, following Expert Tie-Breaker Rule",Continue,100,4.205299377441406,1
vasp-data-files/101011110101101011011111/OSZICAR,0,200,0.0,7.0,"rms(c) shows no consistent downward trend, stagnating around 6-11 after initial decrease, with dE remaining large and oscillatory throughout",Kill,125,7.8131468296051025,2
vasp-data-files/111110100000001100110001/OSZICAR,0,200,0.0,7.0,"rms(c) oscillates between 0.2-0.6 without sustained downward trend, dE remains high with persistent oscillations, indicating stagnation and eventual divergence",Kill,100,3.5904200077056885,1
vasp-data-files/100111100010001100011001/OSZICAR,1,130,0.0,7.0,"rms(c) stagnates around 0.11-0.19 after step 40 with no clear downward macro-trend, and dE shows persistent oscillations without convergence to small values",Kill,100,3.9001946449279785,1
vasp-data-files/111110000100000000111110/OSZICAR,1,110,0.0,7.0,"rms(c) stagnates around 0.8-0.9 after step 93 with no overall decreasing trend, dE oscillations persist at high magnitude, violating the Expert Tie-Breaker Rule",Kill,100,3.5902795791625977,1
vasp-data-files/110000011001000011111010/OSZICAR,1,165,1.0,7.0,"Despite persistent dE oscillations, rms(c) shows clear macro-trend decreasing from ~100 to ~0.2 over 125 steps, following Expert Tie-Breaker Rule for damped oscillatory convergence",Continue,125,7.814182758331299,2
vasp-data-files/101011110001110011110101/OSZICAR,0,200,0.0,7.0,"rms(c) shows no consistent downward trend, oscillating between 1-1.6 with stagnation in later steps, indicating divergence despite some dE fluctuations",Kill,125,8.42872667312622,2
vasp-data-files/111110001111111010110001/OSZICAR,0,200,1.0,7.0,"Despite persistent dE oscillations, rms(c) shows clear macro-trend decreasing from ~1.3E+01 to ~5.5E-01 over 125 steps, following Expert Tie-Breaker Rule",Continue,125,6.891681671142578,2
vasp-data-files/101110000100111110100000/OSZICAR,0,200,0.0,7.0,"rms(c) shows no consistent downward trend, stagnating around 0.3-3.0 with oscillations and no clear macro-decrease, indicating divergence despite some dE fluctuations",Kill,100,4.511911630630493,1
vasp-data-files/110010110010100111010001/OSZICAR,1,111,,,评估到 125 步时，实际步数仅为 111，数据不足。,Insufficient_Steps,111,3.5915307998657227,1
vasp-data-files/101011010110110010010100/OSZICAR,0,200,0.0,7.0,"rms(c) shows no consistent downward trend, oscillating between 0.8-2.5 without sustained improvement, indicating stagnation despite dE oscillations",Kill,125,8.040138244628906,2
vasp-data-files/111111000001000000111010/OSZICAR,1,125,1.0,7.0,"Despite persistent dE oscillations in later steps, rms(c) shows clear macro-trend decreasing from ~1.0E+01 to ~3.0E-02 over 100 steps, following Expert Tie-Breaker Rule",Continue,100,10.043731927871704,1
vasp-data-files/101001110111111111000001/OSZICAR,0,200,0.0,7.0,"rms(c) shows no consistent downward trend, oscillating between 1.6-2.2 for most steps with final values around 0.7, indicating stagnation rather than convergence",Kill,100,8.097111940383911,1
vasp-data-files/110010111011100011111101/OSZICAR,1,185,1.0,7.0,"Despite persistent dE oscillations, rms(c) shows clear macro-trend decreasing from ~100 to ~0.3-0.4 over 125 steps, following Expert Tie-Breaker Rule",Continue,125,7.912939071655273,2
vasp-data-files/101100000101000011101101/OSZICAR,1,129,1.0,7.0,"Despite persistent dE oscillations, rms(c) shows clear macro-trend decreasing from ~100 to ~0.04 over 125 steps, following Expert Tie-Breaker Rule for damped oscillatory convergence",Continue,125,8.123392343521118,2
vasp-data-files/101100110010100101111101/OSZICAR,0,200,0.0,7.0,"rms(c) stagnates around 11-13 after initial decrease, showing no clear downward macro-trend despite dE oscillations, indicating divergence per Expert Tie-Breaker Rule",Kill,100,5.127624988555908,1
vasp-data-files/101111100110001111111101/OSZICAR,1,171,0.0,8.0,"rms(c) shows no consistent downward trend, stagnating around 0.8-1.6 after initial improvement, with dE remaining large and oscillatory throughout",Kill,100,3.896873712539673,1
vasp-data-files/101000111001111010100100/OSZICAR,1,157,1.0,7.0,"Despite persistent dE oscillations, rms(c) shows clear macro-trend decreasing from ~100 to ~0.4 over 100 steps, following Expert Tie-Breaker Rule for damped oscillatory convergence",Continue,100,3.900747776031494,1
vasp-data-files/101111101101011010111100/OSZICAR,1,114,,,评估到 125 步时，实际步数仅为 114，数据不足。,Insufficient_Steps,114,4.818480968475342,1
vasp-data-files/101010110001111110100100/OSZICAR,1,111,,,评估到 125 步时，实际步数仅为 111，数据不足。,Insufficient_Steps,111,4.127925157546997,1
vasp-data-files/100011111010101011011111/OSZICAR,0,200,0.0,7.0,"rms(c) shows no consistent downward trend, stagnating around 0.17-0.23 after initial decrease, indicating divergence according to Expert Tie-Breaker Rule",Kill,100,3.2064640522003174,1
vasp-data-files/100101100000111110110101/OSZICAR,1,192,1.0,7.0,"Despite persistent dE oscillations, rms(c) shows clear macro-trend downward from ~1.0 to ~0.37 over last 70 steps, following Expert Tie-Breaker Rule for damped oscillatory convergence",Continue,125,8.425774574279785,2
vasp-data-files/111110010100011100110010/OSZICAR,0,200,0.0,7.0,"rms(c) shows no consistent downward trend, oscillating between 0.4-1.5 without sustained improvement over 200 steps, indicating stagnation and divergence despite some dE fluctuations",Kill,200,18.021405458450317,5
vasp-data-files/101011110000111010100101/OSZICAR,0,200,0.0,7.0,"rms(c) shows no consistent downward trend, oscillating between 0.5-1.4 without meaningful reduction over 125 steps, indicating stagnation and divergence according to Expert Tie-Breaker Rule",Kill,125,7.912029504776001,2
vasp-data-files/110000101000000110101100/OSZICAR,0,200,1.0,7.0,"Despite persistent dE oscillations, rms(c) shows clear macro-trend decreasing from ~1.05E+01 at step 12 to ~7.11E-01 at step 150, following Expert Tie-Breaker Rule",Continue,150,11.320044040679932,3
vasp-data-files/101011100101001010111110/OSZICAR,0,200,0.0,7.0,"rms(c) shows no consistent downward trend, oscillating between 0.4-1.15E+01 with final values at 1.14E+01, indicating stagnation and divergence according to Expert Tie-Breaker Rule",Kill,100,4.513485431671143,1
vasp-data-files/110010111010000010101010/OSZICAR,0,200,0.0,7.0,"rms(c) shows no consistent downward trend, stagnating around 0.2-0.3 after initial improvement, with dE remaining oscillatory and high",Kill,100,4.2052271366119385,1
vasp-data-files/111110000001011110100000/OSZICAR,1,113,1.0,7.0,"Despite persistent dE oscillations, rms(c) shows clear macro-trend decreasing from ~1.05E+01 at step 12 to ~5.07E-02 at step 100, following the Expert's Tie-Breaker Rule for damped oscillatory convergence",Continue,100,34.92490196228027,1
vasp-data-files/100100010110111001001000/OSZICAR,1,130,1.0,7.0,"Despite persistent dE oscillations, rms(c) shows clear macro-trend decreasing from ~122 at step 13 to ~0.225 at step 100, following Expert Tie-Breaker Rule for damped oscillatory convergence",Continue,100,4.513229846954346,1
vasp-data-files/101110000101000001101111/OSZICAR,1,142,0.0,7.0,"rms(c) stagnates around 0.8-0.9 after step 70 with no clear downward trend, dE continues oscillating significantly, violating the tie-breaker rule",Kill,100,3.591907501220703,1
vasp-data-files/101100000101110010100000/OSZICAR,1,137,1.0,7.0,"Despite dE oscillations, rms(c) shows clear macro-trend decreasing from ~100 to ~0.1 over 100 steps, following Expert Tie-Breaker Rule for damped oscillatory convergence",Continue,100,3.8998348712921143,1
vasp-data-files/111101111011110011111000/OSZICAR,1,194,0.0,7.0,"rms(c) shows no consistent downward trend, oscillating between 0.1-4.0 without sustained decrease, indicating stagnation and divergence despite some dE fluctuations",Kill,100,3.589801549911499,1
vasp-data-files/111110000000010000110110/OSZICAR,1,142,0.0,7.0,"rms(c) stagnates around 0.2-0.3 after step 32 with no sustained downward trend, and dE oscillates without reaching convergence thresholds, indicating divergence per Expert Tie-Breaker Rule",Kill,100,4.510789632797241,1
vasp-data-files/100001110110111111011001/OSZICAR,0,200,0.0,8.0,"rms(c) shows no consistent downward trend, stagnating around 1.0E+01-1.8E+01 with persistent large oscillations, indicating divergence despite some dE fluctuations",Kill,100,3.285867929458618,1
vasp-data-files/110011111010011101101001/OSZICAR,0,200,0.0,7.0,"rms(c) oscillates between 0.2-0.9 with no sustained downward trend over 150 steps, indicating stagnation and failure to converge despite dE oscillations",Kill,150,11.729488849639893,3
vasp-data-files/110001011011111101111011/OSZICAR,1,114,1.0,7.0,"Despite persistent dE oscillations, rms(c) shows clear macro-trend decreasing from ~100 to ~0.2 over 100 steps, following Expert Tie-Breaker Rule for damped oscillatory convergence",Continue,100,3.8905272483825684,1
vasp-data-files/101111000001111110100000/OSZICAR,0,200,1.0,7.0,"Despite persistent dE oscillations, rms(c) shows clear macro-trend decreasing from ~12.3 at step 13 to ~3.5 at step 125, following Expert Tie-Breaker Rule for damped oscillatory convergence",Continue,125,8.429376363754272,2
vasp-data-files/100000110100101101010001/OSZICAR,1,121,0.0,7.0,"rms(c) stagnates around 0.08-0.11 after step 60 with no clear downward trend, and dE shows persistent oscillations without reaching convergence thresholds",Kill,100,10.04217791557312,1
vasp-data-files/101101111111110011010001/OSZICAR,1,137,,,评估到 150 步时，实际步数仅为 137，数据不足。,Insufficient_Steps,137,13.347599506378174,2
vasp-data-files/101100000101110010101100/OSZICAR,1,132,1.0,7.0,"Despite persistent dE oscillations, rms(c) shows clear macro-trend decreasing from ~1.2E+02 to ~3.5E-02 over 125 steps, following Expert Tie-Breaker Rule for damped oscillatory convergence",Continue,125,7.112756729125977,2
vasp-data-files/111110000100111010100000/OSZICAR,1,108,,,评估到 125 步时，实际步数仅为 108，数据不足。,Insufficient_Steps,108,3.896662712097168,1
vasp-data-files/111110010101110000111100/OSZICAR,1,177,0.0,7.0,"rms(c) shows no consistent downward trend, stagnating around 0.9-1.4 after step 40 with persistent oscillations, indicating divergence despite some dE fluctuations",Kill,125,7.7345263957977295,2
vasp-data-files/100000111100111001000001/OSZICAR,1,101,1.0,7.0,"Despite persistent dE oscillations, rms(c) shows clear macro-trend decreasing from ~1.22E+02 to ~9.39E-03 over 100 steps, following Expert Tie-Breaker Rule for eventual convergence",Continue,100,4.2134363651275635,1
vasp-data-files/111101011100111111000011/OSZICAR,0,200,0.0,7.0,"rms(c) oscillates between 0.6-1.2 with no clear downward macro-trend over 100 steps, indicating stagnation and divergence despite some dE fluctuations",Kill,100,3.8901071548461914,1
vasp-data-files/101100010101110001100100/OSZICAR,1,198,0.0,8.0,"rms(c) shows no consistent downward trend, stagnating around 0.5-0.9 after step 60 with persistent oscillations, while dE remains large and oscillatory throughout",Kill,100,3.899848461151123,1
vasp-data-files/101100000001110010100000/OSZICAR,0,200,0.0,7.0,"rms(c) stagnates around 0.7-1.1 after step 98 with no clear downward trend, and dE continues oscillating significantly, indicating divergence per Expert Tie-Breaker Rule",Kill,100,4.203216791152954,1
vasp-data-files/110100110011001101010101/OSZICAR,1,116,,,评估到 125 步时，实际步数仅为 116，数据不足。,Insufficient_Steps,116,4.821359872817993,1
vasp-data-files/110001101111010110111011/OSZICAR,1,106,1.0,7.0,"Despite persistent dE oscillations, rms(c) shows clear macro-trend decreasing from ~127 at step 13 to ~0.0288 at step 100, following Expert Tie-Breaker Rule",Continue,100,3.8191988468170166,1
vasp-data-files/100001010000011010111110/OSZICAR,1,113,,,评估到 125 步时，实际步数仅为 113，数据不足。,Insufficient_Steps,113,4.205250978469849,1
vasp-data-files/111110110000110100111100/OSZICAR,0,200,0.0,8.0,"rms(c) shows no consistent downward trend, stagnating around 1.0E+01 after 100 steps with no meaningful reduction, indicating divergence despite some dE oscillations",Kill,100,3.819265604019165,1
vasp-data-files/101110000100001010011000/OSZICAR,1,185,0.0,7.0,"rms(c) shows no consistent downward trend, oscillating between 1.1E+01 and 1.9E+01 in later steps with no sustained decrease, indicating stagnation and divergence according to Expert Tie-Breaker Rule",Kill,100,4.204248428344727,1
vasp-data-files/111110000101010010100001/OSZICAR,1,110,1.0,7.0,"Despite persistent dE oscillations, rms(c) shows clear macro-trend decreasing from ~1.6E+01 to ~2.6E-02 over 100 steps, following Expert Tie-Breaker Rule for damped oscillatory convergence",Continue,100,9.118582725524902,1
vasp-data-files/101011010101111010100110/OSZICAR,1,134,,,评估到 150 步时，实际步数仅为 134，数据不足。,Insufficient_Steps,134,8.12178635597229,2
vasp-data-files/101001011101111010110110/OSZICAR,0,200,0.0,8.0,"rms(c) shows no consistent downward trend, stagnating around 1.1-2.5E+01 with large oscillations, indicating divergence despite some energy fluctuations",Kill,100,3.818530559539795,1
vasp-data-files/101101000101111100100000/OSZICAR,1,128,1.0,7.0,"Despite persistent dE oscillations, rms(c) shows clear macro-trend decreasing from ~120 at step 12 to ~0.01 at step 125, following the Expert's Tie-Breaker Rule for damped oscillatory convergence",Continue,125,7.811697006225586,2
vasp-data-files/100100001111000001011111/OSZICAR,0,200,0.0,7.0,"rms(c) stagnates around 0.11-0.13 after step 60 with no overall decreasing trend, despite dE oscillations, indicating divergence per Expert Tie-Breaker Rule",Kill,100,3.899052858352661,1
vasp-data-files/111001111010110001111011/OSZICAR,0,200,0.0,8.0,"rms(c) shows no consistent downward trend, stagnating around 1.0-2.0 after initial drop, with dE remaining high and oscillating - classic stagnation phenotype",Kill,175,14.718709230422974,4
vasp-data-files/110010100010001101001111/OSZICAR,0,200,0.0,7.0,"rms(c) shows no consistent downward trend, stagnating around 0.1-0.8 after initial improvement, with dE remaining oscillatory and high, indicating divergence according to Expert Tie-Breaker Rule",Kill,100,4.202078104019165,1
vasp-data-files/100111111100111011000111/OSZICAR,1,111,,,评估到 125 步时，实际步数仅为 111，数据不足。,Insufficient_Steps,111,3.89874529838562,1
vasp-data-files/100011010111111010000110/OSZICAR,1,195,1.0,7.0,"Despite persistent dE oscillations, rms(c) shows clear macro-trend decreasing from ~1.22E+02 to ~1.95E-02 over 125 steps, following Expert Tie-Breaker Rule",Continue,125,8.040114879608154,2
vasp-data-files/101100010101100001101100/OSZICAR,1,186,1.0,7.0,"Despite persistent dE oscillations, rms(c) shows clear macro-trend decreasing from ~122 at step 13 to ~0.31 at step 100, following Expert Tie-Breaker Rule for damped oscillatory convergence",Continue,100,4.819039344787598,1
vasp-data-files/100000010110101000100111/OSZICAR,0,200,0.0,7.0,"rms(c) shows no consistent downward trend, oscillating between 4.5-13.3 with no net improvement over 100 steps, indicating stagnation and divergence despite some dE oscillations",Kill,100,4.2054877281188965,1
vasp-data-files/101100000100111100100000/OSZICAR,1,122,1.0,7.0,"Despite persistent dE oscillations, rms(c) shows clear macro-trend decreasing from 1.19E+01 to 2.51E-02 over 88 steps, following Expert Tie-Breaker Rule",Continue,100,4.204184532165527,1
vasp-data-files/100101000011000010011111/OSZICAR,1,152,1.0,7.0,"Despite persistent dE oscillations, rms(c) shows clear macro-trend decreasing from ~12.3 at step 13 to ~0.098 at step 125, following the Expert's Tie-Breaker Rule for damped oscillatory convergence",Continue,125,8.121330261230469,2
vasp-data-files/111001101101000111001011/OSZICAR,1,166,1.0,7.0,"Despite persistent dE oscillations, rms(c) shows clear macro-trend decreasing from ~100 to ~0.36 over 150 steps, following Expert Tie-Breaker Rule for damped oscillatory convergence",Continue,150,12.34408974647522,3
vasp-data-files/101001010100111110100000/OSZICAR,1,152,0.0,8.0,"rms(c) shows no consistent downward trend, oscillating between 9-35 with no macro-decrease over 100 steps, indicating stagnation and divergence despite some dE oscillations",Kill,100,4.198005199432373,1
vasp-data-files/101001110001111010000110/OSZICAR,0,200,0.0,7.0,"rms(c) shows no consistent downward trend, stagnating around 0.1-0.2 after step 40 with persistent oscillations and no progress toward convergence thresholds",Kill,125,7.812615633010864,2
vasp-data-files/110110001111010100100000/OSZICAR,0,200,0.0,8.0,"rms(c) shows no consistent downward trend, stagnating around 0.5-2.4 with oscillations and no macro-decrease, indicating divergence per Expert Tie-Breaker Rule",Kill,125,7.8104918003082275,2
vasp-data-files/110110011110111000000110/OSZICAR,0,200,1.0,7.0,"Despite persistent dE oscillations, rms(c) shows clear macro-trend decreasing from ~30 to ~1.3 over last 50 steps, following Expert Tie-Breaker Rule for damped oscillatory convergence",Continue,125,8.643555402755737,2
vasp-data-files/110110101100001000111110/OSZICAR,0,200,1.0,7.0,"Despite persistent dE oscillations, rms(c) shows clear macro-trend decreasing from ~20 to ~3.6 over 125 steps, following Expert Tie-Breaker Rule for damped oscillatory convergence",Continue,125,7.2868757247924805,2
vasp-data-files/111101010101111011011000/OSZICAR,1,165,0.0,8.0,"rms(c) shows no consistent downward trend, oscillating between 1-4 without sustained decrease, indicating stagnation and divergence despite some dE fluctuations",Kill,100,4.2024664878845215,1
vasp-data-files/100011011011100110111001/OSZICAR,0,200,0.0,7.0,"rms(c) shows no consistent downward trend, oscillating between 1.1-1.5 in later steps with stagnation around 1.4-1.5 at the end, indicating divergence despite some dE oscillations",Kill,100,4.2052459716796875,1
vasp-data-files/111110000101001100101010/OSZICAR,1,153,1.0,7.0,"Despite persistent dE oscillations, rms(c) shows clear macro-trend decreasing from ~12.5 at step 13 to ~0.03 at step 150, following Expert Tie-Breaker Rule",Continue,150,12.34066128730774,3
vasp-data-files/101101010101011001000100/OSZICAR,0,200,0.0,7.0,"rms(c) shows no consistent downward trend, oscillating between 0.3-0.5 after step 100 with no progress toward convergence thresholds, indicating stagnation despite dE oscillations",Kill,125,7.504437446594238,2
vasp-data-files/111010010000111010100100/OSZICAR,0,200,0.0,7.0,"rms(c) oscillates between 7-16 with no sustained downward trend, stagnating around 7-9 in final steps, indicating divergence per Expert Tie-Breaker Rule",Kill,100,3.8982582092285156,1
vasp-data-files/100110010100110010111100/OSZICAR,0,200,0.0,7.0,"rms(c) oscillates between 0.2-0.8 without sustained downward trend, showing stagnation at high values despite some dE fluctuations",Kill,100,3.2809786796569824,1
vasp-data-files/101001111011100001100001/OSZICAR,0,200,0.0,7.0,"rms(c) shows no consistent downward trend, oscillating between 0.8-8.1 without meaningful reduction over 125 steps, indicating stagnation and divergence according to Expert Tie-Breaker Rule",Kill,125,7.873105525970459,2
vasp-data-files/101101110000000110000011/OSZICAR,0,200,1.0,7.0,"Despite persistent dE oscillations, rms(c) shows clear macro-trend decreasing from ~125 at step 13 to ~0.93 at step 125, following Expert Tie-Breaker Rule",Continue,125,7.751100063323975,2
vasp-data-files/110110000011010010101100/OSZICAR,1,120,,,评估到 125 步时，实际步数仅为 120，数据不足。,Insufficient_Steps,120,4.511683225631714,1
vasp-data-files/111011110001110110010000/OSZICAR,0,200,1.0,7.0,"Despite persistent dE oscillations, rms(c) shows clear macro-trend decrease from ~22.5 at step 33 to ~4.2 at step 125, following the Expert's Tie-Breaker Rule for damped oscillatory convergence",Continue,125,8.345856189727783,2
vasp-data-files/101101001011001001100101/OSZICAR,0,200,1.0,7.0,"Despite persistent dE oscillations, rms(c) shows clear macro-trend decreasing from ~125 at step 13 to ~0.155 at step 146, following Expert Tie-Breaker Rule for damped oscillatory convergence",Continue,150,12.96163034439087,3
vasp-data-files/110000010110101101010011/OSZICAR,0,200,1.0,7.0,"Despite persistent dE oscillations, rms(c) shows clear macro-trend decreasing from ~120 to ~0.4 over 175 steps, following Expert's Tie-Breaker Rule for damped oscillatory convergence",Continue,175,16.252156972885132,4
vasp-data-files/111010001101110010100110/OSZICAR,0,200,0.0,7.0,"rms(c) shows no consistent downward trend, oscillating between 0.2-0.8 without sustained improvement over 125 steps, indicating stagnation and divergence despite some dE fluctuations",Kill,125,7.502496242523193,2
vasp-data-files/110110001001000011111111/OSZICAR,0,200,0.0,7.0,"rms(c) shows no consistent downward trend, stagnating around 0.16-0.32 after step 55 with persistent oscillations, indicating divergence despite some dE fluctuations",Kill,100,4.2026801109313965,1
vasp-data-files/101100010101110001101100/OSZICAR,0,200,0.0,7.0,"rms(c) shows no consistent downward trend, stagnating around 0.1-0.3 after step 50 with persistent oscillations and no progress toward convergence thresholds",Kill,125,8.016371250152588,2
vasp-data-files/101100101001000101010100/OSZICAR,0,200,0.0,7.0,"rms(c) shows no consistent downward trend, oscillating between 0.3-1.9 without sustained improvement over 125 steps, indicating stagnation despite some dE fluctuations",Kill,125,7.607529878616333,2
vasp-data-files/101010100000111110110001/OSZICAR,1,125,1.0,7.0,"Despite persistent dE oscillations, rms(c) shows clear macro-trend decreasing from ~1.06E+02 to ~2.98E-01 over 100 steps, following Expert Tie-Breaker Rule",Continue,100,3.8952713012695312,1
