filepath,true_label,total_steps,final_prediction,final_confidence,final_reasoning,status,predicted_at_steps,final_api_time,num_api_calls
vasp-data-files/101001010001001101100100/OSZICAR,1,172,0.0,8.0,"rms(c) stagnates at 0.25 from step 44-50 with no decreasing trend despite dE becoming small, indicating charge density is not converging",Kill,50,3.593709945678711,1
vasp-data-files/111110000100010000011110/OSZICAR,1,116,,,评估到 125 步时，实际步数仅为 116，数据不足。,Insufficient_Steps,116,11.735520124435425,3
vasp-data-files/100100001110011011011111/OSZICAR,1,67,1.0,7.0,"Despite dE oscillations, rms(c) shows clear macro-decreasing trend from 122E+01 to 65E-02 over steps 12-50, following Expert Tie-Breaker Rule",Continue,50,4.445141792297363,1
vasp-data-files/111010110111111111000001/OSZICAR,1,55,1.0,8.0,"Clear monotonic decreasing trend in rms(c) from 1.24E+02 to 1.19E-02 over 50 steps, with dE consistently reaching small values (<1E-03) in final iterations",Continue,50,3.911485195159912,1
vasp-data-files/101101000101010011100011/OSZICAR,0,200,0.0,8.0,"rms(c) stagnates at 1.6-1.8 with no decreasing trend after step 45, dE remains high and oscillatory, matching divergence pattern",Kill,50,2.98718523979187,1
vasp-data-files/111101100101011011110110/OSZICAR,1,62,1.0,7.0,"Despite dE oscillations, rms(c) shows clear macro-trend decreasing from 126E+01 to 134E-01 over steps 13-50, following Expert Tie-Breaker Rule",Continue,50,4.901627779006958,1
vasp-data-files/100010010010001011110101/OSZICAR,1,55,1.0,8.0,"Clear damped oscillatory convergence with rms(c) showing strong monotonic decrease from 1.22E+01 to 1.18E-02 over final 38 steps, following Expert Tie-Breaker Rule despite some dE noise",Continue,50,4.453837394714356,1
vasp-data-files/110110100000011000100100/OSZICAR,1,105,1.0,7.0,"Despite dE oscillations, rms(c) shows clear macro-trend decreasing from 122 to 0.047 over steps 13-50, following Expert Tie-Breaker Rule for damped oscillatory convergence",Continue,50,4.219683885574341,1
vasp-data-files/110001111011001111111001/OSZICAR,1,106,1.0,7.0,"Despite dE oscillations, rms(c) shows clear downward macro-trend from 1.24E+02 to 4.60E-01 over steps 12-50, following Expert Tie-Breaker Rule",Continue,50,4.523340463638306,1
vasp-data-files/100010101000001110011111/OSZICAR,1,64,1.0,7.0,"Despite dE oscillations in final steps, rms(c) shows clear macro-trend decreasing from 1.06E+02 to 6.38E-02 over 40 iterations, following Expert Tie-Breaker Rule",Continue,50,4.21811580657959,1
vasp-data-files/110000011100111100000000/OSZICAR,0,200,0.0,8.0,"rms(c) stagnates at 1.9-2.2 with no decreasing trend after step 12, and dE shows persistent large oscillations, indicating divergence according to Expert Tie-Breaker Rule",Kill,50,3.8608028888702393,1
vasp-data-files/101011010101110010111110/OSZICAR,1,68,1.0,7.0,"Despite dE oscillations, rms(c) shows clear macro-trend decreasing from 126E+01 to 177E-01 over steps 13-50, following Expert Tie-Breaker Rule",Continue,50,3.960082530975342,1
vasp-data-files/101110111010110011001111/OSZICAR,0,200,1.0,7.0,"Despite dE oscillations, rms(c) shows clear downward macro-trend from 125 at step 13 to 0.408 at step 50, following Expert Tie-Breaker Rule for damped oscillatory convergence",Continue,50,3.907875299453736,1
vasp-data-files/101100000000101101100000/OSZICAR,1,57,1.0,7.0,"Despite dE oscillations, rms(c) shows clear macro-trend decreasing from 120 to 0.03 over 40 steps, following Expert Tie-Breaker Rule for damped convergence",Continue,50,4.215803146362305,1
vasp-data-files/101101010101101011001000/OSZICAR,1,80,1.0,8.0,"Despite early oscillations in dE, rms(c) shows clear macro-trend decreasing from 121E+01 to 175E-02 over 75 steps, following Expert Tie-Breaker Rule for damped oscillatory convergence",Continue,75,8.438055038452148,2
vasp-data-files/101111010100110000100100/OSZICAR,0,200,0.0,8.0,"rms(c) stagnates around 18-20 after initial decrease, showing no clear downward macro-trend despite dE oscillations, indicating divergence according to Expert Tie-Breaker Rule",Kill,50,2.989312171936035,1
vasp-data-files/111111011101110001001010/OSZICAR,1,118,1.0,7.0,"Despite significant dE oscillations, rms(c) shows clear macro-trend decreasing from 126E+01 to 217E+00 over steps 13-50, following Expert Tie-Breaker Rule for damped oscillatory convergence",Continue,50,4.217801570892334,1
vasp-data-files/111100110011000100101100/OSZICAR,0,200,1.0,7.0,"Despite dE oscillations in final steps, rms(c) shows clear macro-decreasing trend from 1.06E+02 to 4.01E-01 over 38 steps, following Expert Tie-Breaker Rule",Continue,50,4.214799880981445,1
vasp-data-files/111101001101110110100010/OSZICAR,1,63,1.0,8.0,Clear damped oscillatory convergence with rms(c) showing strong monotonic decrease from 1.21E+01 to 2.60E-02 and dE oscillations damping to below 1E-03,Continue,50,3.9099607467651367,1
vasp-data-files/111110000101010000100000/OSZICAR,0,200,0.0,7.0,"rms(c) stagnates around 1.5-1.7 after step 100 with no clear downward trend, and dE continues to show persistent oscillations above convergence threshold",Kill,125,15.65394139289856,4
vasp-data-files/101000010100011110000010/OSZICAR,1,139,1.0,7.0,"Despite dE oscillations, rms(c) shows clear macro-decreasing trend from 125E+00 to 0.786E-01 over steps 12-50, following Expert Tie-Breaker Rule",Continue,50,4.216090440750122,1
vasp-data-files/101110000000110110100000/OSZICAR,1,86,1.0,7.0,"Despite initial dE oscillations, rms(c) shows clear consistent downward macro-trend from 124E+01 to 121E+00 over steps 12-50, following Expert Tie-Breaker Rule",Continue,50,4.216691970825195,1
vasp-data-files/111000011100111110100100/OSZICAR,1,146,1.0,7.0,"Despite significant dE oscillations, rms(c) shows clear downward macro-trend from ~120 to ~2.78 over steps 12-50, following Expert Tie-Breaker Rule for damped oscillatory convergence",Continue,50,4.216414213180542,1
vasp-data-files/100100110010001101011001/OSZICAR,0,200,1.0,7.0,"Despite significant dE oscillations, rms(c) shows clear macro-trend decreasing from ~12.2 at step 13 to ~1.47 at step 75, following Expert Tie-Breaker Rule that rms(c) downward trend indicates eventual convergence",Continue,75,8.744718313217163,2
vasp-data-files/100001111010000001010101/OSZICAR,0,200,1.0,7.0,"Despite dE oscillations in final steps, rms(c) shows clear macro-trend decreasing from 1.22E+02 to 2.79E-01 over 38 steps, following Expert Tie-Breaker Rule",Continue,50,4.523995161056519,1
vasp-data-files/111110000100111110100000/OSZICAR,1,71,1.0,7.0,"Despite dE oscillations in final steps, rms(c) shows clear macro-decreasing trend from 1.22E+02 to ~3E-01 over 40 iterations, following Expert Tie-Breaker Rule for damped oscillatory convergence",Continue,50,4.533932209014893,1
vasp-data-files/100001010111110011101110/OSZICAR,0,200,1.0,7.0,"Despite significant dE oscillations, rms(c) shows clear downward macro-trend from 126 at step 13 to 2.54 at step 50, following Expert Tie-Breaker Rule for eventual convergence",Continue,50,4.2076499462127686,1
vasp-data-files/100000010110101010101001/OSZICAR,1,81,1.0,7.0,"Despite dE oscillations in final steps, rms(c) shows clear macro-decreasing trend from 1.06E+02 to 1.45E-01 over 39 steps, following Expert Tie-Breaker Rule",Continue,50,4.214251518249512,1
vasp-data-files/101101001111110011100001/OSZICAR,1,66,1.0,7.0,"Despite early oscillations in dE, rms(c) shows clear macro-trend decreasing from 123E+01 to 301E-02 over steps 12-50, following Expert Tie-Breaker Rule for damped oscillatory convergence",Continue,50,4.833116292953491,1
vasp-data-files/111100010101111011110101/OSZICAR,0,200,0.0,8.0,"rms(c) shows no consistent downward trend, stagnating around 1.0-2.2 with oscillations and no real improvement over many iterations, indicating divergence despite some dE fluctuations",Kill,125,17.493300437927246,4
vasp-data-files/101101010101111111101100/OSZICAR,1,82,1.0,7.0,"Despite dE oscillations in later steps, rms(c) shows clear macro-trend decreasing from 1.27E+02 to 1.12E-01 over steps 13-50, following Expert Tie-Breaker Rule",Continue,50,4.523961782455444,1
vasp-data-files/100011101110110010111111/OSZICAR,1,68,1.0,8.0,"Despite initial oscillations in dE, rms(c) shows clear monotonic downward trend from 132 to 0.0717 over steps 12-50, following Expert Tie-Breaker Rule for eventual convergence",Continue,50,4.42107629776001,1
vasp-data-files/101111000100111110100000/OSZICAR,1,79,1.0,8.0,"Clear downward macro-trend in rms(c) from 123E+01 to 116E-01 over steps 12-50, with dE showing damped oscillations and reaching small values near convergence threshold",Continue,50,4.320022106170654,1
vasp-data-files/101011010100110010100100/OSZICAR,0,200,0.0,7.0,"rms(c) shows no clear downward trend, stagnating around 8-10 after initial decrease, with dE remaining large and oscillatory",Kill,50,3.6030876636505127,1
vasp-data-files/110100001110001101011001/OSZICAR,0,200,1.0,6.0,"Large dE oscillations persist but rms(c) shows clear macro-trend decreasing from ~1.2E+01 to ~4.0E-01 over 200 steps, following Expert Tie-Breaker Rule",Unresolved_MaxSteps,200,36.30195355415344,7
vasp-data-files/100100111111011001010111/OSZICAR,0,200,1.0,7.0,"Despite persistent dE oscillations, rms(c) shows clear macro-trend decreasing from ~12.7 to ~0.2 over 125 steps, following the Expert Tie-Breaker Rule for damped oscillatory convergence",Continue,125,18.11141061782837,4
vasp-data-files/100001011101111010001100/OSZICAR,0,200,0.0,7.0,"rms(c) stagnates around 0.15-0.20 with no clear downward trend after step 32, and dE remains oscillatory without reaching convergence thresholds",Kill,50,3.2937371730804443,1
vasp-data-files/101110010100111011000100/OSZICAR,1,122,1.0,7.0,"Despite dE oscillations in final steps, rms(c) shows clear macro-decreasing trend from 1.24E+02 to 5.38E-01 over steps 13-50, following Expert Tie-Breaker Rule for damped oscillatory convergence",Continue,50,4.523838758468628,1
vasp-data-files/110100001101111100101000/OSZICAR,1,110,1.0,7.0,"Despite dE oscillations, rms(c) shows clear macro-trend decreasing from 123E+01 to 6.08E-01 over steps 12-50, following Expert Tie-Breaker Rule",Continue,50,4.522927045822144,1
vasp-data-files/101110000000011100100000/OSZICAR,1,64,1.0,8.0,"Clear damped oscillatory convergence: rms(c) shows strong monotonic decrease from 121E+01 to 293E-02 over steps 12-50, following Expert Tie-Breaker Rule despite early dE oscillations",Continue,50,4.319141626358032,1
vasp-data-files/111100000100111110100000/OSZICAR,1,67,1.0,8.0,"Clear downward macro-trend in rms(c) from 121E+01 to 647E-02 despite dE oscillations, following Expert Tie-Breaker Rule for convergence",Continue,50,4.419132232666016,1
vasp-data-files/111000010000110111111010/OSZICAR,1,95,1.0,7.0,"Despite dE oscillations, rms(c) shows clear macro-trend decreasing from 123E+02 to 0.408E-01 over 50 steps, following Expert Tie-Breaker Rule",Continue,50,3.602508306503296,1
vasp-data-files/101101000101011110111100/OSZICAR,1,72,1.0,7.0,"Despite dE oscillations in later steps, rms(c) shows clear macro-trend decreasing from 1.06E+02 to 3.19E-01 over 50 steps, following Expert Tie-Breaker Rule",Continue,50,4.216402530670166,1
vasp-data-files/111100000101111100101000/OSZICAR,0,200,1.0,7.0,"Despite dE oscillations in later steps, rms(c) shows clear macro-decreasing trend from 1.22E+02 to ~5E-01 with damping amplitude, following Expert Tie-Breaker Rule",Continue,50,4.215987920761108,1
vasp-data-files/100001110010011010011111/OSZICAR,1,69,1.0,7.0,"Despite dE oscillations, rms(c) shows clear macro-trend decreasing from 125E+00 to 0.423E-01 over steps 12-50, following Expert Tie-Breaker Rule",Continue,50,4.214779138565064,1
vasp-data-files/100001110000110000100010/OSZICAR,1,50,1.0,8.0,"Clear downward macro-trend in rms(c) from 1.22E+02 to 1.43E-02 over 50 steps despite some dE oscillations, following Expert Tie-Breaker Rule",Continue,50,3.909699678421021,1
vasp-data-files/110101101100111101010011/OSZICAR,1,140,1.0,7.0,"Despite dE oscillations in later steps, rms(c) shows clear macro-trend decreasing from 1.26E+02 to 4.63E-01 over 38 steps, following Expert Tie-Breaker Rule",Continue,50,4.113895654678345,1
vasp-data-files/101001110010000111111111/OSZICAR,1,114,1.0,7.0,"Despite significant dE oscillations, rms(c) shows clear macro-trend decreasing from 128 to 0.229 over steps 13-50, following Expert Tie-Breaker Rule for damped convergence",Continue,50,5.546436548233032,1
vasp-data-files/101011010111111010100100/OSZICAR,0,200,1.0,6.0,"Large dE oscillations persist but rms(c) shows clear macro-trend decreasing from ~1.06E+02 to ~4.90E-01 over 200 steps, following Expert Tie-Breaker Rule",Unresolved_MaxSteps,200,32.309648752212524,7
vasp-data-files/111110000101110010010000/OSZICAR,0,200,0.0,7.0,"rms(c) shows no clear downward trend, oscillating between 0.15-0.86 without sustained decrease, indicating stagnation despite some dE oscillations",Kill,75,9.051127433776855,2
vasp-data-files/100001110001101111000111/OSZICAR,0,200,0.0,7.0,"rms(c) stagnates around 9.5-11.0 after step 40 showing no clear downward macro-trend despite some dE fluctuations, indicating divergence according to Expert Tie-Breaker Rule",Kill,50,4.523146152496338,1
vasp-data-files/101100110111111001010101/OSZICAR,0,200,0.0,8.0,"rms(c) stagnates at 1.5-1.6 with no decreasing trend after step 25, and dE shows persistent oscillations without convergence",Kill,50,3.907926797866821,1
vasp-data-files/111010000101010010101110/OSZICAR,1,120,0.0,8.0,"rms(c) stagnates at ~0.83-0.84 after step 47 with no downward trend, and dE shows persistent oscillations without convergence, indicating divergence according to the tie-breaker rule",Kill,50,4.625537395477295,1
vasp-data-files/100001011101111100001000/OSZICAR,1,72,1.0,7.0,"Despite dE oscillation at final step, rms(c) shows clear monotonic decreasing trend from 1.05E+01 to 5.76E-02 over steps 12-50, following Expert Tie-Breaker Rule",Continue,50,4.422097206115723,1
vasp-data-files/101100010110110001010100/OSZICAR,1,188,0.0,8.0,"rms(c) stagnates around 2.6-2.8 with no decreasing trend after step 12, and dE shows persistent large oscillations, indicating divergence according to the Expert's Tie-Breaker Rule",Kill,50,5.444223880767822,1
vasp-data-files/111101000101011111100110/OSZICAR,1,64,1.0,7.0,"Despite dE oscillations in later steps, rms(c) shows clear macro-trend decreasing from 126E+01 to 148E-01 over 38 steps, following Expert Tie-Breaker Rule",Continue,50,3.5999553203582764,1
vasp-data-files/111010001000000111111000/OSZICAR,0,200,0.0,8.0,"rms(c) stagnates around 1.8-2.2 with no clear downward trend after step 12, and dE shows persistent large oscillations, indicating divergence according to Expert Tie-Breaker Rule",Kill,50,3.908576250076294,1
vasp-data-files/110100011100111100100000/OSZICAR,0,200,0.0,7.0,"rms(c) stagnates around 9-11 after initial decrease, showing no clear downward macro-trend despite dE oscillations, indicating divergence according to tie-breaker rule",Kill,50,3.908278226852417,1
vasp-data-files/111100001001011110010001/OSZICAR,1,64,1.0,8.0,"Clear downward macro-trend in rms(c) from 1.23E+02 to 5.84E-02 over steps 12-50, with dE oscillations showing overall damping behavior consistent with convergence",Continue,50,9.43893814086914,1
vasp-data-files/101101000100111110100000/OSZICAR,1,75,1.0,7.0,"Despite dE oscillations, rms(c) shows clear macro-trend decreasing from 122E+01 to 45E-01 over steps 12-50, following Expert Tie-Breaker Rule for damped oscillatory convergence",Continue,50,4.829139947891235,1
vasp-data-files/110110101000010000100000/OSZICAR,1,71,1.0,8.0,"Clear downward macro-trend in rms(c) from 1.22E+01 to 1.66E-01 over steps 12-50, with dE oscillations showing damping pattern consistent with convergence",Continue,50,4.829973220825195,1
vasp-data-files/101011010001110010100000/OSZICAR,1,70,1.0,7.0,"Despite dE oscillations, rms(c) shows clear macro-trend decreasing from 1.22E+01 to 2.94E-01 over steps 12-50, following Expert Tie-Breaker Rule",Continue,50,4.522332429885864,1
vasp-data-files/111110001100010000111110/OSZICAR,1,191,0.0,7.0,"rms(c) stagnates around 0.20-0.24 after step 40 showing no clear downward macro-trend despite dE oscillations, indicating divergence per Expert Tie-Breaker Rule",Kill,75,7.38021445274353,2
vasp-data-files/111111000101000000100110/OSZICAR,1,61,1.0,7.0,"Clear downward macro-trend in rms(c) from 1.22E+01 to 4.33E-02 despite some dE oscillations, following Expert Tie-Breaker Rule",Continue,50,4.351888418197632,1
vasp-data-files/101100010101110010111000/OSZICAR,1,60,,,评估到 75 步时，实际步数仅为 60，数据不足。,Insufficient_Steps,60,4.52263069152832,1
vasp-data-files/111001101101110111010011/OSZICAR,1,71,,,评估到 75 步时，实际步数仅为 71，数据不足。,Insufficient_Steps,71,4.74985933303833,1
vasp-data-files/101011010101111011001100/OSZICAR,1,53,1.0,8.0,"Clear damped oscillatory convergence with rms(c) showing strong monotonic decrease from 126 to 0.14 over steps 13-50, following Expert Tie-Breaker Rule despite early dE oscillations",Continue,50,4.752530574798584,1
vasp-data-files/100000110100111111010001/OSZICAR,1,184,0.0,8.0,"rms(c) stagnates around 1.0 with no decreasing trend after step 32, and dE shows persistent oscillations without reaching convergence thresholds",Kill,50,3.293867349624634,1
vasp-data-files/101110000001100001100001/OSZICAR,0,200,0.0,8.0,"rms(c) shows no decreasing trend, stagnating around 2.2-2.6 with no overall improvement, indicating divergence according to Expert Tie-Breaker Rule",Kill,50,4.522697925567627,1
vasp-data-files/100000111110101011010111/OSZICAR,1,74,1.0,7.0,"Despite dE oscillations in final steps, rms(c) shows clear macro-decreasing trend from 1.23E+02 to 6.86E-01 over 50 steps, following Expert Tie-Breaker Rule",Continue,50,4.520474433898926,1
vasp-data-files/111101000101011101110000/OSZICAR,0,200,1.0,9.0,"Clear monotonic convergence in final steps: rms(c) decreases from 0.649E-02 to 0.124E-02 and dE reaches -0.46327E-04, both well below convergence thresholds with smooth downward trend",Continue,200,34.46092486381531,7
vasp-data-files/110110100000011000100110/OSZICAR,1,75,1.0,7.0,"Despite dE oscillations, rms(c) shows clear macro-trend decreasing from 1.05E+02 to 2.52E-01 over 50 steps, following Expert Tie-Breaker Rule",Continue,50,4.214317083358765,1
vasp-data-files/101001110111110010010010/OSZICAR,1,50,1.0,8.0,"Clear downward macro-trend in rms(c) from 121E+02 to 0.431E-03 despite some dE oscillations, following Expert Tie-Breaker Rule for convergence",Continue,50,3.9076461791992174,1
vasp-data-files/101111000100111010100011/OSZICAR,1,109,,,评估到 125 步时，实际步数仅为 109，数据不足。,Insufficient_Steps,109,12.042872190475464,3
vasp-data-files/110101100010001010011111/OSZICAR,0,200,0.0,8.0,"rms(c) stagnates around 1.6-1.9 with no clear downward trend despite dE oscillations, indicating divergence per Expert Tie-Breaker Rule",Kill,50,3.216439962387085,1
vasp-data-files/100001010110001011010101/OSZICAR,1,105,1.0,7.0,"Despite dE oscillations in final steps, rms(c) shows clear macro-trend decreasing from 1.05E+01 to 4.74E-01 over steps 12-50, following Expert Tie-Breaker Rule",Continue,50,4.522774696350098,1
vasp-data-files/110010001001100111111001/OSZICAR,1,110,1.0,7.0,"Despite dE oscillations in later steps, rms(c) shows clear macro-trend decreasing from 1.06E+02 to 4.62E-01 over 40 iterations, following the Expert Tie-Breaker Rule for damped oscillatory convergence",Continue,50,4.212935209274292,1
vasp-data-files/100110100010000101111001/OSZICAR,1,72,1.0,7.0,"Despite dE oscillations, rms(c) shows clear macro-trend decreasing from 1.05E+02 to 1.27E-01 over 39 steps, following Expert Tie-Breaker Rule for damped oscillatory convergence",Continue,50,4.522592544555664,1
vasp-data-files/111111001000011110110001/OSZICAR,1,181,1.0,7.0,"Despite significant dE oscillations, rms(c) shows clear macro-trend decreasing from 125E+00 to 127E-00 over steps 13-50, following Expert Tie-Breaker Rule",Continue,50,3.906700372695923,1
vasp-data-files/100001111101001011011111/OSZICAR,1,102,1.0,7.0,"Despite dE oscillations, rms(c) shows clear downward macro-trend from 123E+01 to 178E+00 over steps 12-50, following Expert Tie-Breaker Rule for eventual convergence",Continue,50,4.2163190841674805,1
vasp-data-files/101100110110100100000001/OSZICAR,1,180,0.0,8.0,"rms(c) shows no consistent downward trend, stagnating around 11-13 after initial decrease, with dE remaining large and oscillatory",Kill,50,3.293747901916504,1
vasp-data-files/111110001001010100101000/OSZICAR,1,78,1.0,7.0,"Despite dE oscillations, rms(c) shows clear monotonic downward trend from 1.05E+01 to 5.55E-02 over steps 12-50, following Expert Tie-Breaker Rule",Continue,50,4.212681770324707,1
vasp-data-files/100110100101011100100000/OSZICAR,1,116,1.0,7.0,"Despite dE oscillations, rms(c) shows clear monotonic downward trend from 124E+01 to 482E-01 over steps 13-50, following Expert Tie-Breaker Rule for convergence",Continue,50,4.215841770172119,1
vasp-data-files/110001011111111001000011/OSZICAR,1,62,1.0,7.0,"Despite dE oscillations in later steps, rms(c) shows clear macro-trend decreasing from 125E+01 to 109E-01 over 38 steps, following Expert Tie-Breaker Rule",Continue,50,4.522538661956787,1
vasp-data-files/110011111001011111010011/OSZICAR,1,50,1.0,8.0,"Despite early oscillations, rms(c) shows clear monotonic decrease from 1.23E+01 to 7.36E-03 with dE reaching <1E-04, following Expert Tie-Breaker Rule",Continue,50,4.318406105041504,1
vasp-data-files/100011011101001010011111/OSZICAR,1,186,0.0,8.0,"rms(c) stagnates around 1.7-1.8 with no clear downward trend despite dE oscillations, following Expert Tie-Breaker Rule for divergence",Kill,50,3.803122758865357,1
vasp-data-files/111011110001111110010000/OSZICAR,0,200,1.0,7.0,"Despite dE oscillations, rms(c) shows clear macro-trend decreasing from 12.4E+01 to 7.94E-01 over steps 13-50, following Expert Tie-Breaker Rule for damped oscillatory convergence",Continue,50,4.522329568862915,1
vasp-data-files/101001101101011010111100/OSZICAR,1,102,1.0,7.0,"Despite dE oscillations, rms(c) shows clear macro-trend decreasing from ~120 to ~0.2 over 75 steps, following Expert Tie-Breaker Rule for damped oscillatory convergence",Continue,75,7.515002012252808,2
vasp-data-files/111110001000011000101000/OSZICAR,1,79,1.0,7.0,"Despite dE oscillations, rms(c) shows clear macro-trend decreasing from 1.05E+02 to 1.50E-01 over 40 steps, following Expert Tie-Breaker Rule",Continue,50,4.827529430389404,1
vasp-data-files/101011010101110010100000/OSZICAR,1,62,1.0,7.0,"Despite dE oscillations in later steps, rms(c) shows clear macro-trend decreasing from 1.22E+02 to 6.79E-02 over 38 steps, following Expert Tie-Breaker Rule for damped oscillatory convergence",Continue,50,5.136826276779175,1
vasp-data-files/101101000111010011101111/OSZICAR,1,60,1.0,8.0,"Clear downward macro-trend in rms(c) from 1.23E+02 to 5.16E-02 despite some dE oscillations, following Expert Tie-Breaker Rule for convergence",Continue,50,4.522866725921631,1
vasp-data-files/101001001100111110000101/OSZICAR,1,80,1.0,7.0,"Despite dE oscillations in final steps, rms(c) shows clear macro-decreasing trend from 1.23E+02 to 5.04E-01 over steps 13-50, following Expert Tie-Breaker Rule",Continue,50,3.9069418907165527,1
vasp-data-files/111011010100100010111110/OSZICAR,1,105,1.0,7.0,"Despite dE oscillations in final steps, rms(c) shows clear macro-trend decreasing from 1.25E+02 to 4.82E-01 over steps 12-50, following Expert Tie-Breaker Rule",Continue,50,4.520813703536987,1
vasp-data-files/110110100000011100100000/OSZICAR,1,63,1.0,8.0,"Clear damped oscillatory convergence with rms(c) showing strong downward macro-trend from 121E+01 to 101E-01 over 38 steps, despite dE oscillations",Continue,50,4.215319395065308,1
vasp-data-files/111100110101111111010001/OSZICAR,1,74,1.0,7.0,"Despite dE oscillations, rms(c) shows clear macro-trend decreasing from 127E+01 to 227E-01 over steps 13-50, following Expert Tie-Breaker Rule",Continue,50,4.393212080001831,1
vasp-data-files/111100001101010010100011/OSZICAR,1,69,1.0,7.0,"Despite dE oscillations, rms(c) shows clear macro-trend decreasing from 123E+01 to 120E-01 over steps 12-50, following Expert Tie-Breaker Rule",Continue,50,3.4209134578704834,1
vasp-data-files/110010001110110010101010/OSZICAR,1,85,1.0,8.0,"Despite early oscillations, rms(c) shows clear monotonic decrease from 124 to 0.0233 over steps 13-50, following Expert Tie-Breaker Rule for convergence",Continue,50,4.214121103286743,1
vasp-data-files/100100001001101001001001/OSZICAR,0,200,0.0,7.0,"rms(c) shows no clear downward trend, stagnating around 0.5-0.8 after initial drop, with dE remaining high and oscillating, indicating divergence per Expert Tie-Breaker Rule",Kill,50,4.215557813644409,1
vasp-data-files/111100001100111110100000/OSZICAR,0,200,1.0,7.0,"Despite dE oscillations, rms(c) shows clear downward macro-trend from 12.2 to 0.154 over steps 12-50, following Expert Tie-Breaker Rule",Continue,50,3.2939095497131348,1
vasp-data-files/110110100101000111110001/OSZICAR,1,61,1.0,8.0,"Clear damped oscillatory convergence with rms(c) showing strong monotonic decrease from 1.06E+02 to 3.03E-02 over 39 steps, following Expert Tie-Breaker Rule despite dE oscillations",Continue,50,5.137642860412598,1
vasp-data-files/101011110110111110100101/OSZICAR,0,200,0.0,8.0,"rms(c) shows no overall decreasing trend, stagnating around 2.0-2.8 with no clear downward direction despite dE oscillations",Kill,50,2.980841875076294,1
vasp-data-files/111111000101000010111100/OSZICAR,1,84,1.0,7.0,"Despite initial oscillations, rms(c) shows clear downward macro-trend from 123E+01 to 632E-01, following Expert Tie-Breaker Rule for eventual convergence",Continue,50,4.2148730754852295,1
vasp-data-files/111111000101000100110110/OSZICAR,1,131,0.0,7.0,"rms(c) shows no consistent downward trend, oscillating between 1.0-1.8 in later steps with final value at 0.421E+01 (4.21) indicating stagnation at high residual",Kill,50,3.907051086425781,1
vasp-data-files/111100000001111110100000/OSZICAR,1,144,1.0,7.0,"Despite initial dE oscillations, rms(c) shows clear downward macro-trend from 122E+02 to 0.354E-01 over 50 steps, following Expert Tie-Breaker Rule",Continue,50,4.214564085006714,1
vasp-data-files/100010001100111111010001/OSZICAR,1,55,1.0,7.0,"Despite dE oscillations in final steps, rms(c) shows clear macro-trend decreasing from 1.06E+02 to 2.06E-01 over 38 steps, following Expert Tie-Breaker Rule",Continue,50,4.214086294174194,1
vasp-data-files/101011010010111110100000/OSZICAR,1,184,1.0,7.0,"Despite persistent dE oscillations, rms(c) shows clear macro-trend decreasing from ~12.3 at step 13 to ~0.86 at step 125, following the Expert's Tie-Breaker Rule for damped oscillatory convergence",Continue,125,16.878394842147827,4
vasp-data-files/100100010111111000000110/OSZICAR,0,200,1.0,7.0,"Despite dE oscillations in later steps, rms(c) shows clear macro-trend decreasing from 1.22E+02 to 3.73E-01 over steps 13-50, following Expert Tie-Breaker Rule",Continue,50,4.521491765975952,1
vasp-data-files/101100010100110000110100/OSZICAR,0,200,0.0,7.0,"rms(c) stagnates between 1.3-1.5 after step 46 with no clear downward trend, and dE continues to oscillate significantly, indicating divergence according to the tie-breaker rule",Kill,50,4.419165849685669,1
vasp-data-files/111011110010110010101010/OSZICAR,0,200,0.0,8.0,"rms(c) shows no decreasing trend, stagnating around 2.3-2.5 after step 40, indicating divergence according to Expert Tie-Breaker Rule despite some dE oscillation",Kill,50,3.70281720161438,1
vasp-data-files/111110000101010010101110/OSZICAR,0,200,1.0,7.0,"Despite dE oscillations, rms(c) shows clear macro-trend decreasing from 122 to 0.073 over steps 12-50, following Expert Tie-Breaker Rule for damped oscillatory convergence",Continue,50,4.8275415897369385,1
vasp-data-files/110010100101011101000011/OSZICAR,0,200,1.0,7.0,"Despite dE oscillations in final steps, rms(c) shows clear overall decreasing trend from 1.06E+02 to 1.73E-01 over 39 steps, following Expert Tie-Breaker Rule for damped oscillatory convergence",Continue,50,5.136303186416626,1
vasp-data-files/110000111110100001010011/OSZICAR,0,200,0.0,7.0,"rms(c) stagnates around 0.15-0.20 after step 42 showing no clear downward macro-trend despite dE oscillations, indicating divergence per Expert Tie-Breaker Rule",Kill,50,4.521799087524414,1
vasp-data-files/110011111101000001111111/OSZICAR,0,200,1.0,7.0,"Despite persistent dE oscillations, rms(c) shows clear macro-trend decreasing from ~1.2E+02 to ~1.3E-01 over 150 steps, following Expert Tie-Breaker Rule",Continue,150,18.33368992805481,5
vasp-data-files/111110000101111100100000/OSZICAR,1,76,1.0,7.0,"Despite dE oscillations, rms(c) shows clear macro-trend decreasing from 1.23E+02 to 5.34E-01 over steps 12-50, following Expert Tie-Breaker Rule",Continue,50,4.5222907066345215,1
vasp-data-files/111011010101011010110110/OSZICAR,1,75,1.0,7.0,"Despite dE oscillations in final steps, rms(c) shows clear macro-trend decreasing from 1.27E+02 to 6.58E-01 over steps 12-50, following Expert Tie-Breaker Rule",Continue,50,3.9066953659057617,1
vasp-data-files/101011110000011111011000/OSZICAR,0,200,1.0,7.0,"Despite dE oscillations in final steps, rms(c) shows clear macro-trend decreasing from 1.06E+02 to 5.13E-01 over 38 steps, following Expert Tie-Breaker Rule",Continue,50,3.292466878890991,1
vasp-data-files/101101001001111010101001/OSZICAR,1,87,1.0,7.0,"Despite dE oscillations in later steps, rms(c) shows clear macro-trend decreasing from 1.24E+02 to 1.49E-01 over 50 steps, following Expert Tie-Breaker Rule",Continue,50,3.599785089492798,1
vasp-data-files/101101000101010011100000/OSZICAR,1,80,1.0,7.0,"Despite dE oscillations, rms(c) shows clear macro-trend decreasing from 1.22E+01 to 2.96E-01 over steps 13-50, following Expert Tie-Breaker Rule",Continue,50,3.2910139560699463,1
vasp-data-files/101100000101110011000000/OSZICAR,0,200,0.0,8.0,"rms(c) stagnates at 2.1-2.6 with no decreasing trend after step 12, and dE shows persistent large oscillations, indicating divergence according to Expert Tie-Breaker Rule",Kill,50,3.290707588195801,1
vasp-data-files/111110000000111100100010/OSZICAR,1,92,1.0,8.0,"Clear damped oscillatory convergence with rms(c) showing strong monotonic decrease from 121 to 0.124 over steps 12-50, and dE decreasing to ~1E-02 range despite some oscillations",Continue,50,3.9064531326293945,1
vasp-data-files/101011010101111100100000/OSZICAR,1,52,1.0,8.0,"Clear downward macro-trend in rms(c) from 1.20E+01 to 1.17E-02 over steps 12-50, with dE oscillations damping and reaching ~1E-04 range, following Expert Tie-Breaker Rule",Continue,50,3.599687099456787,1
vasp-data-files/101011010101010010110110/OSZICAR,0,200,0.0,8.0,"rms(c) shows no consistent downward trend, stagnating around 1.0-1.7 with oscillations and no clear damping, indicating divergence despite some dE fluctuations",Kill,50,2.985459327697754,1
vasp-data-files/111110100100111000100000/OSZICAR,1,103,1.0,8.0,"Despite significant dE oscillations throughout, rms(c) shows clear macro-trend decreasing from ~122 at step 12 to 0.013 at step 100, following Expert Tie-Breaker Rule that rms(c) trend overrules dE oscillations",Continue,100,23.10061454772949,3
vasp-data-files/111110000100010010111110/OSZICAR,1,155,1.0,7.0,"Despite dE oscillations, rms(c) shows clear monotonic decrease from 122 to 0.359 over steps 13-50, following Expert Tie-Breaker Rule for damped oscillatory convergence",Continue,50,3.906741857528688,1
vasp-data-files/101001011100111101100000/OSZICAR,0,200,1.0,7.0,"Despite persistent dE oscillations, rms(c) shows clear macro-trend decreasing from ~12.3 at step 13 to ~2.17 at step 125, following the Expert's Tie-Breaker Rule for damped oscillatory convergence",Continue,125,17.185916900634766,4
vasp-data-files/111100000101010110100001/OSZICAR,1,144,0.0,7.0,"rms(c) stagnates around 0.18-0.20 after step 45 with no clear downward trend, and dE remains oscillatory with large values, indicating divergence according to the tie-breaker rule",Kill,50,4.213850736618042,1
vasp-data-files/100011011111001001011111/OSZICAR,1,131,1.0,7.0,"Despite dE oscillations in later steps, rms(c) shows clear macro-trend decreasing from 1.22E+02 to 7.75E-01 over steps 12-50, following Expert Tie-Breaker Rule",Continue,50,4.521306037902832,1
vasp-data-files/111010011011110010101000/OSZICAR,0,200,1.0,7.0,"Despite persistent dE oscillations, rms(c) shows clear macro-trend decreasing from ~125 at step 13 to ~1.09 at step 175, following the Expert's Tie-Breaker Rule for damped oscillatory convergence",Continue,175,22.862983226776123,6
vasp-data-files/100011011000100110111000/OSZICAR,1,94,1.0,7.0,"Despite dE oscillations in final steps, rms(c) shows clear macro-decreasing trend from 1.06E+02 to 4.53E-01 over 38 steps, following Expert Tie-Breaker Rule",Continue,50,4.211419343948364,1
vasp-data-files/110100101101100101010011/OSZICAR,1,65,1.0,7.0,"Despite dE oscillations, rms(c) shows clear macro-trend decreasing from 1.06E+02 to 1.61E-01 over 39 steps, following Expert Tie-Breaker Rule",Continue,50,4.522922039031982,1
vasp-data-files/101001010111101111010011/OSZICAR,1,72,1.0,7.0,"Despite dE oscillations, rms(c) shows clear macro-trend decreasing from 1.24E+02 to 1.22E-01 over 50 steps, following Expert Tie-Breaker Rule",Continue,50,3.5971806049346924,1
vasp-data-files/100110010100110000011100/OSZICAR,1,131,1.0,7.0,"Despite large dE oscillations, rms(c) shows clear downward macro-trend from 1.05E+02 to 7.22E-01 over steps 12-50, following Expert Tie-Breaker Rule",Continue,50,4.828054666519165,1
vasp-data-files/111001111011111010000110/OSZICAR,0,200,0.0,8.0,"rms(c) shows no decreasing trend, stagnating at 20-27 after initial improvement, with dE remaining large and oscillatory",Kill,50,3.59912109375,1
vasp-data-files/101010100100001110111100/OSZICAR,1,61,1.0,8.0,"Clear monotonic decrease in rms(c) from 1.06E+02 to 2.64E-02 with dE showing consistent reduction to <1.0E-03, following ideal convergence pattern",Continue,50,3.9053144454956055,1
vasp-data-files/100100110101100001011111/OSZICAR,1,131,1.0,7.0,"Despite dE oscillations, rms(c) shows clear macro-trend decreasing from 125E+01 to 719E-01 over steps 12-50, following Expert Tie-Breaker Rule",Continue,50,3.905583143234253,1
vasp-data-files/100101001000001110011001/OSZICAR,1,157,1.0,7.0,"Despite dE oscillations, rms(c) shows clear macro-trend decreasing from 1.05E+02 to 4.14E-01 over steps 12-50, following Expert Tie-Breaker Rule",Continue,50,4.1104254722595215,1
vasp-data-files/111001010110111000010000/OSZICAR,1,102,1.0,7.0,"Despite persistent dE oscillations, rms(c) shows clear macro-trend decreasing from ~12.3 to ~1.08 over steps 13-75, following Expert Tie-Breaker Rule for damped oscillatory convergence",Continue,75,8.33185863494873,2
vasp-data-files/111001111111011110011110/OSZICAR,0,200,0.0,8.0,"rms(c) shows no overall decreasing trend, stagnating around 13-15 after initial improvement, with dE remaining large and oscillatory",Kill,50,2.884184122085572,1
vasp-data-files/100111111001010011101101/OSZICAR,0,200,0.0,8.0,"rms(c) stagnates around 9.6 after initial decrease, showing no clear downward macro-trend in later steps (steps 43-50), indicating divergence despite some dE oscillations",Kill,50,3.90449571609497,1
vasp-data-files/110010111000111100000000/OSZICAR,1,136,1.0,7.0,"Despite dE oscillations in later steps, rms(c) shows clear macro-decreasing trend from 1.05E+02 to 4.59E-01 over 40 iterations, following Expert Tie-Breaker Rule for damped oscillatory convergence",Continue,50,4.829059839248657,1
vasp-data-files/101011101101001010111100/OSZICAR,1,64,1.0,7.0,"Despite dE oscillations in mid-steps, rms(c) shows clear macro-trend decreasing from 124E+02 to 0.350E-02 over 50 steps, following Expert Tie-Breaker Rule for convergence",Continue,50,4.826642036437988,1
vasp-data-files/101101010101110011010100/OSZICAR,0,200,0.0,8.0,"rms(c) stagnates around 12-13 after initial decrease, showing no clear downward macro-trend despite dE oscillations, indicating divergence per Expert Tie-Breaker Rule",Kill,50,4.2126898765563965,1
vasp-data-files/101111001100010010101010/OSZICAR,1,97,1.0,7.0,"Despite dE oscillations, rms(c) shows clear macro-trend decreasing from 124 to 0.332 over steps 13-50, following Expert Tie-Breaker Rule for damped oscillatory convergence",Continue,50,3.9059107303619385,1
vasp-data-files/101011010101110010100100/OSZICAR,0,200,0.0,7.0,"rms(c) shows no consistent downward trend, oscillating between 1.0E+01 and 1.9E+01 in later steps with final values around 0.5E+01-0.7E+01, indicating stagnation and divergence according to tie-breaker rule",Kill,50,4.272688865661621,1
vasp-data-files/110110000011000000111010/OSZICAR,1,72,1.0,7.0,"Despite dE oscillations, rms(c) shows clear macro-trend decreasing from 1.24E+02 to 1.82E-01 over steps 13-50, following Expert Tie-Breaker Rule",Continue,50,4.164572238922119,1
vasp-data-files/101101000111110010100010/OSZICAR,1,85,0.0,7.0,"rms(c) stagnates around 0.5 after step 40 with no clear downward trend, and dE continues oscillating without reaching convergence thresholds",Kill,50,3.8935394287109375,1
vasp-data-files/101011011101111010100100/OSZICAR,1,97,1.0,7.0,"Despite dE oscillations, rms(c) shows clear macro-trend decreasing from 123E+01 to 8.11E-01 over steps 12-50, following Expert Tie-Breaker Rule",Continue,50,4.213916778564453,1
vasp-data-files/100010010010011111010111/OSZICAR,1,56,1.0,8.0,"Clear monotonic decrease in rms(c) from 1.05E+01 to 1.12E-02 over steps 12-50, with dE oscillations but overall decreasing magnitude, following Expert Tie-Breaker Rule",Continue,50,4.825390577316284,1
vasp-data-files/110011111111111001000111/OSZICAR,1,61,1.0,8.0,"Clear damped oscillatory convergence with rms(c) showing strong monotonic decrease from 125 to 0.077 over steps 13-50, following Expert Tie-Breaker Rule despite early dE oscillations",Continue,50,4.521096706390381,1
vasp-data-files/100011110111011010011111/OSZICAR,1,116,,,评估到 125 步时，实际步数仅为 116，数据不足。,Insufficient_Steps,116,12.55203366279602,3
vasp-data-files/101101011101111011011100/OSZICAR,0,200,1.0,7.0,"Despite dE oscillations in final steps, rms(c) shows clear macro-trend decreasing from 1.27E+02 to 2.14E-01 over steps 13-50, following Expert Tie-Breaker Rule",Continue,50,4.852115869522095,1
vasp-data-files/111110000100001100100010/OSZICAR,1,53,1.0,8.0,"Clear monotonic decrease in rms(c) from 1.05E+01 to 1.17E-02 over final 39 steps, with dE showing consistent downward trend in final iterations reaching ~1E-03",Continue,50,5.135017156600952,1
vasp-data-files/111110000110001110110010/OSZICAR,1,69,1.0,7.0,"Despite dE oscillations in later steps, rms(c) shows clear macro-trend decreasing from 1.22E+01 to 8.03E-02 over steps 12-50, following Expert Tie-Breaker Rule",Continue,50,4.826250076293945,1
vasp-data-files/111110000100011000101000/OSZICAR,1,53,1.0,8.0,"Clear monotonic decrease in rms(c) from 1.05E+01 to 9.98E-03 with dE showing consistent downward trend in final steps, following Expert Tie-Breaker Rule",Continue,50,3.906287908554077,1
vasp-data-files/110100000111000100101000/OSZICAR,0,200,1.0,7.0,"Despite dE oscillations in later steps, rms(c) shows clear macro-trend decreasing from 1.24E+02 to 5.30E-01 over steps 13-50, following Expert Tie-Breaker Rule",Continue,50,4.82575249671936,1
vasp-data-files/111100011101110000010101/OSZICAR,0,200,0.0,8.0,"rms(c) shows no consistent downward trend, stagnating around 1.4-2.0 with no macro-decrease, while dE oscillates persistently at high values",Kill,50,3.5984787940979004,1
vasp-data-files/101010010100111010000100/OSZICAR,0,200,0.0,8.0,"rms(c) shows no consistent downward trend, stagnating around 1.2-1.8 with oscillations and no clear damping, indicating divergence according to Expert Tie-Breaker Rule",Kill,50,3.905078172683716,1
vasp-data-files/111101000100111110100000/OSZICAR,1,92,1.0,7.0,"Despite dE oscillations in later steps, rms(c) shows clear monotonic downward trend from 1.22E+01 to 2.59E-01 over steps 12-50, indicating convergence per Expert Tie-Breaker Rule",Continue,50,4.238663673400879,1
vasp-data-files/111100111100111110010000/OSZICAR,0,200,0.0,7.0,"rms(c) oscillates between 1.6-4.2 with no clear downward macro-trend, stagnating around 3.9-4.0 in final steps despite dE oscillations",Kill,75,7.485724687576294,2
vasp-data-files/111101000101111011110111/OSZICAR,1,71,1.0,7.0,"Despite early oscillations in dE, rms(c) shows clear monotonic downward trend from 125 to 0.15 with consistent damping, following Expert Tie-Breaker Rule",Continue,50,4.520193338394165,1
vasp-data-files/101111100101111000100000/OSZICAR,1,100,1.0,7.0,"Despite significant dE oscillations, rms(c) shows clear macro-trend decreasing from 123E+01 to 772E-01 over steps 12-50, following Expert Tie-Breaker Rule",Continue,50,4.213449239730835,1
vasp-data-files/101101000101011100000000/OSZICAR,0,200,1.0,7.0,"Despite persistent dE oscillations, rms(c) shows clear macro-trend decreasing from ~120 to ~0.53 over 125 steps, following Expert Tie-Breaker Rule",Continue,125,16.26195502281189,4
vasp-data-files/100000011101101111001001/OSZICAR,1,80,1.0,7.0,"Despite dE oscillations in final steps, rms(c) shows clear monotonic decrease from 1.23E+02 to 1.31E-01 over 38 steps, following Expert Tie-Breaker Rule for convergence",Continue,50,4.519713163375855,1
vasp-data-files/110001001100001101110101/OSZICAR,0,200,0.0,8.0,"rms(c) stagnates at 1.0-1.2 with no clear downward trend after step 30, and dE remains large with oscillations, indicating divergence according to tie-breaker rule",Kill,50,3.904086828231812,1
vasp-data-files/101100001100111110000000/OSZICAR,0,200,0.0,8.0,"rms(c) shows no consistent downward trend, oscillating between 1.2-1.8 with final value of 1.36, indicating stagnation and divergence according to Expert Tie-Breaker Rule",Kill,50,3.600095272064209,1
vasp-data-files/111110000100010000111110/OSZICAR,0,200,0.0,7.0,"rms(c) stagnates around 0.25-0.29 in final steps with no decreasing trend, dE continues oscillating without convergence",Kill,75,8.431633949279785,2
vasp-data-files/100100011110111000000110/OSZICAR,1,90,1.0,7.0,"Despite some dE oscillations in final steps, rms(c) shows clear macro-trend decreasing from 1.22E+02 to 2.02E-01 over 38 steps, following Expert Tie-Breaker Rule",Continue,50,4.828039646148682,1
vasp-data-files/100101001100010000001100/OSZICAR,1,165,1.0,7.0,"Despite significant dE oscillations, rms(c) shows clear macro-trend decreasing from 121 to 0.61 over steps 12-50, following Expert Tie-Breaker Rule for damped convergence",Continue,50,4.210050344467163,1
vasp-data-files/100010001001111100101001/OSZICAR,1,176,0.0,8.0,"rms(c) stagnates at 1.8-2.1 with no decreasing trend after step 12, dE shows persistent oscillations, following Expert Tie-Breaker Rule for divergence",Kill,50,9.435019254684448,1
vasp-data-files/100101101101101011001111/OSZICAR,0,200,1.0,7.0,"Despite persistent dE oscillations, rms(c) shows clear macro-trend decreasing from ~12.6 at step 13 to ~0.11 at step 125, following the Expert's Tie-Breaker Rule for damped oscillatory convergence",Continue,125,17.184451818466187,4
vasp-data-files/101101000100111010001000/OSZICAR,1,71,1.0,7.0,"Despite dE oscillations, rms(c) shows clear downward macro-trend from 1.05E+02 to 8.62E-02 over steps 12-50, following Expert Tie-Breaker Rule",Continue,50,4.5191144943237305,1
vasp-data-files/101100010101110001000100/OSZICAR,1,186,1.0,7.0,"Despite some dE oscillations, rms(c) shows clear macro-trend decreasing from 129 to 0.595 over steps 12-50, following Expert Tie-Breaker Rule for eventual convergence",Continue,50,3.496813535690308,1
vasp-data-files/100000001111110011011111/OSZICAR,1,60,1.0,7.0,"Despite dE oscillations, rms(c) shows clear macro-trend decreasing from 1.23E+02 to 4.99E-02 over 38 steps, following Expert Tie-Breaker Rule for eventual convergence",Continue,50,4.313559532165527,1
vasp-data-files/101101000101111110000000/OSZICAR,1,72,1.0,7.0,"Despite dE oscillations, rms(c) shows clear macro-trend decreasing from 119E+01 to 165E-01 over steps 13-50, following Expert Tie-Breaker Rule for damped oscillatory convergence",Continue,50,4.521454334259033,1
vasp-data-files/110110100101001100111100/OSZICAR,1,136,1.0,7.0,"Despite dE oscillations, rms(c) shows clear downward macro-trend from 124E+01 to 426E-01 over steps 12-50, following Expert Tie-Breaker Rule",Continue,50,3.5959906578063965,1
vasp-data-files/100011110011111010000110/OSZICAR,1,141,0.0,8.0,"rms(c) shows clear upward trend from 0.106E+02 to 0.472E+00 with no sustained decrease, indicating divergence according to Expert Tie-Breaker Rule",Kill,50,3.9051027297973633,1
vasp-data-files/111000011001110011110010/OSZICAR,1,86,1.0,7.0,"Despite dE oscillations in final steps, rms(c) shows clear macro-trend decreasing from 1.22E+02 to 5.09E-01 over 38 steps, following Expert Tie-Breaker Rule",Continue,50,4.523230314254761,1
vasp-data-files/101110001100111110100000/OSZICAR,1,79,1.0,8.0,"Clear downward macro-trend in rms(c) from 1.23E+02 to 1.37E-01 over 38 steps, with dE showing consistent decrease to ~1E-02 range in final steps",Continue,50,4.519363641738892,1
vasp-data-files/101000010101111111100100/OSZICAR,1,98,1.0,7.0,"Despite dE oscillations, rms(c) shows clear macro-trend decreasing from 1.24E+02 to 8.80E-02 over steps 12-50, following Expert Tie-Breaker Rule",Continue,50,3.592442750930786,1
vasp-data-files/101000010100111110100000/OSZICAR,1,70,1.0,8.0,"Clear downward macro-trend in rms(c) from 123E+01 to 614E-02 despite some dE oscillations, following Expert Tie-Breaker Rule for convergence",Continue,50,3.9111216068267822,1
vasp-data-files/110100111101110011011001/OSZICAR,1,78,1.0,7.0,"Despite dE oscillations, rms(c) shows clear macro-trend decreasing from 128E+01 to 3.42E-01 over steps 13-50, following Expert Tie-Breaker Rule",Continue,50,4.511394023895264,1
vasp-data-files/111110000101011110100000/OSZICAR,1,60,1.0,8.0,"Clear downward macro-trend in rms(c) from 1.22E+01 to 3.40E-02 over steps 13-50, with dE oscillations showing overall damping pattern consistent with convergence",Continue,50,9.127856254577637,1
vasp-data-files/101110100000111100100000/OSZICAR,1,58,1.0,8.0,"Clear downward macro-trend in rms(c) from 1.22E+02 to 1.06E-02 over 50 steps, with dE showing oscillatory but decreasing behavior, following the Expert Tie-Breaker Rule",Continue,50,4.21642017364502,1
vasp-data-files/110000111110110010001010/OSZICAR,1,76,1.0,8.0,"Clear downward macro-trend in rms(c) from 125E+01 to 188E-01 despite some dE oscillations, following Expert Tie-Breaker Rule for convergence",Continue,50,3.9002161026000977,1
vasp-data-files/110100111100111101010011/OSZICAR,0,200,0.0,7.0,"rms(c) shows no consistent downward trend, oscillating between 6-13 with stagnation around 0.6-0.7 in later steps, indicating divergence despite some dE fluctuations",Kill,75,7.209726810455322,2
vasp-data-files/101110000100110010100000/OSZICAR,1,71,1.0,8.0,"Clear monotonic decrease in rms(c) from 124E+01 to 115E-01 over steps 12-50, with dE also showing consistent reduction to small values (<1E-02) in final steps",Continue,50,4.3090667724609375,1
vasp-data-files/110110011101001000110000/OSZICAR,1,80,1.0,7.0,"Despite dE oscillations, rms(c) shows clear macro-trend decreasing from 122 to 0.073 over steps 12-50, following Expert Tie-Breaker Rule",Continue,50,3.495170831680298,1
vasp-data-files/101110000101001010110100/OSZICAR,1,68,1.0,8.0,"Clear downward macro-trend in rms(c) from 1.06E+02 to 5.01E-02 over steps 12-50, with dE oscillations damping and reaching small values by step 50",Continue,50,4.210538864135742,1
vasp-data-files/101101000101111010100110/OSZICAR,1,67,1.0,7.0,"Despite dE oscillations, rms(c) shows clear macro-trend decreasing from 121E+01 to 216E-01 over steps 12-50, following Expert Tie-Breaker Rule",Continue,50,9.128158807754517,1
vasp-data-files/111101001100010000100010/OSZICAR,1,81,1.0,8.0,"Clear damped oscillatory convergence with rms(c) showing strong monotonic decrease from 122 to 0.08 over steps 13-50, following Expert Tie-Breaker Rule despite dE oscillations",Continue,50,4.824579238891602,1
vasp-data-files/101001001100111011000101/OSZICAR,1,117,1.0,7.0,"Despite dE oscillations in final steps, rms(c) shows clear overall decreasing trend from 1.05E+02 to 2.57E-01 over 39 steps, following Expert Tie-Breaker Rule for damped oscillatory convergence",Continue,50,4.826931715011597,1
vasp-data-files/100000001110011101010111/OSZICAR,1,78,1.0,7.0,"Despite dE oscillations in final steps, rms(c) shows clear macro-trend decreasing from 1.22E+02 to 1.24E-01 over 40 iterations, following Expert Tie-Breaker Rule",Continue,50,4.519279479980469,1
vasp-data-files/110100110001110001011001/OSZICAR,0,200,1.0,6.0,"Large dE oscillations persist but rms(c) shows clear macro-trend decreasing from ~12.4 to ~0.1 over 200 steps, following Expert Tie-Breaker Rule that rms(c) downward trend indicates eventual convergence despite noisy dE",Unresolved_MaxSteps,200,32.61106204986572,7
vasp-data-files/111010110000111110010000/OSZICAR,0,200,0.0,8.0,"rms(c) stagnates around 14-16 with no decreasing macro-trend despite dE oscillations, indicating divergence per Expert Tie-Breaker Rule",Kill,50,3.306968688964844,1
vasp-data-files/101100000100111110000000/OSZICAR,0,200,0.0,7.0,"rms(c) shows no consistent downward trend, oscillating between 5-12 without sustained decrease, indicating stagnation and divergence despite some dE fluctuations",Kill,75,8.109791040420532,2
vasp-data-files/100110001100011010011111/OSZICAR,1,65,1.0,8.0,"Clear downward macro-trend in rms(c) from 1.21E+01 to 3.44E-02 despite some dE oscillations, following Expert Tie-Breaker Rule for convergence",Continue,50,3.5966804027557373,1
vasp-data-files/101010110000111110100100/OSZICAR,1,52,1.0,9.0,"Clear monotonic decrease in both dE and rms(c) values from step 12 onward, with rms(c) dropping from 122 to 0.00581 and dE reaching 7.6E-04, showing textbook convergence behavior",Continue,50,5.1342933177948,1
vasp-data-files/100001011111111001010111/OSZICAR,0,200,1.0,6.0,"Large dE oscillations persist but rms(c) shows overall downward macro-trend from ~100 to ~3 over 200 steps, following Expert Tie-Breaker Rule for damped convergence despite noise",Unresolved_MaxSteps,200,29.53799653053284,7
vasp-data-files/101110100101011110100100/OSZICAR,1,74,1.0,8.0,"Clear downward macro-trend in rms(c) from 122 to 0.19 despite dE oscillations, following Expert Tie-Breaker Rule for damped oscillatory convergence",Continue,50,7.282991170883179,1
vasp-data-files/111110001100010010111111/OSZICAR,0,200,1.0,7.0,"Despite significant dE oscillations, rms(c) shows clear macro-trend decreasing from ~100 to ~0.6 over the course of the calculation, following the Expert Tie-Breaker Rule for eventual convergence",Continue,50,3.9038052558898926,1
vasp-data-files/110000000011100101010001/OSZICAR,0,200,1.0,6.0,"Large dE oscillations persist but rms(c) shows clear macro-trend decreasing from ~1.23E+02 to ~0.20E+00 over 200 steps, following Expert Tie-Breaker Rule for eventual convergence despite noise",Unresolved_MaxSteps,200,31.3857901096344,7
vasp-data-files/111100000101111100100000/OSZICAR,1,138,1.0,7.0,"Despite dE oscillations in final steps, rms(c) shows clear macro-decreasing trend from 1.22E+02 to 3.15E-01 over 38 steps, following Expert Tie-Breaker Rule",Continue,50,3.90336275100708,1
vasp-data-files/100011110011111010100110/OSZICAR,1,144,1.0,7.0,"Despite persistent dE oscillations, rms(c) shows clear macro-trend decreasing from ~12.2 at step 13 to ~0.5 at step 125, following the Expert's Tie-Breaker Rule for damped oscillatory convergence",Continue,125,26.341148853302,4
vasp-data-files/111110110101110100110100/OSZICAR,0,200,0.0,7.0,"rms(c) oscillates between 1.3-2.9 without clear downward trend, dE remains high, indicating stagnation per Expert Tie-Breaker Rule",Kill,50,4.380832672119141,1
vasp-data-files/100111001111010100101000/OSZICAR,0,200,0.0,8.0,"rms(c) stagnates around 1.9-2.0 with no decreasing trend after step 12, and dE shows persistent large oscillations, indicating divergence according to Expert Tie-Breaker Rule",Kill,50,3.791789770126343,1
vasp-data-files/101100000101010001101100/OSZICAR,1,142,0.0,7.0,"rms(c) oscillates between 0.9-1.06 without clear downward trend after step 32, indicating stagnation and divergence according to tie-breaker rule",Kill,50,3.3266186714172363,1
vasp-data-files/101100010101110000111100/OSZICAR,1,107,1.0,7.0,"Despite dE oscillations, rms(c) shows clear macro-trend decreasing from 1.05E+01 to 2.64E-01 over steps 12-50, following Expert Tie-Breaker Rule",Continue,50,4.173300266265869,1
vasp-data-files/110101000101000011111110/OSZICAR,1,149,0.0,8.0,"rms(c) shows no decreasing trend, stagnating around 1.2-1.5 after initial drop, with dE remaining high and oscillating, indicating divergence according to Expert's Tie-Breaker Rule",Kill,50,9.431611776351929,1
vasp-data-files/101101000101111100000000/OSZICAR,1,102,1.0,7.0,"Despite dE oscillations, rms(c) shows clear macro-trend decreasing from 119E+01 to 5.81E-01 over steps 12-50, following Expert Tie-Breaker Rule",Continue,50,9.43516993522644,1
vasp-data-files/110001111110110011011111/OSZICAR,0,200,0.0,8.0,"rms(c) shows no decreasing trend, stagnating around 20-24 with no overall downward direction despite dE oscillations",Kill,50,3.901843070983887,1
vasp-data-files/101110001110011101010011/OSZICAR,0,200,0.0,7.0,"rms(c) shows no overall decreasing trend, stagnating around 0.8-0.9 after initial drop, with dE remaining large and oscillatory",Kill,50,3.905528545379639,1
vasp-data-files/110000011100011000001011/OSZICAR,1,131,1.0,7.0,"Despite persistent dE oscillations, rms(c) shows clear macro-trend decreasing from ~1.24E+02 to ~1.12E-01 over 125 steps, following the Expert's Tie-Breaker Rule for damped oscillatory convergence",Continue,125,17.796573162078857,4
vasp-data-files/101111000101111011101100/OSZICAR,1,75,1.0,7.0,"Despite dE oscillations, rms(c) shows clear macro-trend decreasing from 126E+01 to 200E-01 over steps 13-50, following Expert Tie-Breaker Rule",Continue,50,4.5172975063323975,1
vasp-data-files/101000001110001111010111/OSZICAR,1,125,1.0,7.0,"Despite dE oscillations in later steps, rms(c) shows clear macro-trend decreasing from ~12.1 to ~0.143 over 50+ steps, following Expert Tie-Breaker Rule",Continue,75,8.431464433670044,2
vasp-data-files/110011010011110110111000/OSZICAR,1,57,1.0,8.0,"Clear damped oscillatory convergence with rms(c) showing strong monotonic decrease from 125 to 0.023 over steps 13-50, following Expert Tie-Breaker Rule despite some dE oscillations",Continue,50,4.517220735549927,1
vasp-data-files/111010010111101111010011/OSZICAR,1,80,1.0,7.0,"Despite dE oscillations in later steps, rms(c) shows clear macro-trend decreasing from 1.25E+02 to 3.81E-02 over 50 steps, following Expert Tie-Breaker Rule for damped oscillatory convergence",Continue,50,4.519206762313843,1
vasp-data-files/110100001101011110100001/OSZICAR,1,87,1.0,7.0,"Despite significant dE oscillations, rms(c) shows clear downward macro-trend from ~100 to 0.127 over steps 12-50, following Expert Tie-Breaker Rule",Continue,50,4.824685573577881,1
vasp-data-files/101111100000000011101101/OSZICAR,0,200,0.0,7.0,"rms(c) shows no clear downward macro-trend, stagnating around 0.9-1.2 after initial fluctuations, with dE remaining oscillatory and high",Kill,50,4.517457723617554,1
vasp-data-files/110110001000011100100000/OSZICAR,1,122,1.0,7.0,"Despite dE oscillations, rms(c) shows clear macro-decreasing trend from 1.05E+02 to 4.47E-01 over steps 12-50, following Expert Tie-Breaker Rule",Continue,50,4.20986270904541,1
vasp-data-files/100001010110011010010010/OSZICAR,1,165,1.0,7.0,"Despite dE oscillations, rms(c) shows clear macro-decreasing trend from 1.23E+02 to 7.88E-02 over steps 12-50, following Expert Tie-Breaker Rule",Continue,50,4.517698287963867,1
vasp-data-files/110110101000011100000000/OSZICAR,1,78,1.0,7.0,"Despite dE oscillations, rms(c) shows clear macro-trend decreasing from 105 to 0.256 over steps 12-50, following Expert Tie-Breaker Rule for damped convergence",Continue,50,4.211334228515625,1
vasp-data-files/101001010101000011001101/OSZICAR,1,154,1.0,7.0,"Despite large dE oscillations, rms(c) shows clear downward macro-trend from 12.6 at step 36 to 3.89 at step 50, following Expert Tie-Breaker Rule",Continue,50,3.904236078262329,1
vasp-data-files/101011010100011010100100/OSZICAR,1,61,1.0,8.0,"Clear monotonic downward trend in rms(c) from 1.05E+01 to 5.63E-02 despite some dE oscillations, following Expert Tie-Breaker Rule",Continue,50,4.207878112792969,1
vasp-data-files/111101010111011110011110/OSZICAR,1,109,1.0,7.0,"Despite dE oscillations, rms(c) shows clear macro-trend decreasing from 128E+01 to 237E-01 over steps 13-50, following Expert Tie-Breaker Rule",Continue,50,4.021647214889526,1
vasp-data-files/101100000101010000110100/OSZICAR,0,200,1.0,7.0,"Despite dE oscillations, rms(c) shows clear macro-trend decreasing from 122 to 0.073 over steps 13-50, following Expert Tie-Breaker Rule for damped oscillatory convergence",Continue,50,3.9904532432556152,1
vasp-data-files/100010010110001011010101/OSZICAR,0,200,1.0,7.0,"Despite dE oscillations in final steps, rms(c) shows clear monotonic decrease from 1.21E+01 to 1.92E-01 over steps 13-50, following Expert Tie-Breaker Rule",Continue,50,4.825836420059204,1
vasp-data-files/100000011100111100001000/OSZICAR,1,70,1.0,7.0,"Despite dE oscillations, rms(c) shows clear monotonic downward trend from 1.05E+02 to 7.68E-02 over steps 12-50, following Expert Tie-Breaker Rule",Continue,50,9.540268898010254,1
vasp-data-files/101011110000111110100100/OSZICAR,1,63,1.0,7.0,"Despite dE oscillations, rms(c) shows clear macro-decreasing trend from 1.22E+02 to 6.95E-02 over steps 12-50, following Expert Tie-Breaker Rule",Continue,50,9.561805725097656,1
vasp-data-files/101100000101010100100000/OSZICAR,1,82,1.0,7.0,"Despite dE oscillations, rms(c) shows clear macro-decreasing trend from 123E+02 to 136E-01 over 38 steps, following Expert Tie-Breaker Rule for damped oscillatory convergence",Continue,50,5.070678472518921,1
vasp-data-files/101000111100111011010111/OSZICAR,1,73,1.0,7.0,"Despite early dE oscillations, rms(c) shows clear macro-trend decreasing from 125 to 0.205 over steps 13-50, following Expert Tie-Breaker Rule for damped oscillatory convergence",Continue,50,9.898250579833984,1
vasp-data-files/111110001001000010111111/OSZICAR,1,94,1.0,7.0,"Despite dE oscillations in final steps, rms(c) shows clear macro-trend decreasing from 1.25E+02 to 4.67E-01 over 38 steps, following Expert Tie-Breaker Rule",Continue,50,3.8547863960266113,1
vasp-data-files/100001110011100011011101/OSZICAR,1,72,1.0,7.0,"Despite dE oscillations, rms(c) shows clear monotonic downward trend from 1.05E+01 to 1.53E-01 over steps 12-50, following Expert Tie-Breaker Rule",Continue,50,4.037911891937256,1
vasp-data-files/100111001000111100100000/OSZICAR,1,66,1.0,7.0,"Despite dE oscillations in later steps, rms(c) shows clear macro-trend decreasing from 1.05E+01 to 8.20E-02 over steps 12-50, following Expert Tie-Breaker Rule",Continue,50,4.384369134902954,1
vasp-data-files/100001111010001101011111/OSZICAR,1,66,1.0,8.0,"Clear damped oscillatory convergence with rms(c) showing strong monotonic decrease from 1.24E+02 to 5.13E-02 over steps 13-50, following Expert Tie-Breaker Rule despite some dE oscillations",Continue,50,4.48809552192688,1
vasp-data-files/111111000001000000111110/OSZICAR,1,60,1.0,7.0,"Despite dE oscillations in later steps, rms(c) shows clear monotonic decrease from 1.05E+01 to 2.37E-02 over 39 steps, following the Expert's Tie-Breaker Rule for damped oscillatory convergence",Continue,50,4.976921319961548,1
vasp-data-files/100100001111111101011001/OSZICAR,1,77,1.0,7.0,"Despite dE oscillations, rms(c) shows clear macro-trend decreasing from 124E+01 to 176E-01 over steps 12-50, following Expert Tie-Breaker Rule",Continue,50,3.902411937713623,1
vasp-data-files/100001111100111001000011/OSZICAR,1,68,1.0,8.0,"Clear downward macro-trend in rms(c) from 1.22E+02 to 5.61E-02 despite dE oscillations, following Expert Tie-Breaker Rule for convergence",Continue,50,4.4154887199401855,1
vasp-data-files/100000111010110011011101/OSZICAR,1,91,1.0,8.0,"Clear downward macro-trend in rms(c) from 1.05E+01 to 5.79E-02 despite dE oscillations, following Expert Tie-Breaker Rule for convergence",Continue,50,4.004928827285767,1
vasp-data-files/110010111010110000101100/OSZICAR,1,69,1.0,7.0,"Despite early oscillations in dE, rms(c) shows clear macro-trend decreasing from 125E+01 to 205E-01 over steps 12-50, following Expert Tie-Breaker Rule for eventual convergence",Continue,50,3.90382719039917,1
vasp-data-files/101101000101000010111100/OSZICAR,1,77,1.0,8.0,"Clear monotonic downward trend in rms(c) from 120E+01 to 0.612E-02 with dE consistently decreasing to small values (<1E-02) in final steps, following ideal convergence pattern",Continue,50,4.517373085021973,1
vasp-data-files/110000111111111011000111/OSZICAR,1,65,1.0,8.0,"Clear downward macro-trend in rms(c) from 1.25E+01 to 4.93E-02 despite some dE oscillations, following Expert Tie-Breaker Rule for convergence",Continue,50,3.9017605781555176,1
vasp-data-files/101101000101111110100101/OSZICAR,0,200,0.0,7.0,"rms(c) stagnates around 8.8-9.4 after initial decrease, showing no clear downward macro-trend despite dE oscillations, indicating divergence according to Expert Tie-Breaker Rule",Kill,50,4.21062159538269,1
vasp-data-files/110001000011001111101110/OSZICAR,0,200,0.0,7.0,"rms(c) stagnates at high values (9-15) with no clear downward trend after step 30, and dE shows persistent oscillations without approaching convergence thresholds",Kill,50,3.9038336277008057,1
vasp-data-files/101000111000110101100100/OSZICAR,1,102,1.0,7.0,"Despite dE oscillations, rms(c) shows clear macro-trend decreasing from 1.23E+02 to 3.15E-01 over steps 13-50, following Expert Tie-Breaker Rule",Continue,50,4.20742130279541,1
vasp-data-files/111110001100111010101000/OSZICAR,0,200,1.0,7.0,"Despite dE oscillations, rms(c) shows clear macro-decreasing trend from 1.21E+02 to 3.75E+00 over steps 13-50, following Expert Tie-Breaker Rule",Continue,50,3.904482126235962,1
vasp-data-files/101001010110101111110111/OSZICAR,1,71,1.0,7.0,"Despite dE oscillations, rms(c) shows clear macro-trend decreasing from 126 to 0.122 over steps 13-50, following Expert Tie-Breaker Rule for damped convergence",Continue,50,4.517205953598023,1
vasp-data-files/101001010101110010101100/OSZICAR,1,72,1.0,7.0,"Despite dE oscillations, rms(c) shows clear macro-decreasing trend from 1.05E+02 to 2.44E-01 over 40 steps, following Expert Tie-Breaker Rule for damped oscillatory convergence",Continue,50,4.518359661102295,1
vasp-data-files/110111111010100000100011/OSZICAR,1,79,1.0,7.0,"Despite dE oscillations in later steps, rms(c) shows clear macro-trend decreasing from 1.24E+02 to ~7.5E-02 with damping pattern, following Expert Tie-Breaker Rule",Continue,50,3.903005838394165,1
vasp-data-files/100111000111010000101000/OSZICAR,1,64,1.0,7.0,"Despite dE oscillations in later steps, rms(c) shows clear macro-trend decreasing from 1.06E+02 to 7.99E-02 over 50 steps, following Expert Tie-Breaker Rule",Continue,50,4.515935659408569,1
vasp-data-files/101001010101111100100000/OSZICAR,1,62,1.0,8.0,Clear damped oscillatory convergence with dE decreasing to ~1E-04 and rms(c) showing strong monotonic decrease from 119 to 0.04 over final 38 steps,Continue,50,4.1082165241241455,1
vasp-data-files/111010010101011110110110/OSZICAR,1,66,1.0,8.0,"Despite dE oscillations, rms(c) shows clear monotonic downward trend from 1.28E+02 to 3.63E-02 over steps 13-50, following Expert Tie-Breaker Rule",Continue,50,5.540475606918335,1
vasp-data-files/101010010101111010100110/OSZICAR,1,171,0.0,8.0,"rms(c) shows no clear downward trend, stagnating around 1.1-2.0 with no consistent decrease, while dE remains large and oscillatory throughout",Kill,50,4.211379289627075,1
vasp-data-files/101001110011110001100110/OSZICAR,1,180,1.0,7.0,"Despite dE oscillations, rms(c) shows clear macro-trend decreasing from 122E+01 to 745E-01 over steps 12-50, following Expert Tie-Breaker Rule",Continue,50,4.208959341049194,1
vasp-data-files/101100000100111010100100/OSZICAR,1,64,1.0,8.0,"Clear monotonic decrease in rms(c) from 121E+01 to 243E-02 with consistent downward trend, dE shows some oscillations but overall decreases to small values, following Expert Tie-Breaker Rule",Continue,50,4.822396278381348,1
vasp-data-files/101001110101101011011111/OSZICAR,1,75,1.0,7.0,"Despite early oscillations in dE, rms(c) shows clear macro-trend decreasing from 124 to 0.231 over steps 13-50, following Expert Tie-Breaker Rule for damped oscillatory convergence",Continue,50,4.516926527023315,1
vasp-data-files/101110000101110011000100/OSZICAR,1,186,0.0,8.0,"rms(c) stagnates at 2.2-2.3 with no decreasing trend after step 23, and dE shows persistent oscillations without convergence",Kill,50,3.392561912536621,1
vasp-data-files/110111100001000100111111/OSZICAR,1,160,1.0,7.0,"Despite significant dE oscillations, rms(c) shows clear macro-trend decreasing from 126E+01 to 0.688E-01 over steps 13-50, following Expert Tie-Breaker Rule",Continue,50,4.311068534851074,1
vasp-data-files/111110000100110000100000/OSZICAR,0,200,0.0,7.0,"rms(c) shows no consistent downward trend, oscillating between 0.6-0.9 in final steps with no progress toward convergence thresholds",Kill,50,4.310751914978027,1
vasp-data-files/101101000111000011111111/OSZICAR,1,68,1.0,7.0,"Despite early oscillations, rms(c) shows clear macro-trend decreasing from 123 to 0.106 over steps 13-50, following Expert Tie-Breaker Rule",Continue,50,4.111119747161865,1
vasp-data-files/101011010101011011011110/OSZICAR,0,200,0.0,7.0,"rms(c) shows no overall decreasing trend, stagnating around 0.9-1.2 after initial drop, with dE remaining oscillatory and high",Kill,50,3.5711965560913086,1
vasp-data-files/101010101001110001011110/OSZICAR,1,122,1.0,7.0,"Despite significant dE oscillations, rms(c) shows clear downward macro-trend from 12.4E+01 to 0.23E+00 over steps 12-50, following Expert Tie-Breaker Rule",Continue,50,4.3320472240448,1
vasp-data-files/100001010100111010100000/OSZICAR,1,146,1.0,7.0,"Despite dE oscillations in final steps, rms(c) shows clear macro-trend decreasing from 1.24E+02 to 1.76E-01 over 38 steps, following Expert Tie-Breaker Rule",Continue,50,4.517193555831909,1
vasp-data-files/101000001110011011010111/OSZICAR,1,62,1.0,7.0,"Despite dE oscillations in later steps, rms(c) shows clear macro-trend decreasing from 1.05E+02 to 1.16E-01 over 39 steps, following Expert Tie-Breaker Rule",Continue,50,4.211715698242188,1
vasp-data-files/101111000101001110100000/OSZICAR,1,77,1.0,7.0,"Despite dE oscillations in later steps, rms(c) shows clear monotonic downward trend from 1.23E+01 to 4.97E-02 over steps 12-50, following Expert Tie-Breaker Rule",Continue,50,4.206140995025635,1
vasp-data-files/101100101100000110001110/OSZICAR,1,65,1.0,8.0,"Clear downward macro-trend in rms(c) from 1.22E+02 to 2.85E-02 despite some dE oscillations, following Expert Tie-Breaker Rule",Continue,50,4.619363069534302,1
vasp-data-files/100011110110111010100000/OSZICAR,1,89,1.0,7.0,"Despite dE oscillations in final steps, rms(c) shows clear macro-decreasing trend from 1.05E+02 to 1.77E-01 over 39 steps, following Expert Tie-Breaker Rule",Continue,50,4.851367712020874,1
vasp-data-files/111101011101000110100110/OSZICAR,0,200,0.0,8.0,"rms(c) stagnates at 1.6-1.62 in final steps with no decreasing trend, and dE remains high with oscillations, indicating divergence according to Expert Tie-Breaker Rule",Kill,50,3.772043228149414,1
vasp-data-files/110100001001001111000001/OSZICAR,0,200,0.0,8.0,"rms(c) stagnates around 2.4-2.5 after step 36 with no downward trend, and dE remains large with oscillations, indicating divergence according to Expert Tie-Breaker Rule",Kill,50,4.108416557312012,1
vasp-data-files/101101001101111100101000/OSZICAR,1,59,1.0,8.0,"Clear damped oscillatory convergence with rms(c) showing strong monotonic decrease from 1.22E+02 to 2.36E-02 over final 38 steps, following Expert Tie-Breaker Rule despite early dE oscillations",Continue,50,4.312454462051392,1
vasp-data-files/101001010101111010000110/OSZICAR,1,80,1.0,7.0,"Despite dE oscillations, rms(c) shows clear macro-trend decreasing from 1.2E+01 to 2.8E-01 over steps 12-50, following Expert Tie-Breaker Rule",Continue,50,3.901120901107788,1
vasp-data-files/101001001110010011011111/OSZICAR,1,56,1.0,8.0,"Clear damped oscillatory convergence with rms(c) showing strong monotonic decrease from 1.24E+02 to 2.08E-02 over 38 steps, following Expert Tie-Breaker Rule despite some dE oscillations",Continue,50,3.97021746635437,1
vasp-data-files/111100100000110110111001/OSZICAR,1,157,1.0,7.0,"Despite persistent dE oscillations, rms(c) shows clear macro-trend decreasing from ~12.2 at step 13 to ~0.09 at step 125, following Expert Tie-Breaker Rule",Continue,125,16.94090700149536,4
vasp-data-files/101110001111110011011011/OSZICAR,1,80,1.0,7.0,"Despite dE oscillations, rms(c) shows clear macro-decreasing trend from 125 at step 13 to 0.316 at step 50, following Expert Tie-Breaker Rule for damped oscillatory convergence",Continue,50,4.694153785705566,1
vasp-data-files/101010010011001101111101/OSZICAR,1,66,1.0,7.0,"Despite dE oscillations, rms(c) shows clear macro-trend decreasing from 125 to 0.158 over steps 13-50, following Expert Tie-Breaker Rule for damped convergence",Continue,50,4.823568820953369,1
vasp-data-files/101001111110100111011111/OSZICAR,1,94,1.0,7.0,"Despite dE oscillations, rms(c) shows clear macro-trend decreasing from 128E+01 to 253E+00 over steps 13-50, following Expert Tie-Breaker Rule",Continue,50,4.5149030685424805,1
vasp-data-files/110100111010001000011111/OSZICAR,1,64,1.0,7.0,"Despite dE oscillations, rms(c) shows clear macro-trend decreasing from 1.05E+01 to 4.99E-01 over steps 22-50, following Expert Tie-Breaker Rule",Continue,50,4.5174949169158936,1
vasp-data-files/101111000110011100100100/OSZICAR,0,200,0.0,7.0,"rms(c) shows no consistent downward trend, oscillating between 8-11 without meaningful reduction over last 30 steps, indicating stagnation and divergence according to Expert Tie-Breaker Rule",Kill,50,3.5971124172210693,1
vasp-data-files/100110011100000111011100/OSZICAR,0,200,1.0,7.0,"Despite persistent dE oscillations, rms(c) shows clear macro-trend decreasing from ~120 to ~0.23 over 75 steps, following Expert Tie-Breaker Rule for damped oscillatory convergence",Continue,75,8.898802995681763,2
vasp-data-files/101111001000100011010111/OSZICAR,1,102,1.0,7.0,"Despite dE oscillations, rms(c) shows clear macro-decreasing trend from 1.23E+02 to 1.28E-02 over 50 steps, following Expert Tie-Breaker Rule",Continue,50,4.657262086868286,1
vasp-data-files/110010010011010000101000/OSZICAR,1,93,1.0,7.0,"Despite dE oscillations, rms(c) shows clear macro-trend decreasing from 124E+02 to 0.265E-01 over 50 steps, following Expert Tie-Breaker Rule",Continue,50,4.824107885360718,1
vasp-data-files/100001111100010010011110/OSZICAR,1,148,1.0,7.0,"Despite dE oscillations, rms(c) shows clear downward macro-trend from 12.3E+01 to 0.207E+00 over steps 13-50, following Expert Tie-Breaker Rule",Continue,50,4.209604024887085,1
vasp-data-files/110000111011001111011011/OSZICAR,0,200,0.0,8.0,"rms(c) shows no consistent downward trend, stagnating around 1.0-1.4 with oscillations and no clear damping, indicating divergence according to Expert Tie-Breaker Rule",Kill,50,3.9006738662719727,1
vasp-data-files/100011110110011101011111/OSZICAR,1,95,1.0,7.0,"Despite persistent dE oscillations, rms(c) shows clear macro-trend decreasing from ~126 to ~0.088 over 75 steps, following Expert Tie-Breaker Rule for damped oscillatory convergence",Continue,75,8.123309135437012,2
vasp-data-files/101011010101011010110110/OSZICAR,1,61,1.0,7.0,"Despite dE oscillations in later steps, rms(c) shows clear macro-trend decreasing from 1.24E+02 to 5.94E-02 over 50 steps, following Expert Tie-Breaker Rule",Continue,50,5.130643844604492,1
vasp-data-files/101011110000111111101101/OSZICAR,1,124,,,评估到 125 步时，实际步数仅为 124，数据不足。,Insufficient_Steps,124,22.48464727401733,3
vasp-data-files/111110001101110001100000/OSZICAR,0,200,0.0,7.0,"rms(c) stagnates around 0.7-1.2 with no clear downward macro-trend despite dE oscillations, indicating divergence according to Expert Tie-Breaker Rule",Kill,50,3.820258378982544,1
vasp-data-files/111010101111100011110111/OSZICAR,1,119,,,评估到 125 步时，实际步数仅为 119，数据不足。,Insufficient_Steps,119,12.344213008880615,3
vasp-data-files/111110001100010000101110/OSZICAR,1,116,1.0,7.0,"Despite significant dE oscillations, rms(c) shows clear macro-trend decreasing from 120E+01 to 194E+00 over steps 13-50, following Expert Tie-Breaker Rule",Continue,50,8.1253821849823,1
vasp-data-files/111110000000111100100000/OSZICAR,1,155,1.0,7.0,"Despite significant dE oscillations, rms(c) shows clear downward macro-trend from ~12.1 to 0.17 over 38 steps, following Expert Tie-Breaker Rule for damped oscillatory convergence",Continue,50,4.5176661014556885,1
vasp-data-files/110101101100011001010011/OSZICAR,1,156,0.0,7.0,"rms(c) shows no clear downward trend, stagnating and even increasing from 0.275 to 0.657 in final steps, with dE remaining oscillatory and high",Kill,50,3.90004301071167,1
vasp-data-files/111111000100011000100100/OSZICAR,1,86,1.0,7.0,"Despite dE oscillations in final steps, rms(c) shows clear macro-trend decreasing from 1.24E+02 to 6.95E-01 over 38 steps, following Expert Tie-Breaker Rule",Continue,50,4.821261167526245,1
vasp-data-files/101011010101111110100000/OSZICAR,1,74,1.0,7.0,"Despite significant dE oscillations, rms(c) shows clear macro-trend decreasing from 121E+01 to 100E+00 over steps 12-50, following Expert Tie-Breaker Rule",Continue,50,3.901712417602539,1
vasp-data-files/101110101100010000111110/OSZICAR,0,200,0.0,7.0,"rms(c) shows no consistent downward trend, stagnating around 0.5-0.9 after initial decrease, with dE remaining high and oscillating",Kill,50,3.5936286449432373,1
vasp-data-files/101111000001100010100001/OSZICAR,1,91,1.0,7.0,"Despite dE oscillations, rms(c) shows clear macro-decreasing trend from 1.22E+02 to 2.65E-01 over steps 12-47, following Expert Tie-Breaker Rule",Continue,50,3.901179552078247,1
vasp-data-files/101100000110111001000010/OSZICAR,1,91,1.0,7.0,"Despite dE oscillations in later steps, rms(c) shows clear macro-trend decreasing from 1.22E+02 to 2.17E-01 over 50 steps, following Expert Tie-Breaker Rule",Continue,50,4.823009014129639,1
vasp-data-files/110110101000101111100011/OSZICAR,1,197,0.0,7.0,"rms(c) shows no consistent downward trend, oscillating between 0.1-0.4 without meaningful reduction over many steps, indicating stagnation and divergence despite some dE oscillations",Kill,75,8.12315559387207,2
vasp-data-files/111111000001010100101000/OSZICAR,1,59,1.0,8.0,"Clear downward macro-trend in rms(c) from 1.22E+02 to 2.83E-02 despite some dE oscillations, following Expert Tie-Breaker Rule for convergence",Continue,50,3.901432514190674,1
vasp-data-files/100001111100010010111110/OSZICAR,1,194,1.0,7.0,"Despite persistent dE oscillations, rms(c) shows clear macro-trend decreasing from ~1.2E+01 to ~7.5E-02 over 175 steps, following Expert Tie-Breaker Rule for damped oscillatory convergence",Continue,175,30.84632444381714,6
vasp-data-files/101101000100011010011110/OSZICAR,1,102,1.0,7.0,"Despite dE oscillations, rms(c) shows clear macro-trend decreasing from 123E+01 to 5.98E-01 over steps 13-50, following Expert Tie-Breaker Rule for damped oscillatory convergence",Continue,50,4.514104604721069,1
vasp-data-files/100001000101111011011110/OSZICAR,1,100,1.0,7.0,"Despite dE oscillations in later steps, rms(c) shows clear macro-trend decreasing from 1.22E+02 to 5.53E-01 over steps 12-50, following Expert Tie-Breaker Rule",Continue,50,4.824034929275513,1
vasp-data-files/111011010111111010100100/OSZICAR,1,66,1.0,8.0,"Clear downward macro-trend in rms(c) from 125E+01 to 0.370E-02 despite some dE oscillations, following Expert Tie-Breaker Rule",Continue,50,4.205703973770142,1
vasp-data-files/100001010111000001101110/OSZICAR,1,69,1.0,7.0,"Despite dE oscillations, rms(c) shows clear macro-decreasing trend from 1.21E+02 to 9.19E-02 over steps 12-50, following Expert Tie-Breaker Rule",Continue,50,4.209132671356201,1
vasp-data-files/100010111000111100100101/OSZICAR,1,145,1.0,7.0,"Despite dE oscillations, rms(c) shows clear macro-trend decreasing from ~12.1 to ~0.22 over steps 12-50, following Expert Tie-Breaker Rule for damped oscillatory convergence",Continue,50,9.131679773330688,1
vasp-data-files/111110000100111010101010/OSZICAR,1,141,1.0,7.0,"Despite dE oscillations in final steps, rms(c) shows clear macro-trend decreasing from 1.22E+02 to 1.49E-01 over 38 steps, following Expert Tie-Breaker Rule",Continue,50,5.121665000915527,1
vasp-data-files/101110100000001000111110/OSZICAR,1,67,1.0,8.0,"Clear downward macro-trend in rms(c) from 124E+01 to 717E-02 despite dE oscillations, following Expert Tie-Breaker Rule for convergence",Continue,50,4.208301544189453,1
vasp-data-files/100010111011110101000001/OSZICAR,0,200,0.0,8.0,"rms(c) shows no consistent downward trend, stagnating around 1.2-2.3 with no macro-decrease, while dE exhibits persistent large oscillations indicating divergence",Kill,50,3.594061851501465,1
vasp-data-files/111110000000111000100100/OSZICAR,0,200,0.0,8.0,"rms(c) stagnates around 2.4-2.5 with no clear downward trend despite dE oscillations, indicating divergence per Expert Tie-Breaker Rule",Kill,50,4.5163514614105225,1
vasp-data-files/100011111110010010011110/OSZICAR,1,170,1.0,7.0,"Despite dE oscillations, rms(c) shows clear macro-decreasing trend from 127E+02 to 91.5E-01 over steps 13-50, following Expert Tie-Breaker Rule for eventual convergence",Continue,50,3.901043653488159,1
vasp-data-files/101000101011110011010101/OSZICAR,1,53,1.0,8.0,"Clear downward macro-trend in rms(c) from 1.05E+02 to 1.16E-02 over 50 steps, with dE showing damped oscillations and reaching small values (<1E-03) in final steps",Continue,50,4.51458477973938,1
vasp-data-files/100001001111000001011111/OSZICAR,1,65,1.0,7.0,"Despite dE oscillations, rms(c) shows clear macro-trend decreasing from 1.05E+02 to 4.36E-02 over 40 steps, following Expert Tie-Breaker Rule",Continue,50,4.413044214248657,1
vasp-data-files/101001001100111011001101/OSZICAR,1,58,1.0,8.0,"Clear downward macro-trend in rms(c) from 1.22E+02 to 4.28E-02 despite dE oscillations, following Expert Tie-Breaker Rule for convergence",Continue,50,4.310265064239502,1
vasp-data-files/111001110001110010110001/OSZICAR,1,65,1.0,7.0,"Despite dE oscillations in final steps, rms(c) shows clear macro-decreasing trend from 1.22E+02 to 1.01E-01 over 38 steps, following Expert Tie-Breaker Rule",Continue,50,3.901525735855103,1
vasp-data-files/111110001001011110110001/OSZICAR,1,72,1.0,7.0,"Despite dE oscillations in later steps, rms(c) shows clear macro-trend decreasing from 1.25E+02 to 2.49E-01 over 38 steps, following Expert Tie-Breaker Rule",Continue,50,3.594890117645264,1
vasp-data-files/111100000001110000100000/OSZICAR,1,79,1.0,7.0,"Despite dE oscillations, rms(c) shows clear macro-trend decreasing from 1.22E+01 to 2.22E-01 over steps 12-50, following Expert Tie-Breaker Rule",Continue,50,4.516268968582153,1
vasp-data-files/101101000100001011000011/OSZICAR,1,168,0.0,8.0,"rms(c) shows no decreasing trend, stagnating at 2.5-3.3 range with no overall downward movement, indicating divergence according to Expert's Tie-Breaker Rule",Kill,50,4.5152246952056885,1
vasp-data-files/101100000000110110100000/OSZICAR,1,66,1.0,8.0,"Clear downward macro-trend in rms(c) from 1.22E+02 to 2.86E-02 despite dE oscillations, following Expert Tie-Breaker Rule for damped oscillatory convergence",Continue,50,4.309668302536011,1
vasp-data-files/110110101111001101111100/OSZICAR,0,200,1.0,7.0,"Despite dE oscillations, rms(c) shows clear macro-trend decreasing from 129E+01 to 0.441E-01 over steps 12-50, following Expert Tie-Breaker Rule",Continue,50,4.107283353805542,1
vasp-data-files/101001001111110111100101/OSZICAR,1,101,1.0,7.0,"Despite persistent dE oscillations, rms(c) shows clear macro-trend decreasing from ~1.2E+02 to ~9.5E-03 over 100 steps, following Expert Tie-Breaker Rule",Continue,100,12.036307096481323,3
vasp-data-files/100011110010001010010101/OSZICAR,1,76,1.0,7.0,"Despite dE oscillations, rms(c) shows clear macro-trend decreasing from 123E+01 to 396E-01 over steps 12-50, following Expert Tie-Breaker Rule",Continue,50,4.20651912689209,1
vasp-data-files/111100000101111111100000/OSZICAR,1,63,1.0,8.0,"Clear damped oscillatory convergence with rms(c) showing strong monotonic decrease from 122 to 0.07 over steps 12-50, following Expert Tie-Breaker Rule despite early dE oscillations",Continue,50,3.901669025421143,1
vasp-data-files/110100101100101110100011/OSZICAR,1,141,,,评估到 150 步时，实际步数仅为 141，数据不足。,Insufficient_Steps,141,17.1797878742218,4
vasp-data-files/110110000011010000111100/OSZICAR,1,126,0.0,7.0,"rms(c) stagnates around 0.3-0.5 after step 40 with no clear downward macro-trend, and dE continues oscillating without reaching convergence thresholds",Kill,125,16.89544916152954,4
vasp-data-files/110011110100000011011101/OSZICAR,1,131,1.0,7.0,"Despite dE oscillations, rms(c) shows clear downward macro-trend from ~100 to ~1.1 over steps 12-50, following Expert Tie-Breaker Rule for damped oscillatory convergence",Continue,50,4.617037057876587,1
vasp-data-files/100001110010011010010111/OSZICAR,1,75,1.0,7.0,"Despite dE oscillations, rms(c) shows clear macro-trend decreasing from 1.05E+02 to 2.99E-01 over 39 steps, following Expert Tie-Breaker Rule for damped oscillatory convergence",Continue,50,4.004412889480591,1
vasp-data-files/111100001101111010100000/OSZICAR,0,200,0.0,8.0,"rms(c) shows no decreasing trend, stagnating around 2.2-2.8 with no overall improvement, indicating divergence despite some dE oscillations",Kill,50,3.285996198654175,1
vasp-data-files/101010001100011000000111/OSZICAR,1,105,1.0,7.0,"Despite dE oscillations, rms(c) shows clear macro-trend decreasing from ~1.22E+02 to ~9.48E-02 over 75 steps, following Expert Tie-Breaker Rule",Continue,75,8.734923601150513,2
vasp-data-files/111010010100011100100010/OSZICAR,1,130,1.0,7.0,"Despite persistent dE oscillations, rms(c) shows clear macro-trend decreasing from ~1.22E+02 to ~9.39E-02 over 125 steps, following the Expert's Tie-Breaker Rule for damped oscillatory convergence",Continue,125,17.487603425979614,4
vasp-data-files/101001010101011110100000/OSZICAR,1,131,1.0,7.0,"Despite dE oscillations in final steps, rms(c) shows clear macro-decreasing trend from 1.05E+02 to 3.53E-01 over iterations, following Expert Tie-Breaker Rule for eventual convergence",Continue,50,4.826052904129028,1
vasp-data-files/101001011100111010100010/OSZICAR,0,200,0.0,7.0,"rms(c) shows no consistent downward trend, stagnating around 1.9-2.1 after initial improvement, with dE remaining large and oscillatory",Kill,50,5.432101249694824,1
vasp-data-files/101011011110100110110110/OSZICAR,1,116,1.0,7.0,"Despite significant dE oscillations, rms(c) shows clear macro-trend decreasing from 128E+01 to 0.785E-01 over steps 13-50, following Expert Tie-Breaker Rule",Continue,50,4.412193298339844,1
vasp-data-files/101000010111100101110111/OSZICAR,0,200,0.0,8.0,"rms(c) shows no consistent downward trend, stagnating around 20-25 with oscillations, indicating divergence according to Expert Tie-Breaker Rule",Kill,50,3.69621205329895,1
vasp-data-files/110110101000111110101001/OSZICAR,1,127,1.0,7.0,"Despite dE oscillations in later steps, rms(c) shows clear macro-trend decreasing from 12.3E+01 to 1.47E+00 over steps 13-50, following Expert Tie-Breaker Rule",Continue,50,4.516216039657593,1
vasp-data-files/110011010111000011110101/OSZICAR,1,82,1.0,7.0,"Despite dE oscillations in final steps, rms(c) shows clear macro-decreasing trend from 1.22E+02 to ~1.0E-02 over 50 steps, following Expert Tie-Breaker Rule",Continue,50,3.900500059127808,1
vasp-data-files/100100010110111000000110/OSZICAR,1,103,1.0,7.0,"Despite dE oscillations in final steps, rms(c) shows clear macro-trend decreasing from 1.21E+02 to 1.07E+00 with overall damping pattern, following Expert Tie-Breaker Rule",Continue,50,4.207879066467285,1
vasp-data-files/101001111100100011011111/OSZICAR,1,111,,,评估到 125 步时，实际步数仅为 111，数据不足。,Insufficient_Steps,111,11.730254173278809,3
vasp-data-files/111100000100110010100000/OSZICAR,1,75,1.0,7.0,"Despite dE oscillations, rms(c) shows clear macro-decreasing trend from 122 to 0.194 over steps 12-50, following Expert Tie-Breaker Rule",Continue,50,3.7820427417755127,1
vasp-data-files/100001111101001001011111/OSZICAR,0,200,1.0,7.0,"Despite dE oscillations, rms(c) shows clear macro-trend decreasing from 125 to ~0.1 over 50 steps, following Expert Tie-Breaker Rule for damped oscillatory convergence",Continue,50,4.246698379516602,1
vasp-data-files/101001010101111110000000/OSZICAR,1,69,1.0,7.0,"Despite dE oscillations, rms(c) shows clear macro-trend decreasing from 119E+01 to 913E-02 over steps 12-50, following Expert Tie-Breaker Rule",Continue,50,4.517590761184692,1
vasp-data-files/111011110001110100110110/OSZICAR,1,77,1.0,7.0,"Despite early oscillations in dE, rms(c) shows clear macro-trend decreasing from 127E+01 to 0.286E-01 with consistent downward progression in final steps, following Expert Tie-Breaker Rule",Continue,50,4.2087366580963135,1
vasp-data-files/100110100000001100111101/OSZICAR,0,200,0.0,8.0,"rms(c) shows no consistent downward trend, stagnating around 1.0-1.5 with oscillations and ending at 1.49E+01, while dE exhibits large persistent oscillations indicating divergence",Kill,50,3.899837017059326,1
vasp-data-files/100101000001010010011110/OSZICAR,1,98,1.0,7.0,"Despite dE oscillations, rms(c) shows clear macro-trend decreasing from 122 to 1.13 over steps 12-50, following Expert Tie-Breaker Rule for damped oscillatory convergence",Continue,50,3.900534152984619,1
vasp-data-files/101101000101000010111110/OSZICAR,0,200,0.0,8.0,"rms(c) shows no consistent downward trend, oscillating between 1.0-1.8 without meaningful reduction, and dE remains large with oscillations, indicating stagnation and divergence",Kill,50,3.902913093566896,1
vasp-data-files/110111101101001000111100/OSZICAR,1,148,0.0,7.0,"rms(c) stagnates around 0.24-0.27 after step 40 with no clear downward trend, and dE continues to show significant oscillations, indicating divergence according to the Expert's Tie-Breaker Rule",Kill,75,9.34898591041565,2
vasp-data-files/111101000101011101101000/OSZICAR,1,66,1.0,7.0,"Despite dE oscillations, rms(c) shows clear macro-decreasing trend from 1.05E+02 to 1.56E-01 over 38 steps, following Expert Tie-Breaker Rule for eventual convergence",Continue,50,4.205780029296875,1
vasp-data-files/101101000101000011101101/OSZICAR,0,200,0.0,8.0,"rms(c) stagnates at ~1.0 with no decreasing trend after step 25, and dE shows persistent oscillations without convergence, matching divergence pattern",Kill,50,3.2860848903656006,1
vasp-data-files/111110011001110111110001/OSZICAR,1,58,1.0,8.0,"Clear damped oscillatory convergence with rms(c) showing strong monotonic decrease from 1.24E+02 to 3.71E-02 over 38 steps, following expert tie-breaker rule despite dE oscillations",Continue,50,4.823713541030884,1
vasp-data-files/101001010111101011011111/OSZICAR,1,62,1.0,7.0,"Despite dE oscillations in later steps, rms(c) shows clear macro-trend decreasing from 1.23E+02 to 8.88E-02 over 38 steps, following Expert Tie-Breaker Rule",Continue,50,4.5136823654174805,1
vasp-data-files/111110010001110000111000/OSZICAR,1,156,1.0,7.0,"Despite dE oscillations, rms(c) shows clear downward macro-trend from ~120 to ~0.25 over 50 steps, following Expert Tie-Breaker Rule for eventual convergence",Continue,50,4.308954954147339,1
vasp-data-files/111011110101101000110010/OSZICAR,1,98,1.0,7.0,"Despite dE oscillations, rms(c) shows clear macro-trend decreasing from 1.24E+02 to 1.59E-01 over 38 steps, following Expert Tie-Breaker Rule for damped oscillatory convergence",Continue,50,4.617961406707764,1
vasp-data-files/101011010101011010100110/OSZICAR,1,72,1.0,8.0,"Clear damped oscillatory convergence with rms(c) showing strong monotonic decrease from 121E+01 to 141E-01 over 38 steps, following Expert Tie-Breaker Rule despite some dE oscillations",Continue,50,4.348238468170166,1
vasp-data-files/100001110101011001010011/OSZICAR,1,75,1.0,8.0,"Clear downward macro-trend in rms(c) from 122E+02 to 751E-02 despite some dE oscillations, following Expert Tie-Breaker Rule",Continue,50,3.553025722503662,1
vasp-data-files/111011110001110000100110/OSZICAR,1,55,1.0,8.0,"Clear damped oscillatory convergence with rms(c) showing strong monotonic decrease from 1.22E+02 to 1.61E-02 over final 38 steps, following Expert Tie-Breaker Rule despite early dE oscillations",Continue,50,4.209445238113403,1
vasp-data-files/110110100100001100111100/OSZICAR,1,127,1.0,7.0,"Despite dE oscillations in final steps, rms(c) shows clear macro-decreasing trend from 1.21E+02 to 2.44E-01 over iterations 13-50, following Expert Tie-Breaker Rule",Continue,50,4.821169853210449,1
vasp-data-files/100111100100111010100011/OSZICAR,1,79,1.0,7.0,"Despite early oscillations in dE, rms(c) shows clear macro-trend decreasing from 122 to 0.589 over steps 13-50, following Expert Tie-Breaker Rule for eventual convergence",Continue,50,4.2057945728302,1
vasp-data-files/101001010101111010100100/OSZICAR,1,138,1.0,7.0,"Despite dE oscillations, rms(c) shows clear macro-trend decreasing from 121 to 0.121 over steps 12-50, following Expert Tie-Breaker Rule for damped convergence",Continue,50,4.824198007583618,1
vasp-data-files/101000010110110001010100/OSZICAR,0,200,0.0,8.0,"rms(c) shows no overall decreasing trend, stagnating around 1.0-1.8 after initial drop, with dE remaining large and oscillatory",Kill,50,3.591280698776245,1
vasp-data-files/111000011111001011010011/OSZICAR,0,200,0.0,7.0,"rms(c) shows no consistent downward trend, oscillating between 0.1-0.6 without meaningful reduction over many iterations, indicating stagnation and divergence despite some dE fluctuations",Kill,100,11.525083541870115,3
vasp-data-files/110101100010001101011001/OSZICAR,1,76,1.0,7.0,"Despite dE oscillations, rms(c) shows clear macro-trend decreasing from 1.22E+02 to 1.43E-01 over 38 steps, following Expert Tie-Breaker Rule for damped oscillatory convergence",Continue,50,4.105801820755005,1
vasp-data-files/100001110111111011010111/OSZICAR,1,63,1.0,7.0,"Despite dE oscillations, rms(c) shows clear monotonic downward trend from 1.24E+02 to 3.60E-02 over steps 12-50, following Expert Tie-Breaker Rule",Continue,50,4.513947010040283,1
vasp-data-files/110110111001001000110010/OSZICAR,1,117,0.0,8.0,"rms(c) shows no consistent downward trend, stagnating around 1.4-1.7 after initial drop, with dE remaining large and oscillatory throughout",Kill,50,3.898835420608521,1
vasp-data-files/111100000101010100100001/OSZICAR,1,151,1.0,7.0,"Despite dE oscillations, rms(c) shows clear macro-trend decreasing from 126 to 0.159 over steps 13-50, following Expert Tie-Breaker Rule for damped convergence",Continue,50,4.208513975143433,1
vasp-data-files/101011011100110010010111/OSZICAR,0,200,0.0,8.0,"rms(c) shows no overall decreasing trend, stagnating around 1.7-2.5 with no clear downward direction despite dE oscillations",Kill,50,3.2843434810638428,1
vasp-data-files/111101000100111010100000/OSZICAR,1,75,1.0,7.0,"Despite dE oscillations, rms(c) shows clear macro-trend decreasing from 1.05E+02 to 3.15E-01 over 38 steps, following Expert Tie-Breaker Rule",Continue,50,4.514921188354492,1
vasp-data-files/111011100111011111010111/OSZICAR,1,126,1.0,7.0,"Despite significant dE oscillations, rms(c) shows clear macro-trend decreasing from 12.3E+01 to 2.19E+00 over steps 13-50, following Expert Tie-Breaker Rule for damped oscillatory convergence",Continue,50,4.515505790710449,1
vasp-data-files/110000111101111011010001/OSZICAR,1,70,1.0,7.0,"Despite dE oscillations, rms(c) shows clear macro-trend decreasing from 126E+01 to 160E-01 over steps 13-50, following Expert Tie-Breaker Rule for damped oscillatory convergence",Continue,50,4.5123820304870605,1
vasp-data-files/101100000001100111000001/OSZICAR,1,77,1.0,7.0,"Despite dE oscillations, rms(c) shows clear macro-trend decreasing from 123E+01 to 393E-01 over steps 12-50, following Expert Tie-Breaker Rule",Continue,50,4.209110736846924,1
vasp-data-files/111001010111111000010000/OSZICAR,0,200,1.0,7.0,"Despite significant dE oscillations, rms(c) shows clear downward macro-trend from ~12.1 to 0.329 over steps 12-50, following Expert Tie-Breaker Rule for eventual convergence",Continue,50,3.8984241485595694,1
vasp-data-files/111110000100110100100000/OSZICAR,1,55,1.0,8.0,"Clear monotonic decrease in rms(c) from 121E+01 to 163E-02 with dE showing consistent downward trend in final steps, following Expert Tie-Breaker Rule",Continue,50,3.900187969207764,1
vasp-data-files/100010001111111111111010/OSZICAR,0,200,0.0,8.0,"rms(c) stagnates at 1.1-1.2 after step 44 with no decreasing trend, dE remains oscillatory, violating the Expert Tie-Breaker Rule",Kill,50,4.820157051086426,1
vasp-data-files/100000111010000101111111/OSZICAR,1,62,1.0,8.0,"Clear downward macro-trend in rms(c) from 121E+01 to 297E-02 despite dE oscillations, following Expert Tie-Breaker Rule for convergence",Continue,50,3.899646282196045,1
vasp-data-files/100010101011000001011111/OSZICAR,0,200,1.0,7.0,"Despite persistent dE oscillations, rms(c) shows clear macro-trend decreasing from 1.22E+02 to 8.10E-01 over 75 steps, following Expert Tie-Breaker Rule for damped oscillatory convergence",Continue,75,8.427980184555054,2
vasp-data-files/110100001111001001011101/OSZICAR,1,76,1.0,7.0,"Despite dE oscillations, rms(c) shows clear macro-trend decreasing from 1.22E+01 to 3.47E-01 over steps 12-50, following Expert Tie-Breaker Rule",Continue,50,4.514248847961426,1
vasp-data-files/101100000101100111000000/OSZICAR,1,107,1.0,7.0,"Despite dE oscillations in later steps, rms(c) shows clear macro-trend decreasing from 1.22E+02 to 5.34E-01 over steps 13-50, following Expert Tie-Breaker Rule",Continue,50,4.210713624954224,1
vasp-data-files/111100001101011011110110/OSZICAR,1,98,1.0,7.0,"Despite significant dE oscillations, rms(c) shows clear macro-trend decreasing from 125 to ~0.1 over steps 13-50, following Expert Tie-Breaker Rule for damped oscillatory convergence",Continue,50,4.201848030090332,1
vasp-data-files/101111001100010010100010/OSZICAR,1,124,1.0,7.0,"Despite dE oscillations, rms(c) shows clear macro-trend decreasing from 1.24E+02 to 6.01E-01 over steps 13-50, following Expert Tie-Breaker Rule",Continue,50,4.822390079498291,1
vasp-data-files/100110100010000101011001/OSZICAR,1,53,1.0,7.0,"Despite dE oscillations in final steps, rms(c) shows clear macro-decreasing trend from 1.06E+02 to 4.17E-02 over 39 steps, following Expert Tie-Breaker Rule",Continue,50,4.205342054367065,1
vasp-data-files/110110101000011100100000/OSZICAR,1,73,1.0,8.0,"Clear monotonic decreasing trend in rms(c) from 122E+01 to 583E-02 despite some dE oscillations, following Expert Tie-Breaker Rule for convergence",Continue,50,3.5930254459381104,1
vasp-data-files/101111010101001111101011/OSZICAR,1,115,,,评估到 125 步时，实际步数仅为 115，数据不足。,Insufficient_Steps,115,12.343778371810911,3
vasp-data-files/100000010111101001010111/OSZICAR,0,200,1.0,7.0,"Despite dE oscillations, rms(c) shows clear macro-decreasing trend from 1.25E+02 to 6.54E-01 over 50 steps, following Expert Tie-Breaker Rule",Continue,50,4.128985643386841,1
vasp-data-files/111010101001110101110100/OSZICAR,1,104,1.0,7.0,"Despite dE oscillations, rms(c) shows clear macro-trend decreasing from 126E+01 to 0.337E-01 over steps 12-50, following Expert Tie-Breaker Rule",Continue,50,5.434374570846558,1
vasp-data-files/101001010101111010100110/OSZICAR,1,82,1.0,7.0,"Despite dE oscillations, rms(c) shows clear macro-decreasing trend from 1.05E+02 to 1.13E-01 over 39 steps, following Expert Tie-Breaker Rule for damped oscillatory convergence",Continue,50,4.206790924072266,1
vasp-data-files/111110001100011010100011/OSZICAR,1,94,1.0,7.0,"Despite dE oscillations, rms(c) shows clear macro-trend decreasing from 121E+01 to 112E+00 over steps 12-50, following Expert Tie-Breaker Rule",Continue,50,4.512609958648682,1
vasp-data-files/101010001100011010010111/OSZICAR,1,61,1.0,8.0,"Clear downward macro-trend in rms(c) from 1.21E+02 to 2.32E-02 despite some dE oscillations, following Expert Tie-Breaker Rule for convergence",Continue,50,4.513606071472168,1
vasp-data-files/110000101010001110011011/OSZICAR,0,200,0.0,7.0,"rms(c) oscillates between 0.3-0.6 without clear downward trend after step 50, dE remains high with persistent oscillations, indicating stagnation and likely divergence",Kill,100,17.87194323539734,3
vasp-data-files/111101010101110000101000/OSZICAR,1,51,1.0,8.0,"Clear monotonic decrease in rms(c) from 120E+01 to 0.361E-03 with dE oscillations damping to very small values, following Expert Tie-Breaker Rule",Continue,50,3.8981406688690186,1
vasp-data-files/101100000000111100100000/OSZICAR,1,52,1.0,7.0,"Despite dE oscillations in later steps, rms(c) shows clear monotonic decrease from 1.18E+02 to 1.12E-02 over 50 steps, following the Expert Tie-Breaker Rule for damped oscillatory convergence",Continue,50,4.821969747543335,1
vasp-data-files/101011010101000010111110/OSZICAR,0,200,0.0,8.0,"rms(c) shows no decreasing trend, stagnating at 1.6-2.0 with no overall improvement, while dE remains large and oscillatory",Kill,50,3.593300104141236,1
vasp-data-files/111100000101110000100000/OSZICAR,1,102,1.0,7.0,"Despite dE oscillations, rms(c) shows clear macro-decreasing trend from 1.05E+02 to 5.22E-02 over steps 12-50, following Expert Tie-Breaker Rule",Continue,50,4.81900954246521,1
vasp-data-files/101111100101000010111111/OSZICAR,0,200,0.0,7.0,"rms(c) shows no clear downward trend, stagnating around 0.9-1.3 with oscillations, indicating divergence despite some dE fluctuations",Kill,50,3.283288955688477,1
vasp-data-files/101101000101011010100110/OSZICAR,1,58,1.0,8.0,"Clear downward macro-trend in rms(c) from 1.21E+02 to 9.82E-03 despite some dE oscillations, following Expert Tie-Breaker Rule",Continue,50,4.207733869552612,1
vasp-data-files/101001110101111010010110/OSZICAR,1,115,1.0,7.0,"Despite dE oscillations in later steps, rms(c) shows clear macro-trend decreasing from 1.05E+01 to 2.13E-01 over steps 12-50, following Expert Tie-Breaker Rule",Continue,50,4.411892414093018,1
vasp-data-files/110100111100111101010001/OSZICAR,1,140,1.0,7.0,"Despite significant dE oscillations, rms(c) shows clear macro-trend decreasing from 12.5 to 5.44 over steps 13-50, following Expert Tie-Breaker Rule for damped oscillatory convergence",Continue,50,4.9237024784088135,1
vasp-data-files/101101001101001101000111/OSZICAR,0,200,1.0,7.0,"Despite dE oscillations, rms(c) shows clear macro-trend decreasing from ~12.0 to ~1.3 over steps 12-75, following Expert Tie-Breaker Rule for damped oscillatory convergence",Continue,75,8.734191656112671,2
vasp-data-files/100111100001100010100001/OSZICAR,1,78,1.0,7.0,"Despite dE oscillations in later steps, rms(c) shows clear macro-decreasing trend from 1.06E+02 to 4.38E-01 over steps 12-50, following Expert Tie-Breaker Rule",Continue,50,4.514122009277344,1
vasp-data-files/101111000101111110100000/OSZICAR,1,62,1.0,7.0,"Despite dE oscillations in later steps, rms(c) shows clear macro-decreasing trend from 1.22E+02 to 1.11E-02 over 50 steps, following Expert Tie-Breaker Rule for convergence",Continue,50,4.206626176834106,1
vasp-data-files/110011111110110011001001/OSZICAR,1,63,1.0,8.0,"Clear damped oscillatory convergence: rms(c) shows strong monotonic decrease from 126 to 0.0244 over steps 13-50, and final dE values are approaching convergence thresholds despite some oscillations",Continue,50,4.205973386764526,1
vasp-data-files/101100000101010000111100/OSZICAR,1,75,1.0,7.0,"Despite dE oscillations in later steps, rms(c) shows clear macro-trend decreasing from 1.05E+02 to 5.53E-02 over 38 steps, following Expert Tie-Breaker Rule",Continue,50,4.411159992218018,1
vasp-data-files/101011110000111110100101/OSZICAR,1,133,1.0,7.0,"Despite persistent dE oscillations, rms(c) shows clear macro-trend decreasing from ~12.6 at step 13 to ~0.28 at step 100, following Expert Tie-Breaker Rule for damped oscillatory convergence",Continue,100,17.975717067718506,3
vasp-data-files/111110110101000101010101/OSZICAR,0,200,0.0,7.0,"rms(c) stagnates around 0.12-0.14 in final 15 steps with no clear downward trend, and dE remains oscillatory with positive values dominating final iterations",Kill,50,4.51174783706665,1
vasp-data-files/100111001011101101101000/OSZICAR,0,200,0.0,8.0,"rms(c) stagnates around 2.5-2.9 with no clear downward trend despite dE oscillations, indicating divergence per Expert Tie-Breaker Rule",Kill,50,4.208680629730225,1
vasp-data-files/101011110101111010011110/OSZICAR,1,160,1.0,7.0,"Despite dE oscillations, rms(c) shows clear macro-trend decreasing from 127E+01 to 0.746E-01 over steps 13-50, following Expert Tie-Breaker Rule",Continue,50,3.588684320449829,1
vasp-data-files/100101011111111001001100/OSZICAR,0,200,1.0,7.0,"Despite dE oscillations in final steps, rms(c) shows clear macro-trend decreasing from 1.26E+02 to 2.92E-01 over 38 steps, following Expert Tie-Breaker Rule",Continue,50,4.207375288009644,1
vasp-data-files/100001111011111110101100/OSZICAR,1,79,1.0,7.0,"Despite dE oscillations, rms(c) shows clear macro-trend decreasing from 123E+01 to 139E-01 over 38 steps, following Expert Tie-Breaker Rule for damped oscillatory convergence",Continue,50,4.51387357711792,1
vasp-data-files/101000010101000011010111/OSZICAR,0,200,1.0,7.0,"Despite dE oscillations, rms(c) shows clear macro-trend decreasing from 1.22E+02 to 4.23E-01 over steps 12-50, following Expert Tie-Breaker Rule",Continue,50,4.81795072555542,1
vasp-data-files/101010010100111110100100/OSZICAR,1,175,0.0,8.0,"rms(c) stagnates at 1.8-1.85 with no decreasing trend after step 20, and dE oscillates without reaching convergence thresholds",Kill,50,8.750813722610474,1
vasp-data-files/100110010111000000110001/OSZICAR,0,200,0.0,7.0,"rms(c) shows no consistent downward trend, oscillating between 0.2-1.1 without meaningful reduction over many iterations, indicating stagnation and divergence",Kill,125,21.85000729560852,4
vasp-data-files/100111000001000011111011/OSZICAR,0,200,0.0,7.0,"rms(c) shows no clear downward trend, stagnating around 9-14 after initial fluctuations, indicating divergence according to Expert Tie-Breaker Rule",Kill,50,4.20539927482605,1
vasp-data-files/100001001011000001011111/OSZICAR,1,68,1.0,7.0,"Despite dE oscillations, rms(c) shows clear monotonic decreasing trend from 1.05E+02 to 6.78E-02 over 39 steps, following Expert Tie-Breaker Rule",Continue,50,9.122549057006836,1
vasp-data-files/101110001101010111010001/OSZICAR,0,200,0.0,7.0,"rms(c) shows no consistent downward trend, stagnating around 0.2-0.25 in final steps with oscillations, indicating divergence despite some dE fluctuations",Kill,100,11.42019748687744,3
vasp-data-files/111110000001111110100001/OSZICAR,1,73,1.0,7.0,"Despite dE oscillations in final steps, rms(c) shows clear macro-trend decreasing from 1.22E+01 to 2.84E-01 over steps 12-50, following Expert Tie-Breaker Rule",Continue,50,4.514903783798218,1
vasp-data-files/101001011000100101100000/OSZICAR,1,71,1.0,8.0,"Clear monotonic downward trend in rms(c) from 1.22E+01 to 8.82E-02 despite dE oscillations, following Expert Tie-Breaker Rule",Continue,50,3.898362874984741,1
vasp-data-files/101100100010000101111111/OSZICAR,1,82,1.0,8.0,"Clear damped oscillatory convergence with rms(c) showing strong monotonic decrease from 121E+01 to 112E-01 over final 39 steps, following Expert Tie-Breaker Rule despite early dE oscillations",Continue,50,4.203526735305786,1
vasp-data-files/100001111100111101010111/OSZICAR,1,89,1.0,7.0,"Despite dE oscillations in final steps, rms(c) shows clear macro-trend decreasing from 1.28E+02 to 2.06E-01 over 38 steps, following Expert Tie-Breaker Rule",Continue,50,3.898307085037232,1
vasp-data-files/110100110101111101010001/OSZICAR,0,200,1.0,7.0,"Despite dE oscillations, rms(c) shows clear macro-trend decreasing from 1.27E+02 to 3.28E-01 over steps 12-50, following Expert Tie-Breaker Rule",Continue,50,4.514726877212524,1
vasp-data-files/100110100011001101111000/OSZICAR,1,156,1.0,7.0,"Despite dE oscillations, rms(c) shows clear macro-trend decreasing from 124E+01 to 0.404E-01 over steps 12-50, following Expert Tie-Breaker Rule",Continue,50,3.906503677368164,1
vasp-data-files/100010110100110000110000/OSZICAR,0,200,0.0,7.0,"rms(c) stagnates around 0.9-1.0 with no clear downward trend after step 30, and dE oscillations persist without damping, indicating divergence according to Expert Tie-Breaker Rule",Kill,50,4.506415367126465,1
vasp-data-files/101011000101010010111110/OSZICAR,0,200,0.0,7.0,"rms(c) shows no consistent downward trend, stagnating around 1.5-2.0 with oscillations, while dE remains large and oscillatory, indicating divergence according to the tie-breaker rule",Kill,50,3.897785663604736,1
vasp-data-files/100101000101011010100011/OSZICAR,1,68,1.0,7.0,"Despite dE oscillations, rms(c) shows clear monotonic downward trend from 1.06E+02 to 5.85E-02 over 39 steps, following Expert Tie-Breaker Rule",Continue,50,4.821140289306641,1
vasp-data-files/101010010111010100100000/OSZICAR,1,76,1.0,7.0,"Despite dE oscillations, rms(c) shows clear macro-decreasing trend from 1.05E+02 to 4.91E-01 over steps 12-50, following Expert Tie-Breaker Rule",Continue,50,3.909776210784912,1
vasp-data-files/110001110110000110011100/OSZICAR,0,200,0.0,8.0,"rms(c) stagnates at 1.1-1.2 with no decreasing trend after step 35, and dE remains oscillatory with no convergence",Kill,50,3.274790048599243,1
vasp-data-files/101100000000111110100000/OSZICAR,1,63,1.0,8.0,"Despite dE oscillations in later steps, rms(c) shows clear macro-trend decreasing from 1.22E+02 to 2.67E-02 over 38 steps, following the Expert's Tie-Breaker Rule for damped oscillatory convergence",Continue,50,4.51191782951355,1
vasp-data-files/101001010001010010111100/OSZICAR,1,60,1.0,7.0,"Despite dE oscillations in later steps, rms(c) shows clear macro-trend decreasing from 1.05E+02 to 1.38E-01 over 39 steps, following the Expert Tie-Breaker Rule for damped oscillatory convergence",Continue,50,5.125877141952515,1
vasp-data-files/100010001001111100101000/OSZICAR,1,141,1.0,7.0,"Despite significant dE oscillations, rms(c) shows clear macro-trend decreasing from 124E+01 to 235E-01 over steps 12-50, following Expert Tie-Breaker Rule",Continue,50,4.522240877151489,1
vasp-data-files/101110000000010010110110/OSZICAR,1,69,1.0,8.0,"Clear damped oscillatory convergence with rms(c) showing strong monotonic decrease from 1.23E+02 to 1.98E-01 over steps 13-50, despite some dE oscillations",Continue,50,7.268145799636841,1
vasp-data-files/100110100010100101111001/OSZICAR,1,84,1.0,7.0,"Despite dE oscillations, rms(c) shows clear macro-trend decreasing from 1.22E+02 to 8.97E-02 over steps 12-50, following Expert Tie-Breaker Rule",Continue,50,5.435312747955322,1
vasp-data-files/111111000110000110111010/OSZICAR,0,200,0.0,7.0,"rms(c) shows no consistent downward trend, oscillating between 0.7-1.4 in later steps with no macro-decrease, indicating stagnation and divergence according to tie-breaker rule",Kill,50,4.204818964004517,1
vasp-data-files/111101000100011010110110/OSZICAR,1,72,1.0,8.0,"Clear downward macro-trend in rms(c) from 122E+01 to 973E-02 despite dE oscillations, following Expert Tie-Breaker Rule for damped oscillatory convergence",Continue,50,4.101983547210693,1
vasp-data-files/100101000001000011011111/OSZICAR,1,115,1.0,7.0,"Despite dE oscillations in final steps, rms(c) shows clear macro-trend decreasing from 1.24E+02 to 4.62E-01 over steps 12-50, following Expert Tie-Breaker Rule",Continue,50,4.308398246765137,1
vasp-data-files/100000111011011011010111/OSZICAR,1,58,1.0,7.0,"Despite dE oscillations in later steps, rms(c) shows clear monotonic decrease from 1.26E+02 to 3.26E-02 over 38 steps, following the Expert's Tie-Breaker Rule for damped oscillatory convergence",Continue,50,4.820685625076294,1
vasp-data-files/100110001111110101011011/OSZICAR,1,83,1.0,7.0,"Despite dE oscillations, rms(c) shows clear macro-trend decreasing from 1.26E+02 to 3.30E-01 over steps 13-50, following Expert Tie-Breaker Rule",Continue,50,4.512627601623535,1
vasp-data-files/101100000111000101101001/OSZICAR,1,74,1.0,7.0,"Despite dE oscillations, rms(c) shows clear macro-trend decreasing from 1.22E+02 to 1.85E-01 over steps 12-50, following Expert Tie-Breaker Rule",Continue,50,4.204226016998291,1
vasp-data-files/101001010111000011111111/OSZICAR,1,152,0.0,7.0,"rms(c) oscillates between 0.5-1.1 without sustained downward trend, showing stagnation at high values despite some dE fluctuations",Kill,75,7.5076963901519775,2
vasp-data-files/101011011101011010110111/OSZICAR,1,77,1.0,7.0,"Despite dE oscillations in final steps, rms(c) shows clear macro-decreasing trend from 1.23E+02 to 8.55E-02 over 38 steps, following Expert Tie-Breaker Rule",Continue,50,4.816186189651489,1
vasp-data-files/101010000111110111100101/OSZICAR,0,200,0.0,8.0,"rms(c) stagnates around 17-20 with no overall decreasing trend despite dE oscillations, indicating divergence according to Expert Tie-Breaker Rule",Kill,50,3.5919406414031982,1
vasp-data-files/100010111000111100100000/OSZICAR,1,112,1.0,7.0,"Despite dE oscillations in final steps, rms(c) shows clear macro-decreasing trend from 1.22E+01 to 1.32E-01 over steps 12-50, following Expert Tie-Breaker Rule",Continue,50,4.514236688613892,1
vasp-data-files/100000001110110011111111/OSZICAR,1,103,1.0,7.0,"Despite dE oscillations, rms(c) shows clear macro-decreasing trend from 122E+01 to 0.423E-01 over steps 13-50, following Expert Tie-Breaker Rule",Continue,50,3.904477596282959,1
vasp-data-files/101110001100010010111010/OSZICAR,1,62,1.0,8.0,"Clear damped oscillatory convergence with rms(c) showing strong monotonic decrease from 1.22E+01 to 3.51E-02 over steps 13-50, following Expert Tie-Breaker Rule despite early dE oscillations",Continue,50,4.197195529937744,1
vasp-data-files/110100000101010001010010/OSZICAR,0,200,0.0,7.0,"rms(c) oscillates between 0.5-1.25 with no clear downward macro-trend over 75 steps, indicating stagnation and divergence despite some dE fluctuations",Kill,75,8.424102783203125,2
vasp-data-files/100001110111111001000111/OSZICAR,1,65,1.0,8.0,"Clear damped oscillatory convergence with rms(c) showing strong monotonic decrease from 125E+01 to 611E-02 over steps 13-50, despite dE oscillations",Continue,50,4.2068376541137695,1
vasp-data-files/101111000111010010101000/OSZICAR,1,69,1.0,7.0,"Despite dE oscillations, rms(c) shows clear macro-decreasing trend from 1.05E+02 to 2.74E-01 over steps 12-50, following Expert Tie-Breaker Rule",Continue,50,3.897136211395264,1
vasp-data-files/100001011000111100101000/OSZICAR,1,67,1.0,7.0,"Despite dE oscillations in final steps, rms(c) shows clear macro-decreasing trend from 1.22E+02 to 4.07E-02 over 38 steps, following Expert Tie-Breaker Rule",Continue,50,4.105474948883057,1
vasp-data-files/111110000001000000111010/OSZICAR,1,67,1.0,7.0,"Despite dE oscillations in later steps, rms(c) shows clear macro-trend decreasing from 1.24E+02 to 9.31E-02 over 38 steps, following Expert Tie-Breaker Rule",Continue,50,3.997786045074463,1
vasp-data-files/111110000100111100100000/OSZICAR,1,51,1.0,8.0,"Clear monotonic downward trend in rms(c) from 1.21E+02 to 1.36E-02 over steps 13-50, with dE showing damped oscillations and decreasing magnitude, following the Expert Tie-Breaker Rule",Continue,50,4.516035079956055,1
vasp-data-files/111101010100111110110000/OSZICAR,0,200,0.0,7.0,"rms(c) oscillates between 1.3-3.9 with no clear downward macro-trend over the last 50 steps, indicating stagnation and divergence despite dE oscillations",Kill,100,12.646667242050173,3
vasp-data-files/100001111101000011011111/OSZICAR,1,85,1.0,7.0,"Despite dE oscillations, rms(c) shows clear macro-trend decreasing from 1.23E+02 to 2.94E-01 over steps 13-50, following Expert Tie-Breaker Rule",Continue,50,5.12769341468811,1
vasp-data-files/100001110101100011010111/OSZICAR,0,200,0.0,8.0,"rms(c) shows no consistent downward trend, stagnating around 14-15 after initial improvement, with dE oscillations indicating divergence per Expert Tie-Breaker Rule",Kill,50,4.204556703567505,1
vasp-data-files/100010110010001110111111/OSZICAR,1,170,1.0,7.0,"Despite dE oscillations, rms(c) shows clear macro-trend decreasing from 124E+01 to 105E+00 over steps 13-50, following Expert Tie-Breaker Rule for damped oscillatory convergence",Continue,50,4.205239772796631,1
vasp-data-files/110000110001101101010001/OSZICAR,1,99,1.0,7.0,"Despite dE oscillations, rms(c) shows clear macro-trend decreasing from 122 to 0.228 over steps 12-50, following Expert Tie-Breaker Rule for eventual convergence",Continue,50,4.206137180328369,1
vasp-data-files/110100001000111000000001/OSZICAR,1,121,0.0,7.0,"rms(c) shows no consistent downward trend, oscillating between 0.1-1.0 without sustained improvement, and final values remain high (>0.3) indicating stagnation despite dE oscillations",Kill,100,24.01429748535156,3
vasp-data-files/111100100100000001100011/OSZICAR,1,75,1.0,8.0,"Clear monotonic decrease in rms(c) from 121E+01 to 45E-02 over steps 12-50, with dE showing consistent downward trend in final steps despite early oscillations",Continue,50,4.2053751945495605,1
vasp-data-files/101110000101010010100000/OSZICAR,1,86,1.0,7.0,"Despite dE oscillations in final steps, rms(c) shows clear macro-decreasing trend from 1.05E+02 to 2.64E-01 over 39 steps, following Expert Tie-Breaker Rule for convergence",Continue,50,4.210085868835449,1
vasp-data-files/101100000101100011100001/OSZICAR,1,72,1.0,7.0,"Despite early oscillations, rms(c) shows clear macro-trend decreasing from 122 to 0.211 over steps 13-50, following Expert Tie-Breaker Rule for eventual convergence",Continue,50,4.202410697937012,1
vasp-data-files/110110101000001000111100/OSZICAR,1,62,1.0,8.0,"Clear downward macro-trend in rms(c) from 1.22E+02 to 3.77E-02 despite some dE oscillations, following Expert Tie-Breaker Rule for convergence",Continue,50,3.897016286849976,1
vasp-data-files/110110101010110000110001/OSZICAR,0,200,1.0,7.0,"Despite significant dE oscillations, rms(c) shows clear downward macro-trend from ~12.6 at step 13 to ~0.33 at step 50, following Expert Tie-Breaker Rule",Continue,50,4.51239275932312,1
vasp-data-files/111110000000001100100000/OSZICAR,1,63,1.0,7.0,"Despite dE oscillations in later steps, rms(c) shows clear macro-decreasing trend from 1.05E+02 to 5.78E-02 over 38 steps, following Expert Tie-Breaker Rule",Continue,50,3.8981833457946777,1
vasp-data-files/100010010011000001111110/OSZICAR,1,126,1.0,7.0,"Despite significant dE oscillations, rms(c) shows clear macro-trend decreasing from ~100 to ~0.6 over 75 steps, following Expert Tie-Breaker Rule for damped oscillatory convergence",Continue,75,8.4281485080719,2
vasp-data-files/110110001010000111111001/OSZICAR,0,200,0.0,7.0,"rms(c) shows no clear downward trend, stagnating around 0.3-0.37 in final steps while dE remains oscillatory with large jumps, indicating divergence according to tie-breaker rule",Kill,50,4.20496129989624,1
vasp-data-files/101101000111000111100011/OSZICAR,1,61,1.0,8.0,Clear damped oscillatory convergence: dE shows noisy but decreasing oscillations while rms(c) exhibits strong monotonic decrease from 1.23E+01 to 3.26E-02 over final 38 steps,Continue,50,4.205043315887451,1
vasp-data-files/101001111110111111000001/OSZICAR,0,200,0.0,8.0,"rms(c) stagnates around 15-16 with no clear downward trend after step 12, and dE shows persistent oscillations without significant reduction",Kill,50,3.2834060192108154,1
vasp-data-files/111110000100011100100010/OSZICAR,1,80,1.0,7.0,"Despite some dE oscillations, rms(c) shows clear macro-trend decreasing from 1.22E+02 to 1.12E-01 over steps 12-50, following Expert Tie-Breaker Rule",Continue,50,4.204680442810059,1
vasp-data-files/101100000100001110100110/OSZICAR,1,95,1.0,8.0,"Clear damped oscillatory convergence with rms(c) showing strong monotonic decrease from 1.06E+02 to 7.96E-02 over steps 12-50, following Expert Tie-Breaker Rule despite dE oscillations",Continue,50,4.510617017745972,1
vasp-data-files/101001010001000010111110/OSZICAR,1,161,1.0,7.0,"Despite persistent dE oscillations, rms(c) shows clear macro-trend decreasing from ~12 to ~0.76 over 125 steps, following Expert Tie-Breaker Rule for damped oscillatory convergence",Continue,125,15.94779372215271,4
vasp-data-files/111011110001101100100101/OSZICAR,1,80,1.0,7.0,"Despite dE oscillations, rms(c) shows clear macro-trend decreasing from 12.3 to 0.536 over steps 13-50, following Expert Tie-Breaker Rule for damped oscillatory convergence",Continue,50,4.510973930358887,1
vasp-data-files/101001010101111110100101/OSZICAR,0,200,0.0,7.0,"rms(c) stagnates at 0.13-0.15 after step 33 showing no clear downward macro-trend despite dE oscillations, indicating divergence according to Expert Tie-Breaker Rule",Kill,50,3.8998324871063232,1
vasp-data-files/110001010111111011010011/OSZICAR,1,61,1.0,8.0,"Despite dE oscillations in final steps, rms(c) shows clear monotonic decrease from 1.25E+01 to 9.67E-02 over steps 13-50, following Expert Tie-Breaker Rule for convergence",Continue,50,4.817229509353638,1
vasp-data-files/110111001100011100101000/OSZICAR,0,200,1.0,6.0,"Large dE oscillations persist but rms(c) shows clear macro-trend downward from ~12.3 at step 13 to ~0.5 at step 200, following Expert Tie-Breaker Rule",Unresolved_MaxSteps,200,30.45587944984436,7
vasp-data-files/111101001101111100100000/OSZICAR,1,135,1.0,7.0,"Despite dE oscillations in final steps, rms(c) shows clear macro-decreasing trend from 1.20E+02 to 2.50E-01 over iterations 13-50, following Expert Tie-Breaker Rule",Continue,50,3.898679494857788,1
vasp-data-files/100101110001000001011001/OSZICAR,1,80,1.0,7.0,"Despite dE oscillations, rms(c) shows clear macro-trend decreasing from 1.24E+02 to 6.30E-02 over 50 steps, following Expert Tie-Breaker Rule for damped oscillatory convergence",Continue,50,4.819000720977783,1
vasp-data-files/110100001110001101111001/OSZICAR,1,109,1.0,7.0,"Despite dE oscillations, rms(c) shows clear macro-trend decreasing from 121E+01 at step 13 to 486E-01 at step 50, following Expert Tie-Breaker Rule",Continue,50,4.205321788787842,1
vasp-data-files/101111000011110010100000/OSZICAR,1,75,1.0,7.0,"Despite dE oscillations, rms(c) shows clear macro-trend decreasing from 1.24E+02 to 1.91E-01 over 38 steps, following Expert Tie-Breaker Rule for eventual convergence",Continue,50,4.306326627731323,1
vasp-data-files/101001011100111100100000/OSZICAR,1,127,1.0,7.0,"Despite dE oscillations, rms(c) shows clear macro-trend decreasing from 12.2 to 0.641 over steps 13-50, following Expert Tie-Breaker Rule for damped convergence",Continue,50,4.409294843673706,1
vasp-data-files/110101111100111101010011/OSZICAR,0,200,0.0,8.0,"rms(c) shows no decreasing macro-trend, stagnating around 22 with oscillations, indicating divergence according to Expert Tie-Breaker Rule",Kill,50,3.591045379638672,1
vasp-data-files/111100001100111110000000/OSZICAR,1,67,1.0,8.0,"Clear downward macro-trend in rms(c) from 121E+01 to 73E-02 despite dE oscillations, following Expert Tie-Breaker Rule for damped oscillatory convergence",Continue,50,3.896420955657959,1
vasp-data-files/111100011110000110000001/OSZICAR,0,200,0.0,8.0,"rms(c) stagnates at 1.6-2.2 with no clear downward trend after step 12, and dE shows persistent large oscillations, indicating divergence according to Expert Tie-Breaker Rule",Kill,50,4.508946418762207,1
vasp-data-files/101001010101110011100111/OSZICAR,0,200,0.0,7.0,"rms(c) shows no consistent downward trend, oscillating between 0.3-1.2 without sustained decrease, indicating stagnation despite some dE fluctuations",Kill,75,6.890346527099609,2
vasp-data-files/101101110001000000000110/OSZICAR,0,200,1.0,7.0,"Despite persistent dE oscillations, rms(c) shows clear macro-trend decreasing from ~12.2 to ~1.1 over 125 steps, following the Expert Tie-Breaker Rule for damped oscillatory convergence",Continue,125,16.945380449295044,4
vasp-data-files/101011110001111110010000/OSZICAR,1,54,1.0,8.0,"Clear monotonic decrease in rms(c) from 1.21E+02 to 1.07E-02 with dE showing consistent damping to small values, following ideal convergence pattern",Continue,50,3.824415922164917,1
vasp-data-files/110010110000001110111100/OSZICAR,1,70,1.0,7.0,"Despite early oscillations in dE, rms(c) shows clear macro-trend decreasing from 121E+01 to 137E-01 over steps 12-50, following Expert Tie-Breaker Rule",Continue,50,4.816944599151611,1
vasp-data-files/111101000001110000101000/OSZICAR,0,200,1.0,7.0,"Despite dE oscillations in later steps, rms(c) shows clear macro-trend decreasing from 1.2E+01 to 2.95E-01 over steps 12-50, following Expert Tie-Breaker Rule",Continue,50,3.898089647293091,1
vasp-data-files/111100100000110111110001/OSZICAR,1,106,1.0,7.0,"Despite dE oscillations, rms(c) shows clear macro-decreasing trend from 1.05E+02 to 7.50E-01 over steps 12-50, following Expert Tie-Breaker Rule for damped oscillatory convergence",Continue,50,4.204042673110962,1
vasp-data-files/110110000111000011111111/OSZICAR,1,145,1.0,7.0,"Despite persistent dE oscillations, rms(c) shows clear macro-trend decreasing from ~1.23E+02 to ~1.90E-01 over 125 steps, following the Expert's Tie-Breaker Rule for damped oscillatory convergence",Continue,125,16.560879945755005,4
vasp-data-files/100011010011000001101110/OSZICAR,0,200,0.0,8.0,"rms(c) stagnates at 1.6-1.7 after step 37 with no clear downward trend, and dE remains oscillatory, indicating divergence according to Expert Tie-Breaker Rule",Kill,50,3.8968923091888414,1
vasp-data-files/111011010001010000111100/OSZICAR,1,66,1.0,7.0,"Despite dE oscillations, rms(c) shows clear macro-trend decreasing from 1.22E+01 to 4.47E-02 over steps 12-50, following Expert Tie-Breaker Rule",Continue,50,3.59070086479187,1
vasp-data-files/101001011100111100000000/OSZICAR,1,76,1.0,8.0,"Despite early oscillations, rms(c) shows clear monotonic decrease from 121E+02 to 0.843E-02 with consistent downward trend in later steps, following Expert Tie-Breaker Rule",Continue,50,4.203955173492432,1
vasp-data-files/100110101010000101011001/OSZICAR,1,123,1.0,7.0,"Despite dE oscillations in final steps, rms(c) shows clear macro-decreasing trend from 1.22E+02 to 1.51E-01 over 50 steps, following Expert Tie-Breaker Rule",Continue,50,4.511845588684082,1
vasp-data-files/111110001000010010100010/OSZICAR,1,82,1.0,7.0,"Despite dE oscillations in later steps, rms(c) shows clear macro-decreasing trend from 1.05E+02 to ~3E-01 with damping amplitude, following Expert Tie-Breaker Rule",Continue,50,4.511342287063599,1
vasp-data-files/111110000110110000100000/OSZICAR,1,96,0.0,7.0,"rms(c) stagnates around 0.22-0.23 after step 40 showing no decreasing trend despite dE oscillations, indicating divergence per Expert Tie-Breaker Rule",Kill,50,4.201817035675049,1
vasp-data-files/110010010011000001111101/OSZICAR,0,200,1.0,7.0,"Despite dE oscillations in final steps, rms(c) shows clear macro-trend decreasing from 1.05E+02 to 5.13E-01 over 40 iterations, following Expert Tie-Breaker Rule",Continue,50,4.037516832351685,1
vasp-data-files/100010001111000001111111/OSZICAR,1,84,,,评估到 100 步时，实际步数仅为 84，数据不足。,Insufficient_Steps,84,8.899274587631226,2
vasp-data-files/110001111101111101010011/OSZICAR,1,76,1.0,7.0,"Despite dE oscillations, rms(c) shows clear macro-trend decreasing from 128E+01 to 200E-01 over steps 13-50, following Expert Tie-Breaker Rule",Continue,50,4.432961225509644,1
vasp-data-files/100000011111111011000100/OSZICAR,0,200,1.0,7.0,"Despite dE oscillations, rms(c) shows clear downward macro-trend from 12.4E+01 to 1.75E+00 over steps 13-50, following Expert Tie-Breaker Rule",Continue,50,4.512725591659546,1
vasp-data-files/101101000001010100101000/OSZICAR,1,70,1.0,7.0,"Despite dE oscillations, rms(c) shows clear macro-trend decreasing from 1.22E+02 to 4.58E-01 over steps 12-50, following Expert Tie-Breaker Rule",Continue,50,4.202296495437622,1
vasp-data-files/101001011101100011010111/OSZICAR,1,104,1.0,7.0,"Despite dE oscillations, rms(c) shows clear macro-trend decreasing from 1.24E+02 to 6.08E-01 over 50 steps, following Expert Tie-Breaker Rule",Continue,50,5.436098575592041,1
vasp-data-files/101101000101000011011111/OSZICAR,0,200,1.0,7.0,"Despite significant dE oscillations, rms(c) shows clear downward macro-trend from ~122 to 0.35 over steps 12-50, following Expert Tie-Breaker Rule for eventual convergence",Continue,50,3.9981675148010254,1
vasp-data-files/110100010111000101000001/OSZICAR,0,200,1.0,7.0,"Despite dE oscillations, rms(c) shows clear macro-trend decreasing from 125E+01 to 131E+00 over steps 12-50, following Expert Tie-Breaker Rule",Continue,50,4.409841299057007,1
vasp-data-files/100110010111000001110001/OSZICAR,1,107,1.0,7.0,"Despite dE oscillations in final steps, rms(c) shows clear macro-trend decreasing from 1.24E+01 to 5.45E-01 over steps 13-50, following Expert Tie-Breaker Rule",Continue,50,4.511029005050659,1
vasp-data-files/111111010001011000100000/OSZICAR,1,110,1.0,7.0,"Despite dE oscillations, rms(c) shows clear macro-trend decreasing from 1.05E+02 to 1.34E-01 over 50 steps, following Expert Tie-Breaker Rule",Continue,50,3.58975601196289,1
vasp-data-files/111110001100110001101110/OSZICAR,1,133,1.0,7.0,"Despite significant dE oscillations, rms(c) shows clear downward macro-trend from 124E+01 to 219E+00 over steps 13-50, following Expert Tie-Breaker Rule for eventual convergence",Continue,50,4.306222915649414,1
vasp-data-files/100001110010001011011111/OSZICAR,1,79,1.0,7.0,"Despite dE oscillations, rms(c) shows clear macro-trend decreasing from 123E+01 to 0.512E-01 over steps 12-50, following Expert Tie-Breaker Rule",Continue,50,4.102895498275757,1
vasp-data-files/111100000000111000100000/OSZICAR,1,68,1.0,8.0,"Clear downward macro-trend in rms(c) from 119E+02 to 231E-02 despite dE oscillations, following Expert Tie-Breaker Rule for convergence",Continue,50,3.8953044414520255,1
vasp-data-files/101101000111000011101111/OSZICAR,1,74,1.0,7.0,"Despite dE oscillations in later steps, rms(c) shows clear macro-trend decreasing from 1.6E+01 to 4.99E-01 over steps 22-50, following Expert Tie-Breaker Rule",Continue,50,4.204123735427856,1
vasp-data-files/100100100000111101100100/OSZICAR,1,63,1.0,8.0,"Clear downward macro-trend in rms(c) from 1.22E+02 to 3.65E-02 despite some dE oscillations, following Expert Tie-Breaker Rule",Continue,50,4.203199625015259,1
vasp-data-files/101111010101010010100000/OSZICAR,1,61,1.0,8.0,"Clear downward macro-trend in rms(c) from 121E+02 to 0.324E-02 despite some dE oscillations, following Expert Tie-Breaker Rule",Continue,50,4.206077337265015,1
vasp-data-files/100001110100101101010001/OSZICAR,1,196,0.0,7.0,"rms(c) oscillates between 1.2-1.8 with no clear downward macro-trend, stagnating around 1.5 in final steps despite some dE fluctuations",Kill,75,7.1978394985198975,2
vasp-data-files/111100001101110010101000/OSZICAR,1,124,1.0,7.0,"Despite dE oscillations in final steps, rms(c) shows clear macro-decreasing trend from 1.22E+02 to 4.23E-01 over 38 steps, following Expert Tie-Breaker Rule",Continue,50,3.586888074874878,1
vasp-data-files/100010111011000001011111/OSZICAR,1,89,1.0,7.0,"Despite dE oscillations in later steps, rms(c) shows clear macro-trend decreasing from 1.22E+02 to 7.40E-02 over steps 12-50, following Expert Tie-Breaker Rule",Continue,50,4.510010957717896,1
vasp-data-files/100001110111011010011111/OSZICAR,1,80,1.0,7.0,"Despite dE oscillations, rms(c) shows clear macro-trend decreasing from 1.26E+02 to 4.41E-01 over steps 13-50, following Expert Tie-Breaker Rule for damped convergence",Continue,50,4.511567115783691,1
vasp-data-files/101110100001011110100100/OSZICAR,1,56,1.0,8.0,"Clear downward macro-trend in rms(c) from 1.05E+02 to 1.88E-02 despite dE oscillations, following Expert Tie-Breaker Rule for damped oscillatory convergence",Continue,50,4.513855218887329,1
vasp-data-files/101101000100111010000000/OSZICAR,1,176,1.0,7.0,"Despite dE oscillations in later steps, rms(c) shows clear macro-trend decreasing from 1.05E+02 to 4.79E-01 over steps 12-50, following Expert Tie-Breaker Rule",Continue,50,4.816428661346436,1
vasp-data-files/101001010000111010100110/OSZICAR,1,101,1.0,7.0,"Despite dE oscillations, rms(c) shows clear macro-trend decreasing from 1.06E+02 to 8.49E-01 over steps 12-50, following Expert Tie-Breaker Rule",Continue,50,3.896707534790039,1
vasp-data-files/111010001100011101110110/OSZICAR,1,143,1.0,7.0,"Despite dE oscillations, rms(c) shows clear macro-trend decreasing from 125 to 0.35 over steps 13-50, following Expert Tie-Breaker Rule for damped convergence",Continue,50,3.897433042526245,1
vasp-data-files/111100010100111000000010/OSZICAR,1,56,1.0,8.0,"Clear damped oscillatory convergence with rms(c) showing strong monotonic decrease from 122 to 0.0113 over steps 12-50, following Expert Tie-Breaker Rule despite early dE oscillations",Continue,50,4.51591682434082,1
vasp-data-files/101100000001101001000001/OSZICAR,1,59,1.0,8.0,"Clear damped oscillatory convergence: dE shows oscillatory decrease to ~1E-02 while rms(c) exhibits strong monotonic decrease from 124E+00 to 0.677E-02 over final 30 steps, following the Expert Tie-Breaker Rule",Continue,50,5.118579626083374,1
vasp-data-files/111101000101110000101100/OSZICAR,1,135,1.0,7.0,"Despite dE oscillations, rms(c) shows clear macro-decreasing trend from 120E+00 to 0.606E-01 over steps 12-50, following Expert Tie-Breaker Rule",Continue,50,4.819108486175537,1
vasp-data-files/101110010101110000101100/OSZICAR,1,67,1.0,7.0,"Despite dE oscillations in final steps, rms(c) shows clear macro-decreasing trend from 1.22E+02 to 1.63E-01 over 40 iterations, following Expert Tie-Breaker Rule",Continue,50,3.8958704471588135,1
vasp-data-files/100100101010010010111110/OSZICAR,1,75,1.0,7.0,"Despite dE oscillations, rms(c) shows clear macro-trend decreasing from 1.22E+02 to 2.85E-01 over steps 13-50, following Expert Tie-Breaker Rule",Continue,50,3.7954156398773193,1
vasp-data-files/100100001111001001011101/OSZICAR,1,111,1.0,7.0,"Despite significant dE oscillations, rms(c) shows clear macro-trend decreasing from 122 to ~0.4-0.8 over steps 12-50, following Expert Tie-Breaker Rule",Continue,50,4.306960344314575,1
vasp-data-files/111001110011111000010010/OSZICAR,1,65,1.0,8.0,"Clear downward macro-trend in rms(c) from 1.22E+01 to 6.55E-02 despite dE oscillations, following Expert Tie-Breaker Rule for convergence",Continue,50,4.204100847244263,1
vasp-data-files/100100010101110010111100/OSZICAR,0,200,1.0,7.0,"Despite dE oscillations, rms(c) shows clear macro-trend decreasing from 1.23E+02 to 8.30E-01 over steps 13-50, following Expert Tie-Breaker Rule",Continue,50,3.99867582321167,1
vasp-data-files/111001111011000001110101/OSZICAR,1,127,1.0,7.0,"Despite dE oscillations, rms(c) shows clear downward macro-trend from ~12.3 at step 13 to ~0.2 at step 50, following Expert Tie-Breaker Rule for eventual convergence",Continue,50,4.611907482147217,1
vasp-data-files/100100001110000101111111/OSZICAR,0,200,0.0,7.0,"rms(c) shows no consistent downward trend, oscillating between 0.1-0.5 without meaningful reduction over many iterations, indicating stagnation and divergence despite some dE fluctuations",Kill,100,11.736657619476318,3
vasp-data-files/101001010111001011111111/OSZICAR,1,62,1.0,7.0,"Despite dE oscillations, rms(c) shows clear macro-trend decreasing from 123E+01 to 202E-01 over steps 12-50, following Expert Tie-Breaker Rule",Continue,50,3.9888699054718018,1
vasp-data-files/101100010110111010000011/OSZICAR,1,181,0.0,7.0,"rms(c) oscillates between 0.3-1.1 without sustained downward trend, showing stagnation at high values despite some dE fluctuations",Kill,100,11.417762756347656,3
vasp-data-files/110110101000111000100000/OSZICAR,1,66,1.0,7.0,"Despite dE oscillations in later steps, rms(c) shows clear macro-trend decreasing from 1.22E+02 to 2.05E-01 over 38 steps, following Expert Tie-Breaker Rule",Continue,50,4.202800989151001,1
vasp-data-files/110100101001001101000001/OSZICAR,1,74,1.0,8.0,"Clear downward macro-trend in rms(c) from 1.22E+01 to 1.00E-01 over steps 12-50, with dE oscillations showing damping and final values approaching convergence thresholds",Continue,50,4.51025390625,1
vasp-data-files/100000110010011111011111/OSZICAR,1,58,1.0,8.0,"Clear damped oscillatory convergence with rms(c) showing strong monotonic decrease from 1.24E+02 to 3.06E-02 over final 38 steps, following Expert Tie-Breaker Rule despite some dE oscillations",Continue,50,4.69063663482666,1
vasp-data-files/101111100100111011100011/OSZICAR,1,161,1.0,7.0,"Despite persistent dE oscillations, rms(c) shows clear macro-trend decreasing from ~12.4 to ~0.07 over 125 steps, following Expert Tie-Breaker Rule",Continue,125,15.766711711883543,4
vasp-data-files/101111001011100011100001/OSZICAR,1,175,1.0,7.0,"Despite early oscillations in dE, rms(c) shows clear downward macro-trend from 125E+01 to 0.347E-01 over steps 12-50, following Expert Tie-Breaker Rule for eventual convergence",Continue,50,3.8965110778808594,1
vasp-data-files/100010010101100100100000/OSZICAR,0,200,0.0,8.0,"rms(c) stagnates at 2.6-2.9 with no decreasing trend after step 12, dE oscillates persistently, violating the Expert's Tie-Breaker Rule",Kill,50,3.5893478393554688,1
vasp-data-files/100000000001001100111100/OSZICAR,1,70,1.0,7.0,"Despite dE oscillations in later steps, rms(c) shows clear macro-trend decreasing from 1.24E+02 to 6.06E-02 over 50 steps, following Expert Tie-Breaker Rule",Continue,50,4.097834587097168,1
vasp-data-files/110110101001100101011011/OSZICAR,1,110,1.0,7.0,"Despite dE oscillations, rms(c) shows clear macro-trend decreasing from 125E+01 to 606E-01 over steps 13-50, following Expert Tie-Breaker Rule for damped oscillatory convergence",Continue,50,4.306497097015381,1
vasp-data-files/110010101011000001111111/OSZICAR,0,200,1.0,6.0,"Large dE oscillations persist but rms(c) shows overall downward macro-trend from ~100 to ~0.4-0.8 range over 200 steps, indicating slow convergence per Expert Tie-Breaker Rule",Unresolved_MaxSteps,200,29.636441707611084,7
vasp-data-files/100100110010001101111001/OSZICAR,1,64,1.0,8.0,"Clear downward macro-trend in rms(c) from 1.22E+01 to 3.54E-02 over steps 12-50, with dE showing damped oscillations and decreasing magnitude, following Expert Tie-Breaker Rule",Continue,50,4.405619144439697,1
vasp-data-files/111110101111000011110101/OSZICAR,0,200,1.0,7.0,"Despite dE oscillations in final steps, rms(c) shows clear macro-trend decreasing from 1.24E+01 to 6.75E-01 over steps 12-50, following Expert Tie-Breaker Rule",Continue,50,4.5099077224731445,1
vasp-data-files/101011110001111010000110/OSZICAR,1,71,1.0,7.0,"Despite dE oscillations, rms(c) shows clear macro-trend decreasing from 121E+01 to 648E-01 over steps 12-50, following Expert Tie-Breaker Rule",Continue,50,4.510637044906616,1
vasp-data-files/111110001001010000101000/OSZICAR,1,97,1.0,7.0,"Despite dE oscillations in later steps, rms(c) shows clear macro-decreasing trend from 1.05E+02 to 2.45E-01 over 39 steps, following Expert Tie-Breaker Rule",Continue,50,4.509474992752075,1
vasp-data-files/100110001111000001111111/OSZICAR,1,103,1.0,7.0,"Despite dE oscillations in final steps, rms(c) shows clear macro-trend decreasing from 1.27E+02 to 8.04E-02 over 40 iterations, following Expert Tie-Breaker Rule",Continue,50,4.509911775588989,1
vasp-data-files/100000111001001001011111/OSZICAR,1,137,,,评估到 150 步时，实际步数仅为 137，数据不足。,Insufficient_Steps,137,16.25452160835266,4
vasp-data-files/111110010100111110100100/OSZICAR,1,197,0.0,7.0,"rms(c) stagnates around 0.3 after initial decrease, showing no clear downward macro-trend from step 40-50, while dE continues oscillating without reaching convergence thresholds",Kill,50,4.73926854133606,1
vasp-data-files/110010111001001011111111/OSZICAR,1,99,1.0,7.0,"Despite dE oscillations, rms(c) shows clear downward macro-trend from 1.24E+02 to 5.25E-01 over steps 13-50, following Expert Tie-Breaker Rule for damped oscillatory convergence",Continue,50,4.612178564071655,1
vasp-data-files/101101000101110010100100/OSZICAR,1,62,1.0,8.0,"Clear downward macro-trend in rms(c) from 1.20E+02 to 2.27E-02 despite some dE oscillations, following Expert Tie-Breaker Rule",Continue,50,4.100224256515503,1
vasp-data-files/111100001100111100100000/OSZICAR,0,200,0.0,7.0,"rms(c) stagnates around 0.85-0.88 after step 40 with no clear downward trend, and dE continues oscillating significantly, indicating divergence according to Expert Tie-Breaker Rule",Kill,50,4.202991962432861,1
vasp-data-files/110100001111100001000011/OSZICAR,0,200,0.0,7.0,"rms(c) stagnates around 7.5-8.0 after step 43 with no clear downward trend, and dE remains oscillatory without reaching convergence thresholds",Kill,50,3.5884463787078857,1
vasp-data-files/100001111100011010111110/OSZICAR,1,86,1.0,7.0,"Despite dE oscillations in final steps, rms(c) shows clear macro-trend decreasing from 1.26E+02 to 8.60E-02 over 38 steps, following Expert Tie-Breaker Rule",Continue,50,11.883610010147097,1
vasp-data-files/110010111011101011000111/OSZICAR,1,123,1.0,7.0,"Despite dE oscillations, rms(c) shows clear macro-trend decreasing from 126E+01 at step 13 to 542E-01 at step 50, following Expert Tie-Breaker Rule for damped oscillatory convergence",Continue,50,4.51192045211792,1
vasp-data-files/111110000101011000101000/OSZICAR,1,116,1.0,7.0,"Despite dE oscillations in later steps, rms(c) shows clear macro-trend decreasing from 1.23E+01 to 6.48E-01 over steps 13-50, following Expert Tie-Breaker Rule",Continue,50,3.896018505096436,1
vasp-data-files/111100001101110010100000/OSZICAR,1,81,1.0,7.0,"Despite dE oscillations in later steps, rms(c) shows clear macro-trend decreasing from 1.22E+02 to 1.29E-01 over 50 steps, following Expert Tie-Breaker Rule",Continue,50,4.201756477355957,1
vasp-data-files/101100010111110001011100/OSZICAR,1,84,1.0,7.0,"Despite dE oscillations in final steps, rms(c) shows clear macro-decreasing trend from 1.25E+02 to 5.09E-01 over 50 steps, following Expert Tie-Breaker Rule",Continue,50,4.206928491592407,1
vasp-data-files/101100011100010001010110/OSZICAR,1,76,1.0,7.0,"Despite initial dE oscillations, rms(c) shows clear downward macro-trend from 121E+01 to 102E+00 over steps 12-50, following Expert Tie-Breaker Rule",Continue,50,4.506023645401001,1
vasp-data-files/111101000101111111100100/OSZICAR,0,200,1.0,7.0,"Despite persistent dE oscillations, rms(c) shows clear macro-trend decreasing from ~12.5 at step 40 to ~0.52 at step 175, following Expert Tie-Breaker Rule for damped oscillatory convergence",Continue,175,26.23208975791931,6
vasp-data-files/111110001011100010101001/OSZICAR,0,200,0.0,8.0,"rms(c) stagnates at 1.6-1.8 with no clear downward trend after step 35, and dE shows persistent large oscillations, indicating divergence according to the tie-breaker rule",Kill,50,4.407449007034302,1
vasp-data-files/100011111001011000000100/OSZICAR,1,85,1.0,7.0,"Despite dE oscillations, rms(c) shows clear macro-trend decreasing from 121E+01 to 190E+00 over steps 12-50, following Expert Tie-Breaker Rule",Continue,50,3.9994380474090576,1
vasp-data-files/100011111100111010000100/OSZICAR,1,63,1.0,8.0,"Clear downward macro-trend in rms(c) from 1.23E+02 to 5.19E-02 over steps 12-50, with dE oscillations but consistently decreasing magnitude, following Expert Tie-Breaker Rule",Continue,50,5.124318838119507,1
vasp-data-files/110100101111001001011101/OSZICAR,0,200,1.0,7.0,"Despite dE oscillations in later steps, rms(c) shows clear macro-decreasing trend from 1.24E+02 to 2.05E-01 over 38 steps, following Expert Tie-Breaker Rule for eventual convergence",Continue,50,4.202796936035156,1
vasp-data-files/111100100000010110111001/OSZICAR,1,84,1.0,7.0,"Despite dE oscillations, rms(c) shows clear macro-trend decreasing from 122 to 0.0986 over steps 13-50, following Expert Tie-Breaker Rule for damped oscillatory convergence",Continue,50,4.204561948776245,1
vasp-data-files/110110101000001110101011/OSZICAR,1,175,1.0,7.0,"Despite dE oscillations, rms(c) shows clear macro-trend decreasing from 123E+02 to 0.773E-01 over 50 steps, following Expert Tie-Breaker Rule for damped oscillatory convergence",Continue,50,4.817409753799439,1
vasp-data-files/111110001010000110111001/OSZICAR,0,200,1.0,6.0,"Large dE oscillations persist but rms(c) shows clear macro-trend downward from ~12.2 to ~0.2 over 200 steps, following Expert Tie-Breaker Rule",Unresolved_MaxSteps,200,30.756235361099243,7
vasp-data-files/100010010111001011110101/OSZICAR,1,60,1.0,7.0,"Despite dE oscillations, rms(c) shows clear macro-trend decreasing from 1.22E+02 to 1.68E-01 over steps 12-50, following Expert Tie-Breaker Rule",Continue,50,4.06933856010437,1
vasp-data-files/111110001001010010110001/OSZICAR,1,162,1.0,7.0,"Despite persistent dE oscillations, rms(c) shows clear macro-trend decreasing from ~120 to ~1.6 over 125 steps, following Expert Tie-Breaker Rule for damped oscillatory convergence",Continue,125,14.890149593353271,4
vasp-data-files/101011111000111010100111/OSZICAR,1,136,1.0,7.0,"Despite dE oscillations, rms(c) shows clear macro-trend decreasing from 127E+01 to 766E-01 over steps 12-75, following Expert Tie-Breaker Rule",Continue,75,8.723066329956055,2
vasp-data-files/111001111101101001111111/OSZICAR,1,76,1.0,7.0,"Despite significant dE oscillations, rms(c) shows clear macro-trend decreasing from 125 to 0.101 over steps 13-50, following Expert Tie-Breaker Rule for eventual convergence",Continue,50,3.659236669540405,1
vasp-data-files/101100000000101101100001/OSZICAR,1,181,0.0,7.0,"rms(c) stagnates around 8.6-10.8 with no clear downward trend after step 29, and dE remains oscillatory with no convergence to small values",Kill,50,3.14968204498291,1
vasp-data-files/101111000101000010011010/OSZICAR,1,61,1.0,8.0,"Clear damped oscillatory convergence with rms(c) showing strong monotonic decrease from 1.23E+02 to 2.76E-02 over steps 13-50, following Expert Tie-Breaker Rule despite some dE noise",Continue,50,4.537066459655762,1
vasp-data-files/100010001011000001111111/OSZICAR,1,110,1.0,7.0,"Despite dE oscillations, rms(c) shows clear macro-trend decreasing from 122 to 0.308 over steps 13-50, following Expert Tie-Breaker Rule for damped convergence",Continue,50,4.1940758228302,1
vasp-data-files/111100000101111101100000/OSZICAR,1,156,1.0,7.0,"Despite early oscillations, rms(c) shows clear downward macro-trend from 123E+02 to 0.494E-01, following Expert Tie-Breaker Rule for damped convergence",Continue,50,4.158564329147339,1
vasp-data-files/110000110001111111010001/OSZICAR,1,105,1.0,8.0,"Clear downward macro-trend in rms(c) from 122E+01 to 119E-01 despite some dE oscillations, following Expert Tie-Breaker Rule for convergence",Continue,50,3.6698250770568848,1
vasp-data-files/100001110101001111010001/OSZICAR,1,83,1.0,7.0,"Despite dE oscillations, rms(c) shows clear macro-trend decreasing from 12.4E+00 to 1.9E+00 over steps 13-50, following Expert Tie-Breaker Rule for damped oscillatory convergence",Continue,50,4.698293209075928,1
vasp-data-files/110100001101110001000111/OSZICAR,0,200,0.0,8.0,"rms(c) shows no decreasing trend, stagnating at 1.8-2.2 with no overall improvement, indicating divergence according to Expert Tie-Breaker Rule",Kill,50,4.003968954086304,1
vasp-data-files/111010001100100111110110/OSZICAR,1,153,0.0,7.0,"rms(c) shows no consistent downward trend, stagnating around 0.2-0.7 after initial drop, with dE remaining oscillatory and high, indicating divergence per Expert Tie-Breaker Rule",Kill,100,11.702491283416748,3
vasp-data-files/110111001100110110010101/OSZICAR,1,172,1.0,7.0,"Despite dE oscillations, rms(c) shows clear macro-trend decreasing from 128E+01 to 0.992E-01 over steps 13-50, following Expert Tie-Breaker Rule",Continue,50,3.900920152664185,1
vasp-data-files/100010110010001111111101/OSZICAR,1,109,1.0,7.0,"Despite dE oscillations, rms(c) shows clear downward macro-trend from 122 to 0.188 over steps 12-50, following Expert Tie-Breaker Rule",Continue,50,4.436835765838623,1
vasp-data-files/101011000101001010011111/OSZICAR,1,84,1.0,8.0,"Despite early oscillations, rms(c) shows clear monotonic decrease from 1.05E+01 to 1.98E-02 over steps 12-50, following Expert Tie-Breaker Rule",Continue,50,4.475414991378784,1
vasp-data-files/100001010111111111011000/OSZICAR,1,64,1.0,7.0,"Despite dE oscillations, rms(c) shows clear macro-trend decreasing from 125E+00 to 113E-01 over steps 13-50, following Expert Tie-Breaker Rule",Continue,50,3.570863962173462,1
vasp-data-files/101011010001111010100000/OSZICAR,1,175,1.0,7.0,"Despite significant dE oscillations throughout, rms(c) shows clear macro-trend decreasing from ~12.2 at step 13 to ~0.637 at step 125, following the Expert's Tie-Breaker Rule for damped oscillatory convergence",Continue,125,16.446219205856323,4
vasp-data-files/110110101010110000111001/OSZICAR,1,98,1.0,7.0,"Despite dE oscillations, rms(c) shows clear macro-decreasing trend from 126E+01 to 193E+00 over steps 13-50, following Expert Tie-Breaker Rule for eventual convergence",Continue,50,4.254772663116455,1
vasp-data-files/100001111011000011011111/OSZICAR,1,126,1.0,7.0,"Despite persistent dE oscillations, rms(c) shows clear macro-trend decreasing from ~100 to ~0.02 over 125 steps, following Expert Tie-Breaker Rule for damped oscillatory convergence",Continue,125,16.139307022094727,4
vasp-data-files/100110101011000001111111/OSZICAR,1,167,0.0,8.0,"rms(c) shows no overall decreasing trend, stagnating around 1.0-1.2 after initial drop, with dE remaining large and oscillatory",Kill,50,3.585949659347534,1
vasp-data-files/101101000101000000011110/OSZICAR,1,104,1.0,7.0,"Despite dE oscillations, rms(c) shows clear macro-trend decreasing from 12.2 to 0.3 over 60+ steps, following Expert Tie-Breaker Rule for damped oscillatory convergence",Continue,75,7.808801889419556,2
vasp-data-files/100110100000111001100100/OSZICAR,1,77,1.0,7.0,"Despite some dE oscillations, rms(c) shows clear monotonic downward trend from 1.24E+02 to 1.42E-01 over steps 12-50, following Expert Tie-Breaker Rule for convergence",Continue,50,9.118754148483276,1
vasp-data-files/101001010101111110100000/OSZICAR,1,78,1.0,7.0,"Despite dE oscillations in final steps, rms(c) shows clear macro-decreasing trend from 1.2E+01 to 3.2E-01 over steps 12-50, following Expert Tie-Breaker Rule",Continue,50,4.509251356124878,1
vasp-data-files/101110011001010001000110/OSZICAR,0,200,0.0,7.0,"rms(c) shows no consistent downward trend, oscillating between 0.4-1.1 without meaningful reduction over 150 steps, indicating stagnation and divergence despite some dE fluctuations",Kill,150,20.780642986297607,5
vasp-data-files/110000111000110101111001/OSZICAR,1,69,1.0,8.0,"Clear damped oscillatory convergence with rms(c) showing strong monotonic decrease from 122 to 0.095 despite dE oscillations, following Expert Tie-Breaker Rule",Continue,50,4.199131011962891,1
vasp-data-files/101001000101010010111000/OSZICAR,1,83,1.0,8.0,"Clear downward macro-trend in rms(c) from 12.1E+01 to 0.163E-01 despite some dE oscillations, following Expert Tie-Breaker Rule",Continue,50,9.425554275512695,1
vasp-data-files/100001111111000011011111/OSZICAR,1,69,1.0,7.0,"Despite dE oscillations, rms(c) shows clear monotonic downward trend from 123E+01 to 110E-01 over steps 12-50, following Expert Tie-Breaker Rule",Continue,50,4.507688522338867,1
vasp-data-files/101101000000110010100011/OSZICAR,0,200,0.0,8.0,"rms(c) stagnates at 1.3-1.4 with no decreasing trend after step 20, and dE shows persistent oscillations without approaching convergence thresholds",Kill,50,3.5892436504364014,1
vasp-data-files/101101011100110011011100/OSZICAR,0,200,0.0,8.0,"rms(c) stagnates at 1.7-1.8 after step 35 with no clear downward trend, and dE shows persistent large oscillations, indicating divergence according to the Expert's Tie-Breaker Rule",Kill,50,4.202328205108643,1
vasp-data-files/110111001001101100101100/OSZICAR,0,200,0.0,8.0,"rms(c) stagnates at 1.1-1.5 with no decreasing trend after step 12, dE shows persistent oscillations, following Expert Tie-Breaker Rule that stagnant rms(c) indicates divergence",Kill,50,4.509047508239746,1
vasp-data-files/111100000100110110100000/OSZICAR,1,126,1.0,7.0,"Despite dE oscillations, rms(c) shows clear macro-trend decreasing from 122 to 0.222 over steps 12-50, following Expert Tie-Breaker Rule for damped oscillatory convergence",Continue,50,3.97411060333252,1
vasp-data-files/111101001100111110100000/OSZICAR,0,200,1.0,7.0,"Despite significant dE oscillations, rms(c) shows clear macro-trend decreasing from 12.2 to 1.69 over steps 13-50, following Expert Tie-Breaker Rule for damped oscillatory convergence",Continue,50,4.547261714935303,1
vasp-data-files/100011010111000010111111/OSZICAR,1,63,1.0,7.0,"Despite dE oscillations, rms(c) shows clear macro-trend decreasing from 1.24E+02 to 2.29E-01 over steps 13-50, following Expert Tie-Breaker Rule",Continue,50,4.085613250732422,1
vasp-data-files/110110000111011010110100/OSZICAR,1,75,1.0,7.0,"Despite dE oscillations, rms(c) shows clear macro-trend decreasing from ~125 to ~0.3 over 75 steps, following Expert Tie-Breaker Rule for damped oscillatory convergence",Continue,75,14.567697048187256,2
vasp-data-files/100011110001111111100100/OSZICAR,0,200,1.0,6.0,"Large dE oscillations persist but rms(c) shows overall downward macro-trend from ~100+ to ~0.1-0.3 range with damping oscillations, following Expert Tie-Breaker Rule",Unresolved_MaxSteps,200,29.22625637054444,7
vasp-data-files/101010110101110010100110/OSZICAR,1,79,1.0,8.0,"Clear monotonic downward trend in rms(c) from 1.22E+01 to 1.73E-01 despite some dE oscillations, following Expert Tie-Breaker Rule",Continue,50,4.5064857006073,1
vasp-data-files/111100110101110000101000/OSZICAR,0,200,0.0,7.0,"rms(c) shows no consistent downward trend, stagnating around 1.0-1.9 with oscillations and no clear damping, indicating divergence despite some dE fluctuations",Kill,100,13.36495327949524,3
vasp-data-files/111001110011110001010100/OSZICAR,1,64,1.0,7.0,"Despite dE oscillations in final steps, rms(c) shows clear macro-decreasing trend from 1.06E+02 to 2.00E-01 over 40 iterations, following Expert Tie-Breaker Rule for convergence",Continue,50,4.405885219573975,1
vasp-data-files/111111010101110010100010/OSZICAR,1,140,1.0,7.0,"Despite dE oscillations, rms(c) shows clear macro-trend decreasing from ~12.3 to ~0.88 over 75 steps, following Expert Tie-Breaker Rule for damped oscillatory convergence",Continue,75,12.72623872756958,2
vasp-data-files/101010010101111010100100/OSZICAR,1,135,1.0,7.0,"Despite dE oscillations, rms(c) shows clear macro-trend decreasing from 1.22E+02 to 7.32E-01 over steps 13-50, following Expert Tie-Breaker Rule",Continue,50,3.812790870666504,1
vasp-data-files/111111000100011100100000/OSZICAR,1,132,1.0,7.0,"Despite early oscillations in dE, rms(c) shows clear macro-trend decreasing from 123E+01 to 0.459E-01 over steps 13-50, following Expert Tie-Breaker Rule for damped oscillatory convergence",Continue,50,3.975268602371216,1
vasp-data-files/101001010100111010001000/OSZICAR,1,116,1.0,7.0,"Despite dE oscillations in final steps, rms(c) shows clear macro-decreasing trend from 1.05E+02 to ~1.8E-02 following Expert Tie-Breaker Rule",Continue,50,3.715789556503296,1
vasp-data-files/101001001101111000000000/OSZICAR,1,68,1.0,7.0,"Despite dE oscillations, rms(c) shows clear macro-trend decreasing from 1.21E+02 to 2.42E-01 over steps 12-50, following Expert Tie-Breaker Rule",Continue,50,3.9768786430358887,1
vasp-data-files/101011110100111111010110/OSZICAR,0,200,0.0,8.0,"rms(c) stagnates at 11.7 with no decreasing trend after step 36, dE remains oscillatory and positive, indicating divergence according to Expert Tie-Breaker Rule",Kill,50,4.249900341033936,1
vasp-data-files/110001111111111010000110/OSZICAR,1,61,1.0,7.0,"Despite dE oscillations, rms(c) shows clear macro-decreasing trend from 1.24E+02 to 4.64E-02 over steps 13-50, following Expert Tie-Breaker Rule",Continue,50,3.533113956451416,1
vasp-data-files/101001111100101011011111/OSZICAR,1,132,1.0,7.0,"Despite dE oscillations, rms(c) shows clear downward macro-trend from 128 to 0.421 over steps 13-50, following Expert Tie-Breaker Rule for damped oscillatory convergence",Continue,50,3.9701895713806152,1
vasp-data-files/100000010110101000101101/OSZICAR,1,65,1.0,7.0,"Despite dE oscillations, rms(c) shows clear macro-trend decreasing from 1.06E+02 to 9.93E-02 over 39 steps, following Expert Tie-Breaker Rule for convergence",Continue,50,4.331098318099976,1
vasp-data-files/100110101011000101111111/OSZICAR,1,142,0.0,8.0,"rms(c) shows no consistent downward trend, stagnating around 10-18 after initial improvement, with dE remaining large and oscillatory",Kill,50,3.1128029823303223,1
vasp-data-files/100001111000111101011001/OSZICAR,1,165,1.0,7.0,"Despite dE oscillations, rms(c) shows clear downward macro-trend from 122 at step 13 to 0.131 at step 50, following Expert Tie-Breaker Rule for damped oscillatory convergence",Continue,50,4.164220333099365,1
vasp-data-files/100111000000111100101001/OSZICAR,1,93,1.0,7.0,"Despite dE oscillations, rms(c) shows clear macro-trend decreasing from 1.05E+01 to 2.85E-01 over steps 12-50, following Expert Tie-Breaker Rule",Continue,50,3.690845489501953,1
vasp-data-files/101010010111101011110111/OSZICAR,1,72,1.0,7.0,"Despite dE oscillations in later steps, rms(c) shows clear macro-trend decreasing from 1.25E+02 to 2.37E-01 over 38 steps, following Expert Tie-Breaker Rule",Continue,50,4.507891893386841,1
vasp-data-files/110001010101000001010111/OSZICAR,1,123,1.0,7.0,"Despite dE oscillations, rms(c) shows clear macro-trend decreasing from ~20 to ~0.4 over 75 steps, following Expert Tie-Breaker Rule for damped oscillatory convergence",Continue,75,7.809140920639038,2
vasp-data-files/100001110110011010010111/OSZICAR,1,64,1.0,7.0,"Despite dE oscillations, rms(c) shows clear macro-decreasing trend from 1.05E+01 to 7.11E-02 over steps 22-50, following Expert Tie-Breaker Rule",Continue,50,4.029594898223877,1
vasp-data-files/110110001001000111111001/OSZICAR,1,74,,,评估到 75 步时，实际步数仅为 74，数据不足。,Insufficient_Steps,74,4.0363850593566895,1
vasp-data-files/111110111011100101101101/OSZICAR,0,200,0.0,8.0,"rms(c) shows no decreasing macro-trend, stagnating at 2.0-2.5 after initial fluctuations, indicating divergence according to Expert Tie-Breaker Rule",Kill,50,3.6347193717956543,1
vasp-data-files/111100111100111111010001/OSZICAR,1,69,1.0,8.0,"Clear damped oscillatory convergence: dE shows noisy but decreasing oscillations while rms(c) exhibits strong monotonic decrease from 127E+01 to 410E-02 over steps 13-50, following the Expert Tie-Breaker Rule",Continue,50,4.076054096221924,1
vasp-data-files/111101001101010100100000/OSZICAR,1,136,0.0,7.0,"rms(c) stagnates around 0.2-0.29 after step 32 with no clear downward trend, and dE shows persistent oscillations without reaching convergence thresholds",Kill,50,3.9180543422698975,1
vasp-data-files/111101011101111000001110/OSZICAR,0,200,0.0,7.0,"rms(c) shows no consistent downward trend, oscillating between 0.1-0.5 without meaningful reduction over many iterations, indicating stagnation and divergence despite some dE fluctuations",Kill,100,12.031304359436035,3
vasp-data-files/110001011111111010000110/OSZICAR,1,75,1.0,7.0,"Despite dE oscillations in later steps, rms(c) shows clear macro-trend decreasing from 1.24E+02 to 8.24E-02 over steps 13-50, following Expert Tie-Breaker Rule",Continue,50,4.8161139488220215,1
vasp-data-files/101101000011001011000001/OSZICAR,0,200,0.0,7.0,"rms(c) shows no clear decreasing trend, stagnating around 0.6-0.8 after initial drop, with dE remaining high and oscillating",Kill,50,4.079647541046143,1
vasp-data-files/101001011110101011010111/OSZICAR,1,64,1.0,8.0,"Despite early oscillations in dE, rms(c) shows clear monotonic downward trend from 125E+00 to 0.316E-02 over steps 13-50, following Expert Tie-Breaker Rule",Continue,50,4.936481714248657,1
vasp-data-files/111010110010100111010001/OSZICAR,1,111,1.0,7.0,"Despite dE oscillations, rms(c) shows clear macro-trend decreasing from 1.06E+01 at step 22 to 1.79E-01 at step 50, following Expert Tie-Breaker Rule",Continue,50,3.8938257694244394,1
vasp-data-files/100111100010000011111111/OSZICAR,0,200,0.0,8.0,"rms(c) shows no consistent downward trend, stagnating around 20-25 with oscillations, indicating divergence according to Expert Tie-Breaker Rule",Kill,50,9.114158153533936,1
vasp-data-files/111110001011110110101000/OSZICAR,1,79,1.0,7.0,"Despite dE oscillations, rms(c) shows clear macro-decreasing trend from 1.25E+02 to 5.52E-01 over steps 12-50, following Expert Tie-Breaker Rule for damped oscillatory convergence",Continue,50,9.740539312362673,1
vasp-data-files/110000010011000011011001/OSZICAR,0,200,0.0,7.0,"rms(c) shows no consistent downward trend after step 33, stagnating around 0.07-0.15 with recent spikes to 0.13-0.15, indicating divergence despite some dE oscillations",Kill,50,4.603454828262329,1
vasp-data-files/111011111001110010110010/OSZICAR,1,90,1.0,7.0,"Despite dE oscillations in final steps, rms(c) shows clear macro-trend decreasing from 1.23E+02 to 6.86E-01 over iterations 13-50, following Expert Tie-Breaker Rule",Continue,50,9.322107315063477,1
vasp-data-files/111110001100111010100000/OSZICAR,1,182,1.0,7.0,"Despite dE oscillations, rms(c) shows clear downward macro-trend from ~1.22E+02 to 0.250E-01 over steps 12-50, following Expert Tie-Breaker Rule",Continue,50,3.9375078678131104,1
vasp-data-files/100100101010000001111111/OSZICAR,1,68,1.0,8.0,"Clear downward macro-trend in rms(c) from 1.21E+02 to 6.78E-02 over steps 12-50, with dE oscillations but consistent decrease in magnitude, following Expert Tie-Breaker Rule",Continue,50,4.463098764419556,1
vasp-data-files/100110111101011101000100/OSZICAR,0,200,1.0,7.0,"Despite dE oscillations, rms(c) shows clear macro-trend decreasing from 124E+02 to 127E+00 over 50 steps, following Expert Tie-Breaker Rule for damped oscillatory convergence",Continue,50,4.403660774230957,1
vasp-data-files/100001110110111001000111/OSZICAR,1,64,1.0,8.0,"Clear downward macro-trend in rms(c) from 1.05E+01 to 4.55E-02 despite some dE oscillations, following Expert Tie-Breaker Rule for convergence",Continue,50,3.995707273483277,1
vasp-data-files/101101000101110010100000/OSZICAR,1,63,1.0,8.0,"Clear downward macro-trend in rms(c) from 1.05E+02 to 2.45E-02 despite some dE oscillations, following Expert Tie-Breaker Rule for convergence",Continue,50,4.200666189193726,1
vasp-data-files/101000010101111010100100/OSZICAR,0,200,0.0,8.0,"rms(c) shows no consistent downward trend, stagnating around 2.6-3.7 with no macro-decrease, while dE remains large and oscillatory",Kill,50,3.6902124881744394,1
vasp-data-files/111101000101011010111110/OSZICAR,1,73,1.0,7.0,"Despite dE oscillations, rms(c) shows clear macro-trend decreasing from 124E+01 to 0.208E-01 over steps 13-50, following Expert Tie-Breaker Rule",Continue,50,4.077601909637451,1
vasp-data-files/101011110100111110100000/OSZICAR,1,61,1.0,8.0,"Clear downward macro-trend in rms(c) from 1.05E+02 to 2.41E-02 over 39 steps, with dE showing consistent decrease to ~1E-03 range despite some oscillations",Continue,50,4.83622407913208,1
vasp-data-files/110010111011110000101100/OSZICAR,0,200,1.0,7.0,"Despite early oscillations, rms(c) shows clear macro-trend decreasing from 127 to 0.264 over steps 13-50, following Expert Tie-Breaker Rule for damped oscillatory convergence",Continue,50,4.509036540985107,1
vasp-data-files/101001110100110011000011/OSZICAR,0,200,0.0,7.0,"rms(c) shows no consistent downward trend, oscillating between 0.2-0.5 for last 100 steps with no progress toward convergence thresholds, indicating stagnation despite dE oscillations",Kill,175,26.53981328010559,6
vasp-data-files/100101100101010001010011/OSZICAR,1,131,1.0,7.0,"Despite dE oscillations, rms(c) shows clear macro-trend decreasing from 124E+01 to 707E-01 over steps 12-50, following Expert Tie-Breaker Rule",Continue,50,4.198730230331421,1
vasp-data-files/111111111011011111101000/OSZICAR,0,200,0.0,8.0,"rms(c) stagnates around 1.7-2.6 with no clear downward macro-trend despite some dE oscillations, indicating divergence according to Expert Tie-Breaker Rule",Kill,50,3.2784311771392822,1
vasp-data-files/111111100001000100110110/OSZICAR,1,58,1.0,8.0,"Clear downward macro-trend in rms(c) from 1.21E+01 to 1.50E-02 over steps 13-50, with dE showing damped oscillations and reaching small values (~3E-04)",Continue,50,4.507834434509277,1
vasp-data-files/110010101110011101000111/OSZICAR,1,57,1.0,7.0,"Despite dE oscillations, rms(c) shows clear macro-trend decreasing from 1.06E+01 to 2.75E-02 over steps 12-50, following Expert Tie-Breaker Rule",Continue,50,4.290208578109741,1
vasp-data-files/101011001110010111111001/OSZICAR,0,200,0.0,7.0,"rms(c) shows no consistent downward trend, stagnating around 1.0-1.5 after initial improvement, with dE oscillations persisting throughout - violates the Expert Tie-Breaker Rule",Kill,125,16.569775104522705,4
vasp-data-files/111100001101110101100000/OSZICAR,1,86,1.0,7.0,"Despite dE oscillations, rms(c) shows clear macro-trend decreasing from 1.05E+01 to 8.65E-01 over steps 12-50, following Expert Tie-Breaker Rule",Continue,50,4.413180112838745,1
vasp-data-files/101001010101101101010011/OSZICAR,1,115,1.0,7.0,"Despite persistent dE oscillations, rms(c) shows clear macro-trend decreasing from ~100 to ~0.04 over 100 steps, following Expert Tie-Breaker Rule for eventual convergence",Continue,100,12.947078227996826,3
vasp-data-files/111010001101100111110111/OSZICAR,1,61,1.0,7.0,"Despite dE oscillations, rms(c) shows clear macro-trend decreasing from 125 to 0.0966 over steps 13-50, following Expert Tie-Breaker Rule for damped oscillatory convergence",Continue,50,3.893614292144776,1
vasp-data-files/100001111101001111010001/OSZICAR,1,68,1.0,7.0,"Despite dE oscillations, rms(c) shows clear macro-decreasing trend from 1.05E+02 to 5.43E-02 over 50 steps, following Expert Tie-Breaker Rule",Continue,50,4.200717449188232,1
vasp-data-files/111100000000000000111010/OSZICAR,1,93,1.0,7.0,"Despite dE oscillations in final steps, rms(c) shows clear downward macro-trend from 1.2E+01 to 5.42E-01 over last 35 iterations, following Expert Tie-Breaker Rule",Continue,50,4.504413366317749,1
vasp-data-files/111100000001011100110001/OSZICAR,0,200,0.0,8.0,"rms(c) shows no decreasing trend, stagnating at 3.1-3.2 after initial fluctuations, indicating divergence according to Expert Tie-Breaker Rule",Kill,50,3.075173139572144,1
vasp-data-files/110110100001001100111100/OSZICAR,1,69,1.0,7.0,"Despite dE oscillations, rms(c) shows clear macro-trend decreasing from 1.06E+02 to 6.83E-02 over 38 steps, following Expert Tie-Breaker Rule for damped oscillatory convergence",Continue,50,3.7909460067749023,1
vasp-data-files/101110010100111001000100/OSZICAR,1,81,1.0,7.0,"Despite early oscillations, rms(c) shows clear macro-trend decreasing from 124E+01 to 0.204E-01 over steps 12-50, following Expert Tie-Breaker Rule",Continue,50,3.995666027069092,1
vasp-data-files/111101000101010010110000/OSZICAR,0,200,1.0,7.0,"Despite significant dE oscillations, rms(c) shows clear downward macro-trend from ~120 at step 13 to 0.176 at step 50, following Expert Tie-Breaker Rule",Continue,50,4.099228382110596,1
vasp-data-files/101100001101110001100001/OSZICAR,1,117,1.0,7.0,"Despite dE oscillations, rms(c) shows clear macro-trend decreasing from 122 to 0.084 over 60+ steps, following Expert Tie-Breaker Rule for damped oscillatory convergence",Continue,75,8.420734643936157,2
vasp-data-files/100100001000110000100001/OSZICAR,1,81,1.0,7.0,"Despite dE oscillations, rms(c) shows clear macro-trend decreasing from 1.05E+01 to 4.97E-01 over steps 12-50, following Expert Tie-Breaker Rule",Continue,50,4.179656267166138,1
vasp-data-files/111101011101111001001000/OSZICAR,1,167,0.0,8.0,"rms(c) stagnates around 0.9-1.0 after step 43 showing no clear downward macro-trend despite some dE oscillations, indicating divergence according to Expert Tie-Breaker Rule",Kill,50,3.8737130165100098,1
vasp-data-files/111110000100011100100000/OSZICAR,1,72,1.0,7.0,"Despite dE oscillations, rms(c) shows clear macro-decreasing trend from 122E+01 to 230E-02 over 38 steps, following Expert Tie-Breaker Rule for convergence",Continue,50,4.140582323074341,1
vasp-data-files/101000010001100011101011/OSZICAR,1,102,1.0,7.0,"Despite dE oscillations in final steps, rms(c) shows clear macro-decreasing trend from 1.24E+02 to 3.89E-01 with overall damping pattern, following Expert Tie-Breaker Rule",Continue,50,4.30603289604187,1
vasp-data-files/100010111010001101011111/OSZICAR,1,145,0.0,8.0,"rms(c) stagnates around 2.1-2.5 with no clear downward trend after step 12, and dE shows persistent large oscillations, indicating divergence according to Expert Tie-Breaker Rule",Kill,50,4.505102157592773,1
vasp-data-files/111111001101000000100100/OSZICAR,1,70,1.0,7.0,"Despite dE oscillations, rms(c) shows clear macro-trend decreasing from 1.05E+02 to 1.41E-01 over 40 steps, following Expert Tie-Breaker Rule",Continue,50,3.8943734169006343,1
vasp-data-files/111101000101011010110110/OSZICAR,1,66,1.0,7.0,"Despite some dE oscillations, rms(c) shows clear consistent downward trend from 1.24E+02 to 6.01E-02 over steps 13-50, following Expert Tie-Breaker Rule for convergence",Continue,50,4.811964988708496,1
vasp-data-files/110100001111000001011111/OSZICAR,1,82,1.0,7.0,"Despite dE oscillations, rms(c) shows clear macro-trend decreasing from 1.05E+02 to 2.81E-01 over steps 12-50, following Expert Tie-Breaker Rule",Continue,50,4.199666500091553,1
vasp-data-files/101000010100011110100010/OSZICAR,1,95,1.0,7.0,"Despite dE oscillations in later steps, rms(c) shows clear macro-trend decreasing from 1.24E+02 to 6.10E-02 over steps 13-50, following Expert Tie-Breaker Rule",Continue,50,4.201602935791016,1
vasp-data-files/101100000001011100100000/OSZICAR,0,200,0.0,8.0,"rms(c) shows no consistent downward trend, stagnating around 1.3-1.8 with no real improvement, while dE exhibits large persistent oscillations indicating divergence",Kill,50,4.201394557952881,1
vasp-data-files/100000111101000011011111/OSZICAR,1,149,1.0,7.0,"Despite persistent dE oscillations, rms(c) shows clear macro-trend decreasing from ~50 to ~8.6 over steps 12-75, following Expert Tie-Breaker Rule for damped oscillatory convergence",Continue,75,8.11350679397583,2
vasp-data-files/110110001111000001111111/OSZICAR,1,67,1.0,7.0,"Despite dE oscillations in later steps, rms(c) shows clear macro-trend decreasing from 1.26E+02 to 3.62E-01 over steps 13-50, following Expert Tie-Breaker Rule",Continue,50,4.301969766616821,1
vasp-data-files/111110000111011010110110/OSZICAR,0,200,0.0,7.0,"rms(c) shows no clear downward trend, stagnating around 0.7-1.2 after initial drop, with dE remaining too large for convergence",Kill,50,4.057478666305542,1
vasp-data-files/101101000011100011101011/OSZICAR,0,200,1.0,7.0,"Despite dE oscillations, rms(c) shows clear macro-trend decreasing from 123E+01 to 111E+00 over steps 13-50, following Expert Tie-Breaker Rule for damped oscillatory convergence",Continue,50,4.017545700073242,1
vasp-data-files/100010110000111010000100/OSZICAR,1,70,1.0,7.0,"Despite dE oscillations in final steps, rms(c) shows clear macro-trend decreasing from 1.22E+01 to 9.51E-02 over steps 13-50, following Expert Tie-Breaker Rule",Continue,50,5.013202428817749,1
vasp-data-files/100001111101001111010011/OSZICAR,1,114,1.0,7.0,"Despite dE oscillations in final steps, rms(c) shows clear macro-decreasing trend from 1.25E+02 to ~2E-01 over 50 steps, following Expert Tie-Breaker Rule for convergence",Continue,50,3.8018367290496826,1
vasp-data-files/111110000011000001111111/OSZICAR,1,95,1.0,7.0,"Despite dE oscillations, rms(c) shows clear macro-trend decreasing from 1.06E+02 to 1.43E-01 over 75 steps, following Expert Tie-Breaker Rule",Continue,75,8.850863695144653,2
vasp-data-files/101001100111010000100111/OSZICAR,1,80,1.0,7.0,"Despite dE oscillations in final steps, rms(c) shows clear macro-trend decreasing from 1.22E+02 to 5.34E-01 over steps 12-50, following Expert Tie-Breaker Rule",Continue,50,4.8091137409210205,1
vasp-data-files/110101110010001101011001/OSZICAR,1,145,0.0,7.0,"rms(c) oscillates between 0.6-0.7 without clear downward trend after step 30, indicating stagnation per Expert Tie-Breaker Rule",Kill,75,7.394542217254639,2
vasp-data-files/100010010100111100100000/OSZICAR,0,200,1.0,7.0,"Despite dE oscillations, rms(c) shows clear macro-trend decreasing from 12.1E+01 to 3.41E+00 over steps 13-50, following Expert Tie-Breaker Rule",Continue,50,3.996339082717896,1
vasp-data-files/110101110010111101011001/OSZICAR,1,94,1.0,7.0,"Despite early oscillations, rms(c) shows clear macro-trend decreasing from 124E+01 to 0.344E-01 over steps 13-50, following Expert Tie-Breaker Rule for eventual convergence",Continue,50,4.81535792350769,1
vasp-data-files/110110101000010000101100/OSZICAR,1,70,1.0,7.0,"Despite dE oscillations in later steps, rms(c) shows clear macro-trend decreasing from 1.22E+02 to 1.07E-01 over 50 steps, following Expert Tie-Breaker Rule",Continue,50,4.1972715854644775,1
vasp-data-files/101010010100111111100101/OSZICAR,1,77,1.0,7.0,"Despite dE oscillations in final steps, rms(c) shows clear macro-trend decreasing from 1.25E+02 to 9.15E-02 over 38 steps, following Expert Tie-Breaker Rule",Continue,50,5.1225550174713135,1
vasp-data-files/110011110011111110010000/OSZICAR,1,68,,,评估到 75 步时，实际步数仅为 68，数据不足。,Insufficient_Steps,68,5.104732513427734,1
vasp-data-files/100110001000010110100000/OSZICAR,1,129,1.0,7.0,"Despite dE oscillations, rms(c) shows clear monotonic downward trend from 125E+01 to 567E-01 over steps 12-50, indicating eventual convergence per Expert Tie-Breaker Rule",Continue,50,4.202636003494263,1
vasp-data-files/101001110001111010100101/OSZICAR,0,200,0.0,7.0,"rms(c) oscillates between 0.4-1.0 with no clear downward macro-trend over the last 40 steps, indicating stagnation and eventual divergence despite some dE fluctuations",Kill,75,8.05133318901062,2
vasp-data-files/111110001100001000110010/OSZICAR,1,94,1.0,7.0,"Despite dE oscillations, rms(c) shows clear macro-trend decreasing from 124E+01 to 7.42E-01 over steps 12-50, following Expert Tie-Breaker Rule",Continue,50,4.202699661254883,1
vasp-data-files/101011010101111111100100/OSZICAR,1,61,1.0,8.0,"Clear damped oscillatory convergence: dE oscillates but shows decreasing amplitude, and rms(c) exhibits strong monotonic decrease from 125 to 0.031 over the final 35 steps, satisfying the expert tie-breaker rule",Continue,50,4.65888261795044,1
vasp-data-files/111100100000111101100000/OSZICAR,1,66,1.0,7.0,"Despite early oscillations, rms(c) shows clear macro-trend decreasing from 121E+01 at step 13 to 367E-02 at step 50, following Expert Tie-Breaker Rule that rms(c) trend overrules dE behavior",Continue,50,4.095964193344116,1
vasp-data-files/110000111010111001011111/OSZICAR,1,97,1.0,7.0,"Despite dE oscillations in final steps, rms(c) shows clear monotonic decrease from 1.24E+02 to 1.26E-01 over steps 12-50, following Expert Tie-Breaker Rule for convergence",Continue,50,3.5339298248291016,1
vasp-data-files/100001010111111111011001/OSZICAR,1,92,1.0,7.0,"Despite dE oscillations in final steps, rms(c) shows clear macro-trend decreasing from 1.25E+02 to 4.03E-01 over 38 steps, following Expert Tie-Breaker Rule",Continue,50,4.181529760360718,1
vasp-data-files/111100000100110100100000/OSZICAR,1,124,1.0,7.0,"Despite dE oscillations, rms(c) shows clear macro-trend decreasing from 120 at step 13 to 0.112 at step 50, following Expert Tie-Breaker Rule",Continue,50,3.8914732933044434,1
vasp-data-files/101001100101000010111111/OSZICAR,1,142,,,评估到 150 步时，实际步数仅为 142，数据不足。,Insufficient_Steps,142,15.620295524597168,4
vasp-data-files/100011010011001011110101/OSZICAR,1,55,1.0,8.0,"Clear downward macro-trend in rms(c) from 1.05E+02 to 2.11E-02 over 39 steps, with dE showing consistent decrease in magnitude despite some oscillations, following Expert Tie-Breaker Rule",Continue,50,5.0770697593688965,1
vasp-data-files/111100001101001111000001/OSZICAR,0,200,0.0,7.0,"rms(c) shows no overall decreasing trend, stagnating around 0.4-0.75 after initial drop, indicating divergence according to Expert Tie-Breaker Rule",Kill,50,4.063430070877075,1
vasp-data-files/101110001100010000110011/OSZICAR,1,74,1.0,7.0,"Despite dE oscillations, rms(c) shows clear macro-decreasing trend from 122E+01 to 221E-01 over steps 13-50, following Expert Tie-Breaker Rule for eventual convergence",Continue,50,4.051231384277344,1
vasp-data-files/100001001111110011011101/OSZICAR,1,68,1.0,7.0,"Despite dE oscillations, rms(c) shows clear macro-trend decreasing from 1.24E+02 to 2.01E-01 over steps 12-50, following Expert Tie-Breaker Rule",Continue,50,3.8421146869659424,1
vasp-data-files/101101100101000010111100/OSZICAR,1,171,1.0,7.0,"Despite dE oscillations, rms(c) shows clear macro-trend decreasing from 121E+01 to 629E-01 over steps 12-50, following Expert Tie-Breaker Rule",Continue,50,4.11932635307312,1
vasp-data-files/101101000001110010100001/OSZICAR,0,200,0.0,7.0,"rms(c) shows no consistent downward trend, stagnating around 0.7-0.8 with recent increase to 0.84, indicating divergence despite some dE oscillation damping",Kill,50,4.171048164367676,1
vasp-data-files/101001010101111110100100/OSZICAR,1,79,0.0,7.0,"rms(c) shows no clear downward trend after step 24, stagnating around 0.2-0.6 with recent increase to 0.605E-01 at step 50, indicating divergence per Expert Tie-Breaker Rule",Kill,50,3.892954111099243,1
vasp-data-files/101100000000111110000000/OSZICAR,1,106,1.0,7.0,"Despite dE oscillations in final steps, rms(c) shows clear macro-trend decreasing from ~12.0 to ~0.26 over steps 33-75, following Expert Tie-Breaker Rule",Continue,75,6.953522205352783,2
vasp-data-files/100010110010110001101101/OSZICAR,1,55,1.0,8.0,"Clear downward macro-trend in rms(c) from 1.21E+02 to 1.61E-02 over 50 steps despite dE oscillations, following Expert Tie-Breaker Rule",Continue,50,3.6250789165496826,1
vasp-data-files/100100100110110101111001/OSZICAR,0,200,1.0,7.0,"Despite dE oscillations, rms(c) shows clear macro-decreasing trend from ~100 to ~0.04 over 50 steps, following Expert Tie-Breaker Rule for damped oscillatory convergence",Continue,50,4.14478874206543,1
vasp-data-files/110001111011110001001111/OSZICAR,1,72,1.0,8.0,"Clear damped oscillatory convergence: rms(c) shows strong monotonic decrease from 125E+00 to 0.105E-01 over steps 13-50, following Expert Tie-Breaker Rule despite early dE oscillations",Continue,50,4.6932899951934814,1
vasp-data-files/111011110101110000100010/OSZICAR,1,75,1.0,8.0,"Clear downward macro-trend in rms(c) from 1.22E+02 to 2.43E-01 despite some dE oscillations, following Expert Tie-Breaker Rule",Continue,50,3.9424917697906494,1
vasp-data-files/110100110011001101111001/OSZICAR,1,136,0.0,7.0,"rms(c) stagnates at ~0.10 after step 31 showing no decreasing macro-trend, dE oscillates without convergence, consistent with divergence pattern",Kill,50,3.3749806880950928,1
vasp-data-files/101101111110111111010001/OSZICAR,0,200,0.0,7.0,"rms(c) stagnates around 0.19-0.20 after step 42 showing no clear downward trend despite some dE fluctuations, indicating divergence according to tie-breaker rule",Kill,50,3.571880578994751,1
vasp-data-files/111011011011011101101001/OSZICAR,1,68,1.0,8.0,"Clear damped oscillatory convergence with rms(c) showing strong downward macro-trend from 123E+01 to 188E-01 despite dE oscillations, following Expert Tie-Breaker Rule",Continue,50,3.901329517364502,1
vasp-data-files/101111000000111110100000/OSZICAR,1,76,1.0,7.0,"Despite dE oscillations, rms(c) shows clear macro-trend decreasing from 124E+01 to 350E-01 over steps 12-50, following Expert Tie-Breaker Rule for damped oscillatory convergence",Continue,50,4.470791816711426,1
vasp-data-files/111110001101100011110111/OSZICAR,1,60,1.0,8.0,"Clear damped oscillatory convergence with rms(c) showing strong monotonic decrease from 1.24E+02 to 2.94E-02 over final 38 steps, following Expert Tie-Breaker Rule despite some dE noise",Continue,50,3.934659004211426,1
vasp-data-files/101011110001111111100100/OSZICAR,1,196,0.0,7.0,"rms(c) shows no clear downward macro-trend, oscillating between 7-17 without sustained decrease, indicating stagnation and divergence despite some dE fluctuations",Kill,50,3.747455358505249,1
vasp-data-files/110110101010000001111000/OSZICAR,1,156,1.0,7.0,"Despite dE oscillations, rms(c) shows clear macro-decreasing trend from 1.05E+02 to 1.35E-01 over 39 steps, following Expert Tie-Breaker Rule",Continue,50,4.187749624252319,1
vasp-data-files/101001001100111111000101/OSZICAR,1,65,1.0,8.0,"Clear downward macro-trend in rms(c) from 1.22E+02 to 5.61E-02 over steps 12-50, with dE oscillations but consistently decreasing magnitude, following Expert Tie-Breaker Rule",Continue,50,4.1158976554870605,1
vasp-data-files/111011010110111110100000/OSZICAR,1,79,1.0,7.0,"Despite dE oscillations, rms(c) shows clear macro-trend decreasing from 1.23E+02 to 3.45E-01 over steps 12-50, following Expert Tie-Breaker Rule",Continue,50,4.605087995529175,1
vasp-data-files/111110000001000000111110/OSZICAR,0,200,0.0,7.0,"rms(c) shows no consistent downward trend, stagnating around 1.1-1.4 in final steps with persistent high oscillations, indicating divergence despite some dE fluctuations",Kill,100,11.21150040626526,3
vasp-data-files/101100000100111110000001/OSZICAR,0,200,0.0,7.0,"rms(c) shows no clear downward trend, stagnating around 1.0E+01 with oscillations, indicating divergence according to Expert Tie-Breaker Rule",Kill,50,4.177322626113892,1
vasp-data-files/110010111011000101111111/OSZICAR,1,131,1.0,7.0,"Despite dE oscillations, rms(c) shows clear downward macro-trend from 126E+01 to 152E+00 over steps 12-50, following Expert Tie-Breaker Rule for damped oscillatory convergence",Continue,50,4.217135190963745,1
vasp-data-files/101001010100111010100000/OSZICAR,1,122,1.0,7.0,"Despite dE oscillations, rms(c) shows clear downward macro-trend from 124E+01 to 888E-01 over steps 12-50, following Expert Tie-Breaker Rule for damped oscillatory convergence",Continue,50,3.783500194549561,1
vasp-data-files/110110101000001010101101/OSZICAR,1,83,1.0,8.0,"Clear damped oscillatory convergence with rms(c) showing strong monotonic decrease from 1.23E+02 to 1.68E-01 over final 38 steps, despite some dE oscillations",Continue,50,5.389303922653198,1
vasp-data-files/100011111100011010011110/OSZICAR,1,109,1.0,7.0,"Despite dE oscillations, rms(c) shows clear macro-trend decreasing from ~12.6 to ~1.47 over steps 13-75, following Expert Tie-Breaker Rule for damped oscillatory convergence",Continue,75,8.152628660202026,2
vasp-data-files/110110100100000100110100/OSZICAR,1,110,1.0,7.0,"Despite significant dE oscillations, rms(c) shows clear macro-trend decreasing from 121E+01 to 112E+00 over steps 12-50, following Expert Tie-Breaker Rule",Continue,50,4.456027269363403,1
vasp-data-files/100101011101111011000011/OSZICAR,0,200,0.0,8.0,"rms(c) stagnates at 1.6-1.9 with no decreasing trend after step 37, and dE remains large with oscillations, indicating divergence per Expert Tie-Breaker Rule",Kill,50,4.029664039611816,1
vasp-data-files/101100000100011110111110/OSZICAR,1,71,1.0,7.0,"Despite dE oscillations in final steps, rms(c) shows clear monotonic decrease from 1.21E+01 to 3.53E-01 over steps 13-50, following Expert Tie-Breaker Rule",Continue,50,4.0161213874816895,1
vasp-data-files/100011011111000010111111/OSZICAR,0,200,0.0,7.0,"rms(c) shows no clear downward trend, stagnating around 9-10 after initial fluctuations, with dE remaining too high for convergence",Kill,50,3.504171371459961,1
vasp-data-files/100101011100111011000011/OSZICAR,1,63,1.0,8.0,"Clear downward macro-trend in rms(c) from 1.06E+01 to 4.12E-02 despite some dE oscillations, following Expert Tie-Breaker Rule for convergence",Continue,50,3.238855600357056,1
vasp-data-files/100001111100111101010011/OSZICAR,0,200,0.0,7.0,"rms(c) shows no consistent downward trend, oscillating between 0.5-3.0 without sustained decrease, indicating stagnation despite some dE fluctuations",Kill,75,6.978271007537842,2
vasp-data-files/111101110111100111101010/OSZICAR,1,58,1.0,7.0,"Despite dE oscillations in final steps, rms(c) shows clear macro-trend decreasing from 1.27E+01 to 5.16E-02 over steps 13-50, following Expert Tie-Breaker Rule",Continue,50,3.9107818603515625,1
vasp-data-files/101000010001110011111101/OSZICAR,1,95,1.0,7.0,"Despite dE oscillations, rms(c) shows clear macro-trend decreasing from 1.24E+02 to 2.17E-01 over 38 steps, following Expert Tie-Breaker Rule",Continue,50,4.412243843078613,1
vasp-data-files/111011010101111110100000/OSZICAR,1,79,1.0,7.0,"Despite initial large dE oscillations, rms(c) shows clear macro-trend decreasing from 123E+01 to 0.343E-01 over steps 13-50, following Expert Tie-Breaker Rule",Continue,50,3.968939781188965,1
vasp-data-files/101001001111010011011111/OSZICAR,1,192,1.0,7.0,"Despite dE oscillations in final steps, rms(c) shows clear macro-trend decreasing from 1.22E+02 to 3.01E-01 over 38 steps, following Expert Tie-Breaker Rule",Continue,50,4.119234323501587,1
vasp-data-files/100001010111011100010001/OSZICAR,0,200,1.0,7.0,"Despite dE oscillations in final steps, rms(c) shows clear macro-decreasing trend from 1.15E+02 to ~9E-02 following Expert Tie-Breaker Rule",Continue,50,3.6152753829956055,1
vasp-data-files/100001110101000011011111/OSZICAR,0,200,0.0,7.0,"rms(c) shows no consistent downward trend, stagnating around 0.8-1.1 after step 35 with no meaningful decrease, indicating divergence despite some dE oscillations",Kill,50,4.064744710922241,1
vasp-data-files/111101000001001010110010/OSZICAR,1,121,1.0,7.0,"Despite dE oscillations in final steps, rms(c) shows clear macro-decreasing trend from 1.21E+02 to 3.97E-01 over steps 12-50, following Expert Tie-Breaker Rule",Continue,50,4.494983911514282,1
vasp-data-files/101111001100010011100010/OSZICAR,1,197,1.0,7.0,"Despite early oscillations in dE, rms(c) shows clear downward macro-trend from 12.3E+01 to 0.697E-01 over steps 13-50, following Expert Tie-Breaker Rule",Continue,50,4.031884908676148,1
vasp-data-files/111110001100010000100010/OSZICAR,1,181,1.0,7.0,"Despite persistent dE oscillations, rms(c) shows clear macro-trend decreasing from ~15 to ~0.18 over 150 steps, following Expert Tie-Breaker Rule for damped oscillatory convergence",Continue,150,20.840611934661865,5
vasp-data-files/101100000001111100100000/OSZICAR,1,126,1.0,7.0,"Despite dE oscillations in later steps, rms(c) shows clear macro-decreasing trend from 1.21E+02 to 2.69E-01 over steps 13-50, following Expert Tie-Breaker Rule",Continue,50,4.324150562286377,1
vasp-data-files/101011111001110010011110/OSZICAR,0,200,0.0,7.0,"rms(c) shows no clear downward trend, stagnating around 1.5-2.7 with oscillations, indicating divergence despite some dE fluctuations",Kill,50,4.000363349914551,1
vasp-data-files/110101111011111111111010/OSZICAR,1,91,1.0,7.0,"Despite dE oscillations, rms(c) shows clear macro-trend decreasing from 128 to 0.0716 over steps 13-50, following Expert Tie-Breaker Rule for damped oscillatory convergence",Continue,50,9.19344425201416,1
vasp-data-files/111110000010111100110000/OSZICAR,1,72,1.0,7.0,"Despite dE oscillations, rms(c) shows clear downward macro-trend from 1.21E+02 to 6.56E-01 over steps 12-50, following Expert Tie-Breaker Rule for damped convergence",Continue,50,3.984917640686035,1
vasp-data-files/111110001100010010111110/OSZICAR,0,200,0.0,7.0,"rms(c) shows no consistent downward trend, stagnating around 1.0-1.3 with oscillations, indicating divergence according to Expert Tie-Breaker Rule",Kill,50,4.328297853469849,1
vasp-data-files/100100011110001111000110/OSZICAR,1,82,1.0,7.0,"Despite dE oscillations, rms(c) shows clear macro-trend decreasing from 122E+01 to 295E-01 over steps 13-50, following Expert Tie-Breaker Rule for damped oscillatory convergence",Continue,50,4.5177881717681885,1
vasp-data-files/101111000100011100100100/OSZICAR,1,175,1.0,7.0,"Despite dE oscillations in later steps, rms(c) shows clear macro-trend decreasing from ~12.3 to ~0.4 over steps 13-50, following Expert Tie-Breaker Rule",Continue,50,4.158630609512329,1
vasp-data-files/100011111111000011011111/OSZICAR,1,64,1.0,7.0,"Despite dE oscillations, rms(c) shows clear monotonic downward trend from 1.23E+02 to 3.07E-02 over steps 12-50, following Expert Tie-Breaker Rule",Continue,50,4.307975053787232,1
vasp-data-files/111110000101110010101000/OSZICAR,1,53,1.0,8.0,"Clear downward macro-trend in rms(c) from 1.22E+02 to 1.31E-02 over 50 steps, with dE oscillations showing overall damping and reaching small values (~1E-04)",Continue,50,4.385884523391724,1
vasp-data-files/110100001001000011011111/OSZICAR,1,64,1.0,8.0,"Clear downward macro-trend in rms(c) from ~10.5 to 0.0313 over steps 12-50 despite some dE oscillations, following Expert Tie-Breaker Rule",Continue,50,3.699596881866455,1
vasp-data-files/111100000111000001010110/OSZICAR,1,164,0.0,8.0,"rms(c) shows no consistent downward trend, stagnating around 1.5-2.5 with final increase to 1.84, while dE exhibits large persistent oscillations indicating divergence",Kill,50,3.519505500793457,1
vasp-data-files/111111000101110010100100/OSZICAR,1,71,1.0,7.0,"Despite dE oscillations, rms(c) shows clear macro-decreasing trend from 1.05E+02 to 1.69E-02 over 50 steps, following Expert Tie-Breaker Rule",Continue,50,3.756679058074951,1
vasp-data-files/110010010011000000101000/OSZICAR,1,90,1.0,7.0,"Despite dE oscillations in final steps, rms(c) shows clear macro-decreasing trend from 1.06E+02 to 1.71E-01 over 38 steps, following Expert Tie-Breaker Rule",Continue,50,4.414196014404297,1
vasp-data-files/101101001100111000001000/OSZICAR,1,103,1.0,7.0,"Despite dE oscillations in final steps, rms(c) shows clear macro-decreasing trend from 1.22E+02 to 2.61E-01 over iterations 13-50, following Expert Tie-Breaker Rule",Continue,50,4.725771188735962,1
vasp-data-files/101011110101101011011111/OSZICAR,0,200,0.0,7.0,"rms(c) shows no clear downward trend, stagnating around 8-11 after initial drop, with dE remaining too high and oscillating",Kill,50,3.6901471614837646,1
vasp-data-files/110111000111000011111111/OSZICAR,1,72,1.0,7.0,"Despite dE oscillations in later steps, rms(c) shows clear monotonic downward trend from 1.22E+02 to 1.03E-01 over 38 steps, following Expert Tie-Breaker Rule",Continue,50,4.380021810531616,1
vasp-data-files/101100000001101111000001/OSZICAR,1,82,1.0,7.0,"Despite dE oscillations, rms(c) shows clear macro-decreasing trend from 123E+01 to 0.619E-01 over steps 12-50, following Expert Tie-Breaker Rule",Continue,50,4.285986661911011,1
vasp-data-files/111110100000001100110001/OSZICAR,0,200,0.0,7.0,"rms(c) oscillates between 0.27-0.68 without clear downward trend in final 50 steps, dE remains high with persistent oscillations, indicating stagnation and likely divergence",Kill,100,16.973393440246582,3
vasp-data-files/100111100010001100011001/OSZICAR,1,130,1.0,7.0,"Despite persistent dE oscillations, rms(c) shows clear macro-trend decreasing from ~1.6 to ~0.47 over steps 40-125, following Expert Tie-Breaker Rule",Continue,125,17.169227123260498,4
vasp-data-files/111110000100000000111110/OSZICAR,1,110,1.0,7.0,"Despite dE oscillations in final steps, rms(c) shows clear macro-decreasing trend from 1.21E+02 to 3.51E-01 over steps 13-50, following Expert Tie-Breaker Rule for eventual convergence",Continue,50,4.814650774002075,1
vasp-data-files/110000011001000011111010/OSZICAR,1,165,1.0,7.0,"Despite persistent dE oscillations, rms(c) shows clear macro-trend decreasing from ~10.5 at step 12 to ~0.22 at step 125, following Expert Tie-Breaker Rule",Continue,125,16.24712300300598,4
vasp-data-files/101011110001110011110101/OSZICAR,0,200,0.0,7.0,"rms(c) shows no consistent downward trend, oscillating between 1.0-1.6 in later steps with stagnation around 1.5-1.6, indicating divergence despite some dE oscillations",Kill,75,8.114844560623169,2
vasp-data-files/111110001111111010110001/OSZICAR,0,200,1.0,7.0,"Despite dE oscillations, rms(c) shows clear macro-trend decreasing from 130E+01 to 133E-01 over steps 12-50, following Expert Tie-Breaker Rule",Continue,50,4.197967052459717,1
vasp-data-files/101010110001110000111100/OSZICAR,1,76,1.0,8.0,"Despite early oscillations, rms(c) shows clear monotonic decrease from 122 to 0.126 over steps 13-50, following Expert Tie-Breaker Rule for convergence",Continue,50,4.201122522354126,1
vasp-data-files/111110000001010100101000/OSZICAR,1,76,1.0,7.0,"Despite dE oscillations, rms(c) shows clear macro-trend decreasing from 1.23E+02 to 1.57E-01 over 38 steps, following Expert Tie-Breaker Rule",Continue,50,3.8906562328338623,1
vasp-data-files/101110000100111110100000/OSZICAR,0,200,0.0,8.0,"rms(c) stagnates at ~1.0 with no decreasing trend after step 30, dE oscillates persistently, following Expert Tie-Breaker Rule for divergence",Kill,50,3.685526371002197,1
vasp-data-files/101101000001010000111100/OSZICAR,1,64,1.0,7.0,"Despite dE oscillations, rms(c) shows clear monotonic downward trend from 1.21E+02 to 2.76E-02 over steps 12-50, following Expert Tie-Breaker Rule",Continue,50,4.405683517456055,1
vasp-data-files/111011010101110000100110/OSZICAR,1,68,1.0,7.0,"Despite dE oscillations in later steps, rms(c) shows clear macro-trend decreasing from 1.22E+01 to 1.94E-02 over steps 12-50, following Expert Tie-Breaker Rule",Continue,50,4.5033278465271,1
vasp-data-files/111110000001011100100000/OSZICAR,1,65,1.0,7.0,"Despite dE oscillations in final steps, rms(c) shows clear monotonic decrease from 1.05E+01 to 1.22E-01 over steps 12-50, following Expert Tie-Breaker Rule",Continue,50,4.198840856552124,1
vasp-data-files/100100101110010010111110/OSZICAR,1,88,1.0,7.0,"Despite dE oscillations in later steps, rms(c) shows clear macro-decreasing trend from 1.23E+02 to 7.30E-01 over steps 13-50, following Expert Tie-Breaker Rule",Continue,50,4.814446926116943,1
vasp-data-files/110010110010100111010001/OSZICAR,1,111,,,评估到 125 步时，实际步数仅为 111，数据不足。,Insufficient_Steps,111,12.94693398475647,3
vasp-data-files/101011010110110010010100/OSZICAR,0,200,0.0,7.0,"rms(c) shows no consistent downward trend, oscillating between 0.1-0.3 with recent values increasing to 0.113, indicating stagnation and divergence according to Expert Tie-Breaker Rule",Kill,175,24.510680198669437,6
vasp-data-files/111111000001000000111010/OSZICAR,1,125,1.0,8.0,"Clear damped oscillatory convergence with rms(c) showing strong monotonic decrease from 1.23E+02 to 1.64E-01 over final 38 steps, despite some dE oscillations",Continue,50,4.195589780807495,1
vasp-data-files/100011111011011001010111/OSZICAR,1,97,1.0,7.0,"Despite dE oscillations, rms(c) shows clear macro-trend decreasing from 12.3 to 0.132 over steps 13-50, following Expert Tie-Breaker Rule",Continue,50,3.692296504974365,1
vasp-data-files/111110000100001100101010/OSZICAR,1,53,1.0,8.0,"Clear monotonic decreasing trend in rms(c) from 1.23E+02 to 1.35E-02 over 38 steps, with dE showing consistent reduction to ~1E-03 range despite minor oscillations",Continue,50,4.160515785217285,1
vasp-data-files/101001110111111111000001/OSZICAR,0,200,0.0,8.0,"rms(c) stagnates around 2.1 with no clear downward trend after step 12, and dE shows persistent large oscillations, indicating divergence according to Expert Tie-Breaker Rule",Kill,50,4.237454891204834,1
vasp-data-files/111110000101111010100000/OSZICAR,1,60,1.0,7.0,"Despite some dE oscillations, rms(c) shows clear monotonic decrease from 1.22E+01 to 2.47E-02 over steps 12-50, following the Expert Tie-Breaker Rule for convergence",Continue,50,4.198454856872559,1
vasp-data-files/110010111011100011111101/OSZICAR,1,185,1.0,7.0,"Despite dE oscillations in later steps, rms(c) shows clear macro-decreasing trend from 1.26E+02 to 4.61E-01 over steps 13-50, following Expert Tie-Breaker Rule for convergence",Continue,50,3.892207145690918,1
vasp-data-files/101100000101000011101101/OSZICAR,1,129,1.0,7.0,"Despite dE oscillations, rms(c) shows clear macro-trend decreasing from ~12.1 to ~0.08 over steps 12-50, following Expert Tie-Breaker Rule for damped oscillatory convergence",Continue,50,4.198026657104492,1
vasp-data-files/111001010101110110100001/OSZICAR,1,99,1.0,7.0,"Despite dE oscillations in final steps, rms(c) shows clear monotonic decrease from 1.24E+01 to 1.86E-01 over steps 13-50, following Expert Tie-Breaker Rule",Continue,50,3.8938958644866943,1
vasp-data-files/101100110010100101111101/OSZICAR,0,200,0.0,8.0,"rms(c) shows no clear downward trend, stagnating around 1.2-1.8 with oscillations and no sustained decrease, indicating divergence according to Expert Tie-Breaker Rule",Kill,50,16.790692806243896,1
vasp-data-files/111110000101000010101110/OSZICAR,1,65,1.0,8.0,"Clear downward macro-trend in rms(c) from 122E+01 to 616E-02 despite dE oscillations, following Expert Tie-Breaker Rule for damped oscillatory convergence",Continue,50,4.199877023696899,1
vasp-data-files/100001001101000001011111/OSZICAR,1,75,1.0,7.0,"Despite dE oscillations in later steps, rms(c) shows clear macro-trend decreasing from 1.05E+02 to 2.80E-01 over steps 12-50, following Expert Tie-Breaker Rule",Continue,50,4.5061094760894775,1
vasp-data-files/110001111011001101110111/OSZICAR,1,69,1.0,7.0,"Despite dE oscillations, rms(c) shows clear macro-trend decreasing from 1.24E+02 to 2.16E-01 over steps 12-50, following Expert Tie-Breaker Rule",Continue,50,4.50706934928894,1
vasp-data-files/101111100110001111111101/OSZICAR,1,171,0.0,8.0,"rms(c) stagnates at high values (9.4-15.9) with no clear downward trend after step 30, indicating divergence despite some dE oscillations",Kill,50,3.8902783393859854,1
vasp-data-files/111110010101100000111000/OSZICAR,1,66,1.0,7.0,"Despite dE oscillations, rms(c) shows clear macro-trend decreasing from 1.05E+02 to 8.72E-02 over 50 steps, following Expert Tie-Breaker Rule",Continue,50,3.8895576000213614,1
vasp-data-files/101000111001111010100100/OSZICAR,1,157,1.0,7.0,"Despite dE oscillations, rms(c) shows clear macro-trend decreasing from 12.3 to 0.202 over steps 13-50, following Expert Tie-Breaker Rule for damped convergence",Continue,50,4.607758522033691,1
vasp-data-files/101111101101011010111100/OSZICAR,1,114,1.0,7.0,"Despite dE oscillations, rms(c) shows clear macro-trend decreasing from 1.06E+02 to 3.74E-01 over 39 steps, following Expert Tie-Breaker Rule for damped oscillatory convergence",Continue,50,4.098062753677368,1
vasp-data-files/100111000111010000100000/OSZICAR,1,85,1.0,7.0,"Despite early oscillations in dE, rms(c) shows clear downward macro-trend from 122 at step 13 to 0.546 at step 50, following Expert Tie-Breaker Rule",Continue,50,3.274724245071411,1
vasp-data-files/101010110001111110100100/OSZICAR,1,111,1.0,7.0,"Despite dE oscillations, rms(c) shows clear downward macro-trend from 1.22E+02 to 3.48E-01 over steps 12-50, following Expert Tie-Breaker Rule for eventual convergence",Continue,50,3.945577383041382,1
vasp-data-files/111110000101011010101000/OSZICAR,1,68,1.0,8.0,"Despite early oscillations, rms(c) shows clear macro-trend decreasing from 123E+01 to 102E-01 over steps 13-50, following Expert Tie-Breaker Rule for damped convergence",Continue,50,4.248291254043579,1
vasp-data-files/100011111010101011011111/OSZICAR,0,200,0.0,7.0,"rms(c) shows no consistent downward trend, stagnating around 0.17-0.23 in final steps with no progress toward convergence thresholds",Kill,100,14.690648317337036,3
vasp-data-files/111101001100110010100000/OSZICAR,1,93,1.0,7.0,"Despite dE oscillations in final steps, rms(c) shows clear macro-decreasing trend from 1.23E+02 to 3.24E-01 over steps 13-50, following Expert Tie-Breaker Rule",Continue,50,4.181229114532471,1
vasp-data-files/101111000101010010100000/OSZICAR,1,73,1.0,7.0,"Despite dE oscillations, rms(c) shows clear macro-trend decreasing from 1.05E+02 to 2.16E-01 over 39 steps, following Expert Tie-Breaker Rule",Continue,50,3.992450714111328,1
vasp-data-files/100001110101111111010111/OSZICAR,1,82,1.0,7.0,"Despite dE oscillations, rms(c) shows clear macro-decreasing trend from 125 at step 13 to 0.219 at step 50, following Expert Tie-Breaker Rule for damped oscillatory convergence",Continue,50,3.7896997928619385,1
vasp-data-files/111110001001000001111110/OSZICAR,1,79,1.0,7.0,"Despite dE oscillations, rms(c) shows clear macro-trend decreasing from 1.23E+02 to 9.87E-02 over steps 12-50, following Expert Tie-Breaker Rule for damped oscillatory convergence",Continue,50,4.5050458908081055,1
vasp-data-files/100101100000111110110101/OSZICAR,1,192,1.0,7.0,"Despite persistent dE oscillations, rms(c) shows clear macro-trend decreasing from ~1.2E+02 to ~3.7E-01 over 125 steps, following Expert Tie-Breaker Rule",Continue,125,15.633780479431152,4
vasp-data-files/101011010101111010100100/OSZICAR,1,67,1.0,7.0,"Despite dE oscillations in later steps, rms(c) shows clear macro-trend decreasing from 1.05E+01 to 9.18E-02 over steps 12-50, following Expert Tie-Breaker Rule",Continue,50,4.81318736076355,1
vasp-data-files/111110000001000000111000/OSZICAR,1,94,1.0,7.0,"Despite dE oscillations in later steps, rms(c) shows clear macro-trend decreasing from 1.23E+02 to 8.65E-01 over 38 steps, following Expert Tie-Breaker Rule",Continue,50,4.501919984817505,1
vasp-data-files/111110010100011100110010/OSZICAR,0,200,0.0,7.0,"rms(c) shows no consistent downward trend, oscillating between 0.4-1.5 without meaningful reduction over 200 steps, indicating stagnation and divergence despite some dE oscillations",Kill,200,36.9010066986084,7
vasp-data-files/101011110001111110100100/OSZICAR,1,87,1.0,7.0,"Despite dE oscillations, rms(c) shows clear macro-trend decreasing from 122E+01 to 976E-02 over steps 13-50, following Expert Tie-Breaker Rule for damped oscillatory convergence",Continue,50,3.8895678520202637,1
vasp-data-files/101011110000111010100101/OSZICAR,0,200,0.0,7.0,"rms(c) shows no consistent downward trend, oscillating between 9-14 with stagnation at high values, indicating divergence despite some dE fluctuations",Kill,50,2.969841957092285,1
vasp-data-files/110000101000000110101100/OSZICAR,0,200,1.0,6.0,"Large dE oscillations persist but rms(c) shows clear macro-trend decreasing from ~1.0E+02 to ~2.0E-01 over 200 steps, following Expert Tie-Breaker Rule",Unresolved_MaxSteps,200,27.685648679733276,7
vasp-data-files/101011100101001010111110/OSZICAR,0,200,0.0,7.0,"rms(c) shows no clear downward trend, stagnating around 10-12 after initial decrease, with dE oscillations persisting - consistent with divergence pattern",Kill,50,3.582362174987793,1
vasp-data-files/101101000101001111000001/OSZICAR,1,70,,,评估到 75 步时，实际步数仅为 70，数据不足。,Insufficient_Steps,70,3.5862174034118652,1
vasp-data-files/110010111010000010101010/OSZICAR,0,200,1.0,7.0,"Despite dE oscillations, rms(c) shows clear macro-trend decreasing from 1.05E+01 to 8.16E-01 over steps 12-50, following Expert Tie-Breaker Rule",Continue,50,3.8122594356536865,1
vasp-data-files/111110000001011110100000/OSZICAR,1,113,0.0,7.0,"rms(c) stagnates around 0.107-0.109 after step 39 showing no decreasing trend, dE remains oscillatory with no convergence to small values",Kill,50,2.9664318561553955,1
vasp-data-files/101011010110111110100000/OSZICAR,1,63,1.0,7.0,"Despite dE oscillations, rms(c) shows clear macro-trend decreasing from 1.05E+02 to 4.93E-02 over 40 steps, following Expert Tie-Breaker Rule",Continue,50,3.789902925491333,1
vasp-data-files/100100010110111001001000/OSZICAR,1,130,1.0,7.0,"Despite dE oscillations, rms(c) shows clear macro-trend decreasing from 122 to 0.326 over steps 13-50, following Expert Tie-Breaker Rule for damped oscillatory convergence",Continue,50,3.669469118118286,1
vasp-data-files/111110001100001110100010/OSZICAR,1,96,1.0,7.0,"Despite dE oscillations, rms(c) shows clear macro-decreasing trend from 12.4E+01 to 0.113E+00 over steps 13-50, following Expert Tie-Breaker Rule",Continue,50,3.902888059616089,1
vasp-data-files/101110000101000001101111/OSZICAR,1,142,1.0,7.0,"Despite persistent dE oscillations, rms(c) shows clear macro-trend decreasing from ~1.22E+02 to ~2.50E-01 over 125 steps, following Expert Tie-Breaker Rule",Continue,125,16.564193725585938,4
vasp-data-files/110010111010110010101000/OSZICAR,1,81,1.0,7.0,"Despite dE oscillations, rms(c) shows clear macro-trend decreasing from 124E+01 to 0.411E-01 over steps 12-50, following Expert Tie-Breaker Rule",Continue,50,4.094495058059692,1
vasp-data-files/101100000101110010100000/OSZICAR,1,137,1.0,7.0,"Despite some dE oscillations, rms(c) shows clear macro-trend decreasing from 1.22E+01 to 3.45E-01 over steps 12-50, following Expert Tie-Breaker Rule for damped oscillatory convergence",Continue,50,3.8888726234436035,1
vasp-data-files/110110000011000100101000/OSZICAR,1,96,1.0,7.0,"Despite dE oscillations, rms(c) shows clear macro-trend decreasing from 124E+01 to 237E-01 over steps 13-50, following Expert Tie-Breaker Rule",Continue,50,3.5829684734344482,1
vasp-data-files/111101111011110011111000/OSZICAR,1,194,1.0,7.0,"Despite dE oscillations, rms(c) shows clear macro-decreasing trend from 125 at step 13 to 0.778 at step 50, following Expert Tie-Breaker Rule for damped oscillatory convergence",Continue,50,4.2992777824401855,1
vasp-data-files/111110000000010000110110/OSZICAR,1,142,1.0,7.0,"Despite dE oscillations in final steps, rms(c) shows clear macro-trend decreasing from 1.22E+02 to 1.61E-01 over 38 steps, following Expert Tie-Breaker Rule",Continue,50,4.404695510864258,1
vasp-data-files/100001110110111111011001/OSZICAR,0,200,0.0,8.0,"rms(c) stagnates at 14-18 range after step 12 with no decreasing macro-trend, and dE shows persistent large oscillations, indicating divergence according to Expert's Tie-Breaker Rule",Kill,50,3.688450574874878,1
vasp-data-files/110011111010011101101001/OSZICAR,0,200,0.0,7.0,"rms(c) shows no consistent downward trend, stagnating around 0.5-0.9 after initial improvement, with dE remaining too high for convergence",Kill,50,2.9671013355255127,1
vasp-data-files/100000110110100011010111/OSZICAR,1,52,1.0,8.0,"Clear monotonic decrease in rms(c) from 1.23E+02 to 1.22E-02 over 38 steps, with dE showing consistent downward trend in final steps reaching ~1E-04",Continue,50,3.8902170658111572,1
vasp-data-files/101101000101110010001000/OSZICAR,1,99,1.0,7.0,"Despite dE oscillations in final steps, rms(c) shows clear macro-decreasing trend from 1.05E+01 to 6.74E-01 over steps 12-50, following Expert Tie-Breaker Rule",Continue,50,4.1963114738464355,1
vasp-data-files/101111010101010001101100/OSZICAR,1,74,0.0,7.0,"rms(c) shows no clear downward trend, stagnating around 0.07-0.12 in later steps with oscillations, indicating divergence despite some dE fluctuations",Kill,50,4.505218982696533,1
vasp-data-files/110001011011111101111011/OSZICAR,1,114,1.0,7.0,"Despite dE oscillations, rms(c) shows clear macro-trend decreasing from 126E+01 to 0.920E-01 over steps 13-50, following Expert Tie-Breaker Rule",Continue,50,3.888707399368286,1
vasp-data-files/101111000001111110100000/OSZICAR,0,200,1.0,6.0,"Large dE oscillations persist but rms(c) shows clear macro-trend downward from ~12.3 at step 13 to ~0.13 at step 200, following Expert Tie-Breaker Rule",Unresolved_MaxSteps,200,34.64570760726929,7
vasp-data-files/100000110100101101010001/OSZICAR,1,121,,,评估到 125 步时，实际步数仅为 121，数据不足。,Insufficient_Steps,121,12.74329924583435,3
vasp-data-files/101101111111110011010001/OSZICAR,1,137,1.0,7.0,"Despite persistent dE oscillations, rms(c) shows clear macro-trend decreasing from ~125 at step 13 to ~0.0878 at step 124, following the Expert's Tie-Breaker Rule for damped oscillatory convergence",Continue,125,16.78345036506653,4
vasp-data-files/100001111101111011010101/OSZICAR,1,71,1.0,8.0,"Strong damped oscillatory convergence: dE shows oscillations but clear downward trend from ~1E+03 to ~1E-02, and rms(c) shows excellent macro-trend decreasing from 1.24E+02 to 1.29E-01 with consistent improvement in final steps",Continue,50,4.916790723800659,1
vasp-data-files/101100000101110010101100/OSZICAR,1,132,1.0,7.0,"Despite persistent dE oscillations, rms(c) shows clear macro-trend decreasing from ~120 to ~0.035 over 125 steps, following the Expert's Tie-Breaker Rule for damped oscillatory convergence",Continue,125,14.609431028366089,4
vasp-data-files/111110000100111010100000/OSZICAR,1,108,1.0,7.0,"Despite dE oscillations in final steps, rms(c) shows clear macro-trend decreasing from 1.22E+02 to ~3.7E-01 with damping pattern, following Expert Tie-Breaker Rule",Continue,50,3.5819671154022217,1
vasp-data-files/111110010101110000111100/OSZICAR,1,177,1.0,7.0,"Despite dE oscillations, rms(c) shows clear macro-trend decreasing from 128E+01 to 235E-01 over steps 13-50, following Expert Tie-Breaker Rule",Continue,50,3.5832443237304688,1
vasp-data-files/111110000101011010110110/OSZICAR,1,67,1.0,7.0,"Despite dE oscillations, rms(c) shows clear macro-decreasing trend from 126E+01 to 695E-02 over steps 12-50, following Expert Tie-Breaker Rule for convergence",Continue,50,3.893540620803833,1
vasp-data-files/100000111100111001000001/OSZICAR,1,101,1.0,7.0,"Despite dE oscillations, rms(c) shows clear macro-trend decreasing from ~12.2 at step 13 to ~0.28 at step 75, following Expert Tie-Breaker Rule",Continue,75,6.882000684738159,2
vasp-data-files/111100000101010100100000/OSZICAR,1,86,1.0,7.0,"Despite dE oscillations in later steps, rms(c) shows clear macro-trend decreasing from 1.23E+02 to 4.48E-01 over 40 iterations, following Expert Tie-Breaker Rule",Continue,50,4.502391576766968,1
vasp-data-files/111101011100111111000011/OSZICAR,0,200,0.0,7.0,"rms(c) shows no clear downward trend, stagnating around 1.0-1.7 after initial drop, with dE remaining large and oscillatory",Kill,50,3.2779438495635986,1
vasp-data-files/101000000000001100110001/OSZICAR,1,89,1.0,7.0,"Despite dE oscillations in later steps, rms(c) shows clear macro-trend decreasing from 1.22E+02 to 5.84E-01 over 38 steps, following Expert Tie-Breaker Rule for eventual convergence",Continue,50,4.200943470001221,1
vasp-data-files/110110000011010100101000/OSZICAR,1,75,1.0,7.0,"Despite dE oscillations, rms(c) shows clear macro-trend decreasing from 1.05E+02 to 9.12E-03 over 75 steps, following Expert Tie-Breaker Rule",Continue,75,8.416910409927368,2
vasp-data-files/101100010101110001100100/OSZICAR,1,198,0.0,8.0,"rms(c) stagnates around 2.5-2.7 after step 33 with no clear downward trend, and dE shows persistent large oscillations, indicating divergence according to Expert Tie-Breaker Rule",Kill,50,3.585503578186035,1
vasp-data-files/111100000101111110000000/OSZICAR,1,78,1.0,7.0,"Despite dE oscillations, rms(c) shows clear downward macro-trend from ~100 to 0.03 over 50 steps, following Expert Tie-Breaker Rule for convergence",Continue,50,3.580244779586792,1
vasp-data-files/101001111100101111010001/OSZICAR,1,72,,,评估到 75 步时，实际步数仅为 72，数据不足。,Insufficient_Steps,72,4.200944900512695,1
vasp-data-files/101100000001110010100000/OSZICAR,0,200,0.0,7.0,"rms(c) stagnates at ~0.43-0.58 after step 35 and then jumps to ~1.08 in final steps, showing no overall decreasing trend despite dE oscillations",Kill,50,3.5033514499664307,1
vasp-data-files/110100110011001101010101/OSZICAR,1,116,1.0,7.0,"Despite dE oscillations, rms(c) shows clear macro-trend decreasing from 124E+01 to 899E-02 over steps 12-50, following Expert Tie-Breaker Rule",Continue,50,3.8896055221557617,1
vasp-data-files/110001101111010110111011/OSZICAR,1,106,1.0,7.0,"Despite significant dE oscillations, rms(c) shows clear macro-trend decreasing from 127E+01 to 822E-01 over steps 13-50, following Expert Tie-Breaker Rule",Continue,50,3.8942532539367676,1
vasp-data-files/100001010000011010111110/OSZICAR,1,113,0.0,7.0,"rms(c) shows no clear decreasing trend, stagnating around 0.1-0.2 with oscillations, while dE remains high and oscillatory, indicating divergence according to the tie-breaker rule",Kill,75,23.473649501800537,2
vasp-data-files/111110110000110100111100/OSZICAR,0,200,0.0,8.0,"rms(c) stagnates around 21-24 with no overall decreasing trend despite dE oscillations, indicating divergence per Expert Tie-Breaker Rule",Kill,50,3.679919481277466,1
vasp-data-files/100100010100110000110100/OSZICAR,1,71,1.0,7.0,"Despite early oscillations in dE, rms(c) shows clear downward macro-trend from 122E+00 to 344E-01 over steps 12-50, following Expert Tie-Breaker Rule for damped oscillatory convergence",Continue,50,4.403234958648682,1
vasp-data-files/101110000100001010011000/OSZICAR,1,185,0.0,7.0,"rms(c) shows no clear downward trend, stagnating around 9-11 after initial decrease, with dE remaining too high for convergence",Kill,50,3.2762339115142822,1
vasp-data-files/111110000010001100111000/OSZICAR,1,83,1.0,8.0,"Clear downward macro-trend in rms(c) from 1.23E+01 to 1.19E-01 over steps 12-50, with dE showing damped oscillations and reaching small values (~1E-02) consistent with convergence",Continue,50,4.813436985015869,1
vasp-data-files/100101001111000001011111/OSZICAR,1,60,1.0,7.0,"Clear downward macro-trend in rms(c) from 1.22E+02 to 2.30E-02 despite some dE oscillations, following Expert Tie-Breaker Rule",Continue,50,4.197131395339966,1
vasp-data-files/111100000100111000100000/OSZICAR,1,59,1.0,8.0,"Clear damped oscillatory convergence with rms(c) showing strong monotonic decrease from 121E+01 to 436E-02 over steps 12-50, despite early dE oscillations",Continue,50,3.583806037902832,1
vasp-data-files/111110000101010010100001/OSZICAR,1,110,1.0,7.0,"Despite dE oscillations, rms(c) shows clear macro-trend decreasing from 1.23E+02 to 8.46E-01 over steps 13-50, following Expert Tie-Breaker Rule",Continue,50,3.8869006633758545,1
vasp-data-files/101011010101111010100110/OSZICAR,1,134,1.0,7.0,"Despite persistent dE oscillations, rms(c) shows clear macro-trend decreasing from ~1.23E+02 to ~2.25E-01 over 125 steps, following Expert Tie-Breaker Rule",Continue,125,16.55734419822693,4
vasp-data-files/110011010011110110110000/OSZICAR,1,56,1.0,8.0,"Clear downward macro-trend in rms(c) from 1.22E+02 to 1.91E-02 despite some dE oscillations, following Expert Tie-Breaker Rule",Continue,50,3.480304718017578,1
vasp-data-files/111110001100001110100011/OSZICAR,1,73,1.0,7.0,"Despite dE oscillations, rms(c) shows clear macro-decreasing trend from 1.21E+02 to 1.02E-01 over steps 13-50, following Expert Tie-Breaker Rule",Continue,50,4.608263969421387,1
vasp-data-files/101011010101000100111110/OSZICAR,1,86,1.0,7.0,"Clear downward macro-trend in rms(c) from 1.23E+02 to 1.00E-01 over steps 12-50 despite dE oscillations, following Expert Tie-Breaker Rule",Continue,50,4.197585821151733,1
vasp-data-files/101001011101111010110110/OSZICAR,0,200,0.0,8.0,"rms(c) shows no consistent downward trend, stagnating around 1.5-2.0 with no macro-decrease, while dE oscillates with large magnitudes, indicating divergence according to Expert Tie-Breaker Rule",Kill,50,3.892735242843628,1
vasp-data-files/101101000101111100100000/OSZICAR,1,128,1.0,7.0,"Despite dE oscillations, rms(c) shows clear macro-trend decreasing from 120 to 0.23 over steps 12-50, following Expert Tie-Breaker Rule for damped oscillatory convergence",Continue,50,3.887519598007202,1
vasp-data-files/100100001111000001011111/OSZICAR,0,200,1.0,7.0,"Despite dE oscillations, rms(c) shows clear macro-decreasing trend from 122E+00 to 374E-01 over steps 12-50, following Expert Tie-Breaker Rule for damped oscillatory convergence",Continue,50,4.506983280181885,1
vasp-data-files/111110000000000000111110/OSZICAR,1,72,1.0,7.0,"Despite dE oscillations in later steps, rms(c) shows clear monotonic downward trend from 1.22E+02 to 1.32E-01 over 38 steps, following Expert Tie-Breaker Rule",Continue,50,4.502037286758423,1
vasp-data-files/101001010100111110000000/OSZICAR,1,79,1.0,7.0,"Despite dE oscillations, rms(c) shows clear macro-trend decreasing from 1.05E+02 to 2.54E-01 over 40 steps, following Expert Tie-Breaker Rule for damped oscillatory convergence",Continue,50,4.198760986328125,1
vasp-data-files/111001111010110001111011/OSZICAR,0,200,0.0,8.0,"rms(c) stagnates at 11.0-11.9 with no decreasing trend after step 32, dE shows persistent oscillations, following Expert Tie-Breaker Rule for divergence",Kill,50,3.8868682384490967,1
vasp-data-files/101101010101111010000011/OSZICAR,1,68,1.0,7.0,"Despite early oscillations, rms(c) shows clear macro-trend decreasing from 123E+01 to 135E-01 over steps 13-50, following Expert Tie-Breaker Rule for damped oscillatory convergence",Continue,50,4.813843250274658,1
vasp-data-files/110010100010001101001111/OSZICAR,0,200,0.0,7.0,"rms(c) stagnates around 0.17-0.30 after step 42 with no clear downward trend, and dE shows persistent oscillations without reaching convergence thresholds",Kill,50,4.504492521286011,1
vasp-data-files/101010010100001011010111/OSZICAR,1,64,1.0,8.0,"Clear downward macro-trend in rms(c) from 1.20E+01 to 2.81E-02 over steps 13-50, with dE oscillations damping and final values approaching convergence thresholds",Continue,50,3.890282392501831,1
vasp-data-files/100111111100111011000111/OSZICAR,1,111,,,评估到 125 步时，实际步数仅为 111，数据不足。,Insufficient_Steps,111,23.395039796829224,3
vasp-data-files/100011010111111010000110/OSZICAR,1,195,0.0,7.0,"rms(c) shows no clear downward macro-trend, stagnating around 0.6-1.2 with oscillations, while dE remains persistently high and oscillatory",Kill,75,14.174058437347412,2
vasp-data-files/101011010100111010100000/OSZICAR,1,64,1.0,7.0,"Despite dE oscillations in later steps, rms(c) shows clear macro-trend decreasing from 1.23E+02 to 3.56E-02 over 38 steps, following Expert Tie-Breaker Rule",Continue,50,4.50573205947876,1
vasp-data-files/101100010101100001101100/OSZICAR,1,186,1.0,7.0,"Despite persistent dE oscillations, rms(c) shows clear macro-trend decreasing from ~100 to ~0.05 over 175 steps, following Expert Tie-Breaker Rule for damped oscillatory convergence",Continue,175,25.613284587860107,6
vasp-data-files/111100000001101101000001/OSZICAR,1,60,1.0,8.0,"Despite early oscillations, rms(c) shows clear monotonic decrease from 122 to 0.0973 over steps 12-50, following Expert Tie-Breaker Rule; dE also shows consistent decrease in later steps",Continue,50,4.197239875793457,1
vasp-data-files/100000010110101000100111/OSZICAR,0,200,0.0,7.0,"rms(c) oscillates between 4.5-6.4 without clear downward trend in later steps (steps 33-50), indicating stagnation per Expert Tie-Breaker Rule",Kill,50,3.581002712249756,1
vasp-data-files/101011010101111010100111/OSZICAR,1,56,1.0,7.0,"Despite dE oscillations, rms(c) shows clear macro-decreasing trend from 1.06E+02 to 2.39E-02 over 39 steps, following Expert Tie-Breaker Rule for convergence",Continue,50,4.507609128952026,1
vasp-data-files/110100001101000001011111/OSZICAR,1,86,1.0,7.0,"Despite dE oscillations, rms(c) shows clear macro-trend decreasing from ~100 to ~0.03 over 75 steps, following Expert Tie-Breaker Rule for damped oscillatory convergence",Continue,75,7.800804853439331,2
vasp-data-files/101100000100111100100000/OSZICAR,1,122,1.0,7.0,"Despite dE oscillations in final steps, rms(c) shows clear macro-decreasing trend from 1.19E+02 to 2.77E-01 over 38 steps, following Expert Tie-Breaker Rule",Continue,50,3.891451358795166,1
vasp-data-files/101111100101011111100100/OSZICAR,1,75,1.0,7.0,"Despite dE oscillations in later steps, rms(c) shows clear macro-decreasing trend from 126E+01 at step 13 to 132E-01 at step 50, following Expert Tie-Breaker Rule",Continue,50,3.887636184692383,1
vasp-data-files/100101000011000010011111/OSZICAR,1,152,1.0,7.0,"Despite early oscillations, rms(c) shows clear macro-trend decreasing from 123 to 0.106 over steps 13-50, following Expert Tie-Breaker Rule",Continue,50,4.1971893310546875,1
vasp-data-files/111001101101000111001011/OSZICAR,1,166,1.0,7.0,"Despite persistent dE oscillations, rms(c) shows clear macro-trend decreasing from ~100 to ~0.37 over 150 steps, following Expert Tie-Breaker Rule for damped oscillatory convergence",Continue,150,22.003742694854736,5
vasp-data-files/111110000101111110100000/OSZICAR,1,59,1.0,8.0,"Clear monotonic downward trend in rms(c) from 1.22E+02 to 2.04E-02 over steps 12-50, with dE oscillations showing damping and reaching small values below 1E-03 in final steps",Continue,50,4.501821994781494,1
vasp-data-files/101001010100111110100000/OSZICAR,1,152,0.0,8.0,"rms(c) shows no consistent downward trend, stagnating around 1.7-2.2 with final increase to 2.25, indicating divergence despite some dE oscillations",Kill,50,3.6880686283111572,1
vasp-data-files/101001110001111010000110/OSZICAR,0,200,1.0,7.0,"Despite dE oscillations in final steps, rms(c) shows clear macro-decreasing trend from 1.21E+02 to 7.94E-01 over 38 steps, following Expert Tie-Breaker Rule",Continue,50,4.091192960739136,1
vasp-data-files/110000111011001011011101/OSZICAR,1,73,1.0,7.0,"Despite dE oscillations in final steps, rms(c) shows clear monotonic decrease from 0.106E+02 to 0.608E-02 over steps 12-50, following Expert Tie-Breaker Rule",Continue,50,4.813653469085693,1
vasp-data-files/111110111011101100101011/OSZICAR,1,90,1.0,7.0,"Despite early oscillations, rms(c) shows clear macro-trend decreasing from 131 to 0.181 over steps 12-50, following Expert Tie-Breaker Rule that rms(c) trend overrules dE oscillations",Continue,50,3.9926702976226807,1
vasp-data-files/110110001111010100100000/OSZICAR,0,200,1.0,7.0,"Despite dE oscillations in final steps, rms(c) shows clear macro-trend decreasing from 1.05E+01 to 8.92E-01 over steps 12-50, following Expert Tie-Breaker Rule",Continue,50,4.40180778503418,1
vasp-data-files/110110101101010111000011/OSZICAR,1,76,1.0,7.0,"Despite dE oscillations, rms(c) shows clear macro-trend decreasing from 125E+00 to 0.311E-01 over steps 13-50, following Expert Tie-Breaker Rule",Continue,50,4.503971576690674,1
vasp-data-files/110110011110111000000110/OSZICAR,0,200,0.0,8.0,"rms(c) stagnates around 1.8-2.3 with no decreasing trend after step 12, and dE shows persistent large oscillations, indicating divergence according to Expert Tie-Breaker Rule",Kill,50,4.19577169418335,1
vasp-data-files/101011010101111110100100/OSZICAR,1,63,1.0,8.0,"Clear damped oscillatory convergence with rms(c) showing strong monotonic decrease from 1.23E+01 to 4.02E-02 over steps 13-50, following Expert Tie-Breaker Rule despite dE oscillations",Continue,50,10.0368070602417,1
vasp-data-files/101101000001100010011000/OSZICAR,1,86,1.0,7.0,"Despite dE oscillations in later steps, rms(c) shows clear macro-trend decreasing from 1.21E+02 to 1.81E-01 over steps 13-50, following Expert Tie-Breaker Rule",Continue,50,4.502482891082764,1
vasp-data-files/110110101100001000111110/OSZICAR,0,200,0.0,8.0,"rms(c) stagnates at 1.9-2.0 with no decreasing trend after step 23, and dE shows persistent oscillations without convergence, indicating divergence according to Expert Tie-Breaker Rule",Kill,50,4.197197675704956,1
vasp-data-files/111101010101111011011000/OSZICAR,1,165,0.0,8.0,"rms(c) stagnates at 1.7-2.1 with no decreasing trend after step 12, and dE shows persistent large oscillations, indicating divergence according to Expert Tie-Breaker Rule",Kill,50,4.40000319480896,1
vasp-data-files/100101110010001101011001/OSZICAR,1,72,1.0,7.0,"Despite dE oscillations, rms(c) shows clear macro-decreasing trend from 1.05E+02 to 9.94E-02 over 39 steps, following Expert Tie-Breaker Rule",Continue,50,3.684772253036499,1
vasp-data-files/111111010111000011010011/OSZICAR,1,54,1.0,8.0,"Despite some dE oscillations in later steps, rms(c) shows clear monotonic decrease from 1.06E+01 to 6.40E-02 over steps 12-50, following the Expert Tie-Breaker Rule for convergence",Continue,50,5.127825736999512,1
vasp-data-files/100100110010000101111001/OSZICAR,1,61,1.0,8.0,"Clear downward macro-trend in rms(c) from 1.06E+02 to 2.68E-02 over steps 12-50, with dE showing damped oscillations and reaching small values (~1E-04) by final step",Continue,50,4.4943907260894775,1
vasp-data-files/100011011011100110111001/OSZICAR,0,200,1.0,6.0,"Large dE oscillations persist but rms(c) shows clear macro-trend downward from ~12.8 at step 13 to ~0.24 at step 199, following Expert Tie-Breaker Rule that rms(c) trend overrules dE oscillations",Unresolved_MaxSteps,200,35.05897569656372,7
vasp-data-files/111110000101001100101010/OSZICAR,1,153,0.0,7.0,"rms(c) stagnates around 0.6-0.64 in final steps with no clear downward trend, dE remains oscillatory, violating the Expert Tie-Breaker Rule",Kill,50,4.197898864746094,1
vasp-data-files/101101010101011001000100/OSZICAR,0,200,0.0,7.0,"rms(c) shows no consistent downward trend, oscillating between 0.8-3.3 without meaningful reduction over many iterations, indicating stagnation and divergence despite some dE fluctuations",Kill,125,17.781137466430664,4
vasp-data-files/111101001101111011110000/OSZICAR,1,71,1.0,7.0,"Despite dE oscillations in final steps, rms(c) shows clear macro-decreasing trend from 1.23E+02 to 1.12E-01 over 38 steps, following Expert Tie-Breaker Rule for convergence",Continue,50,4.502566814422607,1
vasp-data-files/101001010001111100000000/OSZICAR,1,64,1.0,8.0,"Clear damped oscillatory convergence with rms(c) showing strong monotonic decrease from 1.2E+01 to 3.86E-02 over final 40 steps, following Expert Tie-Breaker Rule despite some dE noise",Continue,50,4.8121256828308105,1
vasp-data-files/111010010000111010100100/OSZICAR,0,200,0.0,8.0,"rms(c) stagnates at high values (13.5-16.0) with no clear downward trend after step 12, and dE shows persistent large oscillations indicating divergence",Kill,50,3.892242670059204,1
vasp-data-files/101101000100011011000011/OSZICAR,1,80,1.0,7.0,"Despite dE oscillations, rms(c) shows clear downward macro-trend from 125E+00 to 254E-01 over steps 12-50, following Expert Tie-Breaker Rule for damped oscillatory convergence",Continue,50,4.505697727203369,1
vasp-data-files/100110010100110010111100/OSZICAR,0,200,0.0,7.0,"rms(c) shows no consistent downward trend, oscillating between 0.2-0.8 without sustained decrease, indicating stagnation and eventual divergence despite some dE fluctuations",Kill,75,9.645207166671753,2
vasp-data-files/110101011111001001011011/OSZICAR,1,58,1.0,7.0,"Despite dE oscillations in final steps, rms(c) shows clear macro-trend decreasing from 1.26E+02 to 5.08E-02 over 38 steps, following Expert Tie-Breaker Rule for convergence",Continue,50,4.504999399185181,1
vasp-data-files/111110000101111010100100/OSZICAR,1,70,1.0,8.0,"Despite early oscillations, rms(c) shows clear macro-trend decreasing from 122 to 0.117 over steps 13-50, following Expert Tie-Breaker Rule that rms(c) trend overrules dE oscillations",Continue,50,4.193439483642578,1
vasp-data-files/110010111010001100010010/OSZICAR,1,75,1.0,7.0,"Despite dE oscillations in later steps, rms(c) shows clear monotonic decrease from 1.05E+02 to 1.11E-02 over 39 steps, following the Expert Tie-Breaker Rule for convergence",Continue,50,4.507631540298462,1
vasp-data-files/101001111011100001100001/OSZICAR,0,200,0.0,8.0,"rms(c) shows no consistent downward trend, stagnating around 0.2-0.3 after step 100 with persistent oscillations, indicating divergence according to Expert Tie-Breaker Rule",Kill,175,44.042025089263916,6
vasp-data-files/101101110000000110000011/OSZICAR,0,200,0.0,7.0,"rms(c) stagnates around 0.6-0.78 after initial decrease, showing no clear downward macro-trend in later steps, while dE continues oscillating significantly",Kill,50,3.887160301208496,1
vasp-data-files/110110000011010010101100/OSZICAR,1,120,1.0,7.0,"Despite significant dE oscillations, rms(c) shows clear macro-trend decreasing from ~12.3 at step 20 to ~0.656 at step 50, following Expert Tie-Breaker Rule for eventual convergence",Continue,50,4.504791736602783,1
vasp-data-files/100101001101111100001000/OSZICAR,1,54,1.0,8.0,Clear damped oscillatory convergence: dE shows oscillatory decrease to very small values (~1E-04) and rms(c) exhibits strong monotonic decrease from 1.22E+02 to 1.96E-02 over final 38 steps,Continue,50,5.114520311355591,1
vasp-data-files/111011110001110110010000/OSZICAR,0,200,0.0,8.0,"rms(c) stagnates around 2.2-2.3 after step 12 with no clear downward trend, and dE shows persistent large oscillations, indicating divergence according to the tie-breaker rule",Kill,50,3.8897385597229004,1
vasp-data-files/101101001011001001100101/OSZICAR,0,200,1.0,7.0,"Despite dE oscillations, rms(c) shows clear macro-trend decreasing from 125E+01 to 343E-01 over steps 12-50, following Expert Tie-Breaker Rule",Continue,50,3.89198637008667,1
vasp-data-files/110000010110101101010011/OSZICAR,0,200,1.0,7.0,"Despite dE oscillations in final steps, rms(c) shows clear macro-decreasing trend from 1.21E+02 to 4.87E-01 over steps 12-50, following Expert Tie-Breaker Rule",Continue,50,4.502508878707886,1
vasp-data-files/111010001101110010100110/OSZICAR,0,200,1.0,7.0,"Despite significant dE oscillations, rms(c) shows clear downward macro-trend from 122 at step 13 to 0.365 at step 50, following Expert Tie-Breaker Rule",Continue,50,3.581097364425659,1
vasp-data-files/110110001001000011111111/OSZICAR,0,200,0.0,7.0,"rms(c) shows no consistent downward trend, stagnating around 1.5-2.2 with oscillations throughout, indicating divergence according to Expert Tie-Breaker Rule",Kill,125,15.944421529769897,4
vasp-data-files/100010110110111111110001/OSZICAR,1,79,1.0,7.0,"Despite dE oscillations in final steps, rms(c) shows clear macro-decreasing trend from 125E+01 at step 13 to 100E+00 at step 50, following Expert Tie-Breaker Rule",Continue,50,4.498662948608398,1
vasp-data-files/101100010101110001101100/OSZICAR,0,200,1.0,7.0,"Despite dE oscillations, rms(c) shows clear downward macro-trend from 12.3E+01 to 1.04E+00 over 38 steps, following Expert Tie-Breaker Rule for damped oscillatory convergence",Continue,50,3.891228199005127,1
vasp-data-files/101100101001000101010100/OSZICAR,0,200,0.0,7.0,"rms(c) shows no consistent downward trend, oscillating between 0.4-1.9 without sustained decrease, indicating stagnation and divergence according to Expert Tie-Breaker Rule",Kill,75,8.114002227783203,2
vasp-data-files/101010100000111110110001/OSZICAR,1,125,1.0,7.0,"Despite dE oscillations in final steps, rms(c) shows clear macro-decreasing trend from 12.3E+00 to 0.97E-01 over steps 13-50, following Expert Tie-Breaker Rule",Continue,50,4.500336647033691,1
