filepath,true_label,total_steps,final_prediction,final_confidence,final_reasoning,status,predicted_at_steps,final_api_time,num_api_calls
vasp-data-files/101001010001001101100100/OSZICAR,1,172,,,评估到 175 步时，实际步数仅为 172，数据不足。,Insufficient_Steps,172,13.304544925689695,3
vasp-data-files/111110000100010000011110/OSZICAR,1,116,,,评估到 125 步时，实际步数仅为 116，数据不足。,Insufficient_Steps,116,3.8297646045684814,1
vasp-data-files/101101000101010011100011/OSZICAR,0,200,0.0,8.0,"rms(c) shows no consistent downward trend, stagnating around 0.5-1.5 after 100 steps with persistent high oscillations, indicating divergence despite some energy fluctuations",Kill,100,9.36045789718628,1
vasp-data-files/110110100000011000100100/OSZICAR,1,105,1.0,7.0,"Despite persistent dE oscillations, rms(c) shows clear macro-trend decreasing from 122E+02 to 111E-02 over 100 steps, following Expert Tie-Breaker Rule",Continue,100,3.6051549911499023,1
vasp-data-files/110001111011001111111001/OSZICAR,1,106,1.0,7.0,"Despite dE oscillations, rms(c) shows clear macro-decreasing trend from ~1.24E+02 to ~1.16E-01 over 100 steps, following Expert Tie-Breaker Rule",Continue,100,4.523134469985962,1
vasp-data-files/110000011100111100000000/OSZICAR,0,200,0.0,8.0,"rms(c) shows no consistent downward trend, stagnating around 1.0-1.5E+01 after initial fluctuations, with dE remaining large and oscillatory throughout",Kill,100,4.525090217590332,1
vasp-data-files/101110111010110011001111/OSZICAR,0,200,1.0,7.0,"Despite persistent dE oscillations, rms(c) shows clear macro-trend decreasing from ~125 at step 13 to ~0.22 at step 125, following Expert Tie-Breaker Rule",Continue,125,18.575834274291992,2
vasp-data-files/101111010100110000100100/OSZICAR,0,200,1.0,7.0,"Despite significant dE oscillations throughout, rms(c) shows clear macro-trend decreasing from ~120 to ~0.9 over 125 steps, following the Expert's Tie-Breaker Rule for damped oscillatory convergence",Continue,125,8.745345830917358,2
vasp-data-files/111111011101110001001010/OSZICAR,1,118,,,评估到 125 步时，实际步数仅为 118，数据不足。,Insufficient_Steps,118,4.216925621032715,1
vasp-data-files/111100110011000100101100/OSZICAR,0,200,1.0,7.0,"Despite persistent dE oscillations, rms(c) shows clear macro-trend decreasing from ~1.06E+02 to ~1.5E-01 over 125 steps, following the Expert's Tie-Breaker Rule for damped oscillatory convergence",Continue,125,9.283074378967283,2
vasp-data-files/111110000101010000100000/OSZICAR,0,200,0.0,7.0,"rms(c) stagnates around 1.5-1.7 after step 100 with no clear downward trend, and dE oscillations persist without reaching convergence thresholds",Kill,125,7.210169553756714,2
vasp-data-files/101000010100011110000010/OSZICAR,1,139,1.0,7.0,"Despite persistent dE oscillations, rms(c) shows clear macro-trend decreasing from ~1.25E+02 to ~6.33E-02 over 125 steps, following the Expert's Tie-Breaker Rule for damped oscillatory convergence",Continue,125,9.361122608184814,2
vasp-data-files/111000011100111110100100/OSZICAR,1,146,,,评估到 150 步时，实际步数仅为 146，数据不足。,Insufficient_Steps,146,9.973974466323853,2
vasp-data-files/100100110010001101011001/OSZICAR,0,200,1.0,7.0,"Despite persistent dE oscillations, rms(c) shows clear macro-trend decreasing from ~12.2 at step 13 to ~1.54 at step 100, following the Expert Tie-Breaker Rule for eventual convergence",Continue,100,4.44464373588562,1
vasp-data-files/100001111010000001010101/OSZICAR,0,200,1.0,7.0,"Despite persistent dE oscillations, rms(c) shows clear macro-trend decreasing from ~100 to ~0.3 over 200 steps, following Expert Tie-Breaker Rule for damped oscillatory convergence",Continue,200,22.637516975402832,5
vasp-data-files/100001010111110011101110/OSZICAR,0,200,0.0,8.0,"rms(c) shows no consistent downward trend, stagnating around 1.0-1.2 after step 68 with persistent high oscillations, indicating divergence despite some dE fluctuations",Kill,100,4.525366544723511,1
vasp-data-files/111100010101111011110101/OSZICAR,0,200,0.0,8.0,"rms(c) shows no consistent downward trend, stagnating around 1.0-2.2 with oscillations and no progress toward convergence thresholds",Kill,125,7.300877094268799,2
vasp-data-files/101011010100110010100100/OSZICAR,0,200,1.0,7.0,"Despite persistent dE oscillations, rms(c) shows clear macro-trend decreasing from ~12.3 at step 13 to ~0.63 at step 125, following the Expert's Tie-Breaker Rule for damped oscillatory convergence",Continue,125,8.346502542495728,2
vasp-data-files/110100001110001101011001/OSZICAR,0,200,1.0,6.0,"Large dE oscillations persist but rms(c) shows clear macro-trend decreasing from ~1.2E+01 to ~4.0E-01 over 200 steps, following Expert Tie-Breaker Rule",Unresolved_MaxSteps,200,22.02484679222107,5
vasp-data-files/100100111111011001010111/OSZICAR,0,200,1.0,6.0,"Large dE oscillations persist but rms(c) shows overall downward macro-trend from ~12.7 to ~1.02 over 200 steps, following Expert Tie-Breaker Rule that rms(c) trend overrules dE oscillations",Unresolved_MaxSteps,200,27.286813020706177,5
vasp-data-files/100001011101111010001100/OSZICAR,0,200,0.0,7.0,"rms(c) shows no consistent downward trend, stagnating around 0.4-0.5 after step 100 with persistent high oscillations, indicating divergence according to Expert Tie-Breaker Rule",Kill,125,9.046855688095093,2
vasp-data-files/101110010100111011000100/OSZICAR,1,122,,,评估到 125 步时，实际步数仅为 122，数据不足。,Insufficient_Steps,122,3.6021833419799805,1
vasp-data-files/110100001101111100101000/OSZICAR,1,110,1.0,7.0,"Despite persistent dE oscillations, rms(c) shows clear macro-trend decreasing from ~100 to ~0.1 over 100 steps, following Expert Tie-Breaker Rule for damped oscillatory convergence",Continue,100,4.137278079986572,1
vasp-data-files/111100000101111100101000/OSZICAR,0,200,1.0,7.0,"Despite persistent dE oscillations, rms(c) shows clear macro-trend decreasing from ~1.22E+02 to ~1.04E-01 over 175 steps, following Expert Tie-Breaker Rule",Continue,175,17.190808534622192,4
vasp-data-files/110101101100111101010011/OSZICAR,1,140,1.0,7.0,"Despite persistent dE oscillations, rms(c) shows clear macro-trend downward from ~1.26E+02 to ~1.04E-01 over 125 steps, following Expert Tie-Breaker Rule",Continue,125,9.05060076713562,2
vasp-data-files/101001110010000111111111/OSZICAR,1,114,1.0,7.0,"Despite persistent dE oscillations, rms(c) shows clear macro-trend decreasing from ~128 at step 13 to ~0.07 at step 100, following the Expert Tie-Breaker Rule for damped oscillatory convergence",Continue,100,4.523381471633911,1
vasp-data-files/101011010111111010100100/OSZICAR,0,200,1.0,5.0,"Applying Expert Tie-Breaker Rule: dE shows persistent oscillations but rms(c) shows slow downward macro-trend from ~1.0E+01 to ~5.0E-01 over 200 steps, indicating the calculation is ""fighting"" towards convergence despite noise",Unresolved_MaxSteps,200,23.55849814414978,5
vasp-data-files/111110000101110010010000/OSZICAR,0,200,0.0,7.0,"rms(c) shows no consistent downward trend, oscillating between 0.15-0.86 in later steps with final value at 0.427, indicating stagnation and divergence according to Expert Tie-Breaker Rule",Kill,100,3.9112002849578857,1
vasp-data-files/100001110001101111000111/OSZICAR,0,200,0.0,7.0,"rms(c) shows no consistent downward trend, stagnating around 1.1-1.4 after initial fluctuations, with dE remaining large and oscillatory throughout",Kill,100,4.521578073501587,1
vasp-data-files/101100110111111001010101/OSZICAR,0,200,0.0,7.0,"rms(c) shows no consistent downward trend, stagnating around 5-6 after initial drop from ~100, with dE remaining large and oscillatory",Kill,100,4.217129230499268,1
vasp-data-files/111010000101010010101110/OSZICAR,1,120,1.0,7.0,"Despite significant dE oscillations throughout, the macro-trend of rms(c) shows clear downward progression from ~100 at step 12 to ~0.15 at step 100, following the Expert Tie-Breaker Rule for eventual convergence",Continue,100,4.932301998138428,1
vasp-data-files/101100010110110001010100/OSZICAR,1,188,1.0,7.0,"Despite persistent dE oscillations, rms(c) shows clear macro-trend decreasing from ~26.6 at step 33 to ~2.91 at step 100, following Expert Tie-Breaker Rule",Continue,100,3.804990530014038,1
vasp-data-files/111010001000000111111000/OSZICAR,0,200,0.0,7.0,"rms(c) shows no consistent downward trend, stagnating around 1.0E+01 after 100 steps with persistent oscillations, indicating divergence according to Expert Tie-Breaker Rule",Kill,100,4.217011451721191,1
vasp-data-files/110100011100111100100000/OSZICAR,0,200,1.0,7.0,"Despite persistent dE oscillations, rms(c) shows clear macro-trend decreasing from ~15.0 at step 34 to ~0.48 at step 150, following the Expert's Tie-Breaker Rule for damped oscillatory convergence",Continue,150,14.192140817642212,3
vasp-data-files/111110001100010000111110/OSZICAR,1,191,0.0,8.0,"rms(c) shows no overall decreasing trend, stagnating around 2.2-2.3 after step 83 with no progress toward convergence thresholds",Kill,100,3.4784815311431885,1
vasp-data-files/100000110100111111010001/OSZICAR,1,184,0.0,7.0,"rms(c) shows no consistent downward trend, oscillating between 0.5-1.1 without meaningful reduction over many iterations, indicating stagnation and divergence despite some dE fluctuations",Kill,100,4.030396461486816,1
vasp-data-files/101110000001100001100001/OSZICAR,0,200,0.0,7.0,"rms(c) shows no consistent downward trend, oscillating between 1.0-3.6 with final values around 2.4, indicating stagnation and divergence according to Expert Tie-Breaker Rule",Kill,100,4.319275617599487,1
vasp-data-files/111101000101011101110000/OSZICAR,0,200,1.0,9.0,"Clear monotonic convergence in final steps: rms(c) decreases from 0.649E-02 to 0.124E-02 and dE reaches -0.46327E-04, both well below convergence thresholds",Continue,200,20.074411630630493,5
vasp-data-files/101111000100111010100011/OSZICAR,1,109,,,评估到 125 步时，实际步数仅为 109，数据不足。,Insufficient_Steps,109,4.2144482135772705,1
vasp-data-files/110101100010001010011111/OSZICAR,0,200,0.0,7.0,"rms(c) shows no consistent downward trend, stagnating around 8-9 after initial improvement, with dE remaining large and oscillatory throughout",Kill,100,3.830552577972412,1
vasp-data-files/100001010110001011010101/OSZICAR,1,105,1.0,7.0,"Despite persistent dE oscillations, rms(c) shows clear macro-trend decreasing from ~1.0E+02 to ~3.0E-02 over 100 steps, following Expert Tie-Breaker Rule for damped oscillatory convergence",Continue,100,4.831281900405884,1
vasp-data-files/110010001001100111111001/OSZICAR,1,110,,,评估到 125 步时，实际步数仅为 110，数据不足。,Insufficient_Steps,110,4.215838432312012,1
vasp-data-files/111111001000011110110001/OSZICAR,1,181,1.0,7.0,"Despite persistent dE oscillations, rms(c) shows clear macro-trend decreasing from ~125 at step 13 to ~0.89 at step 125, following the Expert's Tie-Breaker Rule for damped oscillatory convergence",Continue,125,8.662560224533081,2
vasp-data-files/100001111101001011011111/OSZICAR,1,102,1.0,7.0,"Despite persistent dE oscillations, rms(c) shows clear macro-trend decreasing from ~100 to ~0.02 over 100 steps, following Expert Tie-Breaker Rule for damped oscillatory convergence",Continue,100,4.214763164520264,1
vasp-data-files/101100110110100100000001/OSZICAR,1,180,0.0,7.0,"rms(c) shows no consistent downward trend, oscillating between 0.85-1.48 with no macro-decrease over 100 steps, indicating stagnation and divergence despite some dE fluctuations",Kill,100,4.524444103240967,1
vasp-data-files/100110100101011100100000/OSZICAR,1,116,1.0,7.0,"Despite persistent dE oscillations, rms(c) shows clear macro-trend decreasing from ~100 to ~0.04 over 100 steps, following Expert Tie-Breaker Rule for damped oscillatory convergence",Continue,100,4.2139928340911865,1
vasp-data-files/100011011101001010011111/OSZICAR,1,186,0.0,7.0,"rms(c) shows no consistent downward trend, stagnating around 6-20 range with no clear macro-decrease despite dE oscillations, indicating divergence per Expert Tie-Breaker Rule",Kill,100,10.052138328552246,1
vasp-data-files/111011110001111110010000/OSZICAR,0,200,1.0,7.0,"Despite persistent dE oscillations, rms(c) shows clear macro-trend decreasing from ~100 to ~0.01-0.05 range over 200 steps, following Expert Tie-Breaker Rule",Continue,200,21.713632822036743,5
vasp-data-files/101001101101011010111100/OSZICAR,1,102,1.0,7.0,"Despite persistent dE oscillations, rms(c) shows clear macro-trend decreasing from ~120 to ~0.016 over 100 steps, following Expert Tie-Breaker Rule for damped oscillatory convergence",Continue,100,4.527275562286377,1
vasp-data-files/111011010100100010111110/OSZICAR,1,105,1.0,7.0,"Despite persistent dE oscillations, rms(c) shows clear macro-trend decreasing from 125E+01 at step 13 to 102E-02 at step 100, following Expert Tie-Breaker Rule",Continue,100,4.210220098495483,1
vasp-data-files/100100001001101001001001/OSZICAR,0,200,1.0,7.0,"Despite persistent dE oscillations, rms(c) shows clear macro-trend decreasing from ~1.0E+01 to ~6.0E-01 over 200 steps, following Expert Tie-Breaker Rule for damped oscillatory convergence",Continue,200,22.767284393310547,5
vasp-data-files/111100001100111110100000/OSZICAR,0,200,1.0,7.0,"Despite persistent dE oscillations, rms(c) shows clear macro-trend decreasing from ~12.2 at step 13 to ~0.78 at step 125, following the Expert's Tie-Breaker Rule for damped oscillatory convergence",Continue,125,8.61359453201294,2
vasp-data-files/101011110110111110100101/OSZICAR,0,200,0.0,7.0,"rms(c) shows no consistent downward trend, stagnating around 1.3-3.3 with no macro-decrease over 100 steps despite dE oscillations",Kill,100,4.281895637512207,1
vasp-data-files/111111000101000100110110/OSZICAR,1,131,1.0,7.0,"Despite significant dE oscillations throughout, the macro-trend of rms(c) shows clear downward progression from ~100 to ~0.4 over 100 steps, following the Expert Tie-Breaker Rule for eventual convergence",Continue,100,4.148980140686035,1
vasp-data-files/111100000001111110100000/OSZICAR,1,144,1.0,7.0,"Despite persistent dE oscillations, rms(c) shows clear macro-trend decreasing from ~1.22E+02 to ~5.36E-01 over 100 steps, following Expert Tie-Breaker Rule for damped oscillatory convergence",Continue,100,4.520900249481201,1
vasp-data-files/101011010010111110100000/OSZICAR,1,184,1.0,7.0,"Despite persistent dE oscillations, rms(c) shows clear macro-trend decreasing from ~12.3 at step 13 to ~0.86 at step 125, following the Expert's Tie-Breaker Rule for damped oscillatory convergence",Continue,125,8.131136417388916,2
vasp-data-files/100100010111111000000110/OSZICAR,0,200,1.0,7.0,"Despite persistent dE oscillations, rms(c) shows clear macro-trend decreasing from ~1.22E+02 to ~5.32E-01 over 125 steps, following Expert Tie-Breaker Rule",Continue,125,9.971409320831299,2
vasp-data-files/101100010100110000110100/OSZICAR,0,200,0.0,7.0,"rms(c) shows no consistent downward trend, oscillating between 1.0-2.0 with final value at 1.05E+01, indicating stagnation and divergence according to Expert Tie-Breaker Rule",Kill,100,4.426753759384155,1
vasp-data-files/111011110010110010101010/OSZICAR,0,200,0.0,7.0,"rms(c) shows no consistent downward trend, stagnating around 1.0E+01 to 2.5E+01 throughout with no macro-decrease, while dE oscillates wildly with large magnitudes",Kill,100,4.617446422576904,1
vasp-data-files/111110000101010010101110/OSZICAR,0,200,1.0,7.0,"Despite persistent dE oscillations, rms(c) shows clear macro-trend decreasing from ~100 to ~0.1 over 125 steps, following the Expert's Tie-Breaker Rule for damped oscillatory convergence",Continue,125,9.049896001815796,2
vasp-data-files/110010100101011101000011/OSZICAR,0,200,0.0,7.0,"rms(c) shows no consistent downward trend, stagnating around 0.1-0.2 after step 98 with persistent oscillations, indicating divergence according to Expert Tie-Breaker Rule",Kill,125,8.437140703201294,2
vasp-data-files/110000111110100001010011/OSZICAR,0,200,0.0,7.0,"rms(c) shows no consistent downward trend, stagnating around 0.15-0.33 with oscillations and ending at high value (0.333E+00), indicating divergence despite some dE fluctuations",Kill,100,4.834941864013672,1
vasp-data-files/110011111101000001111111/OSZICAR,0,200,1.0,7.0,"Despite persistent dE oscillations, rms(c) shows clear macro-trend decreasing from ~1.2E+02 to ~1.3E-01 over 150 steps, following Expert Tie-Breaker Rule",Continue,150,11.116641998291016,3
vasp-data-files/101011110000011111011000/OSZICAR,0,200,1.0,7.0,"Despite persistent dE oscillations, rms(c) shows clear macro-trend decreasing from ~1.06E+02 to ~7.07E-02 over 100 steps, following Expert Tie-Breaker Rule",Continue,100,4.214071273803711,1
vasp-data-files/101100000101110011000000/OSZICAR,0,200,0.0,7.0,"rms(c) shows no consistent downward trend, stagnating around 0.7-1.0 after initial fluctuations, indicating divergence according to Expert Tie-Breaker Rule",Kill,100,4.523560523986816,1
vasp-data-files/101011010101010010110110/OSZICAR,0,200,0.0,8.0,"rms(c) shows no consistent downward trend, stagnating around 10-14 after initial improvement, with dE remaining high and oscillatory",Kill,100,3.5989208221435547,1
vasp-data-files/111110100100111000100000/OSZICAR,1,103,1.0,8.0,"Despite significant dE oscillations throughout, the macro-trend of rms(c) shows clear downward progression from ~122 at step 13 to 0.013 at step 100, following the Expert Tie-Breaker Rule for eventual convergence",Continue,100,3.908649206161499,1
vasp-data-files/111110000100010010111110/OSZICAR,1,155,1.0,7.0,"Despite persistent dE oscillations, rms(c) shows clear macro-trend decreasing from ~1.22E+02 to ~4.08E-01 over 125 steps, following the Expert's Tie-Breaker Rule for damped oscillatory convergence",Continue,125,9.664276123046875,2
vasp-data-files/101001011100111101100000/OSZICAR,0,200,1.0,7.0,"Despite persistent dE oscillations, rms(c) shows clear macro-trend decreasing from ~12.3 at step 13 to ~2.17 at step 125, following Expert Tie-Breaker Rule",Continue,125,7.514304876327515,2
vasp-data-files/111100000101010110100001/OSZICAR,1,144,,,评估到 150 步时，实际步数仅为 144，数据不足。,Insufficient_Steps,144,7.824866056442261,2
vasp-data-files/100011011111001001011111/OSZICAR,1,131,1.0,7.0,"Despite persistent dE oscillations, rms(c) shows clear macro-trend decreasing from ~1.22E+02 to ~1.49E-02 over 125 steps, following Expert Tie-Breaker Rule",Continue,125,8.969017267227173,2
vasp-data-files/111010011011110010101000/OSZICAR,0,200,1.0,7.0,"Despite persistent dE oscillations, rms(c) shows clear macro-trend decreasing from ~100 to ~0.02 over 200 steps, following Expert Tie-Breaker Rule for damped oscillatory convergence",Continue,200,20.79356837272644,5
vasp-data-files/100110010100110000011100/OSZICAR,1,131,1.0,7.0,"Despite persistent dE oscillations, rms(c) shows clear macro-trend decreasing from ~1.2E+02 to ~5E-01 over 100 steps, following Expert Tie-Breaker Rule for damped oscillatory convergence",Continue,100,3.9063003063201904,1
vasp-data-files/111001111011111010000110/OSZICAR,0,200,0.0,8.0,"rms(c) shows no consistent downward trend, oscillating between 1-3 without sustained decrease, indicating stagnation and divergence despite some dE fluctuations",Kill,100,4.214914321899414,1
vasp-data-files/100100110101100001011111/OSZICAR,1,131,,,评估到 150 步时，实际步数仅为 131，数据不足。,Insufficient_Steps,131,8.128766059875488,2
vasp-data-files/100101001000001110011001/OSZICAR,1,157,,,评估到 175 步时，实际步数仅为 157，数据不足。,Insufficient_Steps,157,13.809261560440063,3
vasp-data-files/111001010110111000010000/OSZICAR,1,102,,,评估到 125 步时，实际步数仅为 102，数据不足。,Insufficient_Steps,102,3.8281288146972656,1
vasp-data-files/111001111111011110011110/OSZICAR,0,200,1.0,7.0,"Despite persistent dE oscillations, rms(c) shows clear macro-trend decreasing from ~12.7 to ~0.9 over 125 steps, following Expert Tie-Breaker Rule for damped oscillatory convergence",Continue,125,8.66413140296936,2
vasp-data-files/100111111001010011101101/OSZICAR,0,200,0.0,7.0,"rms(c) shows no consistent downward trend, oscillating between 9-41 without sustained improvement, indicating stagnation and divergence according to Expert Tie-Breaker Rule",Kill,100,5.033930540084839,1
vasp-data-files/110010111000111100000000/OSZICAR,1,136,0.0,7.0,"rms(c) shows no consistent downward trend, oscillating between 0.45-1.23 without meaningful reduction over last 50 steps, indicating stagnation and divergence despite some dE fluctuations",Kill,100,4.316892623901367,1
vasp-data-files/101101010101110011010100/OSZICAR,0,200,1.0,7.0,"Despite persistent dE oscillations, rms(c) shows clear macro-trend decreasing from ~12.6 at step 50 to ~0.53 at step 150, following Expert Tie-Breaker Rule that rms(c) downward trend overrules dE oscillations",Continue,150,15.42166519165039,3
vasp-data-files/101011010101110010100100/OSZICAR,0,200,0.0,7.0,"rms(c) shows no consistent downward trend, oscillating between 0.3-1.2 with stagnation in later steps around 0.7-1.2, indicating divergence despite some dE oscillations",Kill,125,7.822300434112549,2
vasp-data-files/100011110111011010011111/OSZICAR,1,116,,,评估到 125 步时，实际步数仅为 116，数据不足。,Insufficient_Steps,116,3.9057445526123047,1
vasp-data-files/101101011101111011011100/OSZICAR,0,200,0.0,7.0,"rms(c) stagnates at ~1.2 from step 88-100 with no downward trend despite dE becoming small, indicating charge density has stopped converging",Kill,100,3.828817367553711,1
vasp-data-files/110100000111000100101000/OSZICAR,0,200,0.0,8.0,"rms(c) stagnates around 1.0E+00 with no clear downward trend after step 82, and dE shows persistent oscillations without convergence, indicating divergence according to the Expert's Tie-Breaker Rule",Kill,100,4.214065313339233,1
vasp-data-files/111100011101110000010101/OSZICAR,0,200,0.0,8.0,"rms(c) shows no consistent downward trend, stagnating around 1.0-1.9 with oscillations and no macro-decrease, indicating divergence per Expert Tie-Breaker Rule",Kill,100,4.829915761947632,1
vasp-data-files/101010010100111010000100/OSZICAR,0,200,1.0,7.0,"Despite persistent dE oscillations, rms(c) shows clear macro-trend decreasing from ~17.6 at step 33 to ~1.01 at step 100, following Expert Tie-Breaker Rule for eventual convergence",Continue,100,4.519885063171387,1
vasp-data-files/111100111100111110010000/OSZICAR,0,200,0.0,7.0,"rms(c) oscillates between 1.6-5.5 with no clear downward macro-trend over 100 steps, indicating stagnation and divergence despite some dE fluctuations",Kill,100,4.523097038269043,1
vasp-data-files/101111100101111000100000/OSZICAR,1,100,1.0,7.0,"Despite persistent dE oscillations in final steps, rms(c) shows clear macro-trend decreasing from ~1.16E+01 at step 23 to ~1.38E-01 at step 99, following Expert Tie-Breaker Rule",Continue,100,4.829325914382935,1
vasp-data-files/101101000101011100000000/OSZICAR,0,200,1.0,7.0,"Despite persistent dE oscillations, rms(c) shows clear macro-trend decreasing from ~120 to ~0.53 over 125 steps, following Expert Tie-Breaker Rule",Continue,125,7.8197691440582275,2
vasp-data-files/110001001100001101110101/OSZICAR,0,200,0.0,7.0,"rms(c) oscillates between 9-21 with no clear downward macro-trend over 100 steps, stagnating around 10-12 in final steps, indicating divergence despite some dE fluctuations",Kill,100,4.522768259048462,1
vasp-data-files/101100001100111110000000/OSZICAR,0,200,1.0,7.0,"Despite persistent dE oscillations, rms(c) shows clear macro-trend decreasing from ~18.2 at step 25 to ~0.7 at step 125, following the Expert's Tie-Breaker Rule for damped oscillatory convergence",Continue,125,9.662511348724365,2
vasp-data-files/111110000100010000111110/OSZICAR,0,200,0.0,7.0,"rms(c) shows no consistent downward trend, stagnating around 0.1-0.5 after step 100 with persistent oscillations and no clear convergence, while dE remains oscillatory without reaching convergence thresholds",Kill,200,23.86638593673706,5
vasp-data-files/100101001100010000001100/OSZICAR,1,165,1.0,7.0,"Despite persistent dE oscillations, rms(c) shows clear macro-trend decreasing from ~1.2E+02 to ~2.4E-01 over 125 steps, following the Expert's Tie-Breaker Rule for damped oscillatory convergence",Continue,125,13.964865446090698,2
vasp-data-files/100010001001111100101001/OSZICAR,1,176,1.0,7.0,"Despite persistent dE oscillations, rms(c) shows clear macro-trend decreasing from ~20 to ~0.26 over 150 steps, following Expert Tie-Breaker Rule for damped oscillatory convergence",Continue,150,13.269885778427124,3
vasp-data-files/100101101101101011001111/OSZICAR,0,200,1.0,6.0,"Large dE oscillations persist but rms(c) shows clear macro-trend downward from ~120 to ~0.18 over 200 steps, following Expert Tie-Breaker Rule that rms(c) trend overrules dE oscillations",Unresolved_MaxSteps,200,21.40747594833374,5
vasp-data-files/101100010101110001000100/OSZICAR,1,186,1.0,7.0,"Despite dE oscillations, rms(c) shows clear macro-trend decreasing from ~129 at step 13 to ~0.588 at step 100, following Expert Tie-Breaker Rule",Continue,100,4.213494539260864,1
vasp-data-files/110110100101001100111100/OSZICAR,1,136,1.0,7.0,"Despite persistent dE oscillations, rms(c) shows clear macro-trend decreasing from ~1.24E+02 to ~2.46E-01 over 125 steps, following Expert Tie-Breaker Rule",Continue,125,9.664145946502686,2
vasp-data-files/100011110011111010000110/OSZICAR,1,141,0.0,7.0,"rms(c) shows no consistent downward trend, stagnating around 0.2-0.5 after initial drop, with dE remaining high and oscillatory",Kill,100,4.21458888053894,1
vasp-data-files/110100111100111101010011/OSZICAR,0,200,0.0,7.0,"rms(c) oscillates between 6-28 with no consistent downward trend, showing stagnation at high values despite some dE fluctuations",Kill,100,3.6011600494384766,1
vasp-data-files/101001001100111011000101/OSZICAR,1,117,1.0,7.0,"Despite dE oscillations in later steps, rms(c) shows clear macro-trend decreasing from ~1.0E+02 to ~2.0E-01 over 100 steps, following Expert Tie-Breaker Rule",Continue,100,4.605059862136841,1
vasp-data-files/110100110001110001011001/OSZICAR,0,200,1.0,6.0,"Large dE oscillations persist but rms(c) shows clear macro-trend downward from ~12.4 to ~0.1 over 200 steps, following Expert Tie-Breaker Rule",Unresolved_MaxSteps,200,33.607341051101685,5
vasp-data-files/111010110000111110010000/OSZICAR,0,200,0.0,7.0,"rms(c) shows no consistent downward trend, oscillating between 0.8-1.6 without meaningful reduction over 100 steps, indicating stagnation and divergence according to Expert Tie-Breaker Rule",Kill,100,3.9072265625,1
vasp-data-files/101100000100111110000000/OSZICAR,0,200,0.0,7.0,"rms(c) shows no consistent downward trend, oscillating between 5-12 with stagnation around 6-8 in later steps, indicating divergence despite some dE oscillations",Kill,100,5.443451642990112,1
vasp-data-files/100001011111111001010111/OSZICAR,0,200,1.0,6.0,"Large dE oscillations persist but rms(c) shows overall downward macro-trend from ~12.7 at step 13 to ~0.3 at step 200, following Expert Tie-Breaker Rule that rms(c) trend overrules dE oscillations",Unresolved_MaxSteps,200,23.868485689163208,5
vasp-data-files/111110001100010010111111/OSZICAR,0,200,0.0,7.0,"rms(c) oscillates between 0.4-0.7 with no clear downward macro-trend over last 50 steps, indicating stagnation despite some dE fluctuations",Kill,100,4.214376211166382,1
vasp-data-files/110000000011100101010001/OSZICAR,0,200,0.0,7.0,"rms(c) stagnates around 0.2-0.4 after step 100 with no clear downward trend, dE shows persistent oscillations, indicating divergence according to Expert Tie-Breaker Rule",Kill,125,11.193725347518921,2
vasp-data-files/111100000101111100100000/OSZICAR,1,138,1.0,7.0,"Despite persistent dE oscillations, rms(c) shows clear macro-trend decreasing from ~1.22E+02 to ~3.21E-01 over 125 steps, following the Expert Tie-Breaker Rule for damped oscillatory convergence",Continue,125,11.50853443145752,2
vasp-data-files/100011110011111010100110/OSZICAR,1,144,1.0,7.0,"Despite persistent dE oscillations, rms(c) shows clear macro-trend decreasing from ~1.22E+02 to ~5.03E-01 over 125 steps, following the Expert's Tie-Breaker Rule for damped oscillatory convergence",Continue,125,8.231590270996094,2
vasp-data-files/111110110101110100110100/OSZICAR,0,200,0.0,7.0,"rms(c) oscillates between 1.2-3.1 with no clear downward macro-trend over 100 steps, indicating stagnation and divergence despite some dE fluctuations",Kill,100,3.8072023391723633,1
vasp-data-files/100111001111010100101000/OSZICAR,0,200,1.0,7.0,"Despite persistent dE oscillations, rms(c) shows clear macro-trend decreasing from ~20 to ~0.3 over 100 steps, following Expert Tie-Breaker Rule for eventual convergence",Continue,100,6.052459478378296,1
vasp-data-files/101100000101010001101100/OSZICAR,1,142,1.0,7.0,"Despite persistent dE oscillations, rms(c) shows clear macro-trend decreasing from ~100 to ~0.1 over 125 steps, following Expert Tie-Breaker Rule for damped oscillatory convergence",Continue,125,11.508061647415161,2
vasp-data-files/101100010101110000111100/OSZICAR,1,107,1.0,7.0,"Despite persistent dE oscillations, rms(c) shows clear macro-trend decreasing from ~1.23E+02 to ~1.91E-01 over 100 steps, following Expert Tie-Breaker Rule",Continue,100,6.056208372116089,1
vasp-data-files/110101000101000011111110/OSZICAR,1,149,1.0,7.0,"Despite persistent dE oscillations, rms(c) shows clear macro-trend decreasing from ~12.5 at step 40 to ~0.22 at step 125, following Expert Tie-Breaker Rule",Continue,125,10.586064338684082,2
vasp-data-files/101101000101111100000000/OSZICAR,1,102,1.0,7.0,"Despite persistent dE oscillations, rms(c) shows clear macro-trend decreasing from ~1.19E+02 to ~9.25E-02 over 88 steps, following Expert Tie-Breaker Rule",Continue,100,4.827274322509766,1
vasp-data-files/110001111110110011011111/OSZICAR,0,200,0.0,7.0,"rms(c) shows no consistent downward trend, stagnating around 0.9-1.1 after step 85 with persistent high oscillations, indicating divergence despite some energy fluctuations",Kill,100,3.9065825939178467,1
vasp-data-files/101110001110011101010011/OSZICAR,0,200,1.0,6.0,"Large dE oscillations persist but rms(c) shows clear downward macro-trend from ~120 at step 12 to ~0.7-1.2 in final steps, following Expert Tie-Breaker Rule",Unresolved_MaxSteps,200,26.62771463394165,5
vasp-data-files/110000011100011000001011/OSZICAR,1,131,1.0,7.0,"Despite persistent dE oscillations, rms(c) shows clear macro-trend decreasing from ~1.2E+02 to ~1.1E-01 over 125 steps, following the Expert's Tie-Breaker Rule for damped oscillatory convergence",Continue,125,9.055877208709717,2
vasp-data-files/101000001110001111010111/OSZICAR,1,125,1.0,7.0,"Despite persistent dE oscillations in later steps, rms(c) shows clear macro-trend decreasing from ~1.2E+02 to ~9E-02 over 100 steps, following Expert Tie-Breaker Rule",Continue,100,4.205889463424683,1
vasp-data-files/101111100000000011101101/OSZICAR,0,200,0.0,7.0,"rms(c) shows no consistent downward trend, stagnating around 1-3 after step 12 with persistent oscillations, indicating divergence despite some dE fluctuations",Kill,100,4.214061737060547,1
vasp-data-files/110110001000011100100000/OSZICAR,1,122,,,评估到 125 步时，实际步数仅为 122，数据不足。,Insufficient_Steps,122,5.442323684692383,1
vasp-data-files/100001010110011010010010/OSZICAR,1,165,1.0,7.0,"Despite persistent dE oscillations, rms(c) shows clear macro-trend decreasing from ~1.0E+02 to ~1.4E-01 over 150 steps, following Expert Tie-Breaker Rule for eventual convergence",Continue,150,14.115302801132202,3
vasp-data-files/101001010101000011001101/OSZICAR,1,154,1.0,7.0,"Despite persistent dE oscillations, rms(c) shows clear macro-trend decreasing from ~12.6 to ~0.47 over steps 33-125, following Expert Tie-Breaker Rule",Continue,125,9.355022192001343,2
vasp-data-files/111101010111011110011110/OSZICAR,1,109,,,评估到 125 步时，实际步数仅为 109，数据不足。,Insufficient_Steps,109,4.212567090988159,1
vasp-data-files/101100000101010000110100/OSZICAR,0,200,0.0,8.0,"rms(c) stagnates at ~0.19-0.20 after step 108 with no decreasing trend, dE remains oscillatory, violating the Expert Tie-Breaker Rule",Kill,125,8.048729181289673,2
vasp-data-files/100010010110001011010101/OSZICAR,0,200,1.0,7.0,"Despite persistent dE oscillations, rms(c) shows clear macro-trend decreasing from ~1.15E+00 at step 115 to ~3.11E-01 at step 125, following Expert Tie-Breaker Rule",Continue,125,9.66361379623413,2
vasp-data-files/101101000101111110100101/OSZICAR,0,200,1.0,7.0,"Despite persistent dE oscillations, rms(c) shows clear macro-trend decreasing from ~126 at step 13 to ~0.155 at step 175, following Expert's Tie-Breaker Rule for damped oscillatory convergence",Continue,175,17.594517707824707,4
vasp-data-files/110001000011001111101110/OSZICAR,0,200,0.0,7.0,"rms(c) shows no consistent downward trend, stagnating around 5-22 with oscillations and no macro-decrease, indicating divergence despite some dE fluctuations",Kill,100,4.110823392868042,1
vasp-data-files/101000111000110101100100/OSZICAR,1,102,,,评估到 125 步时，实际步数仅为 102，数据不足。,Insufficient_Steps,102,4.520103454589844,1
vasp-data-files/111110001100111010101000/OSZICAR,0,200,1.0,7.0,"Despite persistent dE oscillations, rms(c) shows clear macro-trend decreasing from ~1.21E+02 to ~5.74E-01 over 100 steps, following Expert Tie-Breaker Rule",Continue,100,4.134800434112549,1
vasp-data-files/101010010101111010100110/OSZICAR,1,171,0.0,7.0,"rms(c) shows no consistent downward trend, stagnating around 6-12 after initial drop, with dE remaining large and oscillatory throughout",Kill,100,3.9063122272491455,1
vasp-data-files/101001110011110001100110/OSZICAR,1,180,1.0,7.0,"Despite persistent dE oscillations, rms(c) shows clear macro-trend decreasing from ~100 to ~0.2 over 175 steps, following Expert Tie-Breaker Rule for damped oscillatory convergence",Continue,175,16.97780680656433,4
vasp-data-files/101110000101110011000100/OSZICAR,1,186,1.0,7.0,"Despite persistent dE oscillations, rms(c) shows clear macro-trend decreasing from ~23 to ~1.7 over 125 steps, following the Expert's Tie-Breaker Rule for damped oscillatory convergence",Continue,125,8.334654808044434,2
vasp-data-files/110111100001000100111111/OSZICAR,1,160,1.0,7.0,"Despite persistent dE oscillations, rms(c) shows clear macro-trend decreasing from ~1.26E+02 to ~3.19E-01 over 125 steps, following Expert Tie-Breaker Rule",Continue,125,8.842490196228027,2
vasp-data-files/111110000100110000100000/OSZICAR,0,200,0.0,7.0,"rms(c) shows no consistent downward trend, oscillating between 0.5-1.6 without meaningful reduction over many iterations, indicating stagnation and divergence despite some dE fluctuations",Kill,100,3.8038814067840576,1
vasp-data-files/101011010101011011011110/OSZICAR,0,200,0.0,7.0,"rms(c) stagnates around 0.26-0.27 for the last 30+ steps with no clear downward macro-trend, despite dE oscillations, indicating divergence per Expert Tie-Breaker Rule",Kill,125,9.047071933746338,2
vasp-data-files/101010101001110001011110/OSZICAR,1,122,,,评估到 125 步时，实际步数仅为 122，数据不足。,Insufficient_Steps,122,4.522355794906616,1
vasp-data-files/100001010100111010100000/OSZICAR,1,146,1.0,7.0,"Despite persistent dE oscillations, rms(c) shows clear macro-trend decreasing from ~1.24E+02 to ~1.06E-01 over 125 steps, following the Expert Tie-Breaker Rule for damped oscillatory convergence",Continue,125,8.969948053359985,2
vasp-data-files/111101011101000110100110/OSZICAR,0,200,0.0,8.0,"rms(c) shows no consistent downward trend, stagnating around 1.5-1.9 after initial fluctuations, with dE remaining large and oscillatory throughout",Kill,100,4.006757736206055,1
vasp-data-files/110100001001001111000001/OSZICAR,0,200,0.0,7.0,"rms(c) shows no consistent downward trend, stagnating around 1.5-2.5 with oscillations and no real improvement over many iterations, indicating divergence despite some dE fluctuations",Kill,100,4.008021593093872,1
vasp-data-files/111100100000110110111001/OSZICAR,1,157,1.0,7.0,"Despite persistent dE oscillations, rms(c) shows clear macro-trend decreasing from ~12.2 at step 13 to ~0.09 at step 125, following the Expert's Tie-Breaker Rule for damped oscillatory convergence",Continue,125,8.53614854812622,2
vasp-data-files/101111000110011100100100/OSZICAR,0,200,0.0,7.0,"rms(c) shows no consistent downward trend, oscillating between 0.3-1.1 without meaningful reduction over 125 steps, indicating stagnation despite dE oscillations",Kill,125,9.559757471084595,2
vasp-data-files/100110011100000111011100/OSZICAR,0,200,1.0,7.0,"Despite persistent dE oscillations, rms(c) shows clear macro-trend decreasing from ~12.3 at step 13 to ~0.33 at step 125, following the Expert's Tie-Breaker Rule for damped oscillatory convergence",Continue,125,8.231846332550049,2
vasp-data-files/101111001000100011010111/OSZICAR,1,102,1.0,7.0,"Despite persistent dE oscillations in later steps, rms(c) shows clear macro-trend decreasing from ~1.2E+01 to ~6.5E-03 over 100 steps, following Expert Tie-Breaker Rule",Continue,100,4.825228452682495,1
vasp-data-files/100001111100010010011110/OSZICAR,1,148,1.0,7.0,"Despite persistent dE oscillations, rms(c) shows clear macro-trend decreasing from ~100 to ~0.3 over 125 steps, following Expert Tie-Breaker Rule for damped oscillatory convergence",Continue,125,8.435192108154297,2
vasp-data-files/110000111011001111011011/OSZICAR,0,200,0.0,8.0,"rms(c) shows no consistent downward trend, oscillating between 0.5-1.3 with stagnation in later steps, indicating divergence despite some dE oscillations",Kill,125,8.741089582443237,2
vasp-data-files/101011110000111111101101/OSZICAR,1,124,,,评估到 125 步时，实际步数仅为 124，数据不足。,Insufficient_Steps,124,3.9044740200042725,1
vasp-data-files/111110001101110001100000/OSZICAR,0,200,0.0,7.0,"rms(c) shows no consistent downward trend, oscillating between 0.5-1.6 over last 100 steps with final value at 1.46, indicating stagnation and failure to converge",Kill,150,13.807632446289062,3
vasp-data-files/111010101111100011110111/OSZICAR,1,119,,,评估到 125 步时，实际步数仅为 119，数据不足。,Insufficient_Steps,119,3.903398036956787,1
vasp-data-files/111110001100010000101110/OSZICAR,1,116,,,评估到 125 步时，实际步数仅为 116，数据不足。,Insufficient_Steps,116,4.441004514694214,1
vasp-data-files/111110000000111100100000/OSZICAR,1,155,0.0,7.0,"rms(c) shows no consistent downward trend, stagnating around 0.1-0.4 after step 40 with persistent oscillations, indicating divergence despite some dE fluctuations",Kill,125,8.970106840133667,2
vasp-data-files/110101101100011001010011/OSZICAR,1,156,0.0,7.0,"rms(c) shows no consistent downward trend, stagnating around 0.5-1.4 with oscillations and ending at 0.548E+00, indicating divergence despite some dE fluctuations",Kill,100,4.41622257232666,1
vasp-data-files/101110101100010000111110/OSZICAR,0,200,0.0,7.0,"rms(c) shows no consistent downward trend, stagnating around 6-11 after initial improvement, with dE remaining large and oscillatory throughout",Kill,100,4.00883412361145,1
vasp-data-files/110110101000101111100011/OSZICAR,1,197,0.0,7.0,"rms(c) oscillates between 0.8-1.9 with no clear downward macro-trend over 125 steps, indicating stagnation and divergence despite some dE fluctuations",Kill,125,8.739530801773071,2
vasp-data-files/100001111100010010111110/OSZICAR,1,194,1.0,7.0,"Despite persistent dE oscillations, rms(c) shows clear macro-trend decreasing from ~1.8E+01 to ~7.5E-02 over 175 steps, following Expert Tie-Breaker Rule for damped oscillatory convergence",Continue,175,16.262187480926514,4
vasp-data-files/101101000100011010011110/OSZICAR,1,102,1.0,7.0,"Despite persistent dE oscillations, rms(c) shows clear macro-trend decreasing from ~100 to ~0.02 over 100 steps, following Expert Tie-Breaker Rule for eventual convergence",Continue,100,4.520485162734985,1
vasp-data-files/100001000101111011011110/OSZICAR,1,100,1.0,7.0,"Despite dE oscillations, rms(c) shows clear macro-trend decreasing from ~100 to ~0.01 over 100 steps, following Expert Tie-Breaker Rule for damped oscillatory convergence",Continue,100,4.521096706390381,1
vasp-data-files/100010111000111100100101/OSZICAR,1,145,1.0,7.0,"Despite persistent dE oscillations, rms(c) shows clear macro-trend decreasing from ~1.2E+02 to ~6.3E-01 over 125 steps, following the Expert Tie-Breaker Rule for damped oscillatory convergence",Continue,125,9.353031873703003,2
vasp-data-files/111110000100111010101010/OSZICAR,1,141,,,评估到 150 步时，实际步数仅为 141，数据不足。,Insufficient_Steps,141,8.7420494556427,2
vasp-data-files/100010111011110101000001/OSZICAR,0,200,0.0,7.0,"rms(c) shows no consistent downward trend, stagnating around 0.9-1.6 with oscillations throughout, indicating divergence despite some dE fluctuations",Kill,100,4.440347909927368,1
vasp-data-files/111110000000111000100100/OSZICAR,0,200,0.0,7.0,"rms(c) shows no consistent downward trend, stagnating around 1.5-4.6 with large oscillations and no clear damping, indicating divergence despite some energy fluctuations",Kill,100,4.519899606704712,1
vasp-data-files/100011111110010010011110/OSZICAR,1,170,1.0,7.0,"Despite persistent dE oscillations, rms(c) shows clear macro-trend decreasing from ~1.27E+02 at step 12 to ~2.31E-01 at step 147, following Expert Tie-Breaker Rule that rms(c) downward trend overrules dE noise",Continue,150,14.498204708099365,3
vasp-data-files/101101000100001011000011/OSZICAR,1,168,1.0,7.0,"Despite significant dE oscillations throughout, rms(c) shows clear macro-trend improvement from ~30 to ~5 over last 30 steps, following Expert Tie-Breaker Rule for damped oscillatory convergence",Continue,125,9.662846803665161,2
vasp-data-files/110110101111001101111100/OSZICAR,0,200,1.0,7.0,"Despite dE oscillations in later steps, rms(c) shows clear macro-trend decreasing from ~1.3E+02 to ~3.8E-01 over 100 steps, following Expert Tie-Breaker Rule",Continue,100,4.826045513153076,1
vasp-data-files/101001001111110111100101/OSZICAR,1,101,1.0,7.0,"Despite persistent dE oscillations, rms(c) shows clear macro-trend decreasing from ~1.2E+02 to ~9.5E-03 over 100 steps, following Expert Tie-Breaker Rule",Continue,100,4.210438966751099,1
vasp-data-files/110100101100101110100011/OSZICAR,1,141,,,评估到 150 步时，实际步数仅为 141，数据不足。,Insufficient_Steps,141,7.822152614593506,2
vasp-data-files/110110000011010000111100/OSZICAR,1,126,0.0,7.0,"rms(c) stagnates around 0.3-0.5 after step 40 with no clear downward macro-trend, and dE continues to oscillate significantly even in final steps, indicating failure to converge",Kill,125,8.660749197006226,2
vasp-data-files/110011110100000011011101/OSZICAR,1,131,,,评估到 150 步时，实际步数仅为 131，数据不足。,Insufficient_Steps,131,8.12523102760315,2
vasp-data-files/111100001101111010100000/OSZICAR,0,200,0.0,8.0,"rms(c) shows no consistent downward trend, stagnating around 1.0-1.2 with persistent large oscillations in dE, indicating divergence according to Expert Tie-Breaker Rule",Kill,100,3.8267645835876465,1
vasp-data-files/101010001100011000000111/OSZICAR,1,105,,,评估到 125 步时，实际步数仅为 105，数据不足。,Insufficient_Steps,105,4.5172340869903564,1
vasp-data-files/111010010100011100100010/OSZICAR,1,130,,,评估到 150 步时，实际步数仅为 130，数据不足。,Insufficient_Steps,130,8.664356470108032,2
vasp-data-files/101001010101011110100000/OSZICAR,1,131,0.0,7.0,"rms(c) stagnates around 0.5 after initial improvement, showing no clear downward macro-trend in later steps (40-100), while dE continues oscillating significantly",Kill,100,4.44001579284668,1
vasp-data-files/101001011100111010100010/OSZICAR,0,200,0.0,7.0,"rms(c) shows no consistent downward trend, oscillating between 1.4-2.6 with final value at 0.847E+01 (8.47) after 100 steps, indicating stagnation and failure to converge",Kill,100,4.825068950653076,1
vasp-data-files/101011011110100110110110/OSZICAR,1,116,1.0,7.0,"Despite persistent dE oscillations, rms(c) shows clear macro-trend decreasing from ~128 at step 13 to ~0.132 at step 100, following Expert Tie-Breaker Rule for damped oscillatory convergence",Continue,100,4.827409267425537,1
vasp-data-files/101000010111100101110111/OSZICAR,0,200,0.0,7.0,"rms(c) shows no consistent downward trend, stagnating around 1.3-2.3 with oscillations and no clear damping, indicating divergence per Expert Tie-Breaker Rule",Kill,100,3.903670072555542,1
vasp-data-files/110110101000111110101001/OSZICAR,1,127,0.0,7.0,"rms(c) shows no consistent downward trend, oscillating between 0.1-5.2 with final values around 2.2, indicating stagnation and divergence according to Expert Tie-Breaker Rule",Kill,100,4.8270463943481445,1
vasp-data-files/100100010110111000000110/OSZICAR,1,103,1.0,7.0,"Despite persistent dE oscillations, rms(c) shows clear macro-trend decreasing from ~1.06E+01 at step 12 to ~1.09E-02 at step 100, following the Expert Tie-Breaker Rule for eventual convergence",Continue,100,4.212114095687866,1
vasp-data-files/101001111100100011011111/OSZICAR,1,111,,,评估到 125 步时，实际步数仅为 111，数据不足。,Insufficient_Steps,111,3.5969035625457764,1
vasp-data-files/100001111101001001011111/OSZICAR,0,200,0.0,7.0,"rms(c) shows no consistent downward trend, stagnating around 2.0-2.5 after initial improvement, with dE oscillations persisting throughout - classic stagnation phenotype",Kill,100,4.440336227416992,1
vasp-data-files/100110100000001100111101/OSZICAR,0,200,0.0,8.0,"rms(c) shows no consistent downward trend, oscillating between 1.0-2.5 with final values at 0.68-0.76, indicating stagnation and failure to converge despite some energy oscillations",Kill,100,4.5203516483306885,1
vasp-data-files/101101000101000010111110/OSZICAR,0,200,0.0,7.0,"rms(c) shows no consistent downward trend, oscillating between 0.5-1.8 without meaningful reduction over 100 steps, indicating stagnation and divergence according to Expert Tie-Breaker Rule",Kill,100,4.209613800048828,1
vasp-data-files/110111101101001000111100/OSZICAR,1,148,0.0,7.0,"rms(c) shows no consistent downward trend, stagnating around 0.24-0.35 after step 40 with persistent oscillations, indicating divergence despite some dE fluctuations",Kill,100,3.9045300483703613,1
vasp-data-files/101101000101000011101101/OSZICAR,0,200,0.0,7.0,"rms(c) shows no consistent downward trend, oscillating between 0.5-1.3 with recent values around 1.2-1.3, indicating stagnation per Expert Tie-Breaker Rule",Kill,125,9.56072211265564,2
vasp-data-files/111110010001110000111000/OSZICAR,1,156,1.0,7.0,"Despite persistent dE oscillations, rms(c) shows clear macro-trend decreasing from ~100 to ~0.2-0.3 over 100 steps, following Expert Tie-Breaker Rule for damped oscillatory convergence",Continue,100,4.6198554039001465,1
vasp-data-files/110110100100001100111100/OSZICAR,1,127,1.0,7.0,"Despite persistent dE oscillations, rms(c) shows clear macro-trend decreasing from ~1.2E+02 to ~1.5E-01 over 125 steps, following Expert Tie-Breaker Rule",Continue,125,9.04592227935791,2
vasp-data-files/101001010101111010100100/OSZICAR,1,138,0.0,7.0,"rms(c) shows no consistent downward trend, stagnating around 0.12 from step 50-100 with persistent oscillations, indicating divergence despite some dE fluctuations",Kill,100,3.9049174785614014,1
vasp-data-files/101000010110110001010100/OSZICAR,0,200,0.0,8.0,"rms(c) shows no consistent downward trend, stagnating around 1.5-2.8 with large oscillations and no overall improvement, indicating divergence according to Expert Tie-Breaker Rule",Kill,100,4.211445331573486,1
vasp-data-files/111000011111001011010011/OSZICAR,0,200,0.0,7.0,"rms(c) shows no consistent downward trend, stagnating around 0.4-0.6 after initial improvement, with dE remaining high and oscillatory",Kill,100,3.5973572731018066,1
vasp-data-files/110110111001001000110010/OSZICAR,1,117,1.0,7.0,"Despite persistent dE oscillations, rms(c) shows clear macro-trend decreasing from ~15.0 at step 25 to ~1.55 at step 100, following the Expert Tie-Breaker Rule for eventual convergence",Continue,100,4.827059507369995,1
vasp-data-files/111100000101010100100001/OSZICAR,1,151,1.0,7.0,"Despite persistent dE oscillations, rms(c) shows clear macro-trend decreasing from ~1.6E+01 to ~4.5E-01 over 125 steps, following the Expert Tie-Breaker Rule for damped oscillatory convergence",Continue,125,9.6609525680542,2
vasp-data-files/101011011100110010010111/OSZICAR,0,200,0.0,8.0,"rms(c) shows no consistent downward trend, stagnating around 0.5-0.8 after step 100 with persistent oscillations, indicating divergence according to Expert Tie-Breaker Rule",Kill,125,9.047173500061035,2
vasp-data-files/111011100111011111010111/OSZICAR,1,126,1.0,7.0,"Despite persistent dE oscillations, rms(c) shows clear macro-trend decreasing from ~1.2E+01 to ~2.8E-01 over 125 steps, following Expert Tie-Breaker Rule",Continue,125,9.046846389770508,2
vasp-data-files/111001010111111000010000/OSZICAR,0,200,1.0,7.0,"Despite persistent dE oscillations, rms(c) shows clear macro-trend decreasing from ~12.1 at step 13 to ~0.16 at step 125, following Expert Tie-Breaker Rule",Continue,125,9.353934288024902,2
vasp-data-files/100010001111111111111010/OSZICAR,0,200,0.0,8.0,"rms(c) shows no consistent downward trend, stagnating around 1.5-3.7 with oscillations and no overall improvement, indicating divergence according to the Expert's Tie-Breaker Rule",Kill,100,3.5965421199798584,1
vasp-data-files/100010101011000001011111/OSZICAR,0,200,1.0,6.0,"Large dE oscillations persist but rms(c) shows clear macro-trend downward from ~1.22E+02 to ~0.37E-01 over 200 steps, following Expert Tie-Breaker Rule",Unresolved_MaxSteps,200,22.63452696800232,5
vasp-data-files/101100000101100111000000/OSZICAR,1,107,1.0,7.0,"Despite persistent dE oscillations, rms(c) shows clear macro-trend decreasing from ~1.22E+02 to ~4.40E-02 over 100 steps, following Expert Tie-Breaker Rule",Continue,100,4.8269548416137695,1
vasp-data-files/101111001100010010100010/OSZICAR,1,124,,,评估到 125 步时，实际步数仅为 124，数据不足。,Insufficient_Steps,124,4.2096662521362305,1
vasp-data-files/101111010101001111101011/OSZICAR,1,115,,,评估到 125 步时，实际步数仅为 115，数据不足。,Insufficient_Steps,115,4.132830381393433,1
vasp-data-files/100000010111101001010111/OSZICAR,0,200,1.0,7.0,"Despite persistent dE oscillations, rms(c) shows clear macro-trend decreasing from ~100 to ~0.3 over 175 steps, following Expert Tie-Breaker Rule for damped oscillatory convergence",Continue,175,18.949669361114502,4
vasp-data-files/111010101001110101110100/OSZICAR,1,104,1.0,7.0,"Despite persistent dE oscillations, rms(c) shows clear macro-trend decreasing from ~126 at step 13 to ~0.022 at step 100, following Expert Tie-Breaker Rule",Continue,100,3.5967400074005127,1
vasp-data-files/110000101010001110011011/OSZICAR,0,200,0.0,7.0,"rms(c) oscillates between 0.3-0.6 without clear downward trend after step 50, dE remains high with persistent oscillations, indicating stagnation and likely divergence",Kill,100,3.903794527053833,1
vasp-data-files/101011010101000010111110/OSZICAR,0,200,0.0,8.0,"rms(c) shows no consistent downward trend, oscillating between 1.0-3.1 with final values around 0.86E+01, indicating stagnation and divergence according to Expert Tie-Breaker Rule",Kill,100,4.8232340812683105,1
vasp-data-files/111100000101110000100000/OSZICAR,1,102,1.0,7.0,"Despite persistent dE oscillations, rms(c) shows clear macro-trend decreasing from ~1.05E+02 to ~1.44E-02 over 100 steps, following Expert Tie-Breaker Rule",Continue,100,4.520622253417969,1
vasp-data-files/101111100101000010111111/OSZICAR,0,200,0.0,8.0,"rms(c) shows no consistent downward trend, oscillating between 1.0E+01 and 3.5E+01 with final values around 1.6E+01, indicating stagnation and divergence according to Expert Tie-Breaker Rule",Kill,100,4.721757888793945,1
vasp-data-files/101001110101111010010110/OSZICAR,1,115,1.0,7.0,"Despite persistent dE oscillations, rms(c) shows clear macro-trend decreasing from ~1.23E+02 to ~1.15E-01 over 100 steps, following Expert Tie-Breaker Rule",Continue,100,4.929022312164307,1
vasp-data-files/110100111100111101010001/OSZICAR,1,140,1.0,7.0,"Despite persistent dE oscillations, rms(c) shows clear macro-trend decreasing from ~1.1E+01 at step 30 to ~3.0E-01 at step 100, following Expert Tie-Breaker Rule",Continue,100,4.5176050662994385,1
vasp-data-files/101101001101001101000111/OSZICAR,0,200,0.0,7.0,"rms(c) shows no consistent downward trend, oscillating between 0.3-4.4 without sustained improvement, indicating stagnation despite dE oscillations",Kill,125,12.426402568817139,2
vasp-data-files/101011110000111110100101/OSZICAR,1,133,1.0,7.0,"Despite persistent dE oscillations, rms(c) shows clear macro-trend decreasing from ~12.6 at step 13 to ~0.279 at step 100, following Expert Tie-Breaker Rule for eventual convergence",Continue,100,4.216150999069214,1
vasp-data-files/111110110101000101010101/OSZICAR,0,200,0.0,7.0,"rms(c) shows no consistent downward trend, stagnating around 0.1-0.3 after step 30 with persistent oscillations, while dE remains oscillatory without convergence",Kill,100,4.206601142883301,1
vasp-data-files/100111001011101101101000/OSZICAR,0,200,0.0,7.0,"rms(c) shows no consistent downward trend, stagnating around 1.0-1.3 after initial fluctuations, indicating divergence despite some dE oscillations",Kill,100,3.9027483463287354,1
vasp-data-files/101011110101111010011110/OSZICAR,1,160,1.0,7.0,"Despite persistent dE oscillations, rms(c) shows clear macro-trend decreasing from ~127 at step 13 to ~0.11 at step 125, following Expert Tie-Breaker Rule",Continue,125,8.787167072296143,2
vasp-data-files/100101011111111001001100/OSZICAR,0,200,1.0,7.0,"Despite significant dE oscillations throughout, the macro-trend of rms(c) shows clear downward progression from ~126 at step 13 to ~0.565 at step 125, following the Expert Tie-Breaker Rule that rms(c) trend overrules dE oscillations",Continue,125,9.919591426849365,2
vasp-data-files/101000010101000011010111/OSZICAR,0,200,1.0,7.0,"Despite persistent dE oscillations, rms(c) shows clear macro-trend decreasing from ~1.22E+02 to ~1.35E-01 over 125 steps, following Expert Tie-Breaker Rule",Continue,125,9.990077257156372,2
vasp-data-files/101010010100111110100100/OSZICAR,1,175,1.0,7.0,"Despite persistent dE oscillations, rms(c) shows clear macro-trend decreasing from ~18.5 at step 40 to ~0.3 at step 150, following Expert's Tie-Breaker Rule for damped oscillatory convergence",Continue,150,13.862405776977539,3
vasp-data-files/100110010111000000110001/OSZICAR,0,200,0.0,7.0,"rms(c) shows no consistent downward trend, oscillating between 0.2-1.1 without sustained improvement, indicating stagnation despite dE oscillations",Kill,125,7.81794548034668,2
vasp-data-files/100111000001000011111011/OSZICAR,0,200,1.0,7.0,"Despite persistent dE oscillations, rms(c) shows clear macro-trend decreasing from ~12.2 at step 13 to ~4.32 at step 100, following Expert Tie-Breaker Rule for damped oscillatory convergence",Continue,100,4.5166356563568115,1
vasp-data-files/101110001101010111010001/OSZICAR,0,200,0.0,7.0,"rms(c) shows no consistent downward trend, stagnating around 0.2-0.25 after initial decrease, with dE oscillations persisting throughout - violates the Expert Tie-Breaker Rule",Kill,100,3.9037394523620605,1
vasp-data-files/110100110101111101010001/OSZICAR,0,200,1.0,7.0,"Despite persistent dE oscillations, rms(c) shows clear macro-trend decreasing from ~1.27E+02 to ~3.61E-01 over 125 steps, following the Expert Tie-Breaker Rule for damped oscillatory convergence",Continue,125,9.667411088943481,2
vasp-data-files/100110100011001101111000/OSZICAR,1,156,1.0,7.0,"Despite persistent dE oscillations, rms(c) shows clear macro-trend decreasing from ~1.24E+02 to ~3.39E-01 over 100 steps, following Expert Tie-Breaker Rule",Continue,100,4.306052207946777,1
vasp-data-files/100010110100110000110000/OSZICAR,0,200,1.0,7.0,"Despite persistent dE oscillations, rms(c) shows clear macro-trend decreasing from ~15.8 at step 60 to ~0.99 at step 125, following the Expert Tie-Breaker Rule for damped oscillatory convergence",Continue,125,8.945039749145508,2
vasp-data-files/101011000101010010111110/OSZICAR,0,200,0.0,8.0,"rms(c) shows no consistent downward trend, stagnating around 1.0-1.3 after initial fluctuations, with dE remaining large and oscillatory throughout",Kill,100,4.211058139801025,1
vasp-data-files/110001110110000110011100/OSZICAR,0,200,0.0,7.0,"rms(c) shows no consistent downward trend, stagnating around 1.0-1.5 with oscillations and no clear damping, indicating divergence per Expert Tie-Breaker Rule",Kill,100,4.516084432601929,1
vasp-data-files/100010001001111100101000/OSZICAR,1,141,1.0,7.0,"Despite persistent dE oscillations, rms(c) shows clear macro-trend decreasing from ~1.24E+02 to ~3.32E-01 over 100 steps, following Expert Tie-Breaker Rule for damped oscillatory convergence",Continue,100,4.517516136169434,1
vasp-data-files/111111000110000110111010/OSZICAR,0,200,0.0,7.0,"rms(c) shows no consistent downward trend, oscillating between 6-16 with stagnation around 12-13 in later steps, indicating divergence despite some dE oscillations",Kill,100,4.2119646072387695,1
vasp-data-files/100101000001000011011111/OSZICAR,1,115,,,评估到 125 步时，实际步数仅为 115，数据不足。,Insufficient_Steps,115,4.522679805755615,1
vasp-data-files/101001010111000011111111/OSZICAR,1,152,1.0,7.0,"Despite persistent dE oscillations, rms(c) shows clear macro-trend decreasing from ~12.3 at step 13 to ~0.39 at step 125, following the Expert's Tie-Breaker Rule for damped oscillatory convergence",Continue,125,14.18520736694336,2
vasp-data-files/101010000111110111100101/OSZICAR,0,200,0.0,8.0,"rms(c) shows no consistent downward trend, stagnating around 1-2E+01 with oscillations throughout, indicating divergence despite some dE fluctuations",Kill,100,8.509979963302612,1
vasp-data-files/100010111000111100100000/OSZICAR,1,112,1.0,7.0,"Despite persistent dE oscillations, rms(c) shows clear macro-trend decreasing from ~1.22E+02 to ~7.00E-02 over 100 steps, following Expert Tie-Breaker Rule",Continue,100,4.208948612213135,1
vasp-data-files/100000001110110011111111/OSZICAR,1,103,1.0,7.0,"Despite persistent dE oscillations, rms(c) shows clear macro-trend decreasing from 1.22E+02 to 1.63E-02 over 100 steps, following Expert Tie-Breaker Rule",Continue,100,4.825869798660278,1
vasp-data-files/110100000101010001010010/OSZICAR,0,200,1.0,7.0,"Despite persistent dE oscillations, rms(c) shows clear macro-trend decreasing from ~12.6 to ~0.58 over 125 steps, following Expert Tie-Breaker Rule",Continue,125,8.743594646453857,2
vasp-data-files/111101010100111110110000/OSZICAR,0,200,0.0,7.0,"rms(c) shows no consistent downward trend, stagnating around 2.5-3.8 with oscillations and no clear damping, indicating divergence according to Expert Tie-Breaker Rule",Kill,100,4.82716178894043,1
vasp-data-files/100001110101100011010111/OSZICAR,0,200,1.0,7.0,"Despite persistent dE oscillations, rms(c) shows clear macro-trend decrease from ~12.2 at step 13 to ~0.93 at step 175, following Expert's Tie-Breaker Rule for damped oscillatory convergence",Continue,175,19.018993139266968,4
vasp-data-files/100010110010001110111111/OSZICAR,1,170,1.0,7.0,"Despite persistent dE oscillations, rms(c) shows clear macro-trend decreasing from ~1.24E+01 to ~3.50E-01 over 125 steps, following Expert Tie-Breaker Rule",Continue,125,8.432395458221436,2
vasp-data-files/110100001000111000000001/OSZICAR,1,121,0.0,7.0,"rms(c) shows no consistent downward trend, stagnating around 0.6-1.0 in later steps with recent jump to 1.05E+01 at step 98, indicating divergence despite some dE oscillations",Kill,100,4.514384984970093,1
vasp-data-files/110110101010110000110001/OSZICAR,0,200,1.0,6.0,"Large dE oscillations persist but rms(c) shows clear macro-trend decreasing from ~12.6 at step 13 to ~1.9 at step 140, following Expert Tie-Breaker Rule that downward rms(c) trend indicates eventual convergence despite noisy energy changes",Unresolved_MaxSteps,200,23.561169624328613,5
vasp-data-files/100010010011000001111110/OSZICAR,1,126,1.0,7.0,"Despite persistent dE oscillations, rms(c) shows clear macro-trend decreasing from ~12.5 at step 15 to ~0.011 at step 100, following Expert Tie-Breaker Rule for eventual convergence",Continue,100,4.512568473815918,1
vasp-data-files/110110001010000111111001/OSZICAR,0,200,0.0,7.0,"rms(c) shows no consistent downward trend, oscillating between 0.1-0.4 without meaningful reduction over many iterations, indicating stagnation and divergence despite some dE fluctuations",Kill,100,4.2102744579315186,1
vasp-data-files/101001111110111111000001/OSZICAR,0,200,0.0,8.0,"rms(c) shows no consistent downward trend, stagnating around 1.0-2.5 with large oscillations and ending at 1.00E+01, indicating divergence according to Expert Tie-Breaker Rule",Kill,100,5.4378790855407715,1
vasp-data-files/101001010001000010111110/OSZICAR,1,161,1.0,7.0,"Despite persistent dE oscillations, rms(c) shows clear macro-trend decreasing from ~12 to ~0.76 over 125 steps, following Expert Tie-Breaker Rule for damped oscillatory convergence",Continue,125,8.4311203956604,2
vasp-data-files/101001010101111110100101/OSZICAR,0,200,1.0,6.0,"Large dE oscillations persist but rms(c) shows clear macro-trend decreasing from ~1.26E+02 to ~3.77E-01 over 200 steps, following Expert Tie-Breaker Rule",Unresolved_MaxSteps,200,22.324095487594604,5
vasp-data-files/110111001100011100101000/OSZICAR,0,200,1.0,6.0,"Large dE oscillations persist but rms(c) shows clear macro-trend downward from ~12.3E+00 to ~0.5E+00 over 200 steps, following Expert Tie-Breaker Rule",Unresolved_MaxSteps,200,20.481264352798462,5
vasp-data-files/111101001101111100100000/OSZICAR,1,135,0.0,7.0,"rms(c) stagnates around 0.1-0.14 after step 70 with no clear downward trend, and dE shows persistent oscillations without convergence, indicating divergence per Expert Tie-Breaker Rule",Kill,100,4.5186545848846436,1
vasp-data-files/110100001110001101111001/OSZICAR,1,109,,,评估到 125 步时，实际步数仅为 109，数据不足。,Insufficient_Steps,109,4.513946533203125,1
vasp-data-files/101001011100111100100000/OSZICAR,1,127,1.0,7.0,"Despite persistent dE oscillations, rms(c) shows clear macro-trend decreasing from ~12.2 at step 13 to ~0.115 at step 100, following Expert Tie-Breaker Rule",Continue,100,4.747456789016724,1
vasp-data-files/110101111100111101010011/OSZICAR,0,200,1.0,7.0,"Despite persistent dE oscillations, rms(c) shows clear macro-trend decreasing from ~12.7 at step 13 to ~1.87 at step 125, following the Expert's Tie-Breaker Rule for damped oscillatory convergence",Continue,125,20.10495400428772,2
vasp-data-files/111100011110000110000001/OSZICAR,0,200,0.0,8.0,"rms(c) shows no consistent downward trend, stagnating around 1.2-1.5E+01 in final steps with persistent large oscillations, indicating divergence according to Expert Tie-Breaker Rule",Kill,100,3.9012396335601807,1
vasp-data-files/101001010101110011100111/OSZICAR,0,200,0.0,7.0,"rms(c) shows no consistent downward trend, oscillating between 0.3-1.2E+01 with no net improvement over many iterations, indicating stagnation and divergence despite some dE fluctuations",Kill,125,9.052839279174805,2
vasp-data-files/101101110001000000000110/OSZICAR,0,200,1.0,7.0,"Despite persistent dE oscillations, rms(c) shows clear macro-trend decreasing from ~12.2 at step 13 to ~1.11 at step 125, following the Expert's Tie-Breaker Rule for damped oscillatory convergence",Continue,125,9.961443185806274,2
vasp-data-files/111101000001110000101000/OSZICAR,0,200,1.0,7.0,"Despite dE oscillations in later steps, rms(c) shows clear macro-trend decreasing from 1.2E+01 at step 12 to 3.03E-01 at step 100, following Expert Tie-Breaker Rule for damped oscillatory convergence",Continue,100,4.824050426483154,1
vasp-data-files/111100100000110111110001/OSZICAR,1,106,,,评估到 125 步时，实际步数仅为 106，数据不足。,Insufficient_Steps,106,4.209316968917847,1
vasp-data-files/110110000111000011111111/OSZICAR,1,145,1.0,7.0,"Despite persistent dE oscillations, rms(c) shows clear macro-trend decreasing from ~1.23E+02 to ~1.90E-01 over 125 steps, following the Expert's Tie-Breaker Rule for damped oscillatory convergence",Continue,125,8.659626007080078,2
vasp-data-files/100011010011000001101110/OSZICAR,0,200,0.0,8.0,"rms(c) shows no consistent downward trend, stagnating around 1.5-2.5 with oscillations and no overall improvement, indicating divergence according to Expert Tie-Breaker Rule",Kill,100,4.517094135284424,1
vasp-data-files/100110101010000101011001/OSZICAR,1,123,1.0,7.0,"Despite persistent dE oscillations, rms(c) shows clear macro-trend decreasing from 1.55E+00 at step 45 to 7.71E-02 at step 100, following Expert Tie-Breaker Rule",Continue,100,4.823554754257202,1
vasp-data-files/110010010011000001111101/OSZICAR,0,200,1.0,7.0,"Despite persistent dE oscillations, rms(c) shows clear macro-trend decreasing from ~1.05E+02 to ~7.62E-01 over 125 steps, following the Expert Tie-Breaker Rule for damped oscillatory convergence",Continue,125,9.352765560150146,2
vasp-data-files/100000011111111011000100/OSZICAR,0,200,0.0,7.0,"rms(c) shows no consistent downward trend, stagnating around 0.1-0.2 after step 40 with persistent oscillations, indicating failure to converge despite many iterations",Kill,125,11.809265851974487,2
vasp-data-files/101001011101100011010111/OSZICAR,1,104,1.0,7.0,"Despite persistent dE oscillations, rms(c) shows clear macro-trend decreasing from ~1.24E+02 to ~1.24E-02 over 100 steps, following Expert Tie-Breaker Rule",Continue,100,9.125322341918945,1
vasp-data-files/101101000101000011011111/OSZICAR,0,200,0.0,7.0,"rms(c) shows no consistent downward trend, stagnating around 0.6-0.65 after step 117 with persistent high values, indicating divergence according to the Expert's Tie-Breaker Rule",Kill,125,11.19602108001709,2
vasp-data-files/110100010111000101000001/OSZICAR,0,200,0.0,8.0,"rms(c) stagnates around 1.7-2.0 after step 100 with no clear downward trend, and dE shows persistent large oscillations, indicating divergence according to Expert Tie-Breaker Rule",Kill,125,13.651784181594849,2
vasp-data-files/100110010111000001110001/OSZICAR,1,107,1.0,7.0,"Despite persistent dE oscillations, rms(c) shows clear macro-trend decreasing from ~1.24E+02 at step 13 to ~7.70E-02 at step 100, following Expert Tie-Breaker Rule",Continue,100,4.518136978149414,1
vasp-data-files/111111010001011000100000/OSZICAR,1,110,,,评估到 125 步时，实际步数仅为 110，数据不足。,Insufficient_Steps,110,6.6669909954071045,1
vasp-data-files/111110001100110001101110/OSZICAR,1,133,1.0,7.0,"Despite persistent dE oscillations, rms(c) shows clear macro-trend decreasing from ~100 to ~0.02 over 125 steps, following the Expert's Tie-Breaker Rule for damped oscillatory convergence",Continue,125,9.887376308441162,2
vasp-data-files/100001110100101101010001/OSZICAR,1,196,0.0,8.0,"rms(c) shows no consistent downward trend, stagnating around 1.3-1.6 after initial fluctuations, with dE remaining high and oscillatory throughout",Kill,100,5.130566120147705,1
vasp-data-files/111100001101110010101000/OSZICAR,1,124,,,评估到 125 步时，实际步数仅为 124，数据不足。,Insufficient_Steps,124,4.209809064865112,1
vasp-data-files/101101000100111010000000/OSZICAR,1,176,1.0,7.0,"Despite persistent dE oscillations, rms(c) shows clear macro-trend downward from ~1.05E+01 to ~2.44E-01 over 125 steps, following Expert Tie-Breaker Rule",Continue,125,8.658555030822754,2
vasp-data-files/101001010000111010100110/OSZICAR,1,101,1.0,7.0,"Despite dE oscillations, rms(c) shows clear macro-trend decreasing from 1.24E+02 to 1.75E-02 over 100 steps, following Expert Tie-Breaker Rule",Continue,100,4.5156872272491455,1
vasp-data-files/111010001100011101110110/OSZICAR,1,143,1.0,7.0,"Despite persistent dE oscillations, rms(c) shows clear macro-trend decreasing from ~1.25E+02 to ~2.0E-01 over 100 steps, following Expert Tie-Breaker Rule",Continue,100,4.5172364711761475,1
vasp-data-files/111101000101110000101100/OSZICAR,1,135,,,评估到 150 步时，实际步数仅为 135，数据不足。,Insufficient_Steps,135,9.353607892990112,2
vasp-data-files/100100001111001001011101/OSZICAR,1,111,1.0,7.0,"Despite persistent dE oscillations, rms(c) shows clear macro-trend decreasing from ~1.5 at step 60 to ~0.1 at step 100, following Expert Tie-Breaker Rule",Continue,100,4.12814998626709,1
vasp-data-files/100100010101110010111100/OSZICAR,0,200,1.0,7.0,"Despite persistent dE oscillations, rms(c) shows clear macro-trend decreasing from ~12.3 at step 13 to ~1.1 at step 125, following the Expert's Tie-Breaker Rule for damped oscillatory convergence",Continue,125,9.044684410095215,2
vasp-data-files/111001111011000001110101/OSZICAR,1,127,1.0,7.0,"Despite persistent dE oscillations, rms(c) shows clear macro-trend decreasing from ~1.2E+02 to ~1.2E-01 over 125 steps, following the Expert Tie-Breaker Rule for damped oscillatory convergence",Continue,125,8.124528408050537,2
vasp-data-files/100100001110000101111111/OSZICAR,0,200,0.0,7.0,"rms(c) shows no consistent downward trend, oscillating between 0.1-0.5 without meaningful reduction over many iterations, indicating stagnation and divergence despite some dE fluctuations",Kill,100,3.594876289367676,1
vasp-data-files/101100010110111010000011/OSZICAR,1,181,1.0,7.0,"Despite persistent dE oscillations, rms(c) shows clear macro-trend decreasing from ~10.6 at step 12 to ~0.03 at step 175, following Expert Tie-Breaker Rule",Continue,175,18.410181283950806,4
vasp-data-files/101111100100111011100011/OSZICAR,1,161,1.0,7.0,"Despite persistent dE oscillations, rms(c) shows clear macro-trend downward from ~12.4 at step 13 to ~0.07 at step 125, following Expert Tie-Breaker Rule",Continue,125,8.735367774963379,2
vasp-data-files/101111001011100011100001/OSZICAR,1,175,1.0,7.0,"Despite persistent dE oscillations, rms(c) shows clear macro-trend decreasing from ~125 at step 13 to ~0.113 at step 125, following Expert Tie-Breaker Rule that rms(c) downward trend indicates eventual convergence",Continue,125,8.797433137893677,2
vasp-data-files/100010010101100100100000/OSZICAR,0,200,0.0,8.0,"rms(c) shows no consistent downward trend, stagnating around 10^1 with oscillations between 8-13, indicating failure to converge despite many iterations",Kill,150,13.513809442520142,3
vasp-data-files/110110101001100101011011/OSZICAR,1,110,1.0,7.0,"Despite persistent dE oscillations, rms(c) shows clear macro-trend decreasing from ~125 at step 13 to ~0.034 at step 100, following Expert Tie-Breaker Rule for eventual convergence",Continue,100,4.516195058822632,1
vasp-data-files/110010101011000001111111/OSZICAR,0,200,0.0,7.0,"rms(c) shows no consistent downward trend, oscillating between 0.45-3.21 without sustained improvement, indicating stagnation and divergence despite some dE fluctuations",Kill,150,12.650787353515625,3
vasp-data-files/111110101111000011110101/OSZICAR,0,200,1.0,7.0,"Despite persistent dE oscillations, rms(c) shows clear macro-trend decreasing from ~1.24E+02 to ~2.67E-01 over 200 steps, following Expert Tie-Breaker Rule for damped oscillatory convergence",Continue,200,21.71128273010254,5
vasp-data-files/100110001111000001111111/OSZICAR,1,103,1.0,7.0,"Despite persistent dE oscillations, rms(c) shows clear macro-trend decreasing from ~1.27E+02 to ~1.70E-02 over 100 steps, following Expert Tie-Breaker Rule",Continue,100,4.8225367069244385,1
vasp-data-files/100000111001001001011111/OSZICAR,1,137,1.0,7.0,"Despite persistent dE oscillations, rms(c) shows clear macro-trend downward from ~1.0E+02 to ~3.8E-01 over 125 steps, following Expert Tie-Breaker Rule",Continue,125,8.95931601524353,2
vasp-data-files/111110010100111110100100/OSZICAR,1,197,1.0,7.0,"Despite persistent dE oscillations, rms(c) shows clear macro-trend decreasing from ~1.27E+02 to ~2.52E-01 over 125 steps, following Expert Tie-Breaker Rule",Continue,125,8.821309804916382,2
vasp-data-files/111100001100111100100000/OSZICAR,0,200,1.0,7.0,"Despite significant dE oscillations, rms(c) shows clear macro-trend decreasing from ~12.5 at step 34 to ~1.43 at step 150, following Expert Tie-Breaker Rule",Continue,150,12.659173250198364,3
vasp-data-files/110100001111100001000011/OSZICAR,0,200,0.0,7.0,"rms(c) shows no consistent downward trend, oscillating between 6-24 without sustained improvement, indicating stagnation and divergence despite some dE fluctuations",Kill,100,3.8939945697784424,1
vasp-data-files/110010111011101011000111/OSZICAR,1,123,1.0,7.0,"Despite persistent dE oscillations, rms(c) shows clear downward macro-trend from ~100 to ~0.09 over 100 steps, following Expert Tie-Breaker Rule for eventual convergence",Continue,100,4.5150604248046875,1
vasp-data-files/111110000101011000101000/OSZICAR,1,116,1.0,7.0,"Despite persistent dE oscillations, rms(c) shows clear macro-trend decreasing from ~1.23E+02 at step 13 to 1.78E-01 at step 100, following the Expert Tie-Breaker Rule for eventual convergence",Continue,100,4.8242268562316895,1
vasp-data-files/111101000101111111100100/OSZICAR,0,200,1.0,7.0,"Despite persistent dE oscillations, rms(c) shows clear macro-trend decreasing from ~12.5 at step 40 to ~0.52 at step 175, following Expert Tie-Breaker Rule",Continue,175,16.56483793258667,4
vasp-data-files/111110001011100010101001/OSZICAR,0,200,0.0,8.0,"rms(c) shows no consistent downward trend, oscillating between 0.3-2.5 without sustained decrease, indicating stagnation and divergence despite some dE fluctuations",Kill,175,15.643007278442383,4
vasp-data-files/110100101111001001011101/OSZICAR,0,200,0.0,7.0,"rms(c) stagnates around 1.2 after step 170 with no clear downward trend, despite some dE oscillations, indicating divergence per Expert Tie-Breaker Rule",Kill,175,28.54850196838379,4
vasp-data-files/110110101000001110101011/OSZICAR,1,175,1.0,7.0,"Despite dE oscillations in later steps, rms(c) shows clear macro-trend decreasing from 1.23E+02 to 8.13E-01 over 100 steps, following Expert Tie-Breaker Rule",Continue,100,4.209378957748413,1
vasp-data-files/111110001010000110111001/OSZICAR,0,200,1.0,6.0,"Large dE oscillations persist but rms(c) shows clear downward macro-trend from ~12.2 to ~0.2 over 200 steps, following Expert Tie-Breaker Rule",Unresolved_MaxSteps,200,19.557097673416138,5
vasp-data-files/111110001001010010110001/OSZICAR,1,162,1.0,7.0,"Despite persistent dE oscillations, rms(c) shows clear macro-trend decreasing from ~120 to ~1.6 over 125 steps, following the Expert's Tie-Breaker Rule for damped oscillatory convergence",Continue,125,8.121914863586426,2
vasp-data-files/101011111000111010100111/OSZICAR,1,136,1.0,7.0,"Despite persistent dE oscillations, rms(c) shows clear macro-trend decreasing from ~127 at step 13 to ~0.075 at step 125, following Expert Tie-Breaker Rule",Continue,125,9.351686477661133,2
vasp-data-files/101100000000101101100001/OSZICAR,1,181,,,评估到 200 步时，实际步数仅为 181，数据不足。,Insufficient_Steps,181,19.024327039718628,4
vasp-data-files/100010001011000001111111/OSZICAR,1,110,1.0,7.0,"Despite persistent dE oscillations, rms(c) shows clear macro-trend decreasing from ~7.7 at step 33 to 0.02 at step 100, following the Expert Tie-Breaker Rule for eventual convergence",Continue,100,4.743802309036255,1
vasp-data-files/111100000101111101100000/OSZICAR,1,156,1.0,7.0,"Despite persistent dE oscillations, rms(c) shows clear macro-trend decreasing from ~12.3 at step 13 to ~0.136 at step 100, following Expert Tie-Breaker Rule for eventual convergence",Continue,100,4.514781475067139,1
vasp-data-files/110000110001111111010001/OSZICAR,1,105,1.0,7.0,"Despite persistent dE oscillations, rms(c) shows clear macro-trend decreasing from ~1.2E+01 to ~6E-02 over 100 steps, following Expert Tie-Breaker Rule",Continue,100,3.900050401687622,1
vasp-data-files/110100001101110001000111/OSZICAR,0,200,0.0,7.0,"rms(c) shows no consistent downward trend, stagnating around 5-7 after initial drop from ~20, with dE remaining large and oscillatory throughout",Kill,100,4.517773151397705,1
vasp-data-files/111010001100100111110110/OSZICAR,1,153,0.0,7.0,"rms(c) shows no consistent downward trend, stagnating around 0.2-0.7 after initial drop, with dE remaining oscillatory and high, indicating divergence per Expert Tie-Breaker Rule",Kill,100,3.7958030700683594,1
vasp-data-files/110111001100110110010101/OSZICAR,1,172,,,评估到 175 步时，实际步数仅为 172，数据不足。,Insufficient_Steps,172,27.805931091308594,3
vasp-data-files/100010110010001111111101/OSZICAR,1,109,1.0,7.0,"Despite persistent dE oscillations, rms(c) shows clear macro-trend decreasing from ~120 to ~0.08 over 100 steps, following Expert Tie-Breaker Rule for damped oscillatory convergence",Continue,100,4.168184280395508,1
vasp-data-files/101011010001111010100000/OSZICAR,1,175,1.0,7.0,"Despite significant dE oscillations throughout, rms(c) shows clear macro-trend decreasing from ~12.2 at step 13 to ~0.637 at step 125, following the Expert's Tie-Breaker Rule for damped oscillatory convergence",Continue,125,13.612216472625732,2
vasp-data-files/100001111011000011011111/OSZICAR,1,126,1.0,7.0,"Despite persistent dE oscillations, rms(c) shows clear macro-trend decreasing from ~100 to ~0.03 over 125 steps, following Expert Tie-Breaker Rule for damped oscillatory convergence",Continue,125,7.509428262710571,2
vasp-data-files/100110101011000001111111/OSZICAR,1,167,,,评估到 175 步时，实际步数仅为 167，数据不足。,Insufficient_Steps,167,12.958317041397095,3
vasp-data-files/101101000101000000011110/OSZICAR,1,104,1.0,7.0,"Despite persistent dE oscillations, rms(c) shows clear macro-trend decreasing from ~12.2 at step 13 to ~0.064 at step 100, following Expert Tie-Breaker Rule",Continue,100,4.1311187744140625,1
vasp-data-files/101110011001010001000110/OSZICAR,0,200,0.0,7.0,"rms(c) shows no consistent downward trend, oscillating between 0.4-1.1 without meaningful reduction over 150 steps, indicating stagnation and divergence per Expert Tie-Breaker Rule",Kill,150,12.0361909866333,3
vasp-data-files/101101000000110010100011/OSZICAR,0,200,1.0,7.0,"Despite persistent dE oscillations, rms(c) shows clear macro-trend decreasing from ~12.3 at step 13 to ~0.053 at step 200, following the Expert's Tie-Breaker Rule for damped oscillatory convergence",Continue,200,21.400670766830444,5
vasp-data-files/101101011100110011011100/OSZICAR,0,200,0.0,7.0,"rms(c) shows no consistent downward trend, stagnating around 15-18 after initial decrease, with dE remaining large and oscillatory",Kill,100,3.594050645828247,1
vasp-data-files/110111001001101100101100/OSZICAR,0,200,0.0,8.0,"rms(c) shows no consistent downward trend, oscillating between 1.0E+01 and 5.6E+01 with stagnation in later steps, indicating divergence despite some dE fluctuations",Kill,100,4.513864755630493,1
vasp-data-files/111100000100110110100000/OSZICAR,1,126,1.0,7.0,"Despite persistent dE oscillations, rms(c) shows clear macro-trend decreasing from ~1.22E+02 to ~1.57E-01 over 125 steps, following Expert Tie-Breaker Rule",Continue,125,8.122573614120483,2
vasp-data-files/111101001100111110100000/OSZICAR,0,200,1.0,7.0,"Despite persistent dE oscillations, rms(c) shows clear macro-trend decreasing from ~12.2 at step 13 to ~0.33 at step 125, following the Expert's Tie-Breaker Rule for damped oscillatory convergence",Continue,125,9.2469961643219,2
vasp-data-files/100011110001111111100100/OSZICAR,0,200,1.0,6.0,"Large dE oscillations persist but rms(c) shows clear macro-trend downward from ~100 to ~1.0-0.1 range over 200 steps, following Expert Tie-Breaker Rule",Unresolved_MaxSteps,200,23.040775060653687,5
vasp-data-files/111100110101110000101000/OSZICAR,0,200,0.0,7.0,"rms(c) shows no consistent downward trend, stagnating around 1.0-1.9E+01 with oscillations and no clear damping, indicating divergence according to Expert Tie-Breaker Rule",Kill,100,3.899130344390869,1
vasp-data-files/111111010101110010100010/OSZICAR,1,140,1.0,7.0,"Despite persistent dE oscillations, rms(c) shows clear macro-trend decreasing from ~1.2E+01 to ~2.2E-01 over 100 steps, following Expert Tie-Breaker Rule for damped oscillatory convergence",Continue,100,4.8230156898498535,1
vasp-data-files/101010010101111010100100/OSZICAR,1,135,1.0,7.0,"Despite persistent dE oscillations, rms(c) shows clear macro-trend decreasing from ~1.22E+02 to ~5.65E-01 over 125 steps, following the Expert's Tie-Breaker Rule for damped oscillatory convergence",Continue,125,8.743236780166626,2
vasp-data-files/111111000100011100100000/OSZICAR,1,132,1.0,7.0,"Despite persistent dE oscillations, rms(c) shows clear macro-trend decreasing from ~12.3 to ~0.099 over 100 steps, following Expert Tie-Breaker Rule for damped oscillatory convergence",Continue,100,4.8166303634643555,1
vasp-data-files/101001010100111010001000/OSZICAR,1,116,,,评估到 125 步时，实际步数仅为 116，数据不足。,Insufficient_Steps,116,3.8985073566436768,1
vasp-data-files/101011110100111111010110/OSZICAR,0,200,0.0,7.0,"rms(c) shows no consistent downward trend, stagnating around 1.0-3.0 after initial improvement, with dE remaining large and oscillatory throughout",Kill,100,4.130340099334717,1
vasp-data-files/101001111100101011011111/OSZICAR,1,132,1.0,7.0,"Despite persistent dE oscillations, rms(c) shows clear macro-trend decreasing from ~128 at step 13 to ~0.034 at step 125, following Expert Tie-Breaker Rule",Continue,125,8.324469566345215,2
vasp-data-files/100110101011000101111111/OSZICAR,1,142,1.0,7.0,"Despite persistent dE oscillations, rms(c) shows clear macro-trend decreasing from ~12.7 to ~0.56 over 125 steps, following the Expert Tie-Breaker Rule for damped oscillatory convergence",Continue,125,8.225327014923096,2
vasp-data-files/100001111000111101011001/OSZICAR,1,165,1.0,7.0,"Despite persistent dE oscillations, rms(c) shows clear macro-trend decreasing from ~1.22E+01 to ~5.72E-01 over 125 steps, following Expert Tie-Breaker Rule for damped oscillatory convergence",Continue,125,9.351670742034912,2
vasp-data-files/110001010101000001010111/OSZICAR,1,123,1.0,7.0,"Despite persistent dE oscillations, rms(c) shows clear macro-trend decreasing from ~20 to ~0.12 over 100 steps, following Expert Tie-Breaker Rule for damped oscillatory convergence",Continue,100,3.798739433288574,1
vasp-data-files/111110111011100101101101/OSZICAR,0,200,0.0,8.0,"rms(c) shows no consistent downward trend, stagnating around 1.0-1.3E+01 with persistent high oscillations, indicating divergence according to Expert Tie-Breaker Rule",Kill,100,4.0019211769104,1
vasp-data-files/111101001101010100100000/OSZICAR,1,136,0.0,7.0,"rms(c) shows no overall decreasing trend, stagnating around 0.7-1.5 after initial improvement, indicating divergence despite some dE oscillations",Kill,100,3.901247262954712,1
vasp-data-files/111101011101111000001110/OSZICAR,0,200,0.0,7.0,"rms(c) shows no consistent downward trend, oscillating between 0.1-0.6 without meaningful reduction over 125 steps, indicating stagnation and divergence despite some dE fluctuations",Kill,125,13.03731369972229,2
vasp-data-files/101101000011001011000001/OSZICAR,0,200,1.0,6.0,"Large dE oscillations persist but rms(c) shows clear macro-trend downward from ~12.4 to ~0.5 over 200 steps, following Expert Tie-Breaker Rule for damped convergence",Unresolved_MaxSteps,200,27.85223937034607,5
vasp-data-files/111010110010100111010001/OSZICAR,1,111,1.0,7.0,"Despite persistent dE oscillations, rms(c) shows clear macro-trend decreasing from ~1.06E+01 at step 12 to ~1.00E-01 at step 100, following Expert Tie-Breaker Rule",Continue,100,4.512696027755737,1
vasp-data-files/100111100010000011111111/OSZICAR,0,200,0.0,7.0,"rms(c) shows no consistent downward trend, oscillating between 1.3-3.6 without meaningful reduction over 100 steps, indicating stagnation and divergence according to tie-breaker rule",Kill,100,4.208721160888672,1
vasp-data-files/110000010011000011011001/OSZICAR,0,200,1.0,7.0,"Despite persistent dE oscillations, rms(c) shows clear macro-trend decreasing from ~1.22E+02 to ~7.15E-01 over 125 steps, following the Expert Tie-Breaker Rule for damped oscillatory convergence",Continue,125,9.655771017074585,2
vasp-data-files/111110001100111010100000/OSZICAR,1,182,1.0,7.0,"Despite persistent dE oscillations, rms(c) shows clear macro-trend downward from ~1.2E+02 to ~8.4E-01 over 125 steps, following Expert Tie-Breaker Rule",Continue,125,9.660621404647827,2
vasp-data-files/100110111101011101000100/OSZICAR,0,200,0.0,7.0,"rms(c) stagnates around 1.2-1.4 after step 130 with no clear downward trend, and dE shows persistent large oscillations, indicating divergence according to the tie-breaker rule",Kill,150,12.035146236419678,3
vasp-data-files/101000010101111010100100/OSZICAR,0,200,0.0,7.0,"rms(c) shows no consistent downward trend, oscillating between 8-37 without sustained decrease, indicating stagnation and divergence despite some dE oscillations",Kill,100,3.898754596710205,1
vasp-data-files/110010111011110000101100/OSZICAR,0,200,1.0,7.0,"Despite dE oscillations in later steps, rms(c) shows clear macro-trend decreasing from ~1.2E+01 at step 12 to ~5.24E-01 at step 100, following Expert Tie-Breaker Rule",Continue,100,4.515968322753906,1
vasp-data-files/101001110100110011000011/OSZICAR,0,200,0.0,7.0,"rms(c) shows no consistent downward trend, oscillating between 0.2-0.5 for last 100 steps with no progress toward convergence thresholds, indicating stagnation despite dE oscillations",Kill,175,16.870912551879883,4
vasp-data-files/100101100101010001010011/OSZICAR,1,131,1.0,7.0,"Despite persistent dE oscillations, rms(c) shows clear macro-trend decreasing from ~1.24E+02 to ~4.52E-02 over 125 steps, following Expert Tie-Breaker Rule",Continue,125,8.436246395111084,2
vasp-data-files/111111111011011111101000/OSZICAR,0,200,1.0,7.0,"Despite persistent dE oscillations, rms(c) shows clear macro-trend decreasing from ~25.9 at step 43 to ~4.68 at step 199, following Expert Tie-Breaker Rule that downward rms(c) trend indicates eventual convergence",Continue,200,22.00936770439148,5
vasp-data-files/101011001110010111111001/OSZICAR,0,200,0.0,7.0,"rms(c) shows no consistent downward trend, stagnating around 1.0-1.5 after step 30 with persistent oscillations, indicating divergence according to the Expert's Tie-Breaker Rule",Kill,125,8.740919589996338,2
vasp-data-files/101001010101101101010011/OSZICAR,1,115,1.0,7.0,"Despite persistent dE oscillations, rms(c) shows clear macro-trend decreasing from ~100 to ~0.04 over 100 steps, following the Expert Tie-Breaker Rule for eventual convergence",Continue,100,4.508607625961304,1
vasp-data-files/111100000001011100110001/OSZICAR,0,200,0.0,8.0,"rms(c) shows no consistent downward trend, stagnating around 3.0E+01 with persistent large oscillations and no overall decrease over 100 steps",Kill,100,4.104301929473877,1
vasp-data-files/111101000101010010110000/OSZICAR,0,200,0.0,7.0,"rms(c) shows no consistent downward trend, oscillating between 0.12-0.35 without sustained improvement, indicating stagnation despite dE oscillations",Kill,100,4.0014567375183105,1
vasp-data-files/101100001101110001100001/OSZICAR,1,117,1.0,7.0,"Despite persistent dE oscillations, rms(c) shows clear macro-trend decreasing from ~12.2 at step 13 to ~0.134 at step 100, following Expert Tie-Breaker Rule for damped oscillatory convergence",Continue,100,4.512420415878296,1
vasp-data-files/111101011101111001001000/OSZICAR,1,167,0.0,7.0,"rms(c) stagnates around 10.7-11.0 in final 20 steps with no clear downward trend, dE shows persistent oscillations without convergence",Kill,100,4.20706033706665,1
vasp-data-files/101000010001100011101011/OSZICAR,1,102,,,评估到 125 步时，实际步数仅为 102，数据不足。,Insufficient_Steps,102,4.820992946624756,1
vasp-data-files/100010111010001101011111/OSZICAR,1,145,1.0,7.0,"Despite persistent dE oscillations, rms(c) shows clear macro-trend decreasing from ~25 to ~0.6 over 125 steps, following Expert Tie-Breaker Rule",Continue,125,8.65826416015625,2
vasp-data-files/101100000001011100100000/OSZICAR,0,200,1.0,6.0,"Large dE oscillations persist but rms(c) shows clear macro-trend downward from ~12.2 at step 13 to ~0.29 at step 200, following Expert Tie-Breaker Rule",Unresolved_MaxSteps,200,21.39991784095764,5
vasp-data-files/100000111101000011011111/OSZICAR,1,149,1.0,7.0,"Despite persistent dE oscillations, rms(c) shows clear macro-trend decreasing from ~50 to ~0.07 over final 60 steps, following Expert Tie-Breaker Rule",Continue,100,3.5944554805755615,1
vasp-data-files/111110000111011010110110/OSZICAR,0,200,0.0,7.0,"rms(c) shows no consistent downward trend, stagnating around 1.0-1.5 after initial fluctuations, with dE remaining high and oscillatory",Kill,100,3.9001128673553467,1
vasp-data-files/101101000011100011101011/OSZICAR,0,200,0.0,7.0,"rms(c) shows no consistent downward trend, stagnating around 0.7-1.8 after initial improvement, with dE remaining high and oscillatory throughout",Kill,100,4.206613063812256,1
vasp-data-files/100001111101001111010011/OSZICAR,1,114,,,评估到 125 步时，实际步数仅为 114，数据不足。,Insufficient_Steps,114,4.303141117095947,1
vasp-data-files/110101110010001101011001/OSZICAR,1,145,1.0,7.0,"Despite persistent dE oscillations, rms(c) shows clear macro-trend decreasing from ~1.2E+02 to ~5.5E-02 over 125 steps, following Expert Tie-Breaker Rule",Continue,125,8.253149271011353,2
vasp-data-files/100010010100111100100000/OSZICAR,0,200,0.0,7.0,"rms(c) shows no consistent downward trend, stagnating around 0.2-0.4 after initial improvement, with dE oscillations persisting throughout calculation",Kill,125,8.738539695739746,2
vasp-data-files/100110001000010110100000/OSZICAR,1,129,1.0,7.0,"Despite persistent dE oscillations, rms(c) shows clear macro-trend decreasing from ~1.25E+02 to ~1.85E-01 over 100 steps, following Expert Tie-Breaker Rule",Continue,100,4.512491703033447,1
vasp-data-files/101001110001111010100101/OSZICAR,0,200,0.0,7.0,"rms(c) shows no consistent downward trend, oscillating between 0.5-1.3 with final values around 0.9, indicating stagnation and divergence according to Expert Tie-Breaker Rule",Kill,100,3.5921452045440674,1
vasp-data-files/111100000100110100100000/OSZICAR,1,124,1.0,7.0,"Despite dE oscillations, rms(c) shows clear macro-trend decreasing from 1.2E+02 to 6.04E-02 over 100 steps, following Expert Tie-Breaker Rule",Continue,100,4.203990936279297,1
vasp-data-files/101001100101000010111111/OSZICAR,1,142,,,评估到 150 步时，实际步数仅为 142，数据不足。,Insufficient_Steps,142,8.737128019332886,2
vasp-data-files/111100001101001111000001/OSZICAR,0,200,1.0,6.0,"Large dE oscillations persist but rms(c) shows clear downward macro-trend from ~100 to ~0.5 over 200 steps, following Expert Tie-Breaker Rule for eventual convergence despite noise",Unresolved_MaxSteps,200,23.4722797870636,5
vasp-data-files/101101100101000010111100/OSZICAR,1,171,1.0,7.0,"Despite persistent dE oscillations in later steps, rms(c) shows clear macro-trend decreasing from ~1.2E+01 at step 12 to ~8.0E-02 at step 100, following Expert Tie-Breaker Rule",Continue,100,4.667184114456177,1
vasp-data-files/101101000001110010100001/OSZICAR,0,200,0.0,7.0,"rms(c) shows no consistent downward trend, stagnating around 0.2-0.3 after step 70 with occasional spikes, indicating failure to converge despite dE oscillations",Kill,100,4.669820785522461,1
vasp-data-files/101100000000111110000000/OSZICAR,1,106,1.0,7.0,"Despite persistent dE oscillations in later steps, rms(c) shows clear macro-trend decreasing from ~1.2E+01 at step 12 to ~1.5E-02 at step 100, following the Expert Tie-Breaker Rule for eventual convergence",Continue,100,4.204259634017944,1
vasp-data-files/100100100110110101111001/OSZICAR,0,200,1.0,7.0,"Despite persistent dE oscillations, rms(c) shows clear macro-trend decreasing from ~1.2E+02 to ~4.5E-01 over 125 steps, following Expert Tie-Breaker Rule",Continue,125,8.429578065872192,2
vasp-data-files/110100110011001101111001/OSZICAR,1,136,0.0,7.0,"rms(c) stagnates at ~0.89-0.90 from step 98-100 with no downward trend, despite dE becoming small, indicating charge density convergence failure",Kill,100,3.5931880474090576,1
vasp-data-files/101101111110111111010001/OSZICAR,0,200,0.0,7.0,"rms(c) shows no consistent downward trend, oscillating between 0.3-0.7 after step 30 with no progress toward convergence thresholds, indicating stagnation despite some dE fluctuations",Kill,100,3.8984620571136475,1
vasp-data-files/101011110001111111100100/OSZICAR,1,196,1.0,7.0,"Despite persistent dE oscillations, rms(c) shows clear macro-trend decreasing from ~12 at step 30 to ~0.2 at step 150, following Expert Tie-Breaker Rule",Continue,150,13.266695737838745,3
vasp-data-files/110110101010000001111000/OSZICAR,1,156,0.0,8.0,"rms(c) shows no consistent downward trend, stagnating around 0.1-0.3 after step 50 with persistent oscillations, indicating divergence according to Expert Tie-Breaker Rule",Kill,125,8.733082294464111,2
vasp-data-files/111110000001000000111110/OSZICAR,0,200,0.0,7.0,"rms(c) shows no consistent downward trend, stagnating around 1.1-1.4 in final steps with large oscillations, indicating divergence despite some dE fluctuations",Kill,100,3.9008169174194336,1
vasp-data-files/101100000100111110000001/OSZICAR,0,200,0.0,7.0,"rms(c) shows no consistent downward trend, stagnating around 0.8-1.1 with persistent oscillations and no damping, indicating divergence despite some dE fluctuations",Kill,100,4.206594944000244,1
vasp-data-files/110010111011000101111111/OSZICAR,1,131,1.0,7.0,"Despite dE oscillations in later steps, rms(c) shows clear macro-trend decreasing from ~1.26E+02 to ~0.36E-02 over 100 steps, following Expert Tie-Breaker Rule",Continue,100,4.513192892074585,1
vasp-data-files/101001010100111010100000/OSZICAR,1,122,,,评估到 125 步时，实际步数仅为 122，数据不足。,Insufficient_Steps,122,3.9022481441497803,1
vasp-data-files/100011111100011010011110/OSZICAR,1,109,,,评估到 125 步时，实际步数仅为 109，数据不足。,Insufficient_Steps,109,3.8187777996063232,1
vasp-data-files/110110100100000100110100/OSZICAR,1,110,1.0,7.0,"Despite persistent dE oscillations, rms(c) shows clear macro-trend decreasing from ~12.4 at step 30 to ~0.466 at step 100, following Expert Tie-Breaker Rule for damped oscillatory convergence",Continue,100,5.050647974014282,1
vasp-data-files/100101011101111011000011/OSZICAR,0,200,0.0,8.0,"rms(c) shows no consistent downward trend, stagnating around 1.0-1.2 after initial fluctuations, with dE remaining large and oscillatory throughout",Kill,100,4.207620143890381,1
vasp-data-files/100011011111000010111111/OSZICAR,0,200,0.0,8.0,"rms(c) shows no consistent downward trend, stagnating around 1.0-2.5E+01 with oscillations and no overall improvement, indicating divergence according to Expert Tie-Breaker Rule",Kill,100,4.205185890197754,1
vasp-data-files/100001111100111101010011/OSZICAR,0,200,0.0,7.0,"rms(c) shows no consistent downward trend, oscillating between 0.5-3.1 without meaningful reduction over 100 steps, indicating stagnation and divergence despite some dE fluctuations",Kill,100,4.518958568572998,1
vasp-data-files/101001001111010011011111/OSZICAR,1,192,,,评估到 200 步时，实际步数仅为 192，数据不足。,Insufficient_Steps,192,18.402856588363647,4
vasp-data-files/100001010111011100010001/OSZICAR,0,200,0.0,7.0,"rms(c) shows no consistent downward trend, stagnating around 0.9-1.6 after step 40 with persistent high oscillations, indicating divergence despite some dE fluctuations",Kill,125,8.96419382095337,2
vasp-data-files/100001110101000011011111/OSZICAR,0,200,0.0,7.0,"rms(c) shows no consistent downward trend, stagnating around 2.0-3.5 after initial improvement, with dE remaining high and oscillatory",Kill,125,8.122589826583862,2
vasp-data-files/111101000001001010110010/OSZICAR,1,121,1.0,7.0,"Despite persistent dE oscillations, rms(c) shows clear macro-trend decreasing from ~1.2E+01 to ~4E-02 over 100 steps, following Expert Tie-Breaker Rule for eventual convergence",Continue,100,4.818723917007446,1
vasp-data-files/101111001100010011100010/OSZICAR,1,197,1.0,7.0,"Despite persistent dE oscillations, rms(c) shows clear macro-trend decreasing from ~12.3 at step 13 to ~0.74 at step 100, following Expert Tie-Breaker Rule",Continue,100,4.203480005264282,1
vasp-data-files/111110001100010000100010/OSZICAR,1,181,1.0,7.0,"Despite significant dE oscillations, rms(c) shows clear macro-trend decreasing from ~15 to ~0.18 over 150 steps, following Expert Tie-Breaker Rule for damped oscillatory convergence",Continue,150,12.650810718536377,3
vasp-data-files/101100000001111100100000/OSZICAR,1,126,1.0,7.0,"Despite persistent dE oscillations, rms(c) shows clear macro-trend decreasing from ~1.2E+01 to ~1.3E-01 over 125 steps, following Expert Tie-Breaker Rule",Continue,125,8.733999490737915,2
vasp-data-files/101011111001110010011110/OSZICAR,0,200,1.0,7.0,"Despite significant dE oscillations, rms(c) shows clear macro-trend decreasing from ~125 at step 13 to ~89 at step 125, following Expert Tie-Breaker Rule that downward rms(c) trend indicates eventual convergence",Continue,125,9.350441694259644,2
vasp-data-files/111110001100010010111110/OSZICAR,0,200,0.0,7.0,"rms(c) shows no consistent downward trend, oscillating between 0.5-1.6 without meaningful reduction over 100 steps, indicating stagnation and divergence according to Expert Tie-Breaker Rule",Kill,100,4.515046119689941,1
vasp-data-files/101111000100011100100100/OSZICAR,1,175,1.0,7.0,"Despite persistent dE oscillations, rms(c) shows clear macro-trend decreasing from ~1.0E+01 to ~2.5E-01 over 150 steps, following Expert Tie-Breaker Rule",Continue,150,12.955333709716797,3
vasp-data-files/111100000111000001010110/OSZICAR,1,164,0.0,7.0,"rms(c) shows no consistent downward trend, stagnating around 1.0-2.7 with oscillations and no clear damping, indicating divergence despite some energy fluctuations",Kill,100,3.9035465717315674,1
vasp-data-files/101101001100111000001000/OSZICAR,1,103,1.0,7.0,"Despite persistent dE oscillations, rms(c) shows clear macro-trend decreasing from ~1.22E+02 to 2.57E-02 over 100 steps, following Expert Tie-Breaker Rule for damped oscillatory convergence",Continue,100,4.816357135772705,1
vasp-data-files/101011110101101011011111/OSZICAR,0,200,0.0,7.0,"rms(c) shows no consistent downward trend, stagnating around 6-11 after initial improvement, with dE remaining large and oscillatory throughout",Kill,125,7.203658103942871,2
vasp-data-files/111110100000001100110001/OSZICAR,0,200,0.0,7.0,"rms(c) oscillates between 0.27-0.68 with no clear downward macro-trend over last 50 steps, indicating stagnation and divergence despite some dE fluctuations",Kill,100,3.2805190086364746,1
vasp-data-files/100111100010001100011001/OSZICAR,1,130,1.0,7.0,"Despite persistent dE oscillations, rms(c) shows clear macro-trend decreasing from ~1.6 to ~0.47 over last 80 steps, following Expert Tie-Breaker Rule for damped oscillatory convergence",Continue,125,8.01455044746399,2
vasp-data-files/111110000100000000111110/OSZICAR,1,110,0.0,7.0,"rms(c) stagnates around 0.8-0.9 after step 93 with no overall decreasing trend, dE shows persistent oscillations without convergence to small values",Kill,100,4.309963703155518,1
vasp-data-files/110000011001000011111010/OSZICAR,1,165,1.0,7.0,"Despite persistent dE oscillations, rms(c) shows clear macro-trend decreasing from ~10.5 at step 12 to ~0.22 at step 125, following the Expert Tie-Breaker Rule for damped oscillatory convergence",Continue,125,7.505388975143433,2
vasp-data-files/101011110001110011110101/OSZICAR,0,200,0.0,8.0,"rms(c) shows no consistent downward trend, oscillating between 1-16 without sustained decrease, indicating stagnation and divergence despite some dE fluctuations",Kill,175,18.10076093673706,4
vasp-data-files/111110001111111010110001/OSZICAR,0,200,1.0,7.0,"Despite persistent dE oscillations, rms(c) shows clear macro-trend decreasing from 130E+00 to 260E-01 over 88 steps, following Expert Tie-Breaker Rule for damped oscillatory convergence",Continue,100,4.206048011779785,1
vasp-data-files/101110000100111110100000/OSZICAR,0,200,0.0,7.0,"rms(c) stagnates around 0.2-0.4 after step 75 with no clear downward macro-trend, despite some dE oscillations, indicating divergence per Expert Tie-Breaker Rule",Kill,125,9.040913343429565,2
vasp-data-files/110010110010100111010001/OSZICAR,1,111,,,评估到 125 步时，实际步数仅为 111，数据不足。,Insufficient_Steps,111,3.593379259109497,1
vasp-data-files/101011010110110010010100/OSZICAR,0,200,0.0,7.0,"rms(c) shows no consistent downward trend, oscillating between 0.1-0.25 without meaningful reduction over many iterations, indicating stagnation despite some dE fluctuations",Kill,125,7.733513116836548,2
vasp-data-files/111111000001000000111010/OSZICAR,1,125,1.0,7.0,"Despite dE oscillations in later steps, rms(c) shows clear macro-trend decreasing from ~100 to ~0.02-0.04 range, following Expert Tie-Breaker Rule for eventual convergence",Continue,100,4.514229774475098,1
vasp-data-files/101001110111111111000001/OSZICAR,0,200,0.0,7.0,"rms(c) shows no consistent downward trend, stagnating around 6-11 after initial improvement, with dE remaining large and oscillatory throughout",Kill,125,8.427212476730347,2
vasp-data-files/110010111011100011111101/OSZICAR,1,185,1.0,7.0,"Despite persistent dE oscillations, rms(c) shows clear macro-trend decreasing from ~1.26E+02 to ~3.58E-01 over 125 steps, following Expert Tie-Breaker Rule",Continue,125,7.814113140106201,2
vasp-data-files/101100000101000011101101/OSZICAR,1,129,1.0,7.0,"Despite persistent dE oscillations, rms(c) shows clear macro-trend decreasing from ~1.0E+02 to ~1.0E-02 over 125 steps, following Expert Tie-Breaker Rule for damped oscillatory convergence",Continue,125,9.039933681488037,2
vasp-data-files/101100110010100101111101/OSZICAR,0,200,0.0,7.0,"rms(c) shows no consistent downward trend, stagnating around 1.1-1.3 in final steps with persistent high dE oscillations, indicating divergence per Expert Tie-Breaker Rule",Kill,100,3.592040538787842,1
vasp-data-files/101111100110001111111101/OSZICAR,1,171,0.0,8.0,"rms(c) shows no consistent downward trend, stagnating around 3.7-4.0 in later steps with occasional spikes, indicating divergence despite some dE oscillations",Kill,100,3.89817476272583,1
vasp-data-files/101000111001111010100100/OSZICAR,1,157,1.0,7.0,"Despite persistent dE oscillations, rms(c) shows clear macro-trend decreasing from ~1.1E+01 to ~4.0E-01 over 100 steps, following Expert Tie-Breaker Rule",Continue,100,4.206267595291138,1
vasp-data-files/101111101101011010111100/OSZICAR,1,114,,,评估到 125 步时，实际步数仅为 114，数据不足。,Insufficient_Steps,114,4.519409656524658,1
vasp-data-files/101010110001111110100100/OSZICAR,1,111,1.0,7.0,"Despite dE oscillations in later steps, rms(c) shows clear macro-trend decreasing from ~1.2E+01 at step 12 to ~1.2E-01 at step 100, following Expert Tie-Breaker Rule for damped oscillatory convergence",Continue,100,4.436628103256226,1
vasp-data-files/100011111010101011011111/OSZICAR,0,200,0.0,7.0,"rms(c) shows no consistent downward trend, stagnating around 0.17-0.23 in final steps with no progress toward convergence thresholds",Kill,100,3.892861843109131,1
vasp-data-files/100101100000111110110101/OSZICAR,1,192,1.0,7.0,"Despite persistent dE oscillations, rms(c) shows clear macro-trend downward from ~1.2E+01 to ~3.7E-01 over 125 steps, following Expert Tie-Breaker Rule",Continue,125,7.81380820274353,2
vasp-data-files/111110010100011100110010/OSZICAR,0,200,1.0,6.0,"Large dE oscillations persist but rms(c) shows clear macro-trend downward from ~120 at step 13 to ~0.4-0.6 in final steps, following Expert Tie-Breaker Rule that rms(c) trend overrules dE oscillations",Unresolved_MaxSteps,200,21.39712953567505,5
vasp-data-files/101011110000111010100101/OSZICAR,0,200,0.0,7.0,"rms(c) shows no consistent downward trend, oscillating between 0.5-1.4 without meaningful reduction over 125 steps, indicating stagnation and divergence despite some dE fluctuations",Kill,125,8.125466585159302,2
vasp-data-files/110000101000000110101100/OSZICAR,0,200,1.0,6.0,"Large dE oscillations persist but rms(c) shows clear macro-trend decreasing from ~1.0E+01 to ~2.0E-01 over 200 steps, following Expert Tie-Breaker Rule for eventual convergence",Unresolved_MaxSteps,200,19.55100154876709,5
vasp-data-files/101011100101001010111110/OSZICAR,0,200,1.0,7.0,"Despite persistent dE oscillations, rms(c) shows clear macro-trend decreasing from ~12.5 to ~3.0 over last 100 steps, following Expert Tie-Breaker Rule",Continue,125,7.509733438491821,2
vasp-data-files/110010111010000010101010/OSZICAR,0,200,0.0,7.0,"rms(c) shows no consistent downward trend, stagnating around 0.2-0.3 after initial improvement, with dE oscillations persisting throughout the calculation",Kill,100,3.895278215408325,1
vasp-data-files/111110000001011110100000/OSZICAR,1,113,1.0,7.0,"Despite persistent dE oscillations, rms(c) shows clear macro-trend decreasing from ~1.05E+01 at step 12 to ~5.07E-02 at step 100, following the Expert Tie-Breaker Rule for damped oscillatory convergence",Continue,100,4.819002151489258,1
vasp-data-files/100100010110111001001000/OSZICAR,1,130,1.0,7.0,"Despite persistent dE oscillations, rms(c) shows clear macro-trend decreasing from ~1.22E+02 to ~2.25E-01 over 100 steps, following Expert Tie-Breaker Rule",Continue,100,4.6148834228515625,1
vasp-data-files/101110000101000001101111/OSZICAR,1,142,,,评估到 150 步时，实际步数仅为 142，数据不足。,Insufficient_Steps,142,9.860687732696533,2
vasp-data-files/101100000101110010100000/OSZICAR,1,137,1.0,7.0,"Despite dE oscillations, rms(c) shows clear macro-trend decreasing from 1.22E+02 to 1.08E-01 over 100 steps, following Expert Tie-Breaker Rule",Continue,100,3.8292782306671143,1
vasp-data-files/111101111011110011111000/OSZICAR,1,194,1.0,7.0,"Despite persistent dE oscillations, rms(c) shows clear macro-trend decreasing from ~1.25E+02 to ~2.77E-01 over 150 steps, following Expert Tie-Breaker Rule",Continue,150,15.405633687973022,3
vasp-data-files/111110000000010000110110/OSZICAR,1,142,0.0,7.0,"rms(c) stagnates around 0.2-0.3 after step 40 with no clear downward trend, and dE continues oscillating without reaching convergence thresholds",Kill,100,3.895419120788574,1
vasp-data-files/100001110110111111011001/OSZICAR,0,200,0.0,8.0,"rms(c) shows no consistent downward trend, stagnating around 1.0-1.8E+01 with oscillations and no clear damping, indicating divergence despite some dE fluctuations",Kill,100,4.206261873245239,1
vasp-data-files/110011111010011101101001/OSZICAR,0,200,0.0,7.0,"rms(c) oscillates between 0.2-0.9 without sustained downward trend over 175 steps, showing stagnation rather than convergence despite some dE fluctuations",Kill,175,15.847773313522339,4
vasp-data-files/110001011011111101111011/OSZICAR,1,114,1.0,7.0,"Despite dE oscillations, rms(c) shows clear macro-decreasing trend from ~126 at step 13 to ~0.212 at step 100, following Expert Tie-Breaker Rule for eventual convergence",Continue,100,3.997652292251587,1
vasp-data-files/101111000001111110100000/OSZICAR,0,200,1.0,6.0,"Large dE oscillations persist but rms(c) shows clear downward macro-trend from ~12.3 at step 13 to ~0.13 at step 200, following Expert Tie-Breaker Rule",Unresolved_MaxSteps,200,20.786206007003784,5
vasp-data-files/100000110100101101010001/OSZICAR,1,121,,,评估到 125 步时，实际步数仅为 121，数据不足。,Insufficient_Steps,121,4.207752704620361,1
vasp-data-files/101101111111110011010001/OSZICAR,1,137,,,评估到 150 步时，实际步数仅为 137，数据不足。,Insufficient_Steps,137,7.73097038269043,2
vasp-data-files/101100000101110010101100/OSZICAR,1,132,1.0,7.0,"Despite persistent dE oscillations, rms(c) shows clear macro-trend decreasing from ~120 to ~0.035 over 125 steps, following Expert Tie-Breaker Rule for damped oscillatory convergence",Continue,125,7.733388662338257,2
vasp-data-files/111110000100111010100000/OSZICAR,1,108,,,评估到 125 步时，实际步数仅为 108，数据不足。,Insufficient_Steps,108,4.511095285415649,1
vasp-data-files/111110010101110000111100/OSZICAR,1,177,0.0,7.0,"rms(c) stagnates around 1.0-1.3 with no clear downward trend over last 100 steps, despite dE oscillations, indicating divergence per Expert Tie-Breaker Rule",Kill,150,13.491877555847168,3
vasp-data-files/100000111100111001000001/OSZICAR,1,101,1.0,7.0,"Despite significant dE oscillations throughout, the macro-trend of rms(c) shows clear downward progression from ~122 at step 13 to ~0.009 at step 100, following the Expert's Tie-Breaker Rule for eventual convergence",Continue,100,4.514017105102539,1
vasp-data-files/111101011100111111000011/OSZICAR,0,200,1.0,7.0,"Despite persistent dE oscillations, rms(c) shows clear macro-trend decreasing from ~12.6 at step 13 to ~3.65 at step 125, following the Expert's Tie-Breaker Rule for damped oscillatory convergence",Continue,125,9.959961414337158,2
vasp-data-files/101100010101110001100100/OSZICAR,1,198,1.0,7.0,"Despite persistent dE oscillations, rms(c) shows clear macro-trend decreasing from ~26.5 at step 35 to ~1.43 at step 125, following the Expert Tie-Breaker Rule for damped oscillatory convergence",Continue,125,9.657580375671387,2
vasp-data-files/101100000001110010100000/OSZICAR,0,200,1.0,6.0,"Large dE oscillations persist but rms(c) shows overall decreasing macro-trend from ~1.0E+01 to ~1.0E-01 over 200 steps, following Expert Tie-Breaker Rule for eventual convergence despite noise",Unresolved_MaxSteps,200,22.933531999588013,5
vasp-data-files/110100110011001101010101/OSZICAR,1,116,,,评估到 125 步时，实际步数仅为 116，数据不足。,Insufficient_Steps,116,4.819634914398193,1
vasp-data-files/110001101111010110111011/OSZICAR,1,106,1.0,7.0,"Despite persistent dE oscillations, rms(c) shows clear macro-trend decreasing from ~127 at step 13 to ~0.0288 at step 100, following the Expert Tie-Breaker Rule for damped oscillatory convergence",Continue,100,5.050788402557373,1
vasp-data-files/100001010000011010111110/OSZICAR,1,113,,,评估到 125 步时，实际步数仅为 113，数据不足。,Insufficient_Steps,113,3.893894672393799,1
vasp-data-files/111110110000110100111100/OSZICAR,0,200,0.0,7.0,"rms(c) shows no consistent downward trend, oscillating between 1.0-3.8 without meaningful reduction over 100 steps, indicating stagnation and divergence according to Expert Tie-Breaker Rule",Kill,100,4.1291139125823975,1
vasp-data-files/101110000100001010011000/OSZICAR,1,185,0.0,7.0,"rms(c) shows no consistent downward trend, oscillating between 7-20 without sustained improvement, indicating stagnation and eventual divergence despite some energy fluctuations",Kill,125,8.425817966461182,2
vasp-data-files/111110000101010010100001/OSZICAR,1,110,1.0,7.0,"Despite dE oscillations, rms(c) shows clear macro-trend decreasing from ~1.6E+01 to ~2.6E-02 over 100 steps, following Expert Tie-Breaker Rule",Continue,100,5.124887704849243,1
vasp-data-files/101011010101111010100110/OSZICAR,1,134,,,评估到 150 步时，实际步数仅为 134，数据不足。,Insufficient_Steps,134,8.1217622756958,2
vasp-data-files/101001011101111010110110/OSZICAR,0,200,0.0,8.0,"rms(c) shows no consistent downward trend, stagnating around 1.1-2.5E+01 with large oscillations, indicating divergence according to Expert Tie-Breaker Rule",Kill,100,5.354782581329346,1
vasp-data-files/101101000101111100100000/OSZICAR,1,128,1.0,7.0,"Despite persistent dE oscillations, rms(c) shows clear macro-trend decreasing from ~120 at step 13 to ~0.01 at step 125, following the Expert's Tie-Breaker Rule for damped oscillatory convergence",Continue,125,9.349956750869751,2
vasp-data-files/100100001111000001011111/OSZICAR,0,200,0.0,7.0,"rms(c) stagnates around 0.11-0.13 after step 60 with no clear downward trend, and dE shows persistent oscillations without reaching convergence thresholds",Kill,100,3.950773239135742,1
vasp-data-files/111001111010110001111011/OSZICAR,0,200,1.0,6.0,"Large dE oscillations persist but rms(c) shows clear macro-trend decreasing from ~12.6 at step 13 to ~0.99 at step 200, following Expert Tie-Breaker Rule",Unresolved_MaxSteps,200,21.34457755088806,5
vasp-data-files/110010100010001101001111/OSZICAR,0,200,0.0,7.0,"rms(c) shows no consistent downward trend, oscillating between 0.1-1.2 without sustained improvement over 150 steps, indicating stagnation and divergence despite some dE fluctuations",Kill,150,17.562036275863647,3
vasp-data-files/100111111100111011000111/OSZICAR,1,111,,,评估到 125 步时，实际步数仅为 111，数据不足。,Insufficient_Steps,111,3.587989568710327,1
vasp-data-files/100011010111111010000110/OSZICAR,1,195,1.0,7.0,"Despite persistent dE oscillations, rms(c) shows clear macro-trend decreasing from ~1.22E+02 to ~1.95E-02 over 125 steps, following the Expert's Tie-Breaker Rule for damped oscillatory convergence",Continue,125,8.962496519088745,2
vasp-data-files/101100010101100001101100/OSZICAR,1,186,1.0,7.0,"Despite persistent dE oscillations, rms(c) shows clear macro-trend decreasing from ~122 at step 13 to ~0.75 at step 125, following Expert Tie-Breaker Rule",Continue,125,7.506000518798828,2
vasp-data-files/100000010110101000100111/OSZICAR,0,200,0.0,7.0,"rms(c) shows no consistent downward trend, oscillating between 4.5-13.3 with final values around 4.45, indicating stagnation and failure to converge despite dE oscillations",Kill,100,4.20366907119751,1
vasp-data-files/101100000100111100100000/OSZICAR,1,122,1.0,7.0,"Despite persistent dE oscillations, rms(c) shows clear macro-trend decreasing from ~1.19E+01 to ~2.51E-02 over 100 steps, following Expert Tie-Breaker Rule for eventual convergence",Continue,100,5.126925468444824,1
vasp-data-files/100101000011000010011111/OSZICAR,1,152,1.0,7.0,"Despite dE oscillations, rms(c) shows clear macro-trend decreasing from ~12.3 at step 13 to ~0.178 at step 100, following Expert Tie-Breaker Rule",Continue,100,3.8971762657165527,1
vasp-data-files/111001101101000111001011/OSZICAR,1,166,1.0,7.0,"Despite persistent dE oscillations, rms(c) shows clear macro-trend decreasing from ~100 to ~0.37 over 150 steps, following Expert Tie-Breaker Rule for damped oscillatory convergence",Continue,150,11.72712779045105,3
vasp-data-files/101001010100111110100000/OSZICAR,1,152,0.0,8.0,"rms(c) shows no consistent downward trend, oscillating between 9-35 with final values around 10, indicating stagnation and divergence according to Expert Tie-Breaker Rule",Kill,100,3.5900073051452637,1
vasp-data-files/101001110001111010000110/OSZICAR,0,200,1.0,7.0,"Despite persistent dE oscillations, rms(c) shows clear macro-trend decreasing from ~1.2E+01 to ~4.0E-01 over 150 steps, following Expert Tie-Breaker Rule",Continue,150,13.464749097824097,3
vasp-data-files/110110001111010100100000/OSZICAR,0,200,0.0,7.0,"rms(c) shows no consistent downward trend, stagnating around 0.5-2.0 after initial improvement, with dE oscillations persisting at high magnitude throughout the calculation",Kill,125,8.535171747207642,2
vasp-data-files/110110011110111000000110/OSZICAR,0,200,1.0,7.0,"Despite persistent dE oscillations, rms(c) shows clear macro-trend decrease from ~12.2 at step 13 to ~1.34 at step 125, following Expert Tie-Breaker Rule",Continue,125,9.034738302230835,2
vasp-data-files/110110101100001000111110/OSZICAR,0,200,1.0,7.0,"Despite persistent dE oscillations, rms(c) shows clear macro-trend decrease from ~20 to ~3.6 over 125 steps, following Expert Tie-Breaker Rule for damped oscillatory convergence",Continue,125,8.426778078079224,2
vasp-data-files/111101010101111011011000/OSZICAR,1,165,0.0,7.0,"rms(c) shows no consistent downward trend, oscillating between 1.0-4.0 with final values around 0.89E+01, indicating stagnation and divergence according to Expert Tie-Breaker Rule",Kill,100,4.511021137237549,1
vasp-data-files/100011011011100110111001/OSZICAR,0,200,1.0,6.0,"Large dE oscillations persist but rms(c) shows clear macro-trend decreasing from ~120 at step 13 to ~2.4 at step 200, following Expert Tie-Breaker Rule",Unresolved_MaxSteps,200,20.171478986740112,5
vasp-data-files/111110000101001100101010/OSZICAR,1,153,1.0,7.0,"Despite persistent dE oscillations, rms(c) shows clear macro-trend decreasing from ~12.5 at step 13 to ~0.03 at step 150, following the Expert's Tie-Breaker Rule for damped oscillatory convergence",Continue,150,14.796341180801392,3
vasp-data-files/101101010101011001000100/OSZICAR,0,200,0.0,7.0,"rms(c) shows no consistent downward trend, oscillating between 0.8-5.5 without sustained improvement, indicating stagnation despite dE oscillations",Kill,125,7.199544668197632,2
vasp-data-files/111010010000111010100100/OSZICAR,0,200,0.0,7.0,"rms(c) shows no consistent downward trend, oscillating between 0.6-1.6 with stagnation around 0.8-0.9 in final steps, indicating divergence despite some dE oscillations",Kill,100,4.510755300521851,1
vasp-data-files/100110010100110010111100/OSZICAR,0,200,0.0,7.0,"rms(c) shows no consistent downward trend, oscillating between 0.2-0.8 without sustained improvement, indicating stagnation despite some dE fluctuations",Kill,100,3.2838988304138184,1
vasp-data-files/101001111011100001100001/OSZICAR,0,200,0.0,8.0,"rms(c) stagnates around 2.2-2.5 after step 100 with no clear downward trend, showing persistent high values despite dE oscillations, indicating divergence per Expert Tie-Breaker Rule",Kill,175,16.559861421585083,4
vasp-data-files/101101110000000110000011/OSZICAR,0,200,1.0,7.0,"Despite persistent dE oscillations, rms(c) shows clear macro-trend decreasing from ~12.5 at step 13 to ~0.93 at step 125, following Expert Tie-Breaker Rule that rms(c) downward trend indicates eventual convergence",Continue,125,7.8121373653411865,2
vasp-data-files/110110000011010010101100/OSZICAR,1,120,,,评估到 125 步时，实际步数仅为 120，数据不足。,Insufficient_Steps,120,4.826012372970581,1
vasp-data-files/111011110001110110010000/OSZICAR,0,200,1.0,6.0,"Large dE oscillations persist but rms(c) shows clear macro-trend downward from ~22.5 at step 33 to ~0.46 at step 200, following Expert Tie-Breaker Rule",Unresolved_MaxSteps,200,26.843373775482178,5
vasp-data-files/101101001011001001100101/OSZICAR,0,200,1.0,7.0,"Despite persistent dE oscillations, rms(c) shows clear macro-trend decreasing from ~1.25E+02 to ~2.62E-01 over 125 steps, following Expert Tie-Breaker Rule",Continue,125,9.348459005355835,2
vasp-data-files/110000010110101101010011/OSZICAR,0,200,1.0,7.0,"Despite persistent dE oscillations, rms(c) shows clear macro-trend decreasing from ~1.2E+02 to ~3.7E-01 over 125 steps, following the Expert Tie-Breaker Rule for damped oscillatory convergence",Continue,125,9.038671970367432,2
vasp-data-files/111010001101110010100110/OSZICAR,0,200,0.0,7.0,"rms(c) shows no consistent downward trend, oscillating between 0.1-0.8 without sustained improvement over 125 steps, indicating stagnation despite dE oscillations",Kill,125,9.041112184524536,2
vasp-data-files/110110001001000011111111/OSZICAR,0,200,0.0,7.0,"rms(c) shows no consistent downward trend, stagnating around 1.5-2.2 with oscillations throughout, indicating divergence according to Expert Tie-Breaker Rule",Kill,125,7.504312992095947,2
vasp-data-files/101100010101110001101100/OSZICAR,0,200,0.0,7.0,"rms(c) shows no consistent downward trend, stagnating around 0.1-0.3 after step 50 with persistent oscillations, indicating divergence according to Expert Tie-Breaker Rule",Kill,125,7.8165974617004395,2
vasp-data-files/101100101001000101010100/OSZICAR,0,200,0.0,7.0,"rms(c) shows no consistent downward trend, oscillating between 0.3-1.9 without meaningful reduction over 150 steps, indicating stagnation and divergence according to expert tie-breaker rule",Kill,150,12.030415773391724,3
vasp-data-files/101010100000111110110001/OSZICAR,1,125,1.0,7.0,"Despite persistent dE oscillations, rms(c) shows clear macro-trend decreasing from ~12.3 at step 13 to ~0.298 at step 100, following Expert Tie-Breaker Rule",Continue,100,4.816039800643921,1
