filepath,true_label,total_steps,final_prediction,final_confidence,final_reasoning,status,predicted_at_steps,final_api_time,num_api_calls
vasp-data-files/101001010001001101100100/OSZICAR,1,172,0.0,8.0,"rms(c) stagnates at ~0.25 after step 38 showing no further decrease, dE remains oscillatory with no clear convergence trend",Kill,50,9.443030834197998,1
vasp-data-files/111110000100010000011110/OSZICAR,1,116,0.0,7.0,"rms(c) stagnates around 0.22-0.27 after step 40 showing no clear downward macro-trend despite dE oscillations, indicating divergence according to Expert Tie-Breaker Rule",Kill,50,3.7016499042510986,1
vasp-data-files/100100001110011011011111/OSZICAR,1,67,1.0,7.0,"Despite dE oscillations, rms(c) shows clear macro-trend decreasing from 1.22E+02 to 6.50E-02 over steps 12-50, following Expert Tie-Breaker Rule for damped oscillatory convergence",Continue,50,5.346198320388794,1
vasp-data-files/111010110111111111000001/OSZICAR,1,55,1.0,9.0,"Clear monotonic decrease in both dE and rms(c) values with dE consistently below 1.0E-03 and rms(c) showing steady downward trend from 1.06E+01 to 1.19E-02, matching textbook convergence pattern",Continue,50,4.832202434539795,1
vasp-data-files/101101000101010011100011/OSZICAR,0,200,0.0,9.0,"rms(c) stagnates at 1.6-1.8 with no decreasing trend after step 45, and dE remains high with oscillations, matching the clear divergence pattern",Kill,50,4.523821115493774,1
vasp-data-files/111101100101011011110110/OSZICAR,1,62,1.0,7.0,"Despite dE oscillations, rms(c) shows clear macro-trend decreasing from 1.26E+02 to 1.34E-01 over 50 steps, following Expert Tie-Breaker Rule",Continue,50,4.523061990737915,1
vasp-data-files/100010010010001011110101/OSZICAR,1,55,1.0,8.0,"Clear damped oscillatory convergence: rms(c) shows strong monotonic decrease from 122 to 0.012 over 38 steps, and final dE values approach 1E-04 threshold despite some oscillations",Continue,50,4.525001049041748,1
vasp-data-files/110110100000011000100100/OSZICAR,1,105,1.0,7.0,"Despite dE oscillations, rms(c) shows clear macro-trend decreasing from 1.22E+02 to 4.74E-01 over steps 12-50, following Expert Tie-Breaker Rule for damped oscillatory convergence",Continue,50,4.833317756652832,1
vasp-data-files/110001111011001111111001/OSZICAR,1,106,1.0,7.0,"Despite dE oscillations, rms(c) shows clear macro-trend decreasing from 1.24E+02 to 4.60E-01 over steps 12-50, following Expert Tie-Breaker Rule",Continue,50,4.830770015716553,1
vasp-data-files/100010101000001110011111/OSZICAR,1,64,1.0,7.0,"Despite dE oscillations in final steps, rms(c) shows clear macro-trend decreasing from 1.06E+02 to 6.38E-02 over 40 iterations, following Expert Tie-Breaker Rule",Continue,50,4.523163557052612,1
vasp-data-files/110000011100111100000000/OSZICAR,0,200,0.0,8.0,"rms(c) stagnates at 1.9-2.2 with no decreasing trend after step 12, and dE shows persistent large oscillations, indicating divergence according to Expert Tie-Breaker Rule",Kill,50,3.603135585784912,1
vasp-data-files/101011010101110010111110/OSZICAR,1,68,1.0,7.0,"Despite dE oscillations, rms(c) shows clear macro-trend decreasing from 126E+01 to 177E-01 over steps 13-50, following Expert Tie-Breaker Rule for damped oscillatory convergence",Continue,50,4.5229387283325195,1
vasp-data-files/101110111010110011001111/OSZICAR,0,200,1.0,7.0,"Despite dE oscillations, rms(c) shows clear downward macro-trend from 125 at step 13 to 4.08 at step 50, following Expert Tie-Breaker Rule for damped oscillatory convergence",Continue,50,4.526123523712158,1
vasp-data-files/101100000000101101100000/OSZICAR,1,57,1.0,8.0,"Clear damped oscillatory convergence: rms(c) shows strong monotonic decrease from 120E+01 to 0.317E-02 over steps 12-50, following Expert Tie-Breaker Rule despite dE oscillations",Continue,50,4.214963912963867,1
vasp-data-files/101101010101101011001000/OSZICAR,1,80,1.0,8.0,"Clear damped oscillatory convergence: rms(c) shows strong macro-decreasing trend from ~100 to 0.0175 despite dE oscillations, following Expert Tie-Breaker Rule",Continue,75,8.746628046035767,2
vasp-data-files/101111010100110000100100/OSZICAR,0,200,0.0,8.0,"rms(c) stagnates around 1.8-2.0 after step 12 with no clear downward trend, and dE shows persistent large oscillations, indicating divergence according to Expert Tie-Breaker Rule",Kill,50,9.747992992401123,1
vasp-data-files/111111011101110001001010/OSZICAR,1,118,1.0,7.0,"Despite significant dE oscillations, rms(c) shows clear macro-trend decreasing from 126E+01 to 217E+00 over steps 13-50, following Expert Tie-Breaker Rule for damped oscillatory convergence",Continue,50,10.053071737289429,1
vasp-data-files/111100110011000100101100/OSZICAR,0,200,1.0,7.0,"Despite dE oscillations in later steps, rms(c) shows clear macro-trend decreasing from 1.06E+01 to 4.01E-01 over steps 12-50, following Expert Tie-Breaker Rule",Continue,50,5.138455152511597,1
vasp-data-files/111101001101110110100010/OSZICAR,1,63,1.0,8.0,"Clear damped oscillatory convergence: rms(c) shows strong monotonic decrease from 1.21E+01 to 2.60E-02 over steps 13-50, following Expert Tie-Breaker Rule despite some dE oscillations",Continue,50,5.138150691986084,1
vasp-data-files/111110000101010000100000/OSZICAR,0,200,0.0,7.0,"rms(c) shows no consistent downward trend, oscillating between 0.13-1.03 with final values around 0.68, indicating stagnation and divergence according to Expert Tie-Breaker Rule",Kill,75,9.050823211669922,2
vasp-data-files/101000010100011110000010/OSZICAR,1,139,1.0,7.0,"Despite dE oscillations, rms(c) shows clear macro-trend decreasing from 125E+01 to 786E-01 over steps 12-50, following Expert Tie-Breaker Rule for damped oscillatory convergence",Continue,50,5.1432154178619385,1
vasp-data-files/101110000000110110100000/OSZICAR,1,86,1.0,7.0,"Despite dE oscillations, rms(c) shows clear macro-trend decreasing from 124E+01 to 121E+00 over steps 12-50, following Expert Tie-Breaker Rule for damped oscillatory convergence",Continue,50,4.516963005065918,1
vasp-data-files/111000011100111110100100/OSZICAR,1,146,1.0,7.0,"Despite persistent dE oscillations, rms(c) shows clear macro-trend decreasing from ~12.1 to ~0.86 over 75 steps, following Expert Tie-Breaker Rule for damped oscillatory convergence",Continue,75,8.130001783370972,2
vasp-data-files/100100110010001101011001/OSZICAR,0,200,0.0,7.0,"rms(c) shows no consistent downward trend, stagnating around 1.0E+01 after initial fluctuations, indicating divergence according to Expert Tie-Breaker Rule",Kill,50,4.218747854232788,1
vasp-data-files/100001111010000001010101/OSZICAR,0,200,1.0,7.0,"Despite dE oscillations in final steps, rms(c) shows clear macro-trend decreasing from 1.22E+02 to 2.79E-01 over 38 steps, following Expert Tie-Breaker Rule",Continue,50,4.5192530155181885,1
vasp-data-files/111110000100111110100000/OSZICAR,1,71,1.0,7.0,"Despite dE oscillations in later steps, rms(c) shows clear macro-trend decreasing from 1.22E+02 to 3.15E-01 over steps 13-50, following Expert Tie-Breaker Rule",Continue,50,4.215920925140381,1
vasp-data-files/100001010111110011101110/OSZICAR,0,200,0.0,7.0,"rms(c) shows no sustained downward trend, oscillating between 0.2-1.0 without consistent decrease, indicating stagnation and eventual divergence despite some dE oscillations",Kill,75,7.822298526763916,2
vasp-data-files/100000010110101010101001/OSZICAR,1,81,1.0,7.0,"Despite dE oscillations in final steps, rms(c) shows clear macro-trend decreasing from 1.06E+02 to 1.45E-01 over 39 steps, following Expert Tie-Breaker Rule",Continue,50,4.522701740264893,1
vasp-data-files/101101001111110011100001/OSZICAR,1,66,1.0,8.0,"Strong damped oscillatory convergence: rms(c) shows clear monotonic decrease from 1.23E+02 to 3.01E-02 over 38 steps, following expert tie-breaker rule despite dE oscillations",Continue,50,3.9080851078033447,1
vasp-data-files/111100010101111011110101/OSZICAR,0,200,1.0,7.0,"Despite large dE oscillations, rms(c) shows clear downward macro-trend from 127E+01 to 126E+01 over steps 13-50, following Expert Tie-Breaker Rule for damped oscillatory convergence",Continue,50,4.216755151748657,1
vasp-data-files/101101010101111111101100/OSZICAR,1,82,1.0,7.0,"Despite dE oscillations in later steps, rms(c) shows clear macro-trend decreasing from 1.27E+02 to 1.12E-01 over 38 steps, following Expert Tie-Breaker Rule",Continue,50,4.520219326019287,1
vasp-data-files/100011101110110010111111/OSZICAR,1,68,1.0,8.0,"Clear damped oscillatory convergence: dE shows oscillations but rms(c) exhibits strong monotonic decrease from 132 to 0.0717 over steps 12-50, following the Expert Tie-Breaker Rule",Continue,50,4.52570366859436,1
vasp-data-files/101111000100111110100000/OSZICAR,1,79,1.0,8.0,"Clear damped oscillatory convergence: rms(c) shows strong monotonic decrease from 123 to 0.116 over steps 13-50, and final dE values are approaching convergence threshold despite small oscillation at step 50",Continue,50,4.830211400985718,1
vasp-data-files/101011010100110010100100/OSZICAR,0,200,0.0,7.0,"rms(c) shows no clear downward trend, stagnating around 8-10 after initial decrease, with dE remaining large and oscillatory",Kill,50,3.600039005279541,1
vasp-data-files/110100001110001101011001/OSZICAR,0,200,0.0,7.0,"rms(c) shows no consistent downward trend, oscillating between 0.3-0.8 in later steps with no macro-decrease, indicating stagnation and divergence according to Expert Tie-Breaker Rule",Kill,100,13.27313756942749,3
vasp-data-files/100100111111011001010111/OSZICAR,0,200,0.0,7.0,"rms(c) stagnates between 8-9 after initial decrease, showing no clear downward macro-trend despite dE oscillations, indicating divergence per Expert's Tie-Breaker Rule",Kill,50,3.9071614742279053,1
vasp-data-files/100001011101111010001100/OSZICAR,0,200,0.0,8.0,"rms(c) stagnates around 0.15-0.20 after initial decrease, showing no clear downward macro-trend in later steps, while dE continues oscillating significantly",Kill,50,4.214260578155518,1
vasp-data-files/101110010100111011000100/OSZICAR,1,122,1.0,7.0,"Despite dE oscillations in final steps, rms(c) shows clear macro-trend decreasing from 1.24E+02 to 4.80E-01 over 40 iterations, following Expert Tie-Breaker Rule",Continue,50,4.523547649383545,1
vasp-data-files/110100001101111100101000/OSZICAR,1,110,1.0,7.0,"Despite dE oscillations, rms(c) shows clear macro-trend decreasing from 1.23E+02 to 6.08E-01 over steps 13-50, following Expert Tie-Breaker Rule",Continue,50,4.523565292358398,1
vasp-data-files/101110000000011100100000/OSZICAR,1,64,1.0,8.0,"Clear damped oscillatory convergence: rms(c) shows strong monotonic decrease from 1.21E+01 to 2.93E-02 over steps 12-50, following Expert Tie-Breaker Rule despite early dE oscillations",Continue,50,4.521169900894165,1
vasp-data-files/111100000100111110100000/OSZICAR,1,67,1.0,8.0,"Clear damped oscillatory convergence: dE shows oscillations but consistently decreases in magnitude from ~1E+03 to ~1E-03, and rms(c) shows strong monotonic decrease from 1.05E+02 to 6.47E-02 following the Expert Tie-Breaker Rule",Continue,50,5.752884149551392,1
vasp-data-files/111000010000110111111010/OSZICAR,1,95,1.0,7.0,"Despite dE oscillations, rms(c) shows clear macro-trend decreasing from 123E+01 to 0.408E-01 over steps 12-50, following Expert Tie-Breaker Rule",Continue,50,4.522676467895508,1
vasp-data-files/101101000101011110111100/OSZICAR,1,72,1.0,7.0,"Despite dE oscillations in later steps, rms(c) shows clear macro-trend decreasing from 1.06E+02 to 3.19E-01 over 50 steps, following Expert Tie-Breaker Rule for damped oscillatory convergence",Continue,50,4.829883337020874,1
vasp-data-files/111100000101111100101000/OSZICAR,0,200,1.0,7.0,"Despite dE oscillations in later steps, rms(c) shows clear macro-trend decreasing from 1.22E+02 to ~4.5E-01 with damping pattern, following Expert Tie-Breaker Rule",Continue,50,4.521344900131226,1
vasp-data-files/100001110010011010011111/OSZICAR,1,69,1.0,7.0,"Despite dE oscillations, rms(c) shows clear macro-trend decreasing from 125E+00 to 0.423E-01 over steps 12-50, following Expert Tie-Breaker Rule",Continue,50,4.522934913635254,1
vasp-data-files/100001110000110000100010/OSZICAR,1,50,1.0,8.0,"Clear damped oscillatory convergence: rms(c) shows strong monotonic decrease from 122 to 0.0143 over steps 13-50, following Expert Tie-Breaker Rule despite some dE oscillations",Continue,50,4.523543119430542,1
vasp-data-files/110101101100111101010011/OSZICAR,1,140,1.0,7.0,"Despite dE oscillations in later steps, rms(c) shows clear macro-trend decreasing from 1.26E+02 to 4.63E-01 over steps 13-50, following Expert Tie-Breaker Rule",Continue,50,4.8295347690582275,1
vasp-data-files/101001110010000111111111/OSZICAR,1,114,1.0,7.0,"Despite dE oscillations, rms(c) shows clear downward macro-trend from 128 to 2.29 over steps 13-50 following Expert Tie-Breaker Rule",Continue,50,4.520465612411499,1
vasp-data-files/101011010111111010100100/OSZICAR,0,200,0.0,7.0,"rms(c) stagnates around 0.65-0.88 after step 23 showing no clear downward macro-trend despite dE oscillations, indicating divergence according to Expert Tie-Breaker Rule",Kill,50,4.214880704879761,1
vasp-data-files/111110000101110010010000/OSZICAR,0,200,0.0,7.0,"rms(c) shows no clear downward macro-trend, oscillating between 0.15-0.86 without sustained decrease, indicating stagnation despite some dE oscillations",Kill,75,7.822347164154053,2
vasp-data-files/100001110001101111000111/OSZICAR,0,200,0.0,8.0,"rms(c) stagnates around 9.5-11.1 with no clear downward trend in later steps, and dE remains oscillatory without consistent decrease",Kill,50,4.525181293487549,1
vasp-data-files/101100110111111001010101/OSZICAR,0,200,0.0,8.0,"rms(c) stagnates around 1.5 with no decreasing trend after step 26, and dE shows persistent oscillations without convergence",Kill,50,3.9048893451690674,1
vasp-data-files/111010000101010010101110/OSZICAR,1,120,0.0,8.0,"rms(c) stagnates at ~0.83-0.84 after step 47 with no downward trend, and dE shows persistent oscillations without reaching convergence thresholds",Kill,50,3.9133505821228027,1
vasp-data-files/100001011101111100001000/OSZICAR,1,72,1.0,7.0,"Despite dE oscillation at final step, rms(c) shows clear macro-trend decreasing from 1.05E+01 to 5.76E-02 over steps 12-50, following Expert Tie-Breaker Rule for damped oscillatory convergence",Continue,50,4.619711399078369,1
vasp-data-files/101100010110110001010100/OSZICAR,1,188,0.0,8.0,"rms(c) stagnates around 2.6-2.8 with no downward trend after step 12, and dE shows persistent large oscillations, indicating divergence according to Expert Tie-Breaker Rule",Kill,50,4.4197282791137695,1
vasp-data-files/111101000101011111100110/OSZICAR,1,64,1.0,7.0,"Despite dE oscillations in later steps, rms(c) shows clear macro-trend decreasing from 1.26E+02 to 1.48E-01 over 38 steps, following Expert Tie-Breaker Rule",Continue,50,4.830050945281982,1
vasp-data-files/111010001000000111111000/OSZICAR,0,200,0.0,8.0,"rms(c) stagnates around 1.8-2.2 with no clear downward trend after step 12, and dE shows persistent large oscillations, indicating divergence according to Expert Tie-Breaker Rule",Kill,50,4.215646028518677,1
vasp-data-files/110100011100111100100000/OSZICAR,0,200,0.0,8.0,"rms(c) stagnates around 9-11 with no clear downward trend after step 40, and dE shows persistent oscillations without convergence",Kill,50,3.9062912464141846,1
vasp-data-files/111100001001011110010001/OSZICAR,1,64,1.0,8.0,"Clear damped oscillatory convergence: rms(c) shows strong monotonic decrease from 123E+01 to 584E-02 over steps 13-50, following Expert Tie-Breaker Rule despite some dE noise",Continue,50,4.214735746383667,1
vasp-data-files/101101000100111110100000/OSZICAR,1,75,1.0,7.0,"Despite dE oscillations, rms(c) shows clear macro-trend decreasing from 122E+01 to 451E-01 over steps 12-50, following Expert Tie-Breaker Rule for damped oscillatory convergence",Continue,50,4.215030908584595,1
vasp-data-files/110110101000010000100000/OSZICAR,1,71,1.0,8.0,"Clear damped oscillatory convergence: rms(c) shows strong monotonic decrease from 122 to 0.166 over final 38 steps, following expert tie-breaker rule despite some dE oscillations",Continue,50,4.8315088748931885,1
vasp-data-files/101011010001110010100000/OSZICAR,1,70,1.0,7.0,"Despite dE oscillations, rms(c) shows clear macro-trend decreasing from 1.05E+02 to 2.94E-01 over steps 12-50, following Expert Tie-Breaker Rule for damped oscillatory convergence",Continue,50,5.1414549350738525,1
vasp-data-files/111110001100010000111110/OSZICAR,1,191,0.0,7.0,"rms(c) stagnates around 0.20-0.24 after step 40 showing no clear downward macro-trend, dE remains oscillatory with no convergence to small values",Kill,75,8.122194051742554,2
vasp-data-files/111111000101000000100110/OSZICAR,1,61,1.0,8.0,"Clear damped oscillatory convergence: rms(c) shows strong monotonic decrease from 1.22E+02 to 4.33E-02 over steps 12-50, following Expert Tie-Breaker Rule despite dE oscillations",Continue,50,4.525778293609619,1
vasp-data-files/101100010101110010111000/OSZICAR,1,60,,,评估到 75 步时，实际步数仅为 60，数据不足。,Insufficient_Steps,60,4.519240617752075,1
vasp-data-files/111001101101110111010011/OSZICAR,1,71,1.0,7.0,"Despite dE oscillations in later steps, rms(c) shows clear macro-trend decreasing from 1.24E+02 to 3.48E-01 over 38 steps, following Expert Tie-Breaker Rule for damped oscillatory convergence",Continue,50,4.136300325393677,1
vasp-data-files/101011010101111011001100/OSZICAR,1,53,1.0,8.0,"Clear damped oscillatory convergence: rms(c) shows strong monotonic decrease from 126 to 0.014 over 38 steps, following expert tie-breaker rule despite early dE oscillations",Continue,50,4.826864719390869,1
vasp-data-files/100000110100111111010001/OSZICAR,1,184,0.0,8.0,"rms(c) stagnates around 1.0 with no downward trend after step 32, and dE shows persistent oscillations without convergence",Kill,50,3.9086456298828125,1
vasp-data-files/101110000001100001100001/OSZICAR,0,200,0.0,8.0,"rms(c) stagnates at high values (22-26) with no decreasing trend after step 23, and dE remains oscillatory without reaching convergence thresholds",Kill,50,4.215593576431274,1
vasp-data-files/100000111110101011010111/OSZICAR,1,74,1.0,7.0,"Despite dE oscillations, rms(c) shows clear macro-trend decreasing from 1.23E+02 to 6.86E-01 over 50 steps, following Expert Tie-Breaker Rule for damped oscillatory convergence",Continue,50,4.8274619579315186,1
vasp-data-files/111101000101011101110000/OSZICAR,0,200,0.0,7.0,"rms(c) shows no consistent downward trend, oscillating between 0.5-1.0 with final value at 0.829E+00, indicating stagnation and divergence according to Expert Tie-Breaker Rule",Kill,50,4.522665500640869,1
vasp-data-files/110110100000011000100110/OSZICAR,1,75,1.0,7.0,"Despite dE oscillations, rms(c) shows clear macro-trend decreasing from 1.05E+02 to 2.52E-01 over 39 steps, following Expert Tie-Breaker Rule for damped oscillatory convergence",Continue,50,4.525978088378906,1
vasp-data-files/101001110111110010010010/OSZICAR,1,50,1.0,8.0,Clear damped oscillatory convergence with rms(c) showing strong monotonic decrease from 1.05E+01 to 4.31E-03 and dE reaching very small values (<1E-04) in final steps,Continue,50,3.9000244140625,1
vasp-data-files/101111000100111010100011/OSZICAR,1,109,0.0,7.0,"rms(c) shows no clear downward trend, stagnating around 0.3-0.4 after initial decrease, with dE remaining large and oscillatory",Kill,50,3.9087448120117188,1
vasp-data-files/110101100010001010011111/OSZICAR,0,200,0.0,8.0,"rms(c) stagnates at 1.5-2.0 with no decreasing trend despite dE oscillations, following Expert Tie-Breaker Rule for divergence",Kill,50,3.293104887008667,1
vasp-data-files/100001010110001011010101/OSZICAR,1,105,1.0,7.0,"Despite dE oscillations in final steps, rms(c) shows clear macro-trend decreasing from 1.23E+02 to 4.74E-01 over steps 13-50, following Expert Tie-Breaker Rule for damped oscillatory convergence",Continue,50,4.741750001907349,1
vasp-data-files/110010001001100111111001/OSZICAR,1,110,1.0,7.0,"Despite dE oscillations in later steps, rms(c) shows clear macro-trend decreasing from 1.06E+02 to 4.62E-01 over 39 steps, following Expert Tie-Breaker Rule for damped oscillatory convergence",Continue,50,4.403494596481323,1
vasp-data-files/100110100010000101111001/OSZICAR,1,72,1.0,8.0,"Clear damped oscillatory convergence: dE shows noisy but decreasing oscillations while rms(c) exhibits strong monotonic decrease from 1.05E+02 to 1.27E-01 over 40 steps, following the Expert's Tie-Breaker Rule",Continue,50,5.0333099365234375,1
vasp-data-files/111111001000011110110001/OSZICAR,1,181,1.0,7.0,"Despite initial large dE oscillations, rms(c) shows clear macro-trend decreasing from 125E+00 to 127E-01 over steps 13-50, following Expert Tie-Breaker Rule for damped oscillatory convergence",Continue,50,4.521751642227173,1
vasp-data-files/100001111101001011011111/OSZICAR,1,102,1.0,7.0,"Despite dE oscillations, rms(c) shows clear downward macro-trend from 10.5 to 0.178 over steps 12-50, following Expert Tie-Breaker Rule for damped oscillatory convergence",Continue,50,3.9066388607025146,1
vasp-data-files/101100110110100100000001/OSZICAR,1,180,0.0,8.0,"rms(c) shows no consistent downward trend, stagnating around 11-13 after initial decrease, with dE remaining large and oscillatory",Kill,50,3.5993826389312744,1
vasp-data-files/111110001001010100101000/OSZICAR,1,78,1.0,7.0,"Despite dE oscillations, rms(c) shows clear macro-trend decreasing from 1.05E+02 to 5.55E-02 over 40 steps, following Expert Tie-Breaker Rule for damped oscillatory convergence",Continue,50,5.4424567222595215,1
vasp-data-files/100110100101011100100000/OSZICAR,1,116,1.0,8.0,"Clear damped oscillatory convergence: rms(c) shows strong monotonic decrease from 124E+01 to 0.482E-01 with consistent downward trend, following Expert Tie-Breaker Rule despite dE oscillations",Continue,50,4.523433208465576,1
vasp-data-files/110001011111111001000011/OSZICAR,1,62,1.0,7.0,"Despite dE oscillations in later steps, rms(c) shows clear monotonic downward trend from 1.06E+02 to 1.09E-02 over 39 steps, following Expert Tie-Breaker Rule",Continue,50,4.827921390533447,1
vasp-data-files/110011111001011111010011/OSZICAR,1,50,1.0,8.0,"Clear damped oscillatory convergence: rms(c) shows strong monotonic decrease from 1.23E+02 to 7.36E-03 over steps 12-49, and final dE values reach ~1E-04 range despite some oscillations",Continue,50,4.929459810256958,1
vasp-data-files/100011011101001010011111/OSZICAR,1,186,0.0,8.0,"rms(c) stagnates around 1.7 with no decreasing trend despite dE oscillations, following Expert Tie-Breaker Rule for divergence",Kill,50,3.497915267944336,1
vasp-data-files/111011110001111110010000/OSZICAR,0,200,1.0,7.0,"Despite significant dE oscillations, rms(c) shows clear macro-trend decreasing from 1.24E+02 to 7.94E-01 over 50 steps, following Expert Tie-Breaker Rule for damped oscillatory convergence",Continue,50,5.135105133056641,1
vasp-data-files/101001101101011010111100/OSZICAR,1,102,1.0,7.0,"Despite persistent dE oscillations, rms(c) shows clear macro-trend decreasing from 1.23E+02 to 2.02E-01 over 75 steps, following Expert Tie-Breaker Rule for damped oscillatory convergence",Continue,75,8.743498086929321,2
vasp-data-files/111110001000011000101000/OSZICAR,1,79,1.0,7.0,"Despite dE oscillations, rms(c) shows clear macro-trend decreasing from 1.22E+02 to 1.50E-01 over steps 12-50, following Expert Tie-Breaker Rule for damped oscillatory convergence",Continue,50,4.213165760040283,1
vasp-data-files/101011010101110010100000/OSZICAR,1,62,1.0,7.0,"Despite dE oscillations in later steps, rms(c) shows clear macro-trend decreasing from 1.22E+02 to 6.79E-02 over 40 steps, following Expert Tie-Breaker Rule for damped oscillatory convergence",Continue,50,5.135273218154907,1
vasp-data-files/101101000111010011101111/OSZICAR,1,60,1.0,8.0,"Clear damped oscillatory convergence: dE shows noisy but decreasing oscillations while rms(c) exhibits strong monotonic decrease from 1.06E+01 to 5.16E-02 over steps 12-50, following the Expert's Tie-Breaker Rule",Continue,50,5.4420390129089355,1
vasp-data-files/101001001100111110000101/OSZICAR,1,80,1.0,7.0,"Despite dE oscillations in final steps, rms(c) shows clear macro-trend decreasing from 1.05E+02 to 5.04E-01 over 40 iterations, following Expert Tie-Breaker Rule for damped oscillatory convergence",Continue,50,4.5226476192474365,1
vasp-data-files/111011010100100010111110/OSZICAR,1,105,1.0,7.0,"Despite dE oscillations in final steps, rms(c) shows clear macro-trend decreasing from 1.25E+02 to 4.82E-01 over steps 13-50, following Expert Tie-Breaker Rule for damped oscillatory convergence",Continue,50,4.828121185302734,1
vasp-data-files/110110100000011100100000/OSZICAR,1,63,1.0,7.0,"Despite dE oscillations, rms(c) shows clear macro-trend decreasing from 121E+01 to 101E-01 over steps 12-50, following Expert Tie-Breaker Rule",Continue,50,4.519237518310547,1
vasp-data-files/111100110101111111010001/OSZICAR,1,74,1.0,7.0,"Despite dE oscillations, rms(c) shows clear macro-trend decreasing from 1.27E+02 to 2.27E-01 over steps 12-50, following Expert Tie-Breaker Rule for damped oscillatory convergence",Continue,50,4.212388753890991,1
vasp-data-files/111100001101010010100011/OSZICAR,1,69,1.0,7.0,"Despite dE oscillations, rms(c) shows clear macro-trend decreasing from 1.05E+02 to 1.20E-01 over 50 steps, following Expert Tie-Breaker Rule",Continue,50,4.214460134506226,1
vasp-data-files/110010001110110010101010/OSZICAR,1,85,1.0,8.0,"Strong damped oscillatory convergence: rms(c) shows clear monotonic decrease from 124E+01 to 233E-01 over steps 13-50, following Expert Tie-Breaker Rule despite early dE oscillations",Continue,50,3.908104658126831,1
vasp-data-files/100100001001101001001001/OSZICAR,0,200,0.0,7.0,"rms(c) shows no clear downward trend, oscillating between 0.48-0.85 in later steps with stagnation around 0.5-0.6, indicating divergence despite some dE oscillations",Kill,50,3.803997039794922,1
vasp-data-files/111100001100111110100000/OSZICAR,0,200,1.0,7.0,"Despite dE oscillations, rms(c) shows clear downward macro-trend from 12.2E+01 to 0.154E+00 over steps 13-50, following Expert Tie-Breaker Rule for damped oscillatory convergence",Continue,50,4.317012786865234,1
vasp-data-files/110110100101000111110001/OSZICAR,1,61,1.0,8.0,"Clear damped oscillatory convergence: dE shows noisy but decreasing oscillations while rms(c) exhibits strong monotonic decrease from 1.06E+02 to 3.03E-02 over 40 steps, following the Expert Tie-Breaker Rule",Continue,50,3.9038913249969482,1
vasp-data-files/101011110110111110100101/OSZICAR,0,200,0.0,8.0,"rms(c) shows no overall decreasing trend, stagnating at 2.2-2.8 after initial improvement, with dE remaining large and oscillatory",Kill,50,3.906759738922119,1
vasp-data-files/111111000101000010111100/OSZICAR,1,84,1.0,7.0,"Despite initial oscillations in dE, rms(c) shows clear downward macro-trend from 12.3E+01 to 0.632E-01 over steps 13-50, following Expert Tie-Breaker Rule",Continue,50,4.213897228240967,1
vasp-data-files/111111000101000100110110/OSZICAR,1,131,0.0,7.0,"rms(c) shows no consistent downward trend, oscillating between 1.0-1.5 in later steps with no progress below 0.42, indicating stagnation per Expert Tie-Breaker Rule",Kill,50,4.218836307525635,1
vasp-data-files/111100000001111110100000/OSZICAR,1,144,1.0,7.0,"Despite early oscillations in dE, rms(c) shows clear consistent downward macro-trend from 122E+01 to 354E-01 over steps 12-50, following Expert Tie-Breaker Rule",Continue,50,3.9003028869628906,1
vasp-data-files/100010001100111111010001/OSZICAR,1,55,1.0,7.0,"Despite dE oscillations in final steps, rms(c) shows clear macro-trend decreasing from 1.06E+02 to 2.06E-01 over 38 steps, following Expert Tie-Breaker Rule",Continue,50,4.213082790374756,1
vasp-data-files/101011010010111110100000/OSZICAR,1,184,1.0,7.0,"Despite persistent dE oscillations, rms(c) shows clear macro-trend decreasing from ~100 to ~0.86 over 125 steps, following Expert Tie-Breaker Rule for damped oscillatory convergence",Continue,125,16.571369409561157,4
vasp-data-files/100100010111111000000110/OSZICAR,0,200,1.0,7.0,"Despite dE oscillations in later steps, rms(c) shows clear macro-trend decreasing from 1.22E+02 to 3.73E-01 over 38 steps, following Expert Tie-Breaker Rule",Continue,50,4.211650848388672,1
vasp-data-files/101100010100110000110100/OSZICAR,0,200,0.0,7.0,"rms(c) shows no clear downward trend, stagnating around 1.3-1.5 after initial fluctuations, indicating divergence according to Expert Tie-Breaker Rule",Kill,50,5.443715572357178,1
vasp-data-files/111011110010110010101010/OSZICAR,0,200,0.0,8.0,"rms(c) stagnates at 2.3-2.5 after step 43 with no downward trend, and dE remains oscillatory with large magnitudes, indicating divergence according to Expert Tie-Breaker Rule",Kill,50,4.213194847106934,1
vasp-data-files/111110000101010010101110/OSZICAR,0,200,1.0,7.0,"Despite dE oscillations, rms(c) shows clear macro-trend decreasing from 122E+01 to 727E-01 over steps 12-50, following Expert Tie-Breaker Rule for damped oscillatory convergence",Continue,50,4.214069604873657,1
vasp-data-files/110010100101011101000011/OSZICAR,0,200,1.0,7.0,"Despite dE oscillations in later steps, rms(c) shows clear macro-trend decreasing from 1.06E+02 to 1.73E-01 over 50 steps, following Expert Tie-Breaker Rule",Continue,50,4.82839298248291,1
vasp-data-files/110000111110100001010011/OSZICAR,0,200,0.0,7.0,"rms(c) shows no clear downward trend, stagnating around 0.15-0.20 after initial improvement, with dE remaining too high for convergence",Kill,50,3.904146194458008,1
vasp-data-files/110011111101000001111111/OSZICAR,0,200,1.0,7.0,"Despite persistent dE oscillations, rms(c) shows clear macro-trend decreasing from ~100 to ~0.26 over 175 steps, following Expert Tie-Breaker Rule for damped oscillatory convergence",Continue,175,29.00746178627014,6
vasp-data-files/111110000101111100100000/OSZICAR,1,76,1.0,7.0,"Despite dE oscillations, rms(c) shows clear macro-trend decreasing from 1.05E+02 to 2.68E-02 over 75 steps, following Expert Tie-Breaker Rule",Continue,75,8.741294384002686,2
vasp-data-files/111011010101011010110110/OSZICAR,1,75,1.0,7.0,"Despite dE oscillations in later steps, rms(c) shows clear downward macro-trend from 1.27E+02 to 6.58E-01 over 38 steps, following Expert Tie-Breaker Rule for damped oscillatory convergence",Continue,50,4.520585775375366,1
vasp-data-files/101011110000011111011000/OSZICAR,0,200,1.0,7.0,"Despite dE oscillations in final steps, rms(c) shows clear macro-trend decreasing from 1.06E+02 to 5.13E-01 over 39 steps, following Expert Tie-Breaker Rule for damped oscillatory convergence",Continue,50,5.441160678863525,1
vasp-data-files/101101001001111010101001/OSZICAR,1,87,1.0,7.0,"Despite dE oscillations in later steps, rms(c) shows clear macro-trend decreasing from 1.06E+02 to 1.34E-01 over 40 iterations, following Expert Tie-Breaker Rule",Continue,50,4.520726919174194,1
vasp-data-files/101101000101010011100000/OSZICAR,1,80,1.0,7.0,"Despite dE oscillations, rms(c) shows clear downward macro-trend from 1.22E+02 to 2.96E-01 over steps 12-50, following Expert Tie-Breaker Rule",Continue,50,4.8282787799835205,1
vasp-data-files/101100000101110011000000/OSZICAR,0,200,0.0,8.0,"rms(c) stagnates at 2.1-2.6 with no decreasing trend after step 12, and dE shows persistent large oscillations, indicating divergence according to Expert Tie-Breaker Rule",Kill,50,4.52413010597229,1
vasp-data-files/111110000000111100100010/OSZICAR,1,92,1.0,8.0,"Clear damped oscillatory convergence: rms(c) shows strong monotonic decrease from 121 to 0.124 over steps 13-50, and dE oscillations are damping to ~1E-02 range",Continue,50,4.618261337280273,1
vasp-data-files/101011010101111100100000/OSZICAR,1,52,1.0,8.0,"Clear damped oscillatory convergence: rms(c) shows strong monotonic decrease from 120E+01 to 117E-02 over steps 13-50, and final dE values are approaching convergence threshold (<1E-03)",Continue,50,4.314148187637329,1
vasp-data-files/101011010101010010110110/OSZICAR,0,200,0.0,8.0,"rms(c) shows no consistent downward trend, stagnating around 1.0-1.7 with oscillations, indicating divergence according to Expert Tie-Breaker Rule",Kill,50,3.4029951095581055,1
vasp-data-files/111110100100111000100000/OSZICAR,1,103,1.0,8.0,"Despite significant dE oscillations throughout, rms(c) shows clear macro-trend decreasing from ~122 at step 13 to 0.013 at step 100, following Expert Tie-Breaker Rule for damped oscillatory convergence",Continue,100,12.955179929733276,3
vasp-data-files/111110000100010010111110/OSZICAR,1,155,1.0,7.0,"Despite dE oscillations, rms(c) shows clear macro-trend decreasing from 122E+01 to 359E-01 over steps 12-50, following Expert Tie-Breaker Rule for damped oscillatory convergence",Continue,50,3.903355360031128,1
vasp-data-files/101001011100111101100000/OSZICAR,0,200,1.0,7.0,"Despite persistent dE oscillations, rms(c) shows clear macro-trend decreasing from ~12.3 at step 13 to ~0.2 at step 125, following Expert Tie-Breaker Rule for damped oscillatory convergence",Continue,125,17.185278177261353,4
vasp-data-files/111100000101010110100001/OSZICAR,1,144,0.0,7.0,"rms(c) shows no clear downward trend after step 25, stagnating around 0.2 with oscillations, while dE remains high and oscillatory indicating divergence",Kill,50,4.212391138076782,1
vasp-data-files/100011011111001001011111/OSZICAR,1,131,1.0,7.0,"Despite dE oscillations in later steps, rms(c) shows clear macro-trend decreasing from 1.22E+02 to 7.75E-01 over 38 steps, following Expert Tie-Breaker Rule for damped oscillatory convergence",Continue,50,5.1342613697052,1
vasp-data-files/111010011011110010101000/OSZICAR,0,200,1.0,7.0,"Despite persistent dE oscillations, rms(c) shows clear macro-trend decreasing from ~100 to ~0.02 over 200 steps, following Expert Tie-Breaker Rule for damped oscillatory convergence",Continue,200,34.45700716972351,7
vasp-data-files/100011011000100110111000/OSZICAR,1,94,1.0,7.0,"Despite dE oscillations in later steps, rms(c) shows clear macro-trend decreasing from 1.06E+02 to 4.53E-01 over 38 steps, following Expert Tie-Breaker Rule for damped oscillatory convergence",Continue,50,4.828282833099365,1
vasp-data-files/110100101101100101010011/OSZICAR,1,65,1.0,7.0,"Despite dE oscillations, rms(c) shows clear macro-trend decreasing from 1.06E+02 to 1.61E-01 over 50 steps, following Expert Tie-Breaker Rule for damped oscillatory convergence",Continue,50,4.825497627258301,1
vasp-data-files/101001010111101111010011/OSZICAR,1,72,1.0,7.0,"Despite dE oscillations, rms(c) shows clear macro-trend decreasing from 1.24E+02 to 1.22E-01 over steps 13-50, following Expert Tie-Breaker Rule",Continue,50,4.212539196014404,1
vasp-data-files/100110010100110000011100/OSZICAR,1,131,1.0,7.0,"Despite significant dE oscillations, rms(c) shows clear downward macro-trend from ~100 to 0.07 over 50 steps, following Expert Tie-Breaker Rule for damped oscillatory convergence",Continue,50,3.9057235717773438,1
vasp-data-files/111001111011111010000110/OSZICAR,0,200,0.0,8.0,"rms(c) shows no decreasing trend, stagnating at 20-27 after initial improvement, with dE remaining large and oscillatory",Kill,50,3.1882169246673584,1
vasp-data-files/101010100100001110111100/OSZICAR,1,61,1.0,8.0,"Clear damped oscillatory convergence: rms(c) shows strong monotonic decrease from 106E+00 to 264E-02 over steps 12-50, and final dE values reach ~1E-04 despite early oscillations",Continue,50,3.700082778930664,1
vasp-data-files/100100110101100001011111/OSZICAR,1,131,1.0,7.0,"Despite dE oscillations, rms(c) shows clear downward macro-trend from 125E+02 to 0.719E-01 over 38 steps, following Expert Tie-Breaker Rule for damped oscillatory convergence",Continue,50,4.213124990463257,1
vasp-data-files/100101001000001110011001/OSZICAR,1,157,1.0,7.0,"Despite dE oscillations, rms(c) shows clear monotonic downward trend from 1.23E+02 to 4.14E-01 over steps 13-50, following Expert Tie-Breaker Rule for damped oscillatory convergence",Continue,50,5.440553665161133,1
vasp-data-files/111001010110111000010000/OSZICAR,1,102,,,评估到 125 步时，实际步数仅为 102，数据不足。,Insufficient_Steps,102,13.312552213668823,3
vasp-data-files/111001111111011110011110/OSZICAR,0,200,0.0,8.0,"rms(c) stagnates at 1.3-1.5 range after step 34 with no overall decreasing trend, and dE shows persistent oscillations without approaching convergence thresholds",Kill,50,4.399539232254028,1
vasp-data-files/100111111001010011101101/OSZICAR,0,200,0.0,8.0,"rms(c) stagnates around 9.6 after initial decrease, showing no clear downward macro-trend from step 42-50, while dE remains oscillatory with large values",Kill,50,4.212938070297241,1
vasp-data-files/110010111000111100000000/OSZICAR,1,136,1.0,7.0,"Despite dE oscillations in later steps, rms(c) shows clear macro-trend decreasing from 1.05E+01 to 4.59E-01 over steps 12-50, following Expert Tie-Breaker Rule",Continue,50,4.518751859664917,1
vasp-data-files/101011101101001010111100/OSZICAR,1,64,1.0,8.0,"Clear damped oscillatory convergence: rms(c) shows strong monotonic decrease from 1.24E+02 to 3.50E-02 over steps 12-50, following Expert Tie-Breaker Rule despite some dE oscillations",Continue,50,4.82830023765564,1
vasp-data-files/101101010101110011010100/OSZICAR,0,200,0.0,8.0,"rms(c) stagnates at 1.2-1.3 range after step 46 with no clear downward trend, and dE shows persistent large oscillations, indicating divergence according to Expert Tie-Breaker Rule",Kill,50,4.517161130905151,1
vasp-data-files/101111001100010010101010/OSZICAR,1,97,1.0,7.0,"Despite dE oscillations, rms(c) shows clear macro-trend decreasing from 124E+01 to 0.332E-01 over steps 13-50, following Expert Tie-Breaker Rule for damped oscillatory convergence",Continue,50,9.43527364730835,1
vasp-data-files/101011010101110010100100/OSZICAR,0,200,0.0,7.0,"rms(c) shows no consistent downward trend, oscillating between 1.0E+01 and 1.9E+01 in later steps with final value at 7.5E-01, indicating stagnation and divergence according to Expert Tie-Breaker Rule",Kill,50,10.05005955696106,1
vasp-data-files/110110000011000000111010/OSZICAR,1,72,1.0,7.0,"Despite dE oscillations, rms(c) shows clear macro-trend decreasing from 1.24E+02 to 1.82E-01 over 50 steps, following Expert Tie-Breaker Rule for damped oscillatory convergence",Continue,50,4.210755348205566,1
vasp-data-files/101101000111110010100010/OSZICAR,1,85,0.0,7.0,"rms(c) stagnates around 0.5 after step 40 with no clear downward trend, and dE continues oscillating without reaching convergence thresholds",Kill,50,3.293457269668579,1
vasp-data-files/101011011101111010100100/OSZICAR,1,97,1.0,7.0,"Despite dE oscillations, rms(c) shows clear macro-trend decreasing from 123E+01 to 8.11E-01 over steps 12-50, following Expert Tie-Breaker Rule for damped oscillatory convergence",Continue,50,4.212134599685669,1
vasp-data-files/100010010010011111010111/OSZICAR,1,56,1.0,8.0,Clear damped oscillatory convergence with dE decreasing to ~1E-04 and rms(c) showing consistent downward trend from 1.05E+02 to 1.12E-02 over 50 steps,Continue,50,3.9028897285461426,1
vasp-data-files/110011111111111001000111/OSZICAR,1,61,1.0,8.0,"Strong damped oscillatory convergence: rms(c) shows clear monotonic decrease from 125E+01 at step 13 to 77E-02 at step 50, following expert tie-breaker rule despite early dE oscillations",Continue,50,4.827168941497803,1
vasp-data-files/100011110111011010011111/OSZICAR,1,116,,,评估到 125 步时，实际步数仅为 116，数据不足。,Insufficient_Steps,116,11.119224071502686,3
vasp-data-files/101101011101111011011100/OSZICAR,0,200,1.0,7.0,"Despite dE oscillations in final steps, rms(c) shows clear macro-trend decreasing from 1.27E+02 to 2.14E-01 over steps 12-50, following Expert Tie-Breaker Rule",Continue,50,3.826685667037964,1
vasp-data-files/111110000100001100100010/OSZICAR,1,53,1.0,8.0,"Clear damped oscillatory convergence: rms(c) shows strong monotonic decrease from 1.05E+02 to 1.17E-02 over 39 steps, with dE oscillations damping to ~2E-03 range",Continue,50,5.133897066116333,1
vasp-data-files/111110000110001110110010/OSZICAR,1,69,1.0,7.0,"Despite dE oscillations in later steps, rms(c) shows clear macro-trend decreasing from 1.22E+02 to 8.03E-02 over 38 steps, following Expert Tie-Breaker Rule",Continue,50,4.211859226226807,1
vasp-data-files/111110000100011000101000/OSZICAR,1,53,1.0,8.0,"Clear damped oscillatory convergence: rms(c) shows strong monotonic decrease from 122 to 0.00998 over steps 12-50, and final dE values reach ~1E-04 range despite early oscillations",Continue,50,4.5184550285339355,1
vasp-data-files/110100000111000100101000/OSZICAR,0,200,1.0,7.0,"Despite dE oscillations in later steps, rms(c) shows clear macro-trend decreasing from 1.24E+02 to 5.30E-01 over steps 13-50, following Expert Tie-Breaker Rule for damped oscillatory convergence",Continue,50,4.828044414520264,1
vasp-data-files/111100011101110000010101/OSZICAR,0,200,0.0,8.0,"rms(c) shows no consistent downward trend, stagnating around 1.4-2.0 with no macro-decrease, while dE oscillates with large magnitudes, indicating divergence according to Expert Tie-Breaker Rule",Kill,50,10.046364545822144,1
vasp-data-files/101010010100111010000100/OSZICAR,0,200,0.0,8.0,"rms(c) shows no consistent downward trend, stagnating around 1.2-1.8 with oscillations and no clear damping, indicating divergence according to Expert Tie-Breaker Rule",Kill,50,4.211812257766724,1
vasp-data-files/111101000100111110100000/OSZICAR,1,92,1.0,7.0,"Despite dE oscillations in later steps, rms(c) shows clear monotonic downward trend from 1.22E+02 to 2.59E-01 over steps 12-50, following Expert Tie-Breaker Rule",Continue,50,4.52120304107666,1
vasp-data-files/111100111100111110010000/OSZICAR,0,200,0.0,7.0,"rms(c) oscillates between 1.6-4.3 with no clear downward macro-trend, stagnating around 3.9-4.1 in final steps despite dE oscillations",Kill,75,7.516611576080322,2
vasp-data-files/111101000101111011110111/OSZICAR,1,71,1.0,8.0,"Despite early oscillations, rms(c) shows clear monotonic decrease from 125E+01 to 150E-01 over steps 13-50, following Expert Tie-Breaker Rule for damped oscillatory convergence",Continue,50,3.597360610961914,1
vasp-data-files/101111100101111000100000/OSZICAR,1,100,1.0,7.0,"Despite significant dE oscillations, rms(c) shows clear downward macro-trend from 1.23E+01 to 7.72E-01 over steps 13-50, following Expert Tie-Breaker Rule for damped oscillatory convergence",Continue,50,4.205366134643555,1
vasp-data-files/101101000101011100000000/OSZICAR,0,200,1.0,7.0,"Despite persistent dE oscillations, rms(c) shows clear macro-trend decreasing from ~120 at step 12 to ~0.53 at step 125, following the Expert's Tie-Breaker Rule for damped oscillatory convergence",Continue,125,17.79933738708496,4
vasp-data-files/100000011101101111001001/OSZICAR,1,80,1.0,8.0,"Clear damped oscillatory convergence: rms(c) shows strong monotonic decrease from 1.23E+02 to 1.31E-01 over 38 steps, following expert tie-breaker rule despite dE oscillations",Continue,50,4.51927924156189,1
vasp-data-files/110001001100001101110101/OSZICAR,0,200,0.0,8.0,"rms(c) stagnates at 1.0-1.2 range after step 40 with no clear downward trend, dE remains large and oscillatory, indicating divergence per Expert Tie-Breaker Rule",Kill,50,3.9046099185943604,1
vasp-data-files/101100001100111110000000/OSZICAR,0,200,1.0,7.0,"Despite persistent dE oscillations, rms(c) shows clear macro-trend decreasing from ~18.8 at step 34 to ~1.13 at step 75, following Expert Tie-Breaker Rule",Continue,75,8.739359140396118,2
vasp-data-files/111110000100010000111110/OSZICAR,0,200,0.0,7.0,"rms(c) stagnates around 1.7-2.1 after step 28 showing no clear downward macro-trend despite dE oscillations, indicating divergence per Expert Tie-Breaker Rule",Kill,50,4.519698619842529,1
vasp-data-files/100100011110111000000110/OSZICAR,1,90,1.0,7.0,"Despite dE oscillations in later steps, rms(c) shows clear macro-trend decreasing from 1.22E+02 to 2.02E-01 over 38 steps, following Expert Tie-Breaker Rule",Continue,50,4.516862392425537,1
vasp-data-files/100101001100010000001100/OSZICAR,1,165,1.0,7.0,"Despite significant dE oscillations, rms(c) shows clear macro-trend decreasing from 121 to 0.61 over steps 12-50, following Expert Tie-Breaker Rule for damped oscillatory convergence",Continue,50,4.826059579849243,1
vasp-data-files/100010001001111100101001/OSZICAR,1,176,0.0,8.0,"rms(c) stagnates at 1.8-2.1 with no decreasing trend after step 12, and dE shows persistent oscillations without approaching convergence thresholds",Kill,50,4.211183547973633,1
vasp-data-files/100101101101101011001111/OSZICAR,0,200,1.0,7.0,"Despite persistent dE oscillations, rms(c) shows clear macro-trend decreasing from ~12.6 at step 13 to ~0.11 at step 125, following the Expert's Tie-Breaker Rule for damped oscillatory convergence",Continue,125,16.878737211227417,4
vasp-data-files/101101000100111010001000/OSZICAR,1,71,1.0,7.0,"Despite dE oscillations, rms(c) shows clear macro-trend decreasing from 1.23E+02 to 8.62E-02 over steps 13-50, following Expert Tie-Breaker Rule for damped oscillatory convergence",Continue,50,4.211159944534302,1
vasp-data-files/101100010101110001000100/OSZICAR,1,186,1.0,7.0,"Despite dE oscillations in later steps, rms(c) shows clear macro-trend decreasing from 129E+01 to 595E-01 over 38 steps, following Expert Tie-Breaker Rule for damped oscillatory convergence",Continue,50,4.721697807312012,1
vasp-data-files/100000001111110011011111/OSZICAR,1,60,1.0,8.0,"Strong damped oscillatory convergence: rms(c) shows clear macro-trend decreasing from 123E+01 to 0.499E-02 over 38 steps, following Expert Tie-Breaker Rule despite dE oscillations",Continue,50,4.62807822227478,1
vasp-data-files/101101000101111110000000/OSZICAR,1,72,1.0,7.0,"Despite dE oscillations, rms(c) shows clear macro-trend decreasing from 1.05E+01 to 1.65E-01 over steps 12-50, following Expert Tie-Breaker Rule",Continue,50,4.513793468475342,1
vasp-data-files/110110100101001100111100/OSZICAR,1,136,1.0,7.0,"Despite dE oscillations, rms(c) shows clear macro-trend decreasing from 124E+01 to 426E-01 over steps 12-50, following Expert Tie-Breaker Rule for damped oscillatory convergence",Continue,50,4.211465120315552,1
vasp-data-files/100011110011111010000110/OSZICAR,1,141,0.0,8.0,"rms(c) shows clear upward trend from 0.106E+02 to 0.472E+00 with no sustained decrease, indicating divergence according to Expert Tie-Breaker Rule despite some dE oscillation",Kill,50,4.517676830291748,1
vasp-data-files/111000011001110011110010/OSZICAR,1,86,1.0,7.0,"Applying Expert Tie-Breaker Rule: dE shows oscillations but rms(c) exhibits clear macro-trend decreasing from 1.22E+02 to 5.09E-01 over steps 12-50, indicating damped oscillatory convergence",Continue,50,4.826886892318726,1
vasp-data-files/101110001100111110100000/OSZICAR,1,79,1.0,8.0,"Clear damped oscillatory convergence: dE shows oscillatory but decreasing trend from ~1E+03 to ~1E-02, while rms(c) exhibits strong monotonic decrease from 1.23E+02 to 1.37E-01 over steps 13-50, following the Expert's Tie-Breaker Rule",Continue,50,5.438167572021484,1
vasp-data-files/101000010101111111100100/OSZICAR,1,98,1.0,7.0,"Despite dE oscillations, rms(c) shows clear macro-trend decreasing from 1.24E+02 to 8.80E-02 over steps 12-50, following Expert Tie-Breaker Rule for damped oscillatory convergence",Continue,50,3.9046168327331543,1
vasp-data-files/101000010100111110100000/OSZICAR,1,70,1.0,8.0,"Clear damped oscillatory convergence with rms(c) showing strong monotonic decrease from 123E+01 to 614E-02 over steps 12-50, despite dE oscillations",Continue,50,3.2909460067749023,1
vasp-data-files/110100111101110011011001/OSZICAR,1,78,1.0,7.0,"Despite dE oscillations, rms(c) shows clear downward macro-trend from 128E+01 to 342E-01 over steps 13-50, following Expert Tie-Breaker Rule for damped oscillatory convergence",Continue,50,3.903573751449585,1
vasp-data-files/111110000101011110100000/OSZICAR,1,60,1.0,8.0,"Clear damped oscillatory convergence: dE shows decreasing oscillations while rms(c) exhibits strong monotonic decrease from 1.22E+01 to 3.40E-02 over steps 13-50, following the Expert's Tie-Breaker Rule",Continue,50,4.210854768753052,1
vasp-data-files/101110100000111100100000/OSZICAR,1,58,1.0,8.0,"Clear damped oscillatory convergence with rms(c) showing strong monotonic decrease from 1.22E+02 to 1.06E-02 over 38 steps, despite some dE oscillations in final steps",Continue,50,4.313125133514404,1
vasp-data-files/110000111110110010001010/OSZICAR,1,76,1.0,8.0,"Clear damped oscillatory convergence: rms(c) shows strong monotonic decrease from 125E+01 to 188E-02 over steps 13-50, following Expert Tie-Breaker Rule despite early dE oscillations",Continue,50,4.41569972038269,1
vasp-data-files/110100111100111101010011/OSZICAR,0,200,0.0,7.0,"rms(c) shows no consistent downward trend, oscillating between 6-12 without meaningful reduction over 75 steps, indicating stagnation and divergence",Kill,75,7.204607963562012,2
vasp-data-files/101110000100110010100000/OSZICAR,1,71,1.0,8.0,"Clear damped oscillatory convergence: rms(c) shows strong monotonic decrease from 124E+01 to 115E-01 over 38 steps, and dE oscillations are dampening with final values reaching ~1E-03",Continue,50,4.825991630554199,1
vasp-data-files/110110011101001000110000/OSZICAR,1,80,1.0,7.0,"Despite significant dE oscillations, rms(c) shows clear macro-trend decreasing from 122 to 0.073 over steps 13-50, following Expert Tie-Breaker Rule for damped oscillatory convergence",Continue,50,4.213880300521851,1
vasp-data-files/101110000101001010110100/OSZICAR,1,68,1.0,8.0,"Clear downward macro-trend in rms(c) from 1.06E+02 to 5.01E-02 with consistent damping, following Expert Tie-Breaker Rule despite some dE oscillations",Continue,50,4.207185983657837,1
vasp-data-files/101101000101111010100110/OSZICAR,1,67,1.0,7.0,"Despite dE oscillations, rms(c) shows clear macro-trend decreasing from 121E+01 to 216E-01 over steps 13-50, following Expert Tie-Breaker Rule for damped oscillatory convergence",Continue,50,4.518552303314209,1
vasp-data-files/111101001100010000100010/OSZICAR,1,81,1.0,8.0,"Clear damped oscillatory convergence: rms(c) shows strong monotonic decrease from 122 to 0.0805 over steps 12-50, and final dE values (~1E-03) approach convergence threshold despite minor oscillations",Continue,50,4.8268373012542725,1
vasp-data-files/101001001100111011000101/OSZICAR,1,117,0.0,7.0,"rms(c) stagnates around 0.02 after step 45 and shows no clear downward trend in final steps, while dE exhibits persistent oscillations above convergence threshold",Kill,50,3.9007785320281982,1
vasp-data-files/100000001110011101010111/OSZICAR,1,78,0.0,7.0,"rms(c) stagnates at ~0.0124-0.0126 in final steps with no decreasing trend, indicating divergence despite some dE oscillation damping",Kill,50,4.5210278034210205,1
vasp-data-files/110100110001110001011001/OSZICAR,0,200,0.0,8.0,"rms(c) stagnates around 1.0-1.3 after step 42 with no sustained downward trend, dE remains oscillatory and fails to reach convergence thresholds, indicating divergence per Expert Tie-Breaker Rule",Kill,175,24.089212656021118,6
vasp-data-files/111010110000111110010000/OSZICAR,0,200,0.0,8.0,"rms(c) stagnates at 1.4-1.6 with no decreasing trend after step 12, and dE shows persistent large oscillations, indicating divergence according to Expert's Tie-Breaker Rule",Kill,50,4.210222244262695,1
vasp-data-files/101100000100111110000000/OSZICAR,0,200,0.0,7.0,"rms(c) shows no consistent downward trend, oscillating between 5-12 with stagnation in later steps (10.8-11.1 from steps 73-75), indicating divergence despite some dE oscillations",Kill,75,9.966978549957275,2
vasp-data-files/100110001100011010011111/OSZICAR,1,65,1.0,8.0,"Clear damped oscillatory convergence with rms(c) showing strong monotonic decrease from 1.05E+02 to 3.44E-02 over steps 12-50, following Expert Tie-Breaker Rule despite dE oscillations",Continue,50,5.440406084060669,1
vasp-data-files/101010110000111110100100/OSZICAR,1,52,1.0,9.0,"Clear monotonic decrease in both dE and rms(c) from step 12 onward, with rms(c) dropping from 122 to 0.00581 and dE consistently below 1E-03 in final steps",Continue,50,4.5173258781433105,1
vasp-data-files/100001011111111001010111/OSZICAR,0,200,0.0,7.0,"rms(c) shows no consistent downward trend, oscillating between 0.1-0.7 without meaningful reduction over many iterations, indicating stagnation and divergence according to Expert Tie-Breaker Rule",Kill,125,15.65498399734497,4
vasp-data-files/101110100101011110100100/OSZICAR,1,74,1.0,8.0,"Clear damped oscillatory convergence: rms(c) shows strong monotonic decrease from 122 to 0.19 over steps 13-50, and dE oscillations are damping towards small values (<1E-01) in final steps",Continue,50,4.818355321884155,1
vasp-data-files/111110001100010010111111/OSZICAR,0,200,1.0,7.0,"Despite dE oscillations, rms(c) shows clear macro-trend decreasing from 1.26E+02 to 5.92E-01 over steps 13-50, following Expert Tie-Breaker Rule",Continue,50,4.20984959602356,1
vasp-data-files/110000000011100101010001/OSZICAR,0,200,1.0,7.0,"Despite significant dE oscillations, rms(c) shows clear macro-trend decreasing from 123E+01 to 3.25E+00 over steps 12-50, following Expert Tie-Breaker Rule for damped oscillatory convergence",Continue,50,17.726646900177002,1
vasp-data-files/111100000101111100100000/OSZICAR,1,138,1.0,7.0,"Despite dE oscillations in final steps, rms(c) shows clear macro-trend decreasing from 1.22E+02 to 3.06E-01 over 40 iterations, following Expert Tie-Breaker Rule",Continue,50,4.312159299850464,1
vasp-data-files/100011110011111010100110/OSZICAR,1,144,0.0,7.0,"rms(c) stagnates around 0.2-0.3 after step 60 and shows no clear downward macro-trend in final 40 steps, indicating divergence despite some dE oscillations",Kill,100,12.243980407714844,3
vasp-data-files/111110110101110100110100/OSZICAR,0,200,0.0,7.0,"rms(c) shows no clear downward macro-trend, stagnating around 1.8-2.9 after initial decrease, indicating divergence according to Expert Tie-Breaker Rule",Kill,50,4.209855556488037,1
vasp-data-files/100111001111010100101000/OSZICAR,0,200,0.0,8.0,"rms(c) stagnates around 2.0 with no decreasing trend after step 12, and dE shows persistent large oscillations, indicating divergence according to Expert Tie-Breaker Rule",Kill,50,4.211655616760254,1
vasp-data-files/101100000101010001101100/OSZICAR,1,142,0.0,7.0,"rms(c) oscillates between 0.9-1.06 without clear downward trend after step 30, indicating stagnation per Expert Tie-Breaker Rule",Kill,50,3.5966999530792236,1
vasp-data-files/101100010101110000111100/OSZICAR,1,107,1.0,7.0,"Despite dE oscillations, rms(c) shows clear macro-trend decreasing from 1.05E+02 to 2.64E-01 over 38 steps, following Expert Tie-Breaker Rule for damped oscillatory convergence",Continue,50,3.901792287826538,1
vasp-data-files/110101000101000011111110/OSZICAR,1,149,0.0,8.0,"rms(c) shows no decreasing macro-trend, stagnating around 1.2-1.5 after initial drop, with dE oscillations indicating divergence according to Expert Tie-Breaker Rule",Kill,50,3.596682071685791,1
vasp-data-files/101101000101111100000000/OSZICAR,1,102,1.0,7.0,"Despite dE oscillations, rms(c) shows clear macro-trend decreasing from 1.19E+02 to 5.81E-01 over steps 12-50, following Expert Tie-Breaker Rule",Continue,50,8.81996202468872,1
vasp-data-files/110001111110110011011111/OSZICAR,0,200,0.0,8.0,"rms(c) stagnates at high values (20-24) with no overall decreasing trend despite dE oscillations, indicating divergence per Expert Tie-Breaker Rule",Kill,50,3.2936291694641113,1
vasp-data-files/101110001110011101010011/OSZICAR,0,200,0.0,7.0,"rms(c) shows no overall decreasing trend, stagnating around 0.8-0.95 after initial drop, with dE remaining large and oscillatory",Kill,50,3.896868944168091,1
vasp-data-files/110000011100011000001011/OSZICAR,1,131,0.0,7.0,"rms(c) stagnates around 0.35 after step 33 showing no clear downward macro-trend despite dE oscillations, indicating divergence per Expert Tie-Breaker Rule",Kill,50,3.908163070678711,1
vasp-data-files/101111000101111011101100/OSZICAR,1,75,1.0,7.0,"Despite dE oscillations, rms(c) shows clear macro-trend decreasing from 126E+01 to 200E-01 over steps 13-50, following Expert Tie-Breaker Rule for damped oscillatory convergence",Continue,50,3.8983194828033447,1
vasp-data-files/101000001110001111010111/OSZICAR,1,125,0.0,7.0,"rms(c) stagnates around 0.35-0.40 after step 33 showing no clear downward macro-trend despite dE oscillations, indicating divergence per Expert Tie-Breaker Rule",Kill,50,4.209794998168945,1
vasp-data-files/110011010011110110111000/OSZICAR,1,57,1.0,8.0,"Clear damped oscillatory convergence: rms(c) shows strong monotonic decrease from 125 to 0.0233 over steps 13-50, following Expert Tie-Breaker Rule despite dE oscillations",Continue,50,5.167106866836548,1
vasp-data-files/111010010111101111010011/OSZICAR,1,80,1.0,7.0,"Despite dE oscillations in later steps, rms(c) shows clear macro-trend decreasing from 1.25E+02 to 3.81E-02 over 50 steps, following Expert Tie-Breaker Rule",Continue,50,4.484887599945068,1
vasp-data-files/110100001101011110100001/OSZICAR,1,87,1.0,7.0,"Despite significant dE oscillations, rms(c) shows clear downward macro-trend from ~100 to 0.127 over steps 12-50, following Expert Tie-Breaker Rule for damped oscillatory convergence",Continue,50,4.2068212032318115,1
vasp-data-files/101111100000000011101101/OSZICAR,0,200,0.0,7.0,"rms(c) shows no clear downward macro-trend, stagnating around 0.9-1.2 after initial fluctuations, while dE continues oscillating significantly",Kill,50,9.125333547592163,1
vasp-data-files/110110001000011100100000/OSZICAR,1,122,1.0,7.0,"Despite dE oscillations, rms(c) shows clear macro-trend decreasing from 1.05E+01 to 3.67E-01 over steps 22-47, following Expert Tie-Breaker Rule",Continue,50,4.211005210876465,1
vasp-data-files/100001010110011010010010/OSZICAR,1,165,1.0,7.0,"Despite dE oscillations, rms(c) shows clear macro-trend decreasing from 1.06E+02 to 7.88E-02 over 40 steps, following Expert Tie-Breaker Rule for damped oscillatory convergence",Continue,50,3.901730537414551,1
vasp-data-files/110110101000011100000000/OSZICAR,1,78,1.0,7.0,"Despite dE oscillations, rms(c) shows clear macro-trend decreasing from 121E+01 to 256E-01 over steps 12-50, following Expert Tie-Breaker Rule for damped oscillatory convergence",Continue,50,4.209640264511108,1
vasp-data-files/101001010101000011001101/OSZICAR,1,154,1.0,7.0,"Despite significant dE oscillations, rms(c) shows clear downward macro-trend from ~12.6 at step 37 to ~3.89 at step 50, following Expert Tie-Breaker Rule for damped oscillatory convergence",Continue,50,4.519973278045654,1
vasp-data-files/101011010100011010100100/OSZICAR,1,61,1.0,8.0,"Clear damped oscillatory convergence: rms(c) shows strong monotonic decrease from 1.22E+02 to 5.63E-02 over steps 12-50, following Expert Tie-Breaker Rule despite some dE oscillations",Continue,50,4.5148396492004395,1
vasp-data-files/111101010111011110011110/OSZICAR,1,109,1.0,7.0,"Despite dE oscillations, rms(c) shows clear macro-trend decreasing from 128E+01 to 237E-01 over steps 13-50, following Expert Tie-Breaker Rule for damped oscillatory convergence",Continue,50,4.209783315658569,1
vasp-data-files/101100000101010000110100/OSZICAR,0,200,1.0,7.0,"Despite dE oscillations, rms(c) shows clear macro-trend decreasing from 122E+01 to 731E-01 over steps 13-50, following Expert Tie-Breaker Rule for damped oscillatory convergence",Continue,50,9.434126377105713,1
vasp-data-files/100010010110001011010101/OSZICAR,0,200,1.0,7.0,"Despite dE oscillations in final steps, rms(c) shows clear monotonic decrease from 1.21E+01 to 1.92E-01 over steps 13-50, following Expert Tie-Breaker Rule for damped oscillatory convergence",Continue,50,4.311842441558838,1
vasp-data-files/100000011100111100001000/OSZICAR,1,70,1.0,7.0,"Despite dE oscillations, rms(c) shows clear macro-trend decreasing from 1.05E+02 to 7.68E-02 over 39 steps, following Expert Tie-Breaker Rule",Continue,50,9.635315179824829,1
vasp-data-files/101011110000111110100100/OSZICAR,1,63,1.0,7.0,"Despite dE oscillations, rms(c) shows clear monotonic decrease from 1.22E+01 to 6.95E-02 over steps 13-50, following Expert Tie-Breaker Rule for convergence",Continue,50,3.9040956497192383,1
vasp-data-files/101100000101010100100000/OSZICAR,1,82,1.0,7.0,"Despite dE oscillations, rms(c) shows clear macro-trend decreasing from 1.05E+01 to 1.36E-01 over steps 22-50, following Expert Tie-Breaker Rule",Continue,50,4.515313625335693,1
vasp-data-files/101000111100111011010111/OSZICAR,1,73,1.0,7.0,"Despite dE oscillations, rms(c) shows clear macro-trend decreasing from 125E+01 to 0.205E-01 over steps 13-50, following Expert Tie-Breaker Rule for damped oscillatory convergence",Continue,50,4.519822359085083,1
vasp-data-files/111110001001000010111111/OSZICAR,1,94,1.0,7.0,"Despite dE oscillations in final steps, rms(c) shows clear macro-trend decreasing from 1.25E+01 to 4.67E-01 over steps 13-50, following Expert Tie-Breaker Rule",Continue,50,4.822036266326904,1
vasp-data-files/100001110011100011011101/OSZICAR,1,72,1.0,7.0,"Despite dE oscillations, rms(c) shows clear downward macro-trend from 1.05E+01 to 1.53E-01 over steps 12-50, following Expert Tie-Breaker Rule for damped oscillatory convergence",Continue,50,4.209608554840088,1
vasp-data-files/100111001000111100100000/OSZICAR,1,66,1.0,7.0,"Despite dE oscillations in later steps, rms(c) shows clear macro-trend decreasing from 1.05E+01 to 8.20E-02 over steps 12-50, following Expert Tie-Breaker Rule for damped oscillatory convergence",Continue,50,4.210713148117065,1
vasp-data-files/100001111010001101011111/OSZICAR,1,66,1.0,8.0,"Clear damped oscillatory convergence: dE shows noisy but decreasing oscillations while rms(c) exhibits strong monotonic decrease from 1.24E+02 to 5.13E-02 over 38 steps, following the Expert's Tie-Breaker Rule",Continue,50,3.904238700866699,1
vasp-data-files/111111000001000000111110/OSZICAR,1,60,1.0,8.0,"Clear damped oscillatory convergence: dE shows oscillatory but decreasing magnitude, and rms(c) exhibits strong monotonic decrease from 1.05E+01 to 2.37E-02 over 39 steps, following the Expert's Tie-Breaker Rule",Continue,50,4.209838390350342,1
vasp-data-files/100100001111111101011001/OSZICAR,1,77,1.0,7.0,"Despite dE oscillations, rms(c) shows clear macro-trend decreasing from 1.06E+02 to 1.76E-01 over 39 steps, following Expert Tie-Breaker Rule for damped oscillatory convergence",Continue,50,4.209473133087158,1
vasp-data-files/100001111100111001000011/OSZICAR,1,68,1.0,8.0,"Clear damped oscillatory convergence with rms(c) showing strong monotonic decrease from 1.22E+02 to 5.61E-02 over final 38 steps, following Expert Tie-Breaker Rule despite some dE noise",Continue,50,4.516077995300293,1
vasp-data-files/100000111010110011011101/OSZICAR,1,91,1.0,8.0,"Clear damped oscillatory convergence: dE shows noisy but decreasing oscillations while rms(c) exhibits strong monotonic decrease from 1.05E+01 to 5.79E-02 over steps 12-50, following the Expert Tie-Breaker Rule",Continue,50,9.433991193771362,1
vasp-data-files/110010111010110000101100/OSZICAR,1,69,1.0,8.0,"Clear damped oscillatory convergence: dE shows oscillatory but decreasing magnitude, and rms(c) exhibits strong consistent downward trend from 125E+01 to 205E-01 over final 38 steps",Continue,50,9.125497579574585,1
vasp-data-files/101101000101000010111100/OSZICAR,1,77,1.0,8.0,"Clear damped oscillatory convergence with rms(c) showing strong monotonic decrease from 120E+01 to 0.612E-02 despite some dE oscillations, following the Expert Tie-Breaker Rule",Continue,50,3.8998045921325684,1
vasp-data-files/110000111111111011000111/OSZICAR,1,65,1.0,8.0,"Clear damped oscillatory convergence: rms(c) shows strong monotonic decrease from 125E+01 to 0.493E-02 over steps 13-50, following Expert Tie-Breaker Rule despite some dE oscillations",Continue,50,4.5169923305511475,1
vasp-data-files/101101000101111110100101/OSZICAR,0,200,0.0,7.0,"rms(c) stagnates around 8.8-9.4 after step 39 with no clear downward trend, and dE remains oscillatory with large magnitudes, indicating divergence according to Expert Tie-Breaker Rule",Kill,50,4.825652599334717,1
vasp-data-files/110001000011001111101110/OSZICAR,0,200,0.0,8.0,"rms(c) stagnates at high values (9-15) with no clear downward trend after step 30, and dE shows persistent oscillations without approaching convergence threshold",Kill,50,2.9837887287139893,1
vasp-data-files/101000111000110101100100/OSZICAR,1,102,1.0,7.0,"Despite dE oscillations, rms(c) shows clear macro-trend decreasing from 1.23E+02 to 3.15E-01 over steps 13-50, following Expert Tie-Breaker Rule for damped oscillatory convergence",Continue,50,4.513447523117065,1
vasp-data-files/111110001100111010101000/OSZICAR,0,200,1.0,7.0,"Despite persistent dE oscillations, rms(c) shows clear macro-trend decreasing from ~1.21E+02 at step 13 to ~5.74E-01 at step 100, following the Expert's Tie-Breaker Rule for damped oscillatory convergence",Continue,100,13.880096197128296,3
vasp-data-files/101001010110101111110111/OSZICAR,1,71,1.0,7.0,"Despite dE oscillations, rms(c) shows clear monotonic downward trend from 1.26E+02 to 1.22E-01 over 38 steps, following Expert Tie-Breaker Rule",Continue,50,4.516291618347168,1
vasp-data-files/101001010101110010101100/OSZICAR,1,72,1.0,7.0,"Despite dE oscillations, rms(c) shows clear macro-trend decreasing from 121E+01 to 244E-01 over steps 12-50, following Expert Tie-Breaker Rule for damped oscillatory convergence",Continue,50,3.902926206588745,1
vasp-data-files/110111111010100000100011/OSZICAR,1,79,1.0,7.0,"Despite dE oscillations in later steps, rms(c) shows clear macro-trend decreasing from ~12.4 to ~0.07-0.09 range, following Expert Tie-Breaker Rule for damped oscillatory convergence",Continue,50,4.517346620559692,1
vasp-data-files/100111000111010000101000/OSZICAR,1,64,1.0,8.0,"Clear damped oscillatory convergence with rms(c) showing strong downward macro-trend from 1.06E+02 to 7.99E-02 over 38 steps, despite dE oscillations",Continue,50,4.516553640365601,1
vasp-data-files/101001010101111100100000/OSZICAR,1,62,1.0,8.0,"Clear damped oscillatory convergence: dE shows oscillatory but decreasing magnitude reaching ~1E-04, while rms(c) exhibits strong monotonic decrease from 119E+00 to 0.401E-02 over 38 steps",Continue,50,9.431756973266602,1
vasp-data-files/111010010101011110110110/OSZICAR,1,66,1.0,7.0,"Despite dE oscillations, rms(c) shows clear macro-trend decreasing from 1.28E+02 to 3.63E-02 over 50 steps, following Expert Tie-Breaker Rule for damped oscillatory convergence",Continue,50,4.208102464675903,1
vasp-data-files/101010010101111010100110/OSZICAR,1,171,0.0,8.0,"rms(c) shows no clear downward trend, stagnating around 11-20 with no sustained decrease, indicating divergence according to Expert Tie-Breaker Rule",Kill,50,3.5937705039978027,1
vasp-data-files/101001110011110001100110/OSZICAR,1,180,1.0,7.0,"Despite dE oscillations, rms(c) shows clear macro-trend decreasing from 122E+01 to 745E-01 over steps 12-50, following Expert Tie-Breaker Rule for damped oscillatory convergence",Continue,50,3.596437931060791,1
vasp-data-files/101100000100111010100100/OSZICAR,1,64,1.0,8.0,"Clear monotonic decrease in rms(c) from 121E+01 to 243E-02 with dE showing consistent downward trend in final steps, following Expert Tie-Breaker Rule",Continue,50,4.208837985992432,1
vasp-data-files/101001110101101011011111/OSZICAR,1,75,1.0,7.0,"Despite dE oscillations, rms(c) shows clear downward macro-trend from 124E+01 to 231E-01 over steps 12-50, following Expert Tie-Breaker Rule for damped oscillatory convergence",Continue,50,4.514423608779907,1
vasp-data-files/101110000101110011000100/OSZICAR,1,186,0.0,8.0,"rms(c) stagnates around 22.0-23.4 with no decreasing trend after step 12, and dE shows persistent oscillations without convergence",Kill,50,3.2885732650756836,1
vasp-data-files/110111100001000100111111/OSZICAR,1,160,0.0,7.0,"rms(c) stagnates around 0.3-0.4 after step 40 with no clear downward trend, and dE oscillations persist without damping significantly",Kill,75,13.045326471328735,2
vasp-data-files/111110000100110000100000/OSZICAR,0,200,0.0,7.0,"rms(c) oscillates between 0.6-0.9 without clear downward trend after step 30, showing stagnation rather than convergence despite some dE oscillations",Kill,50,3.8960647583007812,1
vasp-data-files/101101000111000011111111/OSZICAR,1,68,1.0,7.0,"Despite dE oscillations, rms(c) shows clear macro-trend decreasing from 1.05E+02 to 1.06E-01 over 50 steps, following Expert Tie-Breaker Rule for damped oscillatory convergence",Continue,50,4.003600597381592,1
vasp-data-files/101011010101011011011110/OSZICAR,0,200,0.0,8.0,"rms(c) shows no overall decreasing trend, stagnating around 0.9-1.2 after initial drop, with dE remaining high and oscillating, indicating divergence per Expert Tie-Breaker Rule",Kill,50,3.184952974319458,1
vasp-data-files/101010101001110001011110/OSZICAR,1,122,1.0,7.0,"Despite significant dE oscillations, rms(c) shows clear macro-trend decreasing from 12.4 to 0.23 over steps 12-50, following Expert Tie-Breaker Rule for damped oscillatory convergence",Continue,50,4.209087610244751,1
vasp-data-files/100001010100111010100000/OSZICAR,1,146,1.0,7.0,"Despite dE oscillations in final steps, rms(c) shows clear macro-trend decreasing from 1.05E+01 to 1.76E-01 over steps 12-50, following Expert Tie-Breaker Rule",Continue,50,3.9046173095703125,1
vasp-data-files/101000001110011011010111/OSZICAR,1,62,1.0,7.0,"Despite dE oscillations in later steps, rms(c) shows clear macro-trend decreasing from 1.05E+02 to 1.16E-01 over 39 steps, following Expert Tie-Breaker Rule for damped oscillatory convergence",Continue,50,4.206927537918091,1
vasp-data-files/101111000101001110100000/OSZICAR,1,77,1.0,7.0,"Despite dE oscillations in later steps, rms(c) shows clear monotonic downward trend from 1.05E+02 to 4.97E-02 over 39 steps, following Expert Tie-Breaker Rule",Continue,50,3.904101610183716,1
vasp-data-files/101100101100000110001110/OSZICAR,1,65,1.0,8.0,"Clear damped oscillatory convergence: rms(c) shows strong monotonic decrease from 1.06E+02 to 2.85E-02 over 39 steps, following Expert Tie-Breaker Rule despite some dE oscillations",Continue,50,4.207376480102539,1
vasp-data-files/100011110110111010100000/OSZICAR,1,89,1.0,7.0,"Despite dE oscillations in final steps, rms(c) shows clear macro-trend decreasing from 1.05E+02 to 1.77E-01 over 39 steps, following Expert Tie-Breaker Rule",Continue,50,3.6969149112701416,1
vasp-data-files/111101011101000110100110/OSZICAR,0,200,0.0,8.0,"rms(c) stagnates at high values (16.2-16.1) in final steps with no decreasing trend, dE remains large and oscillatory, indicating divergence per Expert Tie-Breaker Rule",Kill,50,4.107461452484131,1
vasp-data-files/110100001001001111000001/OSZICAR,0,200,0.0,8.0,"rms(c) stagnates at 2.4-2.5 with no downward trend after step 36, and dE shows persistent large oscillations, indicating divergence according to Expert's Tie-Breaker Rule",Kill,50,3.8999545574188232,1
vasp-data-files/101101001101111100101000/OSZICAR,1,59,1.0,8.0,"Clear damped oscillatory convergence: dE shows oscillations but steadily decreases in magnitude from ~1E+03 to ~1E-04, and rms(c) shows strong monotonic decrease from 1.05E+02 to 2.36E-02 following the Expert's Tie-Breaker Rule",Continue,50,4.822460412979126,1
vasp-data-files/101001010101111010000110/OSZICAR,1,80,1.0,7.0,"Despite persistent dE oscillations, rms(c) shows clear macro-trend decreasing from 1.05E+02 to 2.81E-01 over 40 steps, following Expert Tie-Breaker Rule for damped oscillatory convergence",Continue,50,3.9036900997161865,1
vasp-data-files/101001001110010011011111/OSZICAR,1,56,1.0,8.0,"Clear damped oscillatory convergence with rms(c) showing strong monotonic decrease from 1.24E+02 to 2.08E-02 over final 38 steps, despite some dE oscillations",Continue,50,3.593147039413452,1
vasp-data-files/111100100000110110111001/OSZICAR,1,157,1.0,7.0,"Despite persistent dE oscillations, rms(c) shows clear macro-trend decreasing from ~12.2 at step 13 to ~0.09 at step 125, following Expert Tie-Breaker Rule",Continue,125,15.037100076675415,4
vasp-data-files/101110001111110011011011/OSZICAR,1,80,1.0,7.0,"Despite dE oscillations, rms(c) shows clear macro-trend decreasing from 1.25E+02 to 3.16E-01 over steps 13-50, following Expert Tie-Breaker Rule for damped oscillatory convergence",Continue,50,3.894672155380249,1
vasp-data-files/101010010011001101111101/OSZICAR,1,66,1.0,7.0,"Despite dE oscillations, rms(c) shows clear macro-trend decreasing from 125 to 0.158 over steps 13-50, following Expert Tie-Breaker Rule for damped oscillatory convergence",Continue,50,4.517251253128052,1
vasp-data-files/101001111110100111011111/OSZICAR,1,94,1.0,7.0,"Despite dE oscillations, rms(c) shows clear macro-trend decreasing from 128E+01 to 253E+00 over steps 13-50, following Expert Tie-Breaker Rule for damped oscillatory convergence",Continue,50,4.515134811401367,1
vasp-data-files/110100111010001000011111/OSZICAR,1,64,1.0,7.0,"Despite dE oscillations, rms(c) shows clear macro-trend decreasing from 1.05E+01 at step 22 to 4.99E-01 at step 50, following Expert Tie-Breaker Rule",Continue,50,3.902125358581543,1
vasp-data-files/101111000110011100100100/OSZICAR,0,200,0.0,8.0,"rms(c) stagnates around 9.6-11.4 with no clear downward macro-trend over last 30 steps, and dE remains oscillatory without reaching convergence thresholds",Kill,50,3.6911847591400146,1
vasp-data-files/100110011100000111011100/OSZICAR,0,200,0.0,7.0,"rms(c) stagnates around 0.6-0.7 after step 30 with no clear downward trend, and dE shows persistent oscillations without convergence, indicating divergence according to Expert Tie-Breaker Rule",Kill,50,4.149579048156738,1
vasp-data-files/101111001000100011010111/OSZICAR,1,102,1.0,7.0,"Clear downward macro-trend in rms(c) from 1.05E+02 to 1.28E-02 over 50 steps despite dE oscillations, following Expert Tie-Breaker Rule",Continue,50,3.861696243286133,1
vasp-data-files/110010010011010000101000/OSZICAR,1,93,1.0,7.0,"Despite dE oscillations, rms(c) shows clear downward macro-trend from 124E+02 to 265E-01 over 50 steps, following Expert Tie-Breaker Rule for damped oscillatory convergence",Continue,50,3.9019129276275635,1
vasp-data-files/100001111100010010011110/OSZICAR,1,148,1.0,7.0,"Despite persistent dE oscillations, rms(c) shows clear macro-trend decreasing from 1.23E+02 to 9.58E-02 over 75 steps, following Expert Tie-Breaker Rule for damped oscillatory convergence",Continue,75,7.509459495544434,2
vasp-data-files/110000111011001111011011/OSZICAR,0,200,0.0,8.0,"rms(c) shows no consistent downward trend, stagnating around 1.0-1.4 with oscillations, indicating divergence according to Expert Tie-Breaker Rule",Kill,50,3.9060072898864746,1
vasp-data-files/100011110110011101011111/OSZICAR,1,95,1.0,7.0,"Despite persistent dE oscillations, rms(c) shows clear macro-trend decreasing from 1.26E+02 to 8.84E-02 over 75 steps, following Expert Tie-Breaker Rule for damped oscillatory convergence",Continue,75,8.926530361175537,2
vasp-data-files/101011010101011010110110/OSZICAR,1,61,1.0,7.0,"Despite dE oscillations in final steps, rms(c) shows clear macro-trend decreasing from 1.24E+02 to 5.94E-02 over 38 steps, following Expert Tie-Breaker Rule",Continue,50,3.5413806438446045,1
vasp-data-files/101011110000111111101101/OSZICAR,1,124,1.0,7.0,"Despite dE oscillations in final steps, rms(c) shows clear macro-trend decreasing from 1.26E+02 to 4.07E-01 over steps 12-50, following Expert Tie-Breaker Rule",Continue,50,3.7639541625976562,1
vasp-data-files/111110001101110001100000/OSZICAR,0,200,0.0,7.0,"rms(c) shows no clear downward macro-trend, stagnating around 6.9-7.2 after initial decrease, with dE remaining oscillatory and high",Kill,50,3.9015183448791504,1
vasp-data-files/111010101111100011110111/OSZICAR,1,119,0.0,7.0,"rms(c) stagnates around 0.35-0.42 after step 40 with no clear downward trend, and dE remains oscillatory without significant reduction, indicating divergence according to tie-breaker rule",Kill,50,4.207871437072754,1
vasp-data-files/111110001100010000101110/OSZICAR,1,116,1.0,7.0,"Despite persistent dE oscillations, rms(c) shows clear macro-trend decreasing from ~120 to ~0.135 over 75 steps, following Expert Tie-Breaker Rule for damped oscillatory convergence",Continue,75,7.509294509887695,2
vasp-data-files/111110000000111100100000/OSZICAR,1,155,1.0,7.0,"Despite significant dE oscillations, rms(c) shows clear macro-trend decreasing from 12.1E+01 to 1.71E+00 over steps 12-50, following Expert Tie-Breaker Rule",Continue,50,4.514953374862671,1
vasp-data-files/110101101100011001010011/OSZICAR,1,156,0.0,7.0,"rms(c) shows no consistent downward trend, stagnating and even increasing from 0.275E+00 to 0.657E+00 in final steps, indicating divergence according to Expert Tie-Breaker Rule",Kill,50,4.208467960357666,1
vasp-data-files/111111000100011000100100/OSZICAR,1,86,1.0,7.0,"Despite dE oscillations, rms(c) shows clear macro-trend decreasing from 124E+01 to 695E-01 over steps 12-50, following Expert Tie-Breaker Rule for damped oscillatory convergence",Continue,50,4.515073299407959,1
vasp-data-files/101011010101111110100000/OSZICAR,1,74,1.0,7.0,"Despite significant dE oscillations, rms(c) shows clear macro-trend decreasing from 121E+01 to 100E+00 over steps 12-50, following Expert Tie-Breaker Rule",Continue,50,4.515664339065552,1
vasp-data-files/101110101100010000111110/OSZICAR,0,200,0.0,7.0,"rms(c) shows no consistent downward trend, stagnating around 0.5-0.9 after initial decrease, with dE remaining too high for convergence",Kill,50,3.594479560852051,1
vasp-data-files/101111000001100010100001/OSZICAR,1,91,1.0,7.0,"Despite dE oscillations, rms(c) shows clear macro-trend decreasing from 1.05E+02 to 2.65E-01 with overall downward progression, following Expert Tie-Breaker Rule",Continue,50,3.9011178016662598,1
vasp-data-files/101100000110111001000010/OSZICAR,1,91,1.0,7.0,"Despite dE oscillations in final steps, rms(c) shows clear macro-trend decreasing from 1.22E+02 to 2.17E-01 over steps 12-50, following Expert Tie-Breaker Rule",Continue,50,4.209210157394409,1
vasp-data-files/110110101000101111100011/OSZICAR,1,197,0.0,7.0,"rms(c) shows no clear downward macro-trend, oscillating between 0.9-3.7 without sustained decrease, indicating stagnation and divergence despite some dE oscillations",Kill,75,6.891643285751343,2
vasp-data-files/111111000001010100101000/OSZICAR,1,59,1.0,8.0,"Clear damped oscillatory convergence with rms(c) showing strong monotonic decrease from 1.22E+01 to 2.83E-02 over steps 12-50, following Expert Tie-Breaker Rule despite some dE oscillations",Continue,50,4.209694862365723,1
vasp-data-files/100001111100010010111110/OSZICAR,1,194,1.0,7.0,"Despite persistent dE oscillations, rms(c) shows clear macro-trend decreasing from ~100 to ~0.075 over 175 steps, following Expert's Tie-Breaker Rule for damped oscillatory convergence",Continue,175,22.84489130973816,6
vasp-data-files/101101000100011010011110/OSZICAR,1,102,1.0,7.0,"Despite dE oscillations, rms(c) shows clear downward macro-trend from 1.05E+02 to 5.98E-01 over 39 steps, following Expert Tie-Breaker Rule for damped oscillatory convergence",Continue,50,3.2964601516723633,1
vasp-data-files/100001000101111011011110/OSZICAR,1,100,1.0,7.0,"Despite dE oscillations in later steps, rms(c) shows clear macro-trend decreasing from 1.22E+02 to 5.53E-01 over steps 13-50, following Expert Tie-Breaker Rule",Continue,50,3.8982341289520264,1
vasp-data-files/111011010111111010100100/OSZICAR,1,66,1.0,8.0,"Clear damped oscillatory convergence: rms(c) shows strong monotonic decrease from 125E+01 to 0.370E-02 over steps 13-50, following Expert Tie-Breaker Rule despite some dE oscillations",Continue,50,3.8985202312469482,1
vasp-data-files/100001010111000001101110/OSZICAR,1,69,1.0,7.0,"Despite dE oscillations, rms(c) shows clear macro-trend decreasing from 1.05E+02 to 9.19E-02 over 40 steps, following Expert Tie-Breaker Rule",Continue,50,3.2327160835266113,1
vasp-data-files/100010111000111100100101/OSZICAR,1,145,1.0,7.0,"Despite dE oscillations, rms(c) shows clear downward macro-trend from ~100 to ~0.2 over 50 steps, following Expert Tie-Breaker Rule for damped oscillatory convergence",Continue,50,4.4180920124053955,1
vasp-data-files/111110000100111010101010/OSZICAR,1,141,0.0,7.0,"rms(c) shows no clear downward trend after step 30, stagnating around 0.13-0.23 with oscillations, while dE remains too large for convergence",Kill,50,3.8281445503234863,1
vasp-data-files/101110100000001000111110/OSZICAR,1,67,1.0,8.0,"Clear damped oscillatory convergence: dE shows oscillations but overall decreases to ~1E-03, while rms(c) exhibits strong consistent downward trend from 1.06E+02 to 7.17E-02 over 40 steps",Continue,50,4.3280415534973145,1
vasp-data-files/100010111011110101000001/OSZICAR,0,200,0.0,8.0,"rms(c) stagnates at high values (1.6-2.3) with no clear downward trend despite dE oscillations, indicating divergence per Expert Tie-Breaker Rule",Kill,50,3.391113758087158,1
vasp-data-files/111110000000111000100100/OSZICAR,0,200,0.0,8.0,"rms(c) stagnates around 2.4-2.5 after step 20 with no clear downward trend, and dE shows persistent large oscillations, indicating divergence according to Expert Tie-Breaker Rule",Kill,50,3.5928444862365723,1
vasp-data-files/100011111110010010011110/OSZICAR,1,170,1.0,7.0,"Despite dE oscillations, rms(c) shows clear macro-trend decreasing from 127E+01 to 915E-01 over steps 13-50, following Expert Tie-Breaker Rule for damped oscillatory convergence",Continue,50,4.207909822463989,1
vasp-data-files/101000101011110011010101/OSZICAR,1,53,1.0,8.0,"Clear damped oscillatory convergence: rms(c) shows strong monotonic decrease from 105 to 0.012 over 39 steps, and final dE values are approaching 1E-04 threshold despite minor oscillations",Continue,50,4.825173377990723,1
vasp-data-files/100001001111000001011111/OSZICAR,1,65,1.0,7.0,"Despite dE oscillations, rms(c) shows clear macro-trend decreasing from 1.05E+02 to 4.36E-02 over 38 steps, following Expert Tie-Breaker Rule",Continue,50,3.286454200744629,1
vasp-data-files/101001001100111011001101/OSZICAR,1,58,1.0,8.0,"Despite dE oscillations in later steps, rms(c) shows clear monotonic downward trend from 1.22E+02 to 4.28E-02 over steps 12-50, following Expert Tie-Breaker Rule",Continue,50,3.592287302017212,1
vasp-data-files/111001110001110010110001/OSZICAR,1,65,1.0,7.0,"Despite dE oscillations in final steps, rms(c) shows clear macro-trend decreasing from 1.22E+02 to 1.01E-01 over steps 12-50, following Expert Tie-Breaker Rule",Continue,50,4.523480415344238,1
vasp-data-files/111110001001011110110001/OSZICAR,1,72,1.0,7.0,"Despite dE oscillations in later steps, rms(c) shows clear macro-trend decreasing from 1.25E+02 to 2.49E-01 over 40 iterations, following Expert Tie-Breaker Rule",Continue,50,3.7884938716888428,1
vasp-data-files/111100000001110000100000/OSZICAR,1,79,1.0,7.0,"Despite dE oscillations, rms(c) shows clear macro-trend decreasing from 1.22E+02 to 2.22E-01 over steps 13-50, following Expert Tie-Breaker Rule",Continue,50,4.002758502960205,1
vasp-data-files/101101000100001011000011/OSZICAR,1,168,0.0,8.0,"rms(c) shows no decreasing macro-trend, stagnating around 2.5-3.3 with no sustained downward progression, indicating divergence despite some dE oscillations",Kill,50,3.899588108062744,1
vasp-data-files/101100000000110110100000/OSZICAR,1,66,1.0,7.0,"Despite dE oscillations in final steps, rms(c) shows clear macro-trend decreasing from 1.22E+02 to 2.86E-02 over 50 steps, following Expert Tie-Breaker Rule",Continue,50,3.9020681381225586,1
vasp-data-files/110110101111001101111100/OSZICAR,0,200,1.0,7.0,"Despite significant dE oscillations, rms(c) shows clear macro-trend decreasing from 129E+01 to 441E-01 over steps 12-50, following Expert Tie-Breaker Rule for damped oscillatory convergence",Continue,50,3.8974387645721436,1
vasp-data-files/101001001111110111100101/OSZICAR,1,101,1.0,7.0,"Despite dE oscillations, rms(c) shows clear macro-trend decreasing from 12.3E+00 to 0.892E-01 over steps 13-50, following Expert Tie-Breaker Rule for damped oscillatory convergence",Continue,50,4.413476943969727,1
vasp-data-files/100011110010001010010101/OSZICAR,1,76,1.0,7.0,"Despite dE oscillations, rms(c) shows clear macro-trend decreasing from 1.05E+02 to 3.96E-01 over steps 12-50, following Expert Tie-Breaker Rule",Continue,50,4.618425130844116,1
vasp-data-files/111100000101111111100000/OSZICAR,1,63,1.0,8.0,"Clear damped oscillatory convergence: rms(c) shows strong monotonic decrease from 122 to 0.07 over steps 13-50, and final dE values (~2E-02) are approaching convergence threshold despite some oscillation",Continue,50,3.896589994430542,1
vasp-data-files/110100101100101110100011/OSZICAR,1,141,,,评估到 150 步时，实际步数仅为 141，数据不足。,Insufficient_Steps,141,16.667931079864502,4
vasp-data-files/110110000011010000111100/OSZICAR,1,126,0.0,7.0,"rms(c) stagnates around 0.48-0.52 in final 10 steps with no clear downward trend, and dE shows persistent oscillations without consistent decrease",Kill,50,3.8226473331451416,1
vasp-data-files/110011110100000011011101/OSZICAR,1,131,1.0,7.0,"Despite dE oscillations, rms(c) shows clear macro-trend decreasing from 1.05E+02 to 1.11E-01 over 50 steps, following Expert Tie-Breaker Rule for damped oscillatory convergence",Continue,50,8.715466260910034,1
vasp-data-files/100001110010011010010111/OSZICAR,1,75,1.0,7.0,"Despite dE oscillations, rms(c) shows clear macro-trend decreasing from 1.05E+01 to 2.99E-01 over steps 12-50, following Expert Tie-Breaker Rule for damped oscillatory convergence",Continue,50,4.205154895782471,1
vasp-data-files/111100001101111010100000/OSZICAR,0,200,0.0,8.0,"rms(c) stagnates around 2.4-2.8 with no overall decreasing trend, and dE shows persistent large oscillations, indicating divergence according to Expert's Tie-Breaker Rule",Kill,50,3.9033236503601074,1
vasp-data-files/101010001100011000000111/OSZICAR,1,105,1.0,7.0,"Despite persistent dE oscillations, rms(c) shows clear macro-trend decreasing from ~1.22E+02 to ~9.48E-02 over 75 steps, following Expert Tie-Breaker Rule for damped oscillatory convergence",Continue,75,8.730250597000122,2
vasp-data-files/111010010100011100100010/OSZICAR,1,130,1.0,7.0,"Despite persistent dE oscillations, rms(c) shows clear macro-trend decreasing from ~1.0E+01 to ~9.0E-02 over 125 steps, following Expert Tie-Breaker Rule for damped oscillatory convergence",Continue,125,15.646280527114868,4
vasp-data-files/101001010101011110100000/OSZICAR,1,131,1.0,7.0,"Despite dE oscillations in final steps, rms(c) shows clear macro-trend decreasing from 1.05E+02 to 3.53E-01 over 40 steps, following Expert Tie-Breaker Rule",Continue,50,3.5891759395599365,1
vasp-data-files/101001011100111010100010/OSZICAR,0,200,0.0,8.0,"rms(c) stagnates around 1.9-2.1 after step 12 with no clear downward macro-trend, and dE shows persistent large oscillations indicating divergence",Kill,50,3.5901706218719482,1
vasp-data-files/101011011110100110110110/OSZICAR,1,116,1.0,7.0,"Despite dE oscillations, rms(c) shows clear macro-trend decreasing from 128E+01 to 0.785E-01 over steps 13-50, following Expert Tie-Breaker Rule",Continue,50,4.208152532577515,1
vasp-data-files/101000010111100101110111/OSZICAR,0,200,0.0,8.0,"rms(c) stagnates around 20-23 with no clear downward trend despite dE oscillations, indicating divergence per Expert Tie-Breaker Rule",Kill,50,3.2857749462127686,1
vasp-data-files/110110101000111110101001/OSZICAR,1,127,0.0,7.0,"rms(c) shows no consistent downward trend, oscillating between 0.1-5.2 without sustained decrease, indicating stagnation per Expert Tie-Breaker Rule",Kill,75,6.889638423919678,2
vasp-data-files/110011010111000011110101/OSZICAR,1,82,1.0,7.0,"Despite dE oscillations in final steps, rms(c) shows clear macro-trend decreasing from 1.22E+02 to 9.90E-02 over 40 iterations, following Expert Tie-Breaker Rule",Continue,50,4.209097146987915,1
vasp-data-files/100100010110111000000110/OSZICAR,1,103,1.0,7.0,"Despite dE oscillations in later steps, rms(c) shows clear macro-trend decreasing from 1.06E+02 to 1.07E-01 over 50 steps, following Expert Tie-Breaker Rule for damped oscillatory convergence",Continue,50,4.206604957580566,1
vasp-data-files/101001111100100011011111/OSZICAR,1,111,,,评估到 125 步时，实际步数仅为 111，数据不足。,Insufficient_Steps,111,12.341305255889893,3
vasp-data-files/111100000100110010100000/OSZICAR,1,75,1.0,7.0,"Despite dE oscillations, rms(c) shows clear macro-trend decreasing from 122E+01 to 194E-01 over steps 12-50, following Expert Tie-Breaker Rule",Continue,50,3.8218531608581543,1
vasp-data-files/100001111101001001011111/OSZICAR,0,200,1.0,7.0,"Despite dE oscillations, rms(c) shows clear downward macro-trend from 125E+00 to 109E+00 with consistent damping, following Expert Tie-Breaker Rule",Continue,50,3.6098976135253906,1
vasp-data-files/101001010101111110000000/OSZICAR,1,69,1.0,7.0,"Despite dE oscillations, rms(c) shows clear macro-trend decreasing from 1.05E+02 to 9.13E-02 over 39 steps, following Expert Tie-Breaker Rule",Continue,50,4.499253273010254,1
vasp-data-files/111011110001110100110110/OSZICAR,1,77,1.0,7.0,"Despite dE oscillations, rms(c) shows clear macro-trend decreasing from 1.27E+02 to 2.86E-01 over steps 12-50, following Expert Tie-Breaker Rule",Continue,50,4.206612825393677,1
vasp-data-files/100110100000001100111101/OSZICAR,0,200,0.0,8.0,"rms(c) shows no consistent downward trend, stagnating around 1.0-1.5E+01 after initial improvement, with dE remaining large and oscillatory",Kill,50,3.2853903770446777,1
vasp-data-files/100101000001010010011110/OSZICAR,1,98,1.0,7.0,"Despite dE oscillations, rms(c) shows clear macro-trend decreasing from 122E+02 to 939E-02 over 75 steps, following Expert Tie-Breaker Rule for damped oscillatory convergence",Continue,75,7.60709285736084,2
vasp-data-files/101101000101000010111110/OSZICAR,0,200,0.0,8.0,"rms(c) shows no consistent downward trend, stagnating around 1.1-1.8 with final increase to 1.26E+01, while dE exhibits large persistent oscillations indicating divergence",Kill,50,4.10632848739624,1
vasp-data-files/110111101101001000111100/OSZICAR,1,148,0.0,7.0,"rms(c) stagnates at 0.236-0.240 after step 46 showing no decreasing trend, dE remains oscillatory with no convergence to small values",Kill,50,3.9007058143615723,1
vasp-data-files/111101000101011101101000/OSZICAR,1,66,1.0,8.0,"Clear damped oscillatory convergence with rms(c) showing strong monotonic decrease from 1.05E+02 to 1.56E-02 over final 39 steps, despite dE oscillations",Continue,50,3.590949773788452,1
vasp-data-files/101101000101000011101101/OSZICAR,0,200,0.0,8.0,"rms(c) stagnates at 1.0-1.1 after step 27 with no downward trend, dE oscillates without reaching convergence thresholds, consistent with divergence pattern",Kill,50,3.5955049991607666,1
vasp-data-files/111110011001110111110001/OSZICAR,1,58,1.0,8.0,"Clear damped oscillatory convergence: dE shows noisy but decreasing oscillations while rms(c) exhibits strong monotonic decrease from 1.06E+01 to 3.71E-02 over 39 steps, following the Expert Tie-Breaker Rule",Continue,50,4.615882635116577,1
vasp-data-files/101001010111101011011111/OSZICAR,1,62,1.0,7.0,"Despite dE oscillations, rms(c) shows clear macro-trend decreasing from 123E+01 to 888E-02 over steps 12-50, following Expert Tie-Breaker Rule for damped oscillatory convergence",Continue,50,4.100069999694824,1
vasp-data-files/111110010001110000111000/OSZICAR,1,156,1.0,7.0,"Despite dE oscillations, rms(c) shows clear macro-trend decreasing from 121E+01 at step 12 to 248E+00 at step 50, following Expert Tie-Breaker Rule for damped oscillatory convergence",Continue,50,4.616007566452026,1
vasp-data-files/111011110101101000110010/OSZICAR,1,98,1.0,7.0,"Despite dE oscillations, rms(c) shows clear macro-trend decreasing from 1.24E+02 to 1.59E-01 over 38 steps, following Expert Tie-Breaker Rule for damped oscillatory convergence",Continue,50,4.515080690383911,1
vasp-data-files/101011010101011010100110/OSZICAR,1,72,1.0,8.0,"Clear damped oscillatory convergence: rms(c) shows strong monotonic decrease from 105 to 0.141 over 39 steps, and final dE values are approaching convergence thresholds (<1.0E-02)",Continue,50,4.101664781570435,1
vasp-data-files/100001110101011001010011/OSZICAR,1,75,1.0,8.0,"Clear damped oscillatory convergence: dE shows oscillations but consistently decreases in magnitude from ~1E+03 to ~1E-02, and rms(c) shows strong monotonic decrease from 1.22E+02 to 7.51E-02 with clear downward trend throughout",Continue,50,4.205772161483765,1
vasp-data-files/111011110001110000100110/OSZICAR,1,55,1.0,8.0,"Clear damped oscillatory convergence with rms(c) showing strong monotonic decrease from 1.22E+02 to 1.61E-02 over final 38 steps, following Expert Tie-Breaker Rule despite early dE oscillations",Continue,50,4.207286357879639,1
vasp-data-files/110110100100001100111100/OSZICAR,1,127,1.0,7.0,"Despite dE oscillations in later steps, rms(c) shows clear macro-trend decreasing from 1.21E+01 to 2.44E-01 over steps 12-50, following Expert Tie-Breaker Rule",Continue,50,4.513736963272095,1
vasp-data-files/100111100100111010100011/OSZICAR,1,79,1.0,7.0,"Despite early oscillations, rms(c) shows clear macro-trend decreasing from 122 to 0.059 over steps 13-50, following Expert Tie-Breaker Rule for damped convergence",Continue,50,3.900010585784912,1
vasp-data-files/101001010101111010100100/OSZICAR,1,138,0.0,7.0,"rms(c) stagnates at 0.12 after step 47 showing no further decrease, while dE remains oscillatory with no clear convergence trend",Kill,50,3.897524118423462,1
vasp-data-files/101000010110110001010100/OSZICAR,0,200,0.0,8.0,"rms(c) shows no overall decreasing trend, stagnating at 1.7-1.8 after initial fluctuations, indicating divergence according to Expert Tie-Breaker Rule",Kill,50,3.285240411758423,1
vasp-data-files/111000011111001011010011/OSZICAR,0,200,0.0,7.0,"rms(c) stagnates around 1.2 after step 60 showing no clear downward macro-trend despite dE oscillations, indicating divergence per Expert Tie-Breaker Rule",Kill,75,8.12329912185669,2
vasp-data-files/110101100010001101011001/OSZICAR,1,76,1.0,7.0,"Despite dE oscillations, rms(c) shows clear macro-trend decreasing from 1.22E+02 to 1.43E-01 over steps 12-50, following Expert Tie-Breaker Rule",Continue,50,3.289865732192993,1
vasp-data-files/100001110111111011010111/OSZICAR,1,63,1.0,8.0,"Strong damped oscillatory convergence: rms(c) shows clear monotonic decrease from 1.24E+02 to 3.60E-02 over steps 12-50, following Expert Tie-Breaker Rule despite dE oscillations",Continue,50,4.2127885818481445,1
vasp-data-files/110110111001001000110010/OSZICAR,1,117,0.0,8.0,"rms(c) shows no consistent downward trend, stagnating around 1.4-1.7 after step 25 with persistent high dE oscillations indicating divergence",Kill,50,3.9044241905212402,1
vasp-data-files/111100000101010100100001/OSZICAR,1,151,1.0,7.0,"Despite dE oscillations, rms(c) shows clear macro-trend decreasing from 10.5 to 0.159 over steps 12-50, following Expert Tie-Breaker Rule for damped oscillatory convergence",Continue,50,4.212116241455078,1
vasp-data-files/101011011100110010010111/OSZICAR,0,200,0.0,8.0,"rms(c) shows no overall decreasing trend, stagnating around 22-25 after initial improvement, with dE remaining large and oscillatory",Kill,50,4.005659818649292,1
vasp-data-files/111101000100111010100000/OSZICAR,1,75,1.0,7.0,"Despite dE oscillations, rms(c) shows clear macro-trend decreasing from 1.05E+02 to 3.15E-01 over 50 steps, following Expert Tie-Breaker Rule for damped oscillatory convergence",Continue,50,3.4967894554138184,1
vasp-data-files/111011100111011111010111/OSZICAR,1,126,1.0,7.0,"Despite significant dE oscillations, rms(c) shows clear macro-trend decreasing from 12.3E+01 to 2.19E+00 over steps 13-50, following Expert Tie-Breaker Rule for damped oscillatory convergence",Continue,50,4.5165791511535645,1
vasp-data-files/110000111101111011010001/OSZICAR,1,70,1.0,7.0,"Despite dE oscillations, rms(c) shows clear macro-trend decreasing from 126E+01 to 160E-01 over steps 13-50, following Expert Tie-Breaker Rule for damped oscillatory convergence",Continue,50,4.5198869705200195,1
vasp-data-files/101100000001100111000001/OSZICAR,1,77,1.0,7.0,"Despite dE oscillations in later steps, rms(c) shows clear macro-trend decreasing from 1.23E+02 to 3.93E-01 over 38 steps, following Expert Tie-Breaker Rule",Continue,50,4.523757696151733,1
vasp-data-files/111001010111111000010000/OSZICAR,0,200,1.0,7.0,"Despite significant dE oscillations, rms(c) shows clear downward macro-trend from ~12.1 to ~0.33 over steps 12-50, following Expert Tie-Breaker Rule for damped oscillatory convergence",Continue,50,3.592715263366699,1
vasp-data-files/111110000100110100100000/OSZICAR,1,55,1.0,8.0,"Clear damped oscillatory convergence with rms(c) showing strong monotonic decrease from 1.21E+01 to 1.63E-02 over final 38 steps, following Expert Tie-Breaker Rule despite some dE noise",Continue,50,4.217921495437622,1
vasp-data-files/100010001111111111111010/OSZICAR,0,200,0.0,8.0,"rms(c) stagnates at 11-12 after initial decrease, showing no clear downward macro-trend from step 30-50, indicating divergence according to Expert Tie-Breaker Rule",Kill,50,4.20578932762146,1
vasp-data-files/100000111010000101111111/OSZICAR,1,62,1.0,8.0,"Clear damped oscillatory convergence with rms(c) showing strong monotonic decrease from 121E+01 to 297E-02 over final 38 steps, despite dE oscillations",Continue,50,3.5988643169403076,1
vasp-data-files/100010101011000001011111/OSZICAR,0,200,0.0,7.0,"rms(c) shows no consistent downward trend, oscillating between 0.3-1.3 over 200 steps with final values around 1.0, indicating stagnation and failure to converge despite dE oscillations",Kill,200,25.853896141052246,7
vasp-data-files/110100001111001001011101/OSZICAR,1,76,1.0,7.0,"Despite dE oscillations, rms(c) shows clear macro-trend decreasing from 1.22E+02 to 3.47E-01 over steps 12-50, following Expert Tie-Breaker Rule",Continue,50,3.2845048904418945,1
vasp-data-files/101100000101100111000000/OSZICAR,1,107,1.0,7.0,"Despite dE oscillations in later steps, rms(c) shows clear monotonic downward trend from 1.22E+02 to 5.34E-01 over steps 13-50, following Expert Tie-Breaker Rule for damped oscillatory convergence",Continue,50,4.207310438156128,1
vasp-data-files/111100001101011011110110/OSZICAR,1,98,1.0,7.0,"Despite significant dE oscillations, rms(c) shows clear macro-trend decreasing from 125E+01 to 99E-01 over steps 13-50, following Expert Tie-Breaker Rule for damped oscillatory convergence",Continue,50,4.203899145126343,1
vasp-data-files/101111001100010010100010/OSZICAR,1,124,1.0,7.0,"Despite dE oscillations, rms(c) shows clear downward macro-trend from 1.24E+02 to 6.01E-01 over steps 12-50, following Expert Tie-Breaker Rule for damped oscillatory convergence",Continue,50,3.8997178077697754,1
vasp-data-files/100110100010000101011001/OSZICAR,1,53,1.0,7.0,"Despite dE oscillations in later steps, rms(c) shows clear macro-trend decreasing from 1.06E+02 to 4.17E-02 over 39 steps, following Expert Tie-Breaker Rule for damped oscillatory convergence",Continue,50,4.821259021759033,1
vasp-data-files/110110101000011100100000/OSZICAR,1,73,1.0,8.0,Clear damped oscillatory convergence with rms(c) showing strong monotonic decrease from 1.22E+02 to 5.83E-02 and dE consistently decreasing to ~1E-03 range in final steps,Continue,50,3.90146541595459,1
vasp-data-files/101111010101001111101011/OSZICAR,1,115,,,评估到 125 步时，实际步数仅为 115，数据不足。,Insufficient_Steps,115,13.261435985565186,3
vasp-data-files/100000010111101001010111/OSZICAR,0,200,0.0,7.0,"rms(c) stagnates around 0.77-0.80 in final steps with no clear downward trend, indicating divergence despite some dE oscillation damping",Kill,75,6.9427666664123535,2
vasp-data-files/111010101001110101110100/OSZICAR,1,104,1.0,7.0,"Despite dE oscillations, rms(c) shows clear macro-trend decreasing from 126E+01 to 337E-01 over steps 13-50, following Expert Tie-Breaker Rule for damped oscillatory convergence",Continue,50,4.07796049118042,1
vasp-data-files/101001010101111010100110/OSZICAR,1,82,1.0,7.0,"Despite dE oscillations, rms(c) shows clear macro-trend decreasing from 121E+01 to 113E-01 over steps 12-50, following Expert Tie-Breaker Rule",Continue,50,3.284104108810425,1
vasp-data-files/111110001100011010100011/OSZICAR,1,94,1.0,7.0,"Despite dE oscillations in later steps, rms(c) shows clear downward macro-trend from 121E+02 to 112E+00 over 50 steps, following Expert Tie-Breaker Rule for damped oscillatory convergence",Continue,50,3.897387981414795,1
vasp-data-files/101010001100011010010111/OSZICAR,1,61,1.0,8.0,"Clear damped oscillatory convergence with rms(c) showing strong downward macro-trend from 1.05E+02 to 2.32E-02, following Expert Tie-Breaker Rule despite dE oscillations",Continue,50,3.6962006092071533,1
vasp-data-files/110000101010001110011011/OSZICAR,0,200,0.0,7.0,"rms(c) shows no consistent downward trend, oscillating between 0.3-1.2 without meaningful reduction over last 25 steps, indicating stagnation per Expert Tie-Breaker Rule",Kill,75,7.410482883453369,2
vasp-data-files/111101010101110000101000/OSZICAR,1,51,1.0,8.0,"Clear damped oscillatory convergence: dE shows small oscillations but consistently decreases in magnitude, and rms(c) shows strong monotonic decrease from 1.05E+01 to 3.61E-03 over final steps",Continue,50,4.210176467895508,1
vasp-data-files/101100000000111100100000/OSZICAR,1,52,1.0,7.0,"Despite dE oscillations in later steps, rms(c) shows clear monotonic downward trend from 1.18E+02 to 1.12E-02 over 40 steps, following Expert Tie-Breaker Rule",Continue,50,4.518160104751587,1
vasp-data-files/101011010101000010111110/OSZICAR,0,200,0.0,8.0,"rms(c) stagnates at 1.6-2.0 with no decreasing trend after step 12, and dE shows persistent large oscillations, indicating divergence according to Expert Tie-Breaker Rule",Kill,50,3.903257131576538,1
vasp-data-files/111100000101110000100000/OSZICAR,1,102,1.0,7.0,"Despite dE oscillations, rms(c) shows clear macro-trend decreasing from 1.05E+02 to 5.22E-01 over steps 12-50, following Expert Tie-Breaker Rule",Continue,50,3.5928821563720703,1
vasp-data-files/101111100101000010111111/OSZICAR,0,200,0.0,8.0,"rms(c) stagnates around 1.0 with no clear downward trend after step 40, and dE remains oscillatory with large magnitudes, indicating divergence according to Expert Tie-Breaker Rule",Kill,50,3.899418592453003,1
vasp-data-files/101101000101011010100110/OSZICAR,1,58,1.0,8.0,"Clear downward macro-trend in rms(c) from 1.21E+02 to 9.82E-03 despite some dE oscillations, following Expert Tie-Breaker Rule",Continue,50,4.206228017807007,1
vasp-data-files/101001110101111010010110/OSZICAR,1,115,1.0,7.0,"Despite dE oscillations, rms(c) shows clear macro-trend decreasing from 1.05E+02 to 2.13E-01 over 50 steps, following Expert Tie-Breaker Rule",Continue,50,3.285040855407715,1
vasp-data-files/110100111100111101010001/OSZICAR,1,140,1.0,7.0,"Despite significant dE oscillations, rms(c) shows clear macro-trend decreasing from ~12.5 to ~0.0657 over 75 steps, following Expert Tie-Breaker Rule for damped oscillatory convergence",Continue,75,8.125568389892578,2
vasp-data-files/101101001101001101000111/OSZICAR,0,200,1.0,7.0,"Despite persistent dE oscillations, rms(c) shows clear macro-trend decreasing from ~12.0 to ~1.3 over steps 12-75, following Expert Tie-Breaker Rule for damped oscillatory convergence",Continue,75,8.010621786117554,2
vasp-data-files/100111100001100010100001/OSZICAR,1,78,1.0,7.0,"Despite dE oscillations in later steps, rms(c) shows clear macro-trend decreasing from 1.06E+02 to 4.38E-01 over steps 12-50, following Expert Tie-Breaker Rule for damped oscillatory convergence",Continue,50,4.615019798278809,1
vasp-data-files/101111000101111110100000/OSZICAR,1,62,1.0,7.0,"Despite dE oscillations in later steps, rms(c) shows clear macro-trend decreasing from 1.22E+02 to 1.11E-02 over 50 steps, following Expert Tie-Breaker Rule",Continue,50,3.900665521621704,1
vasp-data-files/110011111110110011001001/OSZICAR,1,63,1.0,8.0,"Clear damped oscillatory convergence: dE shows oscillations but rms(c) exhibits strong monotonic decrease from 126E+02 to 0.244E-02 over 50 steps, following the Expert's Tie-Breaker Rule",Continue,50,4.5128538608551025,1
vasp-data-files/101100000101010000111100/OSZICAR,1,75,1.0,7.0,"Despite dE oscillations in later steps, rms(c) shows clear macro-trend decreasing from 1.05E+02 to 5.53E-02 over 40 steps, following Expert Tie-Breaker Rule",Continue,50,4.512188196182251,1
vasp-data-files/101011110000111110100101/OSZICAR,1,133,0.0,7.0,"rms(c) shows no consistent downward trend, stagnating around 1.3E+01 after initial drop, with dE remaining large and oscillatory",Kill,50,3.5896222591400146,1
vasp-data-files/111110110101000101010101/OSZICAR,0,200,0.0,7.0,"rms(c) stagnates around 0.12-0.14 after step 36 with no clear downward trend, and dE remains oscillatory with positive values in final steps, indicating divergence according to Expert Tie-Breaker Rule",Kill,50,4.207183837890625,1
vasp-data-files/100111001011101101101000/OSZICAR,0,200,0.0,8.0,"rms(c) stagnates at ~2.6 with no decreasing trend after step 23, dE shows persistent large oscillations, following Expert Tie-Breaker Rule for divergence",Kill,50,4.204374074935913,1
vasp-data-files/101011110101111010011110/OSZICAR,1,160,1.0,7.0,"Despite dE oscillations in later steps, rms(c) shows clear macro-trend decreasing from 127E+01 to 7.46E-01 over steps 13-50, following Expert Tie-Breaker Rule for damped oscillatory convergence",Continue,50,4.823691129684448,1
vasp-data-files/100101011111111001001100/OSZICAR,0,200,1.0,7.0,"Despite dE oscillations in final steps, rms(c) shows clear macro-decreasing trend from 1.26E+02 to 2.92E-01 over 38 steps, following Expert Tie-Breaker Rule for damped oscillatory convergence",Continue,50,4.207940340042114,1
vasp-data-files/100001111011111110101100/OSZICAR,1,79,1.0,7.0,"Despite dE oscillations, rms(c) shows clear macro-trend decreasing from 123E+01 to 139E-01 over steps 12-50, following Expert Tie-Breaker Rule for damped oscillatory convergence",Continue,50,3.8945441246032715,1
vasp-data-files/101000010101000011010111/OSZICAR,0,200,1.0,7.0,"Despite dE oscillations, rms(c) shows clear macro-trend decreasing from 1.22E+01 to 4.23E-01 over steps 12-50, following Expert Tie-Breaker Rule for damped oscillatory convergence",Continue,50,4.204909324645996,1
vasp-data-files/101010010100111110100100/OSZICAR,1,175,0.0,8.0,"rms(c) stagnates at 1.8-1.85 with no downward trend after step 20, and dE continues oscillating without approaching convergence thresholds",Kill,50,4.2053093910217285,1
vasp-data-files/100110010111000000110001/OSZICAR,0,200,0.0,7.0,"rms(c) shows no consistent downward trend, oscillating between 0.2-1.2 without meaningful reduction over 125 steps, indicating stagnation despite dE oscillations",Kill,125,15.644034147262573,4
vasp-data-files/100111000001000011111011/OSZICAR,0,200,0.0,7.0,"rms(c) stagnates around 9.5-13.7 with no clear downward macro-trend after step 30, and dE remains oscillatory with large magnitudes, indicating divergence according to Expert Tie-Breaker Rule",Kill,50,3.897285223007202,1
vasp-data-files/100001001011000001011111/OSZICAR,1,68,1.0,8.0,"Despite dE oscillations, rms(c) shows clear monotonic downward trend from 121E+01 to 678E-02 over steps 12-50, following Expert Tie-Breaker Rule",Continue,50,3.5919363498687744,1
vasp-data-files/101110001101010111010001/OSZICAR,0,200,0.0,7.0,"rms(c) shows no consistent downward trend, stagnating around 0.2-0.25 after step 95 with persistent high oscillations, indicating divergence despite some dE fluctuations",Kill,100,21.25029706954956,3
vasp-data-files/111110000001111110100001/OSZICAR,1,73,1.0,8.0,"Despite dE oscillations in later steps, rms(c) shows clear monotonic decrease from 1.22E+01 to 2.84E-01 over 38 steps, following the Expert's Tie-Breaker Rule for damped oscillatory convergence",Continue,50,4.203704595565796,1
vasp-data-files/101001011000100101100000/OSZICAR,1,71,1.0,8.0,"Clear downward macro-trend in rms(c) from 1.22E+02 to 8.82E-02 despite dE oscillations, following Expert Tie-Breaker Rule for damped oscillatory convergence",Continue,50,3.598558187484741,1
vasp-data-files/101100100010000101111111/OSZICAR,1,82,1.0,8.0,"Clear damped oscillatory convergence: rms(c) shows strong monotonic decrease from 121E+01 to 112E-01 over steps 12-50, following Expert Tie-Breaker Rule despite early dE oscillations",Continue,50,3.8949570655822754,1
vasp-data-files/100001111100111101010111/OSZICAR,1,89,1.0,7.0,"Despite dE oscillations in final steps, rms(c) shows clear macro-trend decreasing from 1.28E+02 to 2.06E-01 over 50 steps, following Expert Tie-Breaker Rule",Continue,50,3.589432954788208,1
vasp-data-files/110100110101111101010001/OSZICAR,0,200,1.0,7.0,"Despite dE oscillations in later steps, rms(c) shows clear macro-trend decreasing from 1.27E+02 to 3.28E-01 over steps 12-50, following Expert Tie-Breaker Rule for damped oscillatory convergence",Continue,50,4.514813184738159,1
vasp-data-files/100110100011001101111000/OSZICAR,1,156,1.0,7.0,"Despite dE oscillations, rms(c) shows clear macro-trend decreasing from 106E+00 to 40E-01 over last 20 steps, following Expert Tie-Breaker Rule for damped oscillatory convergence",Continue,50,3.897967576980591,1
vasp-data-files/100010110100110000110000/OSZICAR,0,200,0.0,8.0,"rms(c) stagnates around 0.9-1.0 with no clear downward trend after step 30, and dE shows persistent oscillations without convergence, indicating divergence according to Expert Tie-Breaker Rule",Kill,50,4.253591060638428,1
vasp-data-files/101011000101010010111110/OSZICAR,0,200,0.0,8.0,"rms(c) shows no consistent downward trend, stagnating around 1.8-2.0 after initial improvement, with dE remaining large and oscillatory",Kill,50,3.845459461212158,1
vasp-data-files/100101000101011010100011/OSZICAR,1,68,1.0,8.0,"Despite dE oscillations, rms(c) shows clear monotonic downward trend from 1.06E+02 to 5.85E-02 over steps 12-50, following Expert Tie-Breaker Rule",Continue,50,3.9010894298553467,1
vasp-data-files/101010010111010100100000/OSZICAR,1,76,1.0,7.0,"Despite dE oscillations, rms(c) shows clear macro-trend decreasing from 1.05E+02 to 4.91E-01 over steps 12-50, following Expert Tie-Breaker Rule",Continue,50,3.1864027976989746,1
vasp-data-files/110001110110000110011100/OSZICAR,0,200,0.0,8.0,"rms(c) stagnates at 1.1-1.2 after step 35 showing no decreasing trend, dE remains oscillatory with no convergence",Kill,50,2.7665350437164307,1
vasp-data-files/101100000000111110100000/OSZICAR,1,63,1.0,8.0,"Despite dE oscillations, rms(c) shows clear monotonic downward trend from 1.22E+02 to 2.67E-02 over steps 12-50, following Expert Tie-Breaker Rule for convergence",Continue,50,4.2029407024383545,1
vasp-data-files/101001010001010010111100/OSZICAR,1,60,1.0,7.0,"Despite dE oscillations in later steps, rms(c) shows clear macro-trend decreasing from 1.05E+02 to 1.38E-01 over 50 steps, following Expert Tie-Breaker Rule",Continue,50,3.9708359241485596,1
vasp-data-files/100010001001111100101000/OSZICAR,1,141,1.0,7.0,"Despite significant dE oscillations, rms(c) shows clear macro-trend decreasing from 124E+02 to 235E+00 over steps 13-50, following Expert Tie-Breaker Rule",Continue,50,4.133110046386719,1
vasp-data-files/101110000000010010110110/OSZICAR,1,69,1.0,8.0,"Clear damped oscillatory convergence: rms(c) shows strong monotonic decrease from 1.23E+01 to 1.98E-01 over steps 13-50, following Expert Tie-Breaker Rule despite some dE oscillations",Continue,50,3.592287302017212,1
vasp-data-files/100110100010100101111001/OSZICAR,1,84,1.0,7.0,"Despite dE oscillations, rms(c) shows clear macro-trend decreasing from 1.22E+02 to 8.97E-02 over steps 12-50, following Expert Tie-Breaker Rule",Continue,50,3.590254545211792,1
vasp-data-files/111111000110000110111010/OSZICAR,0,200,0.0,7.0,"rms(c) shows no clear downward macro-trend, oscillating between 7-14 with stagnation in later steps, indicating divergence despite some dE oscillations",Kill,50,3.283834934234619,1
vasp-data-files/111101000100011010110110/OSZICAR,1,72,1.0,8.0,"Clear damped oscillatory convergence: dE shows oscillatory but decreasing magnitude, and rms(c) exhibits strong monotonic downward trend from 1.22E+02 to 9.73E-02 over steps 13-50, following the Expert's Tie-Breaker Rule",Continue,50,4.8178300857543945,1
vasp-data-files/100101000001000011011111/OSZICAR,1,115,1.0,7.0,"Despite dE oscillations in final steps, rms(c) shows clear macro-trend decreasing from 1.24E+02 to 4.62E-01 over 38 steps, following Expert Tie-Breaker Rule for damped oscillatory convergence",Continue,50,4.512639284133911,1
vasp-data-files/100000111011011011010111/OSZICAR,1,58,1.0,7.0,"Despite dE oscillations in later steps, rms(c) shows clear monotonic downward trend from 1.26E+02 to 3.26E-02 over 38 steps, following Expert Tie-Breaker Rule",Continue,50,4.2050604820251465,1
vasp-data-files/100110001111110101011011/OSZICAR,1,83,1.0,7.0,"Despite dE oscillations, rms(c) shows clear macro-trend decreasing from 1.26E+02 to 3.30E-01 over steps 13-50, following Expert Tie-Breaker Rule for damped oscillatory convergence",Continue,50,4.511691093444824,1
vasp-data-files/101100000111000101101001/OSZICAR,1,74,1.0,7.0,"Despite dE oscillations, rms(c) shows clear downward macro-trend from 1.22E+02 to 1.85E-01 over steps 12-50, following Expert Tie-Breaker Rule",Continue,50,4.5129594802856445,1
vasp-data-files/101001010111000011111111/OSZICAR,1,152,0.0,7.0,"rms(c) shows no clear downward macro-trend, stagnating around 0.4-1.1 after initial drop, with dE remaining large and oscillatory",Kill,50,3.2858197689056396,1
vasp-data-files/101011011101011010110111/OSZICAR,1,77,1.0,7.0,"Despite dE oscillations in final steps, rms(c) shows clear macro-trend decreasing from 1.23E+02 to 8.55E-02 over 38 steps, following Expert Tie-Breaker Rule",Continue,50,3.544199228286743,1
vasp-data-files/101010000111110111100101/OSZICAR,0,200,0.0,8.0,"rms(c) stagnates around 17-20 with no decreasing macro-trend despite dE oscillations, indicating divergence according to Expert Tie-Breaker Rule",Kill,50,3.3279378414154053,1
vasp-data-files/100010111000111100100000/OSZICAR,1,112,1.0,7.0,"Despite dE oscillations in final steps, rms(c) shows clear macro-trend decreasing from 1.22E+01 to 1.32E-01 over steps 12-50, following Expert Tie-Breaker Rule",Continue,50,3.8961002826690674,1
vasp-data-files/100000001110110011111111/OSZICAR,1,103,1.0,7.0,"Despite dE oscillations, rms(c) shows clear macro-trend decreasing from 122E+01 to 0.423E-01 over steps 13-50, following Expert Tie-Breaker Rule for eventual convergence",Continue,50,4.206261873245239,1
vasp-data-files/101110001100010010111010/OSZICAR,1,62,1.0,8.0,"Clear damped oscillatory convergence with rms(c) showing strong monotonic decrease from 1.22E+01 to 3.51E-02 over steps 13-50, following Expert Tie-Breaker Rule despite some dE oscillations",Continue,50,4.204448699951172,1
vasp-data-files/110100000101010001010010/OSZICAR,0,200,0.0,7.0,"rms(c) oscillates between 0.5-1.25 with no clear downward macro-trend over 75 steps, indicating stagnation and divergence despite some dE oscillations",Kill,75,8.117483377456665,2
vasp-data-files/100001110111111001000111/OSZICAR,1,65,1.0,8.0,"Clear damped oscillatory convergence with rms(c) showing strong monotonic decrease from 125E+01 to 611E-02 over steps 13-50, following Expert Tie-Breaker Rule despite some dE oscillations",Continue,50,4.514497518539429,1
vasp-data-files/101111000111010010101000/OSZICAR,1,69,1.0,7.0,"Despite dE oscillations, rms(c) shows clear macro-trend decreasing from 1.05E+02 to 2.74E-01 over 50 steps, following Expert Tie-Breaker Rule",Continue,50,4.511659860610962,1
vasp-data-files/100001011000111100101000/OSZICAR,1,67,1.0,7.0,"Despite dE oscillations in later steps, rms(c) shows clear monotonic downward trend from 1.22E+01 to 4.07E-02 over steps 13-50, indicating damped oscillatory convergence per Expert Tie-Breaker Rule",Continue,50,3.590587615966797,1
vasp-data-files/111110000001000000111010/OSZICAR,1,67,1.0,7.0,"Clear downward macro-trend in rms(c) from 1.24E+02 to 9.31E-02 despite dE oscillations, following Expert Tie-Breaker Rule for damped oscillatory convergence",Continue,50,3.2828822135925293,1
vasp-data-files/111110000100111100100000/OSZICAR,1,51,1.0,8.0,"Clear damped oscillatory convergence with rms(c) showing strong monotonic decrease from 1.21E+01 to 1.36E-02 over steps 12-50, following Expert Tie-Breaker Rule despite early dE oscillations",Continue,50,3.898752450942993,1
vasp-data-files/111101010100111110110000/OSZICAR,0,200,0.0,7.0,"rms(c) oscillates between 1.3-2.6 with no clear downward macro-trend, indicating stagnation and eventual divergence despite some dE fluctuations",Kill,75,6.277731895446777,2
vasp-data-files/100001111101000011011111/OSZICAR,1,85,1.0,7.0,"Despite dE oscillations, rms(c) shows clear macro-trend decreasing from 1.05E+02 to 2.94E-01 over 50 steps, following Expert Tie-Breaker Rule",Continue,50,3.896638870239258,1
vasp-data-files/100001110101100011010111/OSZICAR,0,200,0.0,8.0,"rms(c) shows no consistent downward trend, stagnating around 1.4-1.5 after initial drop, with dE remaining large and oscillatory throughout",Kill,50,3.7948641777038574,1
vasp-data-files/100010110010001110111111/OSZICAR,1,170,1.0,7.0,"Despite dE oscillations, rms(c) shows clear macro-trend decreasing from 12.4E+00 to 0.105E+00 over steps 13-50, following Expert Tie-Breaker Rule for damped oscillatory convergence",Continue,50,4.306432008743286,1
vasp-data-files/110000110001101101010001/OSZICAR,1,99,1.0,7.0,"Despite dE oscillations, rms(c) shows clear downward macro-trend from 122E+01 to 228E-01 over steps 12-50, following Expert Tie-Breaker Rule for damped oscillatory convergence",Continue,50,3.588557243347168,1
vasp-data-files/110100001000111000000001/OSZICAR,1,121,0.0,8.0,"rms(c) shows no consistent downward trend, stagnating around 0.6-1.0 in later steps with recent spike to 1.05, while dE remains oscillatory with large jumps",Kill,100,11.112118005752563,3
vasp-data-files/111100100100000001100011/OSZICAR,1,75,1.0,8.0,"Clear damped oscillatory convergence: rms(c) shows strong monotonic decrease from 121E+01 to 452E-02 over steps 12-50, and dE shows consistent damping of oscillations with final values approaching 1E-03",Continue,50,3.597500801086426,1
vasp-data-files/101110000101010010100000/OSZICAR,1,86,1.0,7.0,"Despite dE oscillations in final steps, rms(c) shows clear macro-trend decreasing from 1.05E+02 to 2.64E-01 over 40 iterations, following Expert Tie-Breaker Rule",Continue,50,3.2761335372924805,1
vasp-data-files/101100000101100011100001/OSZICAR,1,72,1.0,7.0,"Despite early oscillations, rms(c) shows clear downward macro-trend from 122 to 0.211 over steps 12-50, following Expert Tie-Breaker Rule for damped convergence",Continue,50,3.284803867340088,1
vasp-data-files/110110101000001000111100/OSZICAR,1,62,1.0,8.0,"Clear downward macro-trend in rms(c) from 1.22E+02 to 3.77E-02 despite some dE oscillations, following Expert Tie-Breaker Rule for convergence",Continue,50,2.975196123123169,1
vasp-data-files/110110101010110000110001/OSZICAR,0,200,1.0,7.0,"Despite significant dE oscillations, rms(c) shows clear downward macro-trend from 12.6E+01 to 3.34E+00 over steps 13-50, following Expert Tie-Breaker Rule for damped oscillatory convergence",Continue,50,3.8961427211761475,1
vasp-data-files/111110000000001100100000/OSZICAR,1,63,1.0,7.0,"Despite dE oscillations in later steps, rms(c) shows clear monotonic downward trend from 1.05E+02 to 5.78E-02 over 39 steps, following Expert Tie-Breaker Rule",Continue,50,3.896596908569336,1
vasp-data-files/100010010011000001111110/OSZICAR,1,126,1.0,7.0,"Despite significant dE oscillations, rms(c) shows clear macro-trend decreasing from ~100 to ~0.6 over 75 steps, following Expert Tie-Breaker Rule for damped oscillatory convergence",Continue,75,7.504801511764526,2
vasp-data-files/110110001010000111111001/OSZICAR,0,200,0.0,7.0,"rms(c) shows no consistent downward trend, stagnating around 0.3-0.37 in final steps with oscillations, indicating divergence despite some dE fluctuations",Kill,50,3.5909361839294434,1
vasp-data-files/101101000111000111100011/OSZICAR,1,61,1.0,8.0,Clear damped oscillatory convergence: dE shows noisy but decreasing oscillations while rms(c) exhibits strong monotonic decrease from 1.23E+02 to 3.26E-02 over final 38 steps,Continue,50,3.895939588546753,1
vasp-data-files/101001111110111111000001/OSZICAR,0,200,0.0,8.0,"rms(c) stagnates at 15-16 with no decreasing trend after step 30, dE remains oscillatory with no convergence to small values",Kill,50,3.5887749195098877,1
vasp-data-files/111110000100011100100010/OSZICAR,1,80,1.0,7.0,"Despite dE oscillations, rms(c) shows clear macro-trend decreasing from 1.22E+02 to 1.12E-01 over 50 steps, following Expert Tie-Breaker Rule",Continue,50,3.0308785438537598,1
vasp-data-files/101100000100001110100110/OSZICAR,1,95,1.0,8.0,"Clear damped oscillatory convergence: dE shows noisy but decreasing oscillations while rms(c) exhibits strong monotonic decrease from 1.06E+02 to 7.96E-02 over 40 steps, following the Expert's Tie-Breaker Rule",Continue,50,3.534264087677002,1
vasp-data-files/101001010001000010111110/OSZICAR,1,161,0.0,7.0,"rms(c) stagnates around 0.7-0.9 after step 40 with no clear downward macro-trend, and dE remains oscillatory with large magnitudes",Kill,50,2.9764485359191895,1
vasp-data-files/111011110001101100100101/OSZICAR,1,80,1.0,7.0,"Despite significant dE oscillations, rms(c) shows clear macro-trend decreasing from 123E+01 to 5.36E-01 over steps 12-50, following Expert Tie-Breaker Rule for damped oscillatory convergence",Continue,50,3.794497013092041,1
vasp-data-files/101001010101111110100101/OSZICAR,0,200,0.0,7.0,"rms(c) stagnates at 0.13-0.15 after step 40 showing no decreasing trend despite dE oscillations, indicating divergence per Expert Tie-Breaker Rule",Kill,50,3.0775256156921387,1
vasp-data-files/110001010111111011010011/OSZICAR,1,61,1.0,8.0,"Despite dE oscillation at step 50, rms(c) shows clear monotonic decrease from 1.06E+01 to 9.67E-02 over steps 12-50, following Expert Tie-Breaker Rule",Continue,50,3.897179126739502,1
vasp-data-files/110111001100011100101000/OSZICAR,0,200,1.0,6.0,"Large dE oscillations persist but rms(c) shows clear macro-trend decreasing from ~100 to ~0.5 over 200 steps, following Expert Tie-Breaker Rule for eventual convergence",Unresolved_MaxSteps,200,26.153270483016968,7
vasp-data-files/111101001101111100100000/OSZICAR,1,135,1.0,7.0,"Despite dE oscillations in final steps, rms(c) shows clear macro-trend decreasing from 1.05E+02 to 2.50E-01 over 40 iterations, following Expert Tie-Breaker Rule for damped oscillatory convergence",Continue,50,4.5124053955078125,1
vasp-data-files/100101110001000001011001/OSZICAR,1,80,1.0,7.0,"Despite dE oscillations, rms(c) shows clear macro-trend decreasing from 1.05E+02 to 6.30E-02 over 50 steps, following Expert Tie-Breaker Rule for damped oscillatory convergence",Continue,50,4.205274820327759,1
vasp-data-files/110100001110001101111001/OSZICAR,1,109,1.0,7.0,"Despite dE oscillations, rms(c) shows clear macro-trend decreasing from 121E+02 to 486E-01 over steps 12-50, following Expert Tie-Breaker Rule for damped oscillatory convergence",Continue,50,4.223246097564697,1
vasp-data-files/101111000011110010100000/OSZICAR,1,75,1.0,7.0,"Despite dE oscillations, rms(c) shows clear macro-trend decreasing from 1.06E+02 to 1.91E-01 over 39 steps, following Expert Tie-Breaker Rule for damped oscillatory convergence",Continue,50,3.9311132431030273,1
vasp-data-files/101001011100111100100000/OSZICAR,1,127,1.0,7.0,"Despite significant dE oscillations, rms(c) shows clear macro-trend decreasing from 12.2E+01 to 6.41E-01 over steps 12-50, following Expert Tie-Breaker Rule",Continue,50,3.8440768718719482,1
vasp-data-files/110101111100111101010011/OSZICAR,0,200,0.0,8.0,"rms(c) stagnates at 2.2-2.4 with no downward trend after step 12, and dE shows persistent large oscillations, indicating divergence according to Expert Tie-Breaker Rule",Kill,50,3.895411491394043,1
vasp-data-files/111100001100111110000000/OSZICAR,1,67,1.0,8.0,Clear damped oscillatory convergence with rms(c) showing strong monotonic decrease from 121E+01 to 73E-02 and dE consistently decreasing to <1.0E-02 in final steps,Continue,50,4.208533763885498,1
vasp-data-files/111100011110000110000001/OSZICAR,0,200,0.0,8.0,"rms(c) stagnates at 1.6-2.2 with no decreasing trend after step 12, and dE shows persistent large oscillations, indicating divergence according to Expert Tie-Breaker Rule",Kill,50,4.506555795669556,1
vasp-data-files/101001010101110011100111/OSZICAR,0,200,0.0,7.0,"rms(c) shows no consistent downward trend, oscillating between 0.3-1.2 without sustained decrease, indicating stagnation despite some dE oscillations",Kill,75,7.196293830871582,2
vasp-data-files/101101110001000000000110/OSZICAR,0,200,1.0,7.0,"Despite persistent dE oscillations, rms(c) shows clear macro-trend decreasing from ~12.2 to ~1.1 over 125 steps, following Expert Tie-Breaker Rule for damped oscillatory convergence",Continue,125,14.718135833740234,4
vasp-data-files/101011110001111110010000/OSZICAR,1,54,1.0,9.0,"Clear monotonic decrease in both dE and rms(c) values from step 12 onward, with rms(c) dropping from 121E+01 to 107E-02 and dE consistently below 1E-03 in final steps, meeting convergence criteria",Continue,50,4.206326246261597,1
vasp-data-files/110010110000001110111100/OSZICAR,1,70,1.0,8.0,"Despite early oscillations, rms(c) shows clear macro-trend decreasing from 121E+01 to 137E-01 over steps 12-50, following Expert Tie-Breaker Rule",Continue,50,5.125887632369995,1
vasp-data-files/111101000001110000101000/OSZICAR,0,200,1.0,7.0,"Despite dE oscillations in later steps, rms(c) shows clear macro-trend decreasing from 1.2E+01 to 2.95E-01 over steps 12-50, following Expert Tie-Breaker Rule",Continue,50,3.896291732788086,1
vasp-data-files/111100100000110111110001/OSZICAR,1,106,1.0,7.0,"Despite dE oscillations, rms(c) shows clear macro-trend decreasing from 1.05E+02 to 7.50E-01 over steps 12-50, following Expert Tie-Breaker Rule",Continue,50,3.5922691822052,1
vasp-data-files/110110000111000011111111/OSZICAR,1,145,1.0,7.0,"Despite persistent dE oscillations, rms(c) shows clear macro-trend decreasing from ~100 to ~0.19 over 125 steps, following Expert Tie-Breaker Rule",Continue,125,13.4910888671875,4
vasp-data-files/100011010011000001101110/OSZICAR,0,200,0.0,8.0,"rms(c) stagnates at 1.6-1.7 after step 37 with no clear downward trend, and dE remains oscillatory, indicating divergence per Expert Tie-Breaker Rule",Kill,50,4.200437068939209,1
vasp-data-files/111011010001010000111100/OSZICAR,1,66,1.0,7.0,"Despite dE oscillations, rms(c) shows clear macro-trend decreasing from 1.22E+02 to 4.47E-02 over 50 steps, following Expert Tie-Breaker Rule for damped oscillatory convergence",Continue,50,4.514771938323975,1
vasp-data-files/101001011100111100000000/OSZICAR,1,76,1.0,8.0,"Clear damped oscillatory convergence: dE shows oscillatory but decreasing behavior while rms(c) exhibits strong monotonic decrease from 121E+01 to 843E-02, following the Expert's Tie-Breaker Rule",Continue,50,4.511033773422241,1
vasp-data-files/100110101010000101011001/OSZICAR,1,123,0.0,7.0,"rms(c) stagnates at ~0.15-0.16 after step 43 showing no decreasing trend despite dE becoming small, indicating charge density is not converging",Kill,50,3.2828121185302734,1
vasp-data-files/111110001000010010100010/OSZICAR,1,82,1.0,7.0,"Despite dE oscillations, rms(c) shows clear macro-trend decreasing from 1.05E+02 to 4.80E-01 over 39 steps, following Expert Tie-Breaker Rule",Continue,50,3.8949363231658936,1
vasp-data-files/111110000110110000100000/OSZICAR,1,96,0.0,8.0,"rms(c) stagnates at ~0.022-0.023 after step 40 showing no overall decreasing trend despite dE oscillations, indicating divergence according to Expert's Tie-Breaker Rule",Kill,50,4.81999659538269,1
vasp-data-files/110010010011000001111101/OSZICAR,0,200,1.0,7.0,"Despite dE oscillations in final steps, rms(c) shows clear macro-trend decreasing from 1.05E+01 to 5.13E-01 over steps 12-49, following Expert Tie-Breaker Rule",Continue,50,3.8949530124664307,1
vasp-data-files/100010001111000001111111/OSZICAR,1,84,1.0,7.0,"Despite dE oscillations, rms(c) shows clear macro-trend decreasing from 1.24E+02 to 4.27E-01 over steps 12-50, following Expert Tie-Breaker Rule for damped oscillatory convergence",Continue,50,4.752977132797241,1
vasp-data-files/110001111101111101010011/OSZICAR,1,76,1.0,7.0,"Despite dE oscillations, rms(c) shows clear macro-trend decreasing from 128E+01 to 200E-01 over steps 13-50, following Expert Tie-Breaker Rule for damped oscillatory convergence",Continue,50,4.269523859024048,1
vasp-data-files/100000011111111011000100/OSZICAR,0,200,1.0,7.0,"Despite dE oscillations, rms(c) shows clear downward macro-trend from 12.4E+01 to 1.75E+00 over 38 steps, following Expert Tie-Breaker Rule for damped oscillatory convergence",Continue,50,4.206500291824341,1
vasp-data-files/101101000001010100101000/OSZICAR,1,70,1.0,7.0,"Despite dE oscillations, rms(c) shows clear macro-trend decreasing from 1.22E+02 to 4.58E-01 over steps 12-50, following Expert Tie-Breaker Rule for damped oscillatory convergence",Continue,50,3.8959481716156006,1
vasp-data-files/101001011101100011010111/OSZICAR,1,104,1.0,7.0,"Despite dE oscillations, rms(c) shows clear macro-trend decreasing from 1.24E+02 to 6.08E-01 over steps 12-50, following Expert Tie-Breaker Rule for damped oscillatory convergence",Continue,50,4.2972307205200195,1
vasp-data-files/101101000101000011011111/OSZICAR,0,200,1.0,7.0,"Despite significant dE oscillations, rms(c) shows clear macro-trend decreasing from 122 to 0.35 over steps 13-50, following Expert Tie-Breaker Rule for damped oscillatory convergence",Continue,50,4.110662937164307,1
vasp-data-files/110100010111000101000001/OSZICAR,0,200,1.0,7.0,"Despite dE oscillations, rms(c) shows clear macro-trend decreasing from 125E+01 to 131E+00 over steps 12-50, following Expert Tie-Breaker Rule for damped oscillatory convergence",Continue,50,4.5120062828063965,1
vasp-data-files/100110010111000001110001/OSZICAR,1,107,1.0,7.0,"Despite dE oscillations in later steps, rms(c) shows clear macro-trend decreasing from 1.24E+02 to 5.45E-02 over steps 13-50, following Expert Tie-Breaker Rule for damped oscillatory convergence",Continue,50,4.202532529830933,1
vasp-data-files/111111010001011000100000/OSZICAR,1,110,1.0,7.0,"Despite dE oscillations, rms(c) shows clear macro-trend decreasing from 1.05E+02 to 1.34E-01 over 50 steps, following Expert Tie-Breaker Rule",Continue,50,4.203498363494873,1
vasp-data-files/111110001100110001101110/OSZICAR,1,133,1.0,7.0,"Despite significant dE oscillations, rms(c) shows clear downward macro-trend from 124E+01 to 219E+00 over steps 13-50, following Expert Tie-Breaker Rule for eventual convergence",Continue,50,3.5908684730529785,1
vasp-data-files/100001110010001011011111/OSZICAR,1,79,1.0,7.0,"Despite dE oscillations, rms(c) shows clear macro-trend decreasing from 123E+01 to 0.512E-01 over steps 13-50, following Expert Tie-Breaker Rule",Continue,50,3.281270742416382,1
vasp-data-files/111100000000111000100000/OSZICAR,1,68,1.0,8.0,Clear damped oscillatory convergence with rms(c) showing strong monotonic decrease from 1.19E+01 to 2.31E-02 and dE oscillations damping to ~1E-03 range,Continue,50,3.896353244781494,1
vasp-data-files/101101000111000011101111/OSZICAR,1,74,1.0,7.0,"Despite dE oscillations in later steps, rms(c) shows clear macro-trend decreasing from 1.6E+01 to 4.99E-01 over steps 17-50, following Expert Tie-Breaker Rule",Continue,50,3.588286876678467,1
vasp-data-files/100100100000111101100100/OSZICAR,1,63,1.0,8.0,"Clear damped oscillatory convergence: rms(c) shows strong monotonic decrease from 122 to 0.0365 over steps 13-50, following expert tie-breaker rule despite some dE oscillations",Continue,50,4.203470468521118,1
vasp-data-files/101111010101010010100000/OSZICAR,1,61,1.0,8.0,"Clear damped oscillatory convergence with rms(c) showing strong monotonic decrease from 1.21E+02 to 3.24E-02 over steps 13-50, following Expert Tie-Breaker Rule despite early dE oscillations",Continue,50,3.89555287361145,1
vasp-data-files/100001110100101101010001/OSZICAR,1,196,0.0,8.0,"rms(c) stagnates around 1.5 with no clear downward trend after step 50, and dE continues oscillating significantly, indicating divergence according to Expert Tie-Breaker Rule",Kill,75,7.1977057456970215,2
vasp-data-files/111100001101110010101000/OSZICAR,1,124,1.0,7.0,"Despite dE oscillations in final steps, rms(c) shows clear macro-trend decreasing from 1.22E+02 to 4.23E-01 over 38 steps, following Expert Tie-Breaker Rule",Continue,50,3.8975841999053955,1
vasp-data-files/100010111011000001011111/OSZICAR,1,89,1.0,7.0,"Despite dE oscillations in later steps, rms(c) shows clear macro-trend decreasing from 1.22E+02 to 7.40E-02 over 50 steps, following Expert Tie-Breaker Rule",Continue,50,4.516230583190918,1
vasp-data-files/100001110111011010011111/OSZICAR,1,80,1.0,7.0,"Despite dE oscillations, rms(c) shows clear downward macro-trend from 1.26E+02 to 4.41E-01 over steps 13-50, following Expert Tie-Breaker Rule for damped oscillatory convergence",Continue,50,4.198242902755737,1
vasp-data-files/101110100001011110100100/OSZICAR,1,56,1.0,8.0,"Clear damped oscillatory convergence: rms(c) shows strong monotonic decrease from 105E+00 to 188E-02 over final 39 steps, following expert tie-breaker rule despite dE oscillations",Continue,50,4.209299087524414,1
vasp-data-files/101101000100111010000000/OSZICAR,1,176,1.0,7.0,"Despite dE oscillations in later steps, rms(c) shows clear macro-trend decreasing from 1.05E+02 to 4.79E-01 over 40 steps, following Expert Tie-Breaker Rule for damped oscillatory convergence",Continue,50,4.2037622928619385,1
vasp-data-files/101001010000111010100110/OSZICAR,1,101,1.0,7.0,"Despite dE oscillations in later steps, rms(c) shows clear macro-trend decreasing from 1.24E+02 to 8.49E-01 over 38 steps, following Expert Tie-Breaker Rule for damped oscillatory convergence",Continue,50,4.197052478790283,1
vasp-data-files/111010001100011101110110/OSZICAR,1,143,1.0,7.0,"Despite significant dE oscillations, rms(c) shows clear macro-trend decreasing from 125E+01 at step 13 to 0.350E-01 at step 50, following Expert Tie-Breaker Rule",Continue,50,3.8973965644836426,1
vasp-data-files/111100010100111000000010/OSZICAR,1,56,1.0,8.0,"Clear damped oscillatory convergence: rms(c) shows strong monotonic decrease from 122 to 0.0113 over steps 12-50, and final dE values (~1E-03) approach convergence threshold despite minor oscillations",Continue,50,4.205826044082642,1
vasp-data-files/101100000001101001000001/OSZICAR,1,59,1.0,8.0,"Clear damped oscillatory convergence: dE shows noisy but decreasing oscillations while rms(c) exhibits strong monotonic decrease from 124E+01 to 677E-02, following the Expert's Tie-Breaker Rule",Continue,50,3.2811739444732666,1
vasp-data-files/111101000101110000101100/OSZICAR,1,135,1.0,7.0,"Despite dE oscillations in later steps, rms(c) shows clear macro-trend decreasing from 1.05E+02 to 2.77E-01 over 40 iterations, following Expert Tie-Breaker Rule",Continue,50,4.510187387466431,1
vasp-data-files/101110010101110000101100/OSZICAR,1,67,1.0,7.0,"Despite dE oscillations in final steps, rms(c) shows clear macro-trend decreasing from 1.22E+02 to 1.63E-01 over 38 steps, following Expert Tie-Breaker Rule",Continue,50,3.894871950149536,1
vasp-data-files/100100101010010010111110/OSZICAR,1,75,1.0,7.0,"Despite dE oscillations, rms(c) shows clear macro-trend decreasing from 1.22E+02 to 2.85E-01 over steps 13-50, following Expert Tie-Breaker Rule for damped oscillatory convergence",Continue,50,3.896787166595459,1
vasp-data-files/100100001111001001011101/OSZICAR,1,111,1.0,7.0,"Despite significant dE oscillations, rms(c) shows clear macro-trend decreasing from 1.22E+02 to ~8E-01 over 40 steps, following Expert Tie-Breaker Rule for damped oscillatory convergence",Continue,50,3.8944287300109863,1
vasp-data-files/111001110011111000010010/OSZICAR,1,65,1.0,8.0,"Clear damped oscillatory convergence: dE shows noisy but decreasing oscillations while rms(c) exhibits strong monotonic decrease from 1.22E+01 to 6.55E-02, following the Expert Tie-Breaker Rule",Continue,50,9.422804594039917,1
vasp-data-files/100100010101110010111100/OSZICAR,0,200,1.0,7.0,"Despite dE oscillations, rms(c) shows clear macro-trend decreasing from 1.05E+02 to 8.30E-01 over 50 steps, following Expert Tie-Breaker Rule for damped oscillatory convergence",Continue,50,3.897243022918701,1
vasp-data-files/111001111011000001110101/OSZICAR,1,127,1.0,7.0,"Despite dE oscillations, rms(c) shows clear macro-trend decreasing from ~100 to ~0.55 over 75 steps, following Expert Tie-Breaker Rule for damped oscillatory convergence",Continue,75,7.8126115798950195,2
vasp-data-files/100100001110000101111111/OSZICAR,0,200,0.0,7.0,"rms(c) shows no clear downward macro-trend, stagnating around 0.17-0.22 in final steps with persistent dE oscillations, indicating divergence per Expert Tie-Breaker Rule",Kill,75,6.5821123123168945,2
vasp-data-files/101001010111001011111111/OSZICAR,1,62,1.0,7.0,"Despite dE oscillations in later steps, rms(c) shows clear macro-trend decreasing from 1.23E+02 to 2.02E-01 over steps 12-50, following Expert Tie-Breaker Rule",Continue,50,4.204712390899658,1
vasp-data-files/101100010110111010000011/OSZICAR,1,181,0.0,7.0,"rms(c) shows no clear downward macro-trend, stagnating around 4-6 after initial drop from 12, with dE remaining large and oscillatory",Kill,50,3.900512218475342,1
vasp-data-files/110110101000111000100000/OSZICAR,1,66,1.0,7.0,"Despite dE oscillations in later steps, rms(c) shows clear macro-trend decreasing from 1.05E+02 to 2.05E-01 over 40 iterations, following Expert Tie-Breaker Rule",Continue,50,3.896362066268921,1
vasp-data-files/110100101001001101000001/OSZICAR,1,74,1.0,8.0,"Clear damped oscillatory convergence: dE shows decreasing oscillations while rms(c) exhibits strong monotonic decrease from 122 to 0.1 over final 38 steps, following Expert Tie-Breaker Rule",Continue,50,3.584484815597534,1
vasp-data-files/100000110010011111011111/OSZICAR,1,58,1.0,8.0,"Despite dE oscillations, rms(c) shows clear monotonic downward trend from 1.06E+02 to 3.06E-02 over 39 steps, following Expert Tie-Breaker Rule",Continue,50,4.201859951019287,1
vasp-data-files/101111100100111011100011/OSZICAR,1,161,1.0,7.0,"Despite persistent dE oscillations, rms(c) shows clear macro-trend decreasing from ~12.4 to ~0.07 over 125 steps, following Expert Tie-Breaker Rule",Continue,125,16.258681297302246,4
vasp-data-files/101111001011100011100001/OSZICAR,1,175,1.0,7.0,"Despite early oscillations in dE, rms(c) shows clear macro-trend decreasing from 125E+01 to 347E-01 over steps 12-50, following Expert Tie-Breaker Rule for damped oscillatory convergence",Continue,50,4.198161840438843,1
vasp-data-files/100010010101100100100000/OSZICAR,0,200,0.0,8.0,"rms(c) stagnates at 2.6-2.9 with no decreasing trend after step 12, dE oscillates without reaching convergence thresholds, consistent with divergence pattern",Kill,50,3.2813239097595215,1
vasp-data-files/100000000001001100111100/OSZICAR,1,70,1.0,8.0,"Despite dE oscillations in later steps, rms(c) shows clear monotonic downward trend from 1.24E+02 to 6.06E-02 over steps 12-50, following Expert Tie-Breaker Rule for convergence",Continue,50,4.514778137207031,1
vasp-data-files/110110101001100101011011/OSZICAR,1,110,1.0,7.0,"Despite dE oscillations, rms(c) shows clear macro-trend decreasing from 125E+01 to 6.06E-01 over steps 12-50, following Expert Tie-Breaker Rule for damped oscillatory convergence",Continue,50,4.205663442611694,1
vasp-data-files/110010101011000001111111/OSZICAR,0,200,1.0,7.0,"Despite dE oscillations, rms(c) shows clear downward macro-trend from 125E+00 to 159E-01 over steps 13-50, following Expert Tie-Breaker Rule for damped oscillatory convergence",Continue,50,4.196635961532593,1
vasp-data-files/100100110010001101111001/OSZICAR,1,64,1.0,8.0,"Clear damped oscillatory convergence: rms(c) shows strong monotonic decrease from 122 to 0.035 over steps 13-50, and final dE values are approaching convergence threshold (<1E-03)",Continue,50,3.485738754272461,1
vasp-data-files/111110101111000011110101/OSZICAR,0,200,1.0,7.0,"Despite dE oscillations in final steps, rms(c) shows clear macro-trend decreasing from 1.24E+01 to 6.75E-01 over steps 12-50, following Expert Tie-Breaker Rule",Continue,50,4.3059234619140625,1
vasp-data-files/101011110001111010000110/OSZICAR,1,71,1.0,7.0,"Despite dE oscillations, rms(c) shows clear macro-trend decreasing from 1.21E+02 to 6.48E-01 over steps 13-50, following Expert Tie-Breaker Rule for damped oscillatory convergence",Continue,50,4.5077385902404785,1
vasp-data-files/111110001001010000101000/OSZICAR,1,97,1.0,7.0,"Despite dE oscillations in later steps, rms(c) shows clear macro-trend decreasing from 1.05E+02 to 2.45E-01 over 50 steps, following Expert Tie-Breaker Rule",Continue,50,4.204250335693359,1
vasp-data-files/100110001111000001111111/OSZICAR,1,103,1.0,7.0,"Despite dE oscillations in later steps, rms(c) shows clear macro-trend decreasing from 127E+01 to 0.804E-01 over steps 12-50, following Expert Tie-Breaker Rule",Continue,50,4.203118324279785,1
vasp-data-files/100000111001001001011111/OSZICAR,1,137,0.0,7.0,"rms(c) shows no clear downward macro-trend, oscillating between 0.2-1.0 without sustained decrease, indicating stagnation per Expert Tie-Breaker Rule",Kill,75,7.503101348876953,2
vasp-data-files/111110010100111110100100/OSZICAR,1,197,0.0,7.0,"rms(c) stagnates around 3.0-3.3 after step 41 showing no decreasing macro-trend despite dE oscillations, indicating divergence per Expert Tie-Breaker Rule",Kill,50,4.201720476150513,1
vasp-data-files/110010111001001011111111/OSZICAR,1,99,1.0,7.0,"Despite dE oscillations, rms(c) shows clear macro-trend decreasing from 1.24E+02 to 5.25E-01 over steps 13-50, following Expert Tie-Breaker Rule for damped oscillatory convergence",Continue,50,4.5108466148376465,1
vasp-data-files/101101000101110010100100/OSZICAR,1,62,1.0,8.0,"Clear damped oscillatory convergence with rms(c) showing strong monotonic decrease from 1.05E+02 to 2.27E-02 over 39 steps, following Expert Tie-Breaker Rule despite dE oscillations",Continue,50,3.897886037826538,1
vasp-data-files/111100001100111100100000/OSZICAR,0,200,0.0,8.0,"rms(c) stagnates around 0.85-0.88 after step 40 with no clear downward trend, and dE continues oscillating significantly, indicating divergence according to Expert Tie-Breaker Rule",Kill,50,4.509568214416504,1
vasp-data-files/110100001111100001000011/OSZICAR,0,200,0.0,8.0,"rms(c) stagnates around 7.5-8.0 after step 43 with no overall decreasing trend, and dE remains oscillatory without consistent reduction",Kill,50,3.896328926086426,1
vasp-data-files/100001111100011010111110/OSZICAR,1,86,1.0,7.0,"Despite dE oscillations in final steps, rms(c) shows clear macro-trend decreasing from 1.26E+02 to 8.60E-02 over steps 13-50, following Expert Tie-Breaker Rule for damped oscillatory convergence",Continue,50,4.509854555130005,1
vasp-data-files/110010111011101011000111/OSZICAR,1,123,1.0,7.0,"Despite dE oscillations, rms(c) shows clear macro-trend decreasing from 126E+01 to 0.542E-01 over steps 13-50, following Expert Tie-Breaker Rule for damped oscillatory convergence",Continue,50,3.792813539505005,1
vasp-data-files/111110000101011000101000/OSZICAR,1,116,1.0,7.0,"Despite dE oscillations in later steps, rms(c) shows clear macro-trend decreasing from 1.23E+02 to 6.48E-01 over steps 13-50, following Expert Tie-Breaker Rule",Continue,50,4.302835702896118,1
vasp-data-files/111100001101110010100000/OSZICAR,1,81,1.0,7.0,"Despite dE oscillations in later steps, rms(c) shows clear macro-trend decreasing from 1.22E+02 to 1.29E-01 over 50 steps, following Expert Tie-Breaker Rule",Continue,50,3.895495891571045,1
vasp-data-files/101100010111110001011100/OSZICAR,1,84,1.0,7.0,"Despite dE oscillations in final steps, rms(c) shows clear macro-trend decreasing from 1.25E+02 to ~3E-01 with damping oscillations, following Expert Tie-Breaker Rule",Continue,50,3.903553009033203,1
vasp-data-files/101100011100010001010110/OSZICAR,1,76,1.0,7.0,"Despite initial oscillations, rms(c) shows clear downward macro-trend from 121E+00 at step 13 to 102E+00 at step 50, decreasing by over an order of magnitude following Expert's Tie-Breaker Rule",Continue,50,3.8884365558624268,1
vasp-data-files/111101000101111111100100/OSZICAR,0,200,1.0,7.0,"Despite persistent dE oscillations, rms(c) shows clear macro-trend decreasing from ~12.5 at step 40 to ~0.52 at step 175, following Expert Tie-Breaker Rule for damped oscillatory convergence",Continue,175,26.848205089569092,6
vasp-data-files/111110001011100010101001/OSZICAR,0,200,0.0,8.0,"rms(c) stagnates at 1.6-1.8 with no clear downward trend after step 35, and dE shows persistent large oscillations without convergence",Kill,50,3.2823150157928467,1
vasp-data-files/100011111001011000000100/OSZICAR,1,85,1.0,7.0,"Despite dE oscillations, rms(c) shows clear downward macro-trend from 121E+01 to 190E+00 over steps 12-50, following Expert Tie-Breaker Rule for damped oscillatory convergence",Continue,50,3.8958075046539307,1
vasp-data-files/100011111100111010000100/OSZICAR,1,63,1.0,8.0,"Clear damped oscillatory convergence: dE shows noisy but decreasing oscillations while rms(c) exhibits strong monotonic decrease from 1.05E+01 to 5.19E-02, following the Expert's Tie-Breaker Rule",Continue,50,4.509175539016724,1
vasp-data-files/110100101111001001011101/OSZICAR,0,200,1.0,7.0,"Despite dE oscillations in later steps, rms(c) shows clear macro-trend decreasing from 1.24E+02 to 2.05E-01 over 38 steps, following Expert Tie-Breaker Rule for damped oscillatory convergence",Continue,50,4.097741365432739,1
vasp-data-files/111100100000010110111001/OSZICAR,1,84,1.0,7.0,"Despite dE oscillations, rms(c) shows clear downward macro-trend from 122 to 0.0986 over steps 13-50, following Expert Tie-Breaker Rule for damped oscillatory convergence",Continue,50,4.004605770111084,1
vasp-data-files/110110101000001110101011/OSZICAR,1,175,1.0,7.0,"Despite dE oscillations, rms(c) shows clear macro-trend decreasing from 123E+01 to 773E-01 over steps 13-50, following Expert Tie-Breaker Rule",Continue,50,5.11795449256897,1
vasp-data-files/111110001010000110111001/OSZICAR,0,200,1.0,6.0,"Large dE oscillations persist but rms(c) shows clear macro-trend decreasing from ~12.2 at step 13 to ~0.2 at step 200, following Expert Tie-Breaker Rule for damped convergence",Unresolved_MaxSteps,200,31.988158702850342,7
vasp-data-files/100010010111001011110101/OSZICAR,1,60,1.0,7.0,"Despite dE oscillations, rms(c) shows clear macro-trend decreasing from 1.22E+02 to 1.68E-01 over steps 12-50, following Expert Tie-Breaker Rule",Continue,50,5.122675657272339,1
vasp-data-files/111110001001010010110001/OSZICAR,1,162,,,评估到 175 步时，实际步数仅为 162，数据不足。,Insufficient_Steps,162,21.09019374847412,5
vasp-data-files/101011111000111010100111/OSZICAR,1,136,1.0,7.0,"Despite persistent dE oscillations, rms(c) shows clear macro-trend decreasing from 127E+01 to 766E-01 over steps 12-75, following Expert Tie-Breaker Rule",Continue,75,9.883435249328613,2
vasp-data-files/111001111101101001111111/OSZICAR,1,76,1.0,7.0,"Despite significant dE oscillations, rms(c) shows clear macro-trend decreasing from 1.25E+02 to 1.01E-01 over steps 12-50, following Expert Tie-Breaker Rule",Continue,50,3.8935155868530273,1
vasp-data-files/101100000000101101100001/OSZICAR,1,181,0.0,7.0,"rms(c) shows no clear downward trend, stagnating around 8.6-10.8 with oscillations, indicating divergence despite some dE reduction",Kill,50,3.89518141746521,1
vasp-data-files/101111000101000010011010/OSZICAR,1,61,1.0,8.0,"Clear damped oscillatory convergence: rms(c) shows strong monotonic decrease from 1.05E+02 to 2.76E-02 over steps 12-50, following expert tie-breaker rule despite dE oscillations",Continue,50,5.1248767375946045,1
vasp-data-files/100010001011000001111111/OSZICAR,1,110,1.0,7.0,"Despite dE oscillations, rms(c) shows clear downward macro-trend from 122E+01 to 308E+00 over steps 12-50, following Expert Tie-Breaker Rule for eventual convergence",Continue,50,3.8951175212860107,1
vasp-data-files/111100000101111101100000/OSZICAR,1,156,1.0,8.0,"Despite early oscillations, rms(c) shows clear downward macro-trend from 123E+02 to 0.494E-01 over steps 13-50, following Expert Tie-Breaker Rule for damped oscillatory convergence",Continue,50,5.535113096237183,1
vasp-data-files/110000110001111111010001/OSZICAR,1,105,1.0,8.0,"Clear damped oscillatory convergence: rms(c) shows strong monotonic decrease from 122 to 0.119 over steps 12-50, and dE shows consistent reduction in oscillation magnitude with final values below 1E-02",Continue,50,5.950231552124023,1
vasp-data-files/100001110101001111010001/OSZICAR,1,83,1.0,7.0,"Despite significant dE oscillations, rms(c) shows clear downward macro-trend from 12.4E+01 to 0.19E+00 over steps 13-50, following Expert Tie-Breaker Rule for damped oscillatory convergence",Continue,50,4.810692548751831,1
vasp-data-files/110100001101110001000111/OSZICAR,0,200,0.0,8.0,"rms(c) shows no decreasing trend, stagnating at 1.9-2.2 with oscillations, indicating divergence according to Expert Tie-Breaker Rule",Kill,50,5.124568700790405,1
vasp-data-files/111010001100100111110110/OSZICAR,1,153,0.0,7.0,"rms(c) shows no clear downward macro-trend, stagnating around 0.1-0.7 after initial improvement, while dE oscillates persistently without reaching convergence thresholds",Kill,100,12.341899156570435,3
vasp-data-files/110111001100110110010101/OSZICAR,1,172,1.0,7.0,"Despite dE oscillations in later steps, rms(c) shows clear macro-trend decreasing from 128E+01 to 0.992E-01 over steps 13-50, following Expert Tie-Breaker Rule",Continue,50,5.7320334911346436,1
vasp-data-files/100010110010001111111101/OSZICAR,1,109,1.0,7.0,"Despite dE oscillations, rms(c) shows clear macro-trend decreasing from 12.2E+01 to 0.188E+00 over steps 13-50, following Expert Tie-Breaker Rule",Continue,50,5.739529371261597,1
vasp-data-files/101011000101001010011111/OSZICAR,1,84,1.0,8.0,"Clear damped oscillatory convergence: rms(c) shows strong monotonic decrease from 1.05E+02 to 1.98E-02 over 39 steps, following expert tie-breaker rule despite dE oscillations",Continue,50,3.8949410915374756,1
vasp-data-files/100001010111111111011000/OSZICAR,1,64,1.0,7.0,"Despite dE oscillations, rms(c) shows clear macro-trend decreasing from 125 to 0.113 over steps 13-50, following Expert Tie-Breaker Rule for damped oscillatory convergence",Continue,50,3.7935757637023926,1
vasp-data-files/101011010001111010100000/OSZICAR,1,175,1.0,7.0,"Despite persistent dE oscillations, rms(c) shows clear macro-trend decreasing from ~23.5 at step 35 to ~0.64 at step 125, following the Expert's Tie-Breaker Rule for damped oscillatory convergence",Continue,125,21.271864414215088,4
vasp-data-files/110110101010110000111001/OSZICAR,1,98,1.0,7.0,"Despite significant dE oscillations, rms(c) shows clear macro-trend decreasing from 126E+01 to 193E-01 over steps 13-50, following Expert Tie-Breaker Rule for damped oscillatory convergence",Continue,50,4.510854005813599,1
vasp-data-files/100001111011000011011111/OSZICAR,1,126,1.0,7.0,"Despite persistent dE oscillations, rms(c) shows clear macro-trend decreasing from ~100 to ~0.02 over 125 steps, following the Expert's Tie-Breaker Rule for damped oscillatory convergence",Continue,125,14.715100526809692,4
vasp-data-files/100110101011000001111111/OSZICAR,1,167,0.0,8.0,"rms(c) shows no overall decreasing trend, stagnating around 1.0-1.2 after initial improvement, with dE remaining large and oscillatory",Kill,50,3.5861690044403076,1
vasp-data-files/101101000101000000011110/OSZICAR,1,104,1.0,7.0,"Despite dE oscillations, rms(c) shows clear macro-trend decreasing from 122E+02 to 300E-01 over 75 steps, following Expert Tie-Breaker Rule",Continue,75,7.195618152618408,2
vasp-data-files/100110100000111001100100/OSZICAR,1,77,1.0,7.0,"Despite dE oscillations, rms(c) shows clear monotonic downward trend from 1.24E+02 to 1.42E-01 over steps 13-50, indicating damped oscillatory convergence per Expert Tie-Breaker Rule",Continue,50,4.509599447250366,1
vasp-data-files/101001010101111110100000/OSZICAR,1,78,1.0,7.0,"Despite dE oscillations in later steps, rms(c) shows clear macro-trend decreasing from 1.2E+01 to 3.2E-01 over steps 12-50, following Expert Tie-Breaker Rule",Continue,50,3.587908983230591,1
vasp-data-files/101110011001010001000110/OSZICAR,0,200,0.0,7.0,"rms(c) oscillates between 0.3-1.3 with no clear downward macro-trend over 100 steps, indicating stagnation and divergence despite some dE oscillations",Kill,100,11.719762086868286,3
vasp-data-files/110000111000110101111001/OSZICAR,1,69,1.0,8.0,"Clear damped oscillatory convergence: rms(c) shows strong monotonic decrease from 122 to 0.095 over steps 13-50, and final dE values are approaching convergence thresholds despite minor oscillations",Continue,50,4.204085350036621,1
vasp-data-files/101001000101010010111000/OSZICAR,1,83,1.0,8.0,"Clear damped oscillatory convergence with rms(c) showing strong monotonic decrease from 1.21E+01 to 1.63E-01 over steps 12-50, despite some dE oscillations",Continue,50,4.510778188705444,1
vasp-data-files/100001111111000011011111/OSZICAR,1,69,1.0,7.0,"Despite dE oscillations, rms(c) shows clear monotonic downward trend from 1.23E+02 to 1.10E-01 over steps 12-50, following Expert Tie-Breaker Rule",Continue,50,3.903069257736206,1
vasp-data-files/101101000000110010100011/OSZICAR,0,200,0.0,8.0,"rms(c) stagnates at 1.35-1.42 with no decreasing trend after step 30, dE remains oscillatory with no convergence",Kill,50,2.656834602355957,1
vasp-data-files/101101011100110011011100/OSZICAR,0,200,0.0,8.0,"rms(c) stagnates at 1.7-1.73 after step 42 showing no decreasing macro-trend, dE remains high with oscillations, indicating divergence per Expert Tie-Breaker Rule",Kill,50,3.894428014755249,1
vasp-data-files/110111001001101100101100/OSZICAR,0,200,0.0,8.0,"rms(c) stagnates at high values (11.6-15.2) with no overall decreasing trend after step 12, and dE shows persistent oscillations without approaching convergence thresholds",Kill,50,3.58666729927063,1
vasp-data-files/111100000100110110100000/OSZICAR,1,126,1.0,7.0,"Despite dE oscillations, rms(c) shows clear macro-trend decreasing from 1.22E+02 to 2.22E-01 over steps 12-50, following Expert Tie-Breaker Rule",Continue,50,4.204038858413696,1
vasp-data-files/111101001100111110100000/OSZICAR,0,200,0.0,7.0,"rms(c) shows no consistent downward trend, oscillating between 0.1-0.6 without sustained improvement, indicating stagnation despite dE oscillations",Kill,75,7.807233810424805,2
vasp-data-files/100011010111000010111111/OSZICAR,1,63,1.0,7.0,"Despite dE oscillations, rms(c) shows clear macro-trend decreasing from 124E+01 to 229E-01 over steps 12-50, following Expert Tie-Breaker Rule for damped oscillatory convergence",Continue,50,4.206962585449219,1
vasp-data-files/110110000111011010110100/OSZICAR,1,75,1.0,7.0,"Despite dE oscillations, rms(c) shows clear macro-trend decreasing from ~125 at step 13 to ~0.3 at step 75, following Expert Tie-Breaker Rule for damped oscillatory convergence",Continue,75,7.805132150650024,2
vasp-data-files/100011110001111111100100/OSZICAR,0,200,0.0,7.0,"rms(c) shows no consistent downward trend, stagnating around 0.5-1.1 after step 60 with persistent high oscillations, indicating divergence despite some dE fluctuations",Kill,100,10.801083087921143,3
vasp-data-files/101010110101110010100110/OSZICAR,1,79,1.0,8.0,"Clear damped oscillatory convergence: rms(c) shows strong monotonic decrease from 1.22E+02 to 1.73E-01 over steps 12-50, following Expert Tie-Breaker Rule despite early dE oscillations",Continue,50,4.202622413635254,1
vasp-data-files/111100110101110000101000/OSZICAR,0,200,0.0,7.0,"rms(c) oscillates between 0.5-1.2E+01 with no clear downward macro-trend, dE remains large and oscillatory, indicating stagnation and divergence",Kill,75,7.808194875717163,2
vasp-data-files/111001110011110001010100/OSZICAR,1,64,0.0,8.0,"rms(c) stagnates at ~0.02 after step 32 showing no further downward trend, combined with persistent dE oscillations indicating divergence",Kill,50,3.2786571979522705,1
vasp-data-files/111111010101110010100010/OSZICAR,1,140,1.0,7.0,"Despite dE oscillations, rms(c) shows clear downward macro-trend from ~100 to ~0.5 over 50 steps, following Expert Tie-Breaker Rule for damped oscillatory convergence",Continue,50,3.8957200050354004,1
vasp-data-files/101010010101111010100100/OSZICAR,1,135,1.0,7.0,"Despite dE oscillations, rms(c) shows clear macro-trend decreasing from 12.2E+00 to 0.732E-01 over steps 13-50, following Expert Tie-Breaker Rule",Continue,50,4.199793815612793,1
vasp-data-files/111111000100011100100000/OSZICAR,1,132,1.0,7.0,"Despite dE oscillations, rms(c) shows clear macro-trend decreasing from 1.23E+02 to 4.59E-01 over steps 13-50, following Expert Tie-Breaker Rule for damped oscillatory convergence",Continue,50,4.5097315311431885,1
vasp-data-files/101001010100111010001000/OSZICAR,1,116,1.0,7.0,"Despite dE oscillations in final steps, rms(c) shows clear macro-trend decreasing from 1.05E+02 to ~1.8E-02 over 40 iterations, following Expert Tie-Breaker Rule",Continue,50,3.895737886428833,1
vasp-data-files/101001001101111000000000/OSZICAR,1,68,1.0,7.0,"Despite persistent dE oscillations, rms(c) shows clear macro-trend decreasing from 1.21E+02 to 2.42E-01 over steps 12-50, following Expert Tie-Breaker Rule",Continue,50,3.8955745697021484,1
vasp-data-files/101011110100111111010110/OSZICAR,0,200,0.0,8.0,"rms(c) stagnates at 1.17-1.18 in final steps with no downward trend, dE remains oscillatory and fails to decrease below 1E-03, matching divergence pattern",Kill,50,4.201177358627319,1
vasp-data-files/110001111111111010000110/OSZICAR,1,61,1.0,7.0,"Despite dE oscillations, rms(c) shows clear macro-trend decreasing from 1.06E+02 to 4.64E-02 over 39 steps, following Expert Tie-Breaker Rule for damped oscillatory convergence",Continue,50,3.8947064876556396,1
vasp-data-files/101001111100101011011111/OSZICAR,1,132,1.0,7.0,"Despite dE oscillations, rms(c) shows clear macro-trend decreasing from 128E+01 to 421E-01 over steps 13-50, following Expert Tie-Breaker Rule",Continue,50,4.201305389404297,1
vasp-data-files/100000010110101000101101/OSZICAR,1,65,1.0,7.0,"Despite dE oscillations, rms(c) shows clear downward macro-trend from 1.06E+02 to 9.93E-02 over 39 steps, following Expert Tie-Breaker Rule for damped oscillatory convergence",Continue,50,3.893949031829834,1
vasp-data-files/100110101011000101111111/OSZICAR,1,142,0.0,8.0,"rms(c) shows no consistent downward trend, stagnating around 1.0-1.8 after initial drop, with dE remaining large and oscillatory",Kill,50,3.8940253257751465,1
vasp-data-files/100001111000111101011001/OSZICAR,1,165,1.0,7.0,"Despite dE oscillations, rms(c) shows clear downward macro-trend from 10.5 to 0.13 over 40 steps, following Expert Tie-Breaker Rule for damped oscillatory convergence",Continue,50,3.894484043121338,1
vasp-data-files/100111000000111100101001/OSZICAR,1,93,1.0,7.0,"Despite dE oscillations, rms(c) shows clear downward macro-trend from 1.05E+02 to 2.85E-01 over 39 steps, following Expert Tie-Breaker Rule",Continue,50,3.896387815475464,1
vasp-data-files/101010010111101011110111/OSZICAR,1,72,1.0,7.0,"Despite dE oscillations in later steps, rms(c) shows clear monotonic downward trend from 1.25E+02 to 2.37E-01 over 38 steps, following Expert Tie-Breaker Rule",Continue,50,3.895374059677124,1
vasp-data-files/110001010101000001010111/OSZICAR,1,123,1.0,7.0,"Strong damped oscillatory convergence: rms(c) shows clear macro-trend decreasing from ~20 to ~0.4 over steps 23-75, following Expert Tie-Breaker Rule despite dE oscillations",Continue,75,7.502089977264404,2
vasp-data-files/100001110110011010010111/OSZICAR,1,64,1.0,7.0,"Despite dE oscillations, rms(c) shows clear macro-trend decreasing from 1.05E+01 to 7.11E-02 over steps 22-50, following Expert Tie-Breaker Rule for damped oscillatory convergence",Continue,50,4.199243068695068,1
vasp-data-files/110110001001000111111001/OSZICAR,1,74,1.0,7.0,"Despite dE oscillations, rms(c) shows clear macro-trend decreasing from 1.22E+02 to 1.24E-01 over 50 steps, following Expert Tie-Breaker Rule",Continue,50,3.589148998260498,1
vasp-data-files/111110111011100101101101/OSZICAR,0,200,0.0,8.0,"rms(c) shows no decreasing macro-trend, stagnating around 2.0E+01 with persistent high oscillations, indicating divergence according to Expert Tie-Breaker Rule",Kill,50,3.893970489501953,1
vasp-data-files/111100111100111111010001/OSZICAR,1,69,1.0,8.0,"Clear damped oscillatory convergence: rms(c) shows strong monotonic decrease from 127E+01 to 410E-02 over steps 13-50, following expert tie-breaker rule despite early dE oscillations",Continue,50,4.511820554733276,1
vasp-data-files/111101001101010100100000/OSZICAR,1,136,0.0,7.0,"rms(c) stagnates around 0.2-0.29 after step 32 with no clear downward trend, and dE shows persistent oscillations without reaching convergence thresholds",Kill,50,3.2793359756469727,1
vasp-data-files/111101011101111000001110/OSZICAR,0,200,0.0,7.0,"rms(c) shows no consistent downward trend, oscillating between 0.1-0.5 without meaningful reduction over last 50 steps, indicating stagnation and divergence",Kill,100,11.10794472694397,3
vasp-data-files/110001011111111010000110/OSZICAR,1,75,1.0,8.0,"Clear damped oscillatory convergence: dE shows oscillations but decreasing magnitude, and rms(c) exhibits strong consistent downward trend from 1.06E+02 to 8.24E-02 over 38 steps",Continue,50,3.893470287322998,1
vasp-data-files/101101000011001011000001/OSZICAR,0,200,0.0,7.0,"rms(c) shows no clear downward trend, stagnating around 0.6-0.8 after initial drop, with dE remaining too high for convergence",Kill,50,5.12290096282959,1
vasp-data-files/101001011110101011010111/OSZICAR,1,64,1.0,8.0,"Clear damped oscillatory convergence: dE shows oscillatory but decreasing magnitude, and rms(c) exhibits strong consistent downward trend from 125E+01 to 316E-02 over steps 13-50",Continue,50,3.892268657684326,1
vasp-data-files/111010110010100111010001/OSZICAR,1,111,1.0,7.0,"Despite dE oscillations, rms(c) shows clear macro-trend decreasing from 1.06E+01 to 1.79E-01 over steps 22-50, following Expert Tie-Breaker Rule",Continue,50,3.5888471603393555,1
vasp-data-files/100111100010000011111111/OSZICAR,0,200,0.0,8.0,"rms(c) stagnates around 20-25 with no clear downward trend despite dE oscillations, indicating divergence per Expert Tie-Breaker Rule",Kill,50,3.5847294330596924,1
vasp-data-files/111110001011110110101000/OSZICAR,1,79,1.0,7.0,"Despite dE oscillations, rms(c) shows clear macro-trend decreasing from 125E+00 to 0.552E-01 over steps 12-50, following Expert Tie-Breaker Rule for damped oscillatory convergence",Continue,50,4.213669061660767,1
vasp-data-files/110000010011000011011001/OSZICAR,0,200,0.0,7.0,"rms(c) shows no consistent downward trend after step 33, stagnating around 0.07-0.15 with no further improvement, indicating divergence despite some dE oscillations",Kill,50,3.269099473953247,1
vasp-data-files/111011111001110010110010/OSZICAR,1,90,1.0,7.0,"Despite dE oscillations in later steps, rms(c) shows clear macro-trend decreasing from 1.06E+02 to 6.86E-01 over 50 steps, following Expert Tie-Breaker Rule",Continue,50,4.508135557174683,1
vasp-data-files/111110001100111010100000/OSZICAR,1,182,1.0,7.0,"Despite dE oscillations, rms(c) shows clear downward macro-trend from 1.22E+02 to 2.50E-01 over steps 13-50, following Expert Tie-Breaker Rule",Continue,50,4.0971057415008545,1
vasp-data-files/100100101010000001111111/OSZICAR,1,68,1.0,8.0,"Clear downward macro-trend in rms(c) from 1.21E+02 to 6.78E-02 over 38 steps, with dE oscillations showing damping pattern consistent with convergence",Continue,50,4.003315448760986,1
vasp-data-files/100110111101011101000100/OSZICAR,0,200,1.0,7.0,"Despite dE oscillations, rms(c) shows clear downward macro-trend from ~100 to ~0.13 over 50 steps, following Expert Tie-Breaker Rule for damped oscillatory convergence",Continue,50,3.5802016258239746,1
vasp-data-files/100001110110111001000111/OSZICAR,1,64,1.0,8.0,"Clear damped oscillatory convergence: rms(c) shows strong monotonic decrease from 1.05E+02 to 4.55E-02 over steps 12-50, following Expert Tie-Breaker Rule despite some dE oscillations",Continue,50,4.198954105377197,1
vasp-data-files/101101000101110010100000/OSZICAR,1,63,1.0,8.0,"Clear damped oscillatory convergence: dE shows oscillatory but decreasing trend, and rms(c) exhibits strong monotonic decrease from 120 to 0.0245 with clear downward macro-trend throughout",Continue,50,3.279914140701294,1
vasp-data-files/101000010101111010100100/OSZICAR,0,200,0.0,8.0,"rms(c) shows no consistent downward trend, stagnating around 2.6-3.7 with no macro-decrease, while dE remains large and oscillatory",Kill,50,3.8952221870422363,1
vasp-data-files/111101000101011010111110/OSZICAR,1,73,1.0,7.0,"Despite dE oscillations, rms(c) shows clear macro-trend decreasing from 1.24E+02 to 2.08E-01 over 50 steps, following Expert Tie-Breaker Rule",Continue,50,2.974001407623291,1
vasp-data-files/101011110100111110100000/OSZICAR,1,61,1.0,8.0,"Clear damped oscillatory convergence with rms(c) showing strong monotonic decrease from 1.05E+01 to 2.41E-02 over 39 steps, following Expert Tie-Breaker Rule despite dE oscillations",Continue,50,3.8916778564453125,1
vasp-data-files/110010111011110000101100/OSZICAR,0,200,1.0,8.0,"Clear damped oscillatory convergence: dE shows oscillatory but decreasing magnitude, and rms(c) exhibits strong monotonic decrease from 127 to 0.264 over the course of the calculation",Continue,50,3.9010305404663086,1
vasp-data-files/101001110100110011000011/OSZICAR,0,200,0.0,7.0,"rms(c) oscillates between 0.25-0.62 in final 30 steps with no clear downward macro-trend, indicating stagnation and eventual divergence despite some dE fluctuations",Kill,100,10.179593086242676,3
vasp-data-files/100101100101010001010011/OSZICAR,1,131,1.0,7.0,"Despite dE oscillations, rms(c) shows clear macro-trend decreasing from 1.05E+02 to 7.07E-01 over 40 steps, following Expert Tie-Breaker Rule for damped oscillatory convergence",Continue,50,4.203142404556274,1
vasp-data-files/111111111011011111101000/OSZICAR,0,200,0.0,8.0,"rms(c) stagnates around 25-26 after initial improvement and shows no clear downward macro-trend in later steps (stuck at 17-26 range), indicating divergence despite some dE oscillations",Kill,50,3.898817777633667,1
vasp-data-files/111111100001000100110110/OSZICAR,1,58,1.0,8.0,"Clear damped oscillatory convergence: dE shows oscillations but consistently decreases in magnitude from ~1E+03 to ~3E-04, and rms(c) shows strong monotonic decrease from 1.06E+02 to 1.50E-02 with clear downward trend throughout",Continue,50,4.8111419677734375,1
vasp-data-files/110010101110011101000111/OSZICAR,1,57,1.0,7.0,"Despite dE oscillations, rms(c) shows clear macro-trend decreasing from 1.06E+02 to 2.75E-02 over 39 steps, following Expert Tie-Breaker Rule for damped oscillatory convergence",Continue,50,4.198643445968628,1
vasp-data-files/101011001110010111111001/OSZICAR,0,200,0.0,7.0,"rms(c) stagnates around 0.10 from step 73-75 with no clear downward trend, dE remains oscillatory, matching stagnation phenotype",Kill,75,6.989160776138306,2
vasp-data-files/111100001101110101100000/OSZICAR,1,86,1.0,7.0,"Despite dE oscillations, rms(c) shows clear macro-trend decreasing from ~100 to ~0.04 over 75 steps, following Expert Tie-Breaker Rule for damped oscillatory convergence",Continue,75,7.094323396682739,2
vasp-data-files/101001010101101101010011/OSZICAR,1,115,1.0,7.0,"Despite dE oscillations, rms(c) shows clear macro-trend decreasing from 122E+02 to 225E+00 over 50 steps, following Expert Tie-Breaker Rule for damped oscillatory convergence",Continue,50,3.5877554416656494,1
vasp-data-files/111010001101100111110111/OSZICAR,1,61,1.0,7.0,"Despite early oscillations in dE, rms(c) shows clear macro-trend decreasing from 125 to 0.0966 over steps 13-50, following Expert Tie-Breaker Rule for damped oscillatory convergence",Continue,50,4.512731075286865,1
vasp-data-files/100001111101001111010001/OSZICAR,1,68,1.0,7.0,"Clear damped oscillatory convergence: rms(c) shows strong monotonic decrease from 1.05E+02 to 5.43E-02 over 39 steps, following Expert Tie-Breaker Rule despite dE oscillations",Continue,50,3.8898959159851074,1
vasp-data-files/111100000000000000111010/OSZICAR,1,93,1.0,7.0,"Despite dE oscillations in final steps, rms(c) shows clear macro-trend decreasing from 1.2E+01 to 5.42E-01 over steps 12-50, following Expert Tie-Breaker Rule for damped oscillatory convergence",Continue,50,4.1993279457092285,1
vasp-data-files/111100000001011100110001/OSZICAR,0,200,0.0,8.0,"rms(c) shows no decreasing trend, stagnating around 3.1-3.2 after initial fluctuations, indicating divergence according to Expert Tie-Breaker Rule",Kill,50,8.508238077163696,1
vasp-data-files/110110100001001100111100/OSZICAR,1,69,1.0,7.0,"Despite dE oscillations, rms(c) shows clear macro-trend decreasing from 1.06E+02 to 6.83E-02 over 38 steps, following Expert Tie-Breaker Rule for damped oscillatory convergence",Continue,50,4.400263071060181,1
vasp-data-files/101110010100111001000100/OSZICAR,1,81,1.0,8.0,"Clear damped oscillatory convergence: dE shows noisy but decreasing oscillations while rms(c) exhibits strong monotonic decrease from 124E+01 to 0.204E-01, following the Expert's Tie-Breaker Rule",Continue,50,3.9953529834747314,1
vasp-data-files/111101000101010010110000/OSZICAR,0,200,1.0,7.0,"Despite significant dE oscillations, rms(c) shows clear macro-trend decreasing from 120E+01 to 0.176E+00 over steps 12-50, following Expert Tie-Breaker Rule for damped oscillatory convergence",Continue,50,4.50943660736084,1
vasp-data-files/101100001101110001100001/OSZICAR,1,117,1.0,7.0,"Despite persistent dE oscillations, rms(c) shows clear macro-trend decreasing from 122E+01 to 8.41E-01 over 60+ steps, following Expert Tie-Breaker Rule",Continue,75,8.116265773773193,2
vasp-data-files/100100001000110000100001/OSZICAR,1,81,1.0,7.0,"Despite dE oscillations, rms(c) shows clear downward macro-trend from 123E+01 to 497E-01 over steps 12-50, following Expert Tie-Breaker Rule for damped oscillatory convergence",Continue,50,3.279423236846924,1
vasp-data-files/111101011101111001001000/OSZICAR,1,167,0.0,8.0,"rms(c) shows no overall decreasing trend, stagnating around 9-10 after initial drop from 124, indicating divergence according to Expert Tie-Breaker Rule",Kill,50,3.5840201377868652,1
vasp-data-files/111110000100011100100000/OSZICAR,1,72,1.0,7.0,"Despite dE oscillations in later steps, rms(c) shows clear macro-trend decreasing from 122E+01 to 230E-01 over steps 12-50, following Expert Tie-Breaker Rule for damped oscillatory convergence",Continue,50,4.202846050262451,1
vasp-data-files/101000010001100011101011/OSZICAR,1,102,1.0,7.0,"Despite dE oscillations in final steps, rms(c) shows clear macro-trend decreasing from 1.24E+02 to 3.89E-01 with overall damping pattern, indicating eventual convergence per Expert Tie-Breaker Rule",Continue,50,3.894792318344116,1
vasp-data-files/100010111010001101011111/OSZICAR,1,145,0.0,8.0,"rms(c) stagnates at high values (21-25) with no overall decreasing trend despite dE oscillations, indicating divergence per Expert Tie-Breaker Rule",Kill,50,3.890812397003174,1
vasp-data-files/111111001101000000100100/OSZICAR,1,70,1.0,7.0,"Despite dE oscillations, rms(c) shows clear macro-trend decreasing from 1.05E+02 to 1.41E-01 over 50 steps, following Expert Tie-Breaker Rule",Continue,50,4.200093984603882,1
vasp-data-files/111101000101011010110110/OSZICAR,1,66,1.0,7.0,"Clear damped oscillatory convergence with rms(c) showing strong downward macro-trend from 1.24E+02 to 6.01E-02 despite some dE oscillations, following Expert Tie-Breaker Rule",Continue,50,4.5075318813323975,1
vasp-data-files/110100001111000001011111/OSZICAR,1,82,1.0,7.0,"Despite dE oscillations, rms(c) shows clear macro-trend decreasing from 1.05E+02 to 2.81E-01 over steps 12-50, following Expert Tie-Breaker Rule",Continue,50,4.508660078048706,1
vasp-data-files/101000010100011110100010/OSZICAR,1,95,1.0,7.0,"Despite dE oscillations in later steps, rms(c) shows clear macro-trend decreasing from 1.24E+02 to 6.10E-02 over steps 13-50, following Expert Tie-Breaker Rule",Continue,50,4.505757570266724,1
vasp-data-files/101100000001011100100000/OSZICAR,0,200,0.0,8.0,"rms(c) shows no consistent downward trend, stagnating around 1.5-1.8 after initial improvement, with dE remaining large and oscillatory",Kill,50,9.119853973388672,1
vasp-data-files/100000111101000011011111/OSZICAR,1,149,1.0,7.0,"Despite persistent dE oscillations, rms(c) shows clear macro-trend decreasing from ~1.0E+01 to ~7.4E-02 over 100 steps, following Expert Tie-Breaker Rule for damped oscillatory convergence",Continue,100,10.183982372283936,3
vasp-data-files/110110001111000001111111/OSZICAR,1,67,,,评估到 75 步时，实际步数仅为 67，数据不足。,Insufficient_Steps,67,3.8933873176574707,1
vasp-data-files/111110000111011010110110/OSZICAR,0,200,0.0,7.0,"rms(c) shows no consistent downward trend, oscillating between 6-12 with stagnation in final steps around 9.6, indicating divergence despite some dE oscillations",Kill,50,3.5125372409820557,1
vasp-data-files/101101000011100011101011/OSZICAR,0,200,0.0,7.0,"rms(c) stagnates at 1.7-1.8 after step 58 showing no decreasing macro-trend despite dE oscillations, matching divergence pattern",Kill,75,8.110750198364258,2
vasp-data-files/100010110000111010000100/OSZICAR,1,70,1.0,7.0,"Despite dE oscillations in final steps, rms(c) shows clear macro-trend decreasing from 1.22E+02 to 9.51E-02 over 40 iterations, following Expert Tie-Breaker Rule",Continue,50,4.202493190765381,1
vasp-data-files/100001111101001111010011/OSZICAR,1,114,1.0,7.0,"Despite dE oscillations in final steps, rms(c) shows clear macro-trend decreasing from 1.25E+02 to 2.11E-01 over 38 steps, following Expert Tie-Breaker Rule for damped oscillatory convergence",Continue,50,4.505619287490845,1
vasp-data-files/111110000011000001111111/OSZICAR,1,95,1.0,7.0,"Despite dE oscillations, rms(c) shows clear macro-trend decreasing from 1.06E+02 to 1.43E-01 over 75 steps, following Expert Tie-Breaker Rule",Continue,75,7.503082275390625,2
vasp-data-files/101001100111010000100111/OSZICAR,1,80,1.0,7.0,"Despite dE oscillations in final steps, rms(c) shows clear macro-trend decreasing from 1.06E+02 to 5.34E-01 over 38 steps, following Expert Tie-Breaker Rule",Continue,50,3.278275489807129,1
vasp-data-files/110101110010001101011001/OSZICAR,1,145,0.0,7.0,"rms(c) oscillates between 0.6-0.7 without clear downward trend after step 30, indicating stagnation despite some dE fluctuations",Kill,75,6.887105226516724,2
vasp-data-files/100010010100111100100000/OSZICAR,0,200,0.0,7.0,"rms(c) shows no consistent downward trend, oscillating between 0.2-0.5 without meaningful decrease over last 60 steps, indicating stagnation per Expert Tie-Breaker Rule",Kill,100,16.63672137260437,3
vasp-data-files/110101110010111101011001/OSZICAR,1,94,1.0,7.0,"Despite dE oscillations, rms(c) shows clear macro-trend decreasing from 1.06E+02 to 3.44E-01 over 38 steps, following Expert Tie-Breaker Rule for damped oscillatory convergence",Continue,50,3.8944501876831055,1
vasp-data-files/110110101000010000101100/OSZICAR,1,70,1.0,7.0,"Despite dE oscillations in later steps, rms(c) shows clear macro-trend decreasing from 1.22E+02 to 1.07E-01 over 38 steps, following Expert Tie-Breaker Rule",Continue,50,4.5055787563323975,1
vasp-data-files/101010010100111111100101/OSZICAR,1,77,1.0,7.0,"Despite dE oscillations in final steps, rms(c) shows clear macro-trend decreasing from 1.25E+02 to 9.15E-02 over 38 steps, following Expert Tie-Breaker Rule for damped oscillatory convergence",Continue,50,3.5876474380493164,1
vasp-data-files/110011110011111110010000/OSZICAR,1,68,,,评估到 75 步时，实际步数仅为 68，数据不足。,Insufficient_Steps,68,4.504784345626831,1
vasp-data-files/100110001000010110100000/OSZICAR,1,129,1.0,7.0,"Despite dE oscillations, rms(c) shows clear macro-trend decreasing from 1.05E+02 to 5.67E-01 over steps 12-50, following Expert Tie-Breaker Rule for damped oscillatory convergence",Continue,50,4.734424829483032,1
vasp-data-files/101001110001111010100101/OSZICAR,0,200,0.0,7.0,"rms(c) oscillates between 0.4-1.0 without clear downward trend, dE remains high with persistent oscillations, indicating stagnation per Expert Tie-Breaker Rule",Kill,75,6.888614654541016,2
vasp-data-files/111110001100001000110010/OSZICAR,1,94,1.0,7.0,"Despite dE oscillations, rms(c) shows clear downward macro-trend from 124E+01 to 742E-01 over steps 12-50, following Expert Tie-Breaker Rule for damped oscillatory convergence",Continue,50,4.506559371948242,1
vasp-data-files/101011010101111111100100/OSZICAR,1,61,1.0,8.0,"Clear damped oscillatory convergence: dE oscillates but with decreasing amplitude, and rms(c) shows strong monotonic decrease from 125 to 0.031 over the final 38 steps, following the Expert's Tie-Breaker Rule",Continue,50,4.199279546737671,1
vasp-data-files/111100100000111101100000/OSZICAR,1,66,1.0,8.0,"Clear damped oscillatory convergence: dE shows noisy but decreasing oscillations while rms(c) exhibits strong monotonic decrease from 1.05E+01 to 3.67E-02 over steps 12-50, following the Expert Tie-Breaker Rule",Continue,50,4.821011066436768,1
vasp-data-files/110000111010111001011111/OSZICAR,1,97,1.0,7.0,"Despite dE oscillations in final steps, rms(c) shows clear macro-trend decreasing from 1.24E+02 to 1.26E-01 over 38 steps, following Expert Tie-Breaker Rule",Continue,50,3.5803635120391846,1
vasp-data-files/100001010111111111011001/OSZICAR,1,92,1.0,7.0,"Despite dE oscillations in later steps, rms(c) shows clear macro-trend decreasing from 1.25E+02 to 4.03E-01 over steps 12-50, following Expert Tie-Breaker Rule for damped oscillatory convergence",Continue,50,4.505359888076782,1
vasp-data-files/111100000100110100100000/OSZICAR,1,124,1.0,7.0,"Despite dE oscillations, rms(c) shows clear downward macro-trend from 120E+00 to 112E-01 over steps 13-50, following Expert Tie-Breaker Rule for damped oscillatory convergence",Continue,50,4.505848407745361,1
vasp-data-files/101001100101000010111111/OSZICAR,1,142,0.0,7.0,"rms(c) stagnates at high values (1.5-2.3) after step 60 with no clear downward macro-trend, indicating divergence despite some dE oscillations",Kill,125,15.637292623519897,4
vasp-data-files/100011010011001011110101/OSZICAR,1,55,1.0,8.0,"Clear damped oscillatory convergence with rms(c) showing strong monotonic decrease from 120E+01 to 0.211E-02 over final 35 steps, despite some dE oscillations",Continue,50,4.203227996826172,1
vasp-data-files/111100001101001111000001/OSZICAR,0,200,0.0,7.0,"rms(c) shows no overall decreasing trend, stagnating around 0.4-0.75 after initial drop, indicating divergence per Expert Tie-Breaker Rule",Kill,50,3.2771594524383545,1
vasp-data-files/101110001100010000110011/OSZICAR,1,74,1.0,7.0,"Despite dE oscillations, rms(c) shows clear macro-trend decreasing from 122E+01 to 221E-01 over steps 13-50, following Expert Tie-Breaker Rule for damped oscillatory convergence",Continue,50,3.686241388320923,1
vasp-data-files/100001001111110011011101/OSZICAR,1,68,1.0,7.0,"Despite dE oscillations, rms(c) shows clear downward macro-trend from 1.06E+02 to 2.01E-01 over steps 12-50, following Expert Tie-Breaker Rule for damped oscillatory convergence",Continue,50,5.018786668777466,1
vasp-data-files/101101100101000010111100/OSZICAR,1,171,1.0,7.0,"Despite dE oscillations, rms(c) shows clear macro-trend decreasing from 121E+01 to 629E-01 over steps 12-50, following Expert Tie-Breaker Rule for damped oscillatory convergence",Continue,50,3.894258737564087,1
vasp-data-files/101101000001110010100001/OSZICAR,0,200,0.0,7.0,"rms(c) shows no clear downward trend, oscillating between 0.59-0.84 in final steps with no overall decrease, indicating stagnation and divergence according to Expert Tie-Breaker Rule",Kill,50,3.5845792293548584,1
vasp-data-files/101001010101111110100100/OSZICAR,1,79,0.0,7.0,"rms(c) shows no clear downward macro-trend, stagnating around 0.2-0.6 after initial improvement, with dE remaining too high and oscillatory",Kill,50,4.505526065826416,1
vasp-data-files/101100000000111110000000/OSZICAR,1,106,1.0,7.0,"Despite dE oscillations in final steps, rms(c) shows clear macro-trend decreasing from 1.39E+01 at step 35 to 2.60E-01 at step 75, following Expert Tie-Breaker Rule",Continue,75,7.808664560317993,2
vasp-data-files/100010110010110001101101/OSZICAR,1,55,1.0,8.0,"Clear damped oscillatory convergence: dE shows oscillatory but decreasing behavior while rms(c) exhibits strong monotonic decrease from 121 to 0.161E-02, following the Expert's Tie-Breaker Rule",Continue,50,3.940279960632324,1
vasp-data-files/100100100110110101111001/OSZICAR,0,200,1.0,7.0,"Despite dE oscillations, rms(c) shows clear macro-trend decreasing from 1.06E+02 to 4.38E-01 over steps 12-50, following Expert Tie-Breaker Rule for damped oscillatory convergence",Continue,50,4.45928168296814,1
vasp-data-files/110001111011110001001111/OSZICAR,1,72,1.0,8.0,"Clear damped oscillatory convergence: rms(c) shows strong monotonic decrease from 125 to 0.105, following Expert Tie-Breaker Rule despite early dE oscillations",Continue,50,3.8969690799713135,1
vasp-data-files/111011110101110000100010/OSZICAR,1,75,1.0,8.0,"Clear damped oscillatory convergence: dE shows decreasing oscillations while rms(c) exhibits strong monotonic decrease from 122 to 0.243 over final steps, following Expert Tie-Breaker Rule",Continue,50,4.19720721244812,1
vasp-data-files/110100110011001101111001/OSZICAR,1,136,0.0,7.0,"rms(c) stagnates at ~0.10 after step 30 showing no decreasing trend, dE oscillates without reaching convergence threshold, consistent with divergence pattern",Kill,50,3.5869133472442627,1
vasp-data-files/101101111110111111010001/OSZICAR,0,200,0.0,8.0,"rms(c) stagnates around 0.19-0.20 after step 42 showing no overall downward trend despite some dE fluctuations, indicating divergence according to Expert Tie-Breaker Rule",Kill,50,3.480595588684082,1
vasp-data-files/111011011011011101101001/OSZICAR,1,68,1.0,7.0,"Despite initial dE oscillations, rms(c) shows clear macro-trend decreasing from 123E+01 to 188E-01 over steps 13-50, following Expert Tie-Breaker Rule for damped oscillatory convergence",Continue,50,4.304831504821777,1
vasp-data-files/101111000000111110100000/OSZICAR,1,76,1.0,7.0,"Despite dE oscillations, rms(c) shows clear macro-trend decreasing from 124E+01 to 350E-01 over steps 12-50, following Expert Tie-Breaker Rule for damped oscillatory convergence",Continue,50,3.891847848892212,1
vasp-data-files/111110001101100011110111/OSZICAR,1,60,1.0,8.0,"Clear damped oscillatory convergence: rms(c) shows strong monotonic decrease from 124E+01 to 294E-02 over 38 steps, following Expert Tie-Breaker Rule despite early dE oscillations",Continue,50,3.2812376022338867,1
vasp-data-files/101011110001111111100100/OSZICAR,1,196,0.0,7.0,"rms(c) shows no consistent downward trend, stagnating around 9-11 after initial improvement, with dE remaining high and oscillating",Kill,50,2.9678380489349365,1
vasp-data-files/110110101010000001111000/OSZICAR,1,156,1.0,7.0,"Despite dE oscillations, rms(c) shows clear macro-trend decreasing from 1.05E+02 to 1.35E-01 over 50 steps, following Expert Tie-Breaker Rule for damped oscillatory convergence",Continue,50,3.588937997817993,1
vasp-data-files/101001001100111111000101/OSZICAR,1,65,1.0,8.0,"Clear damped oscillatory convergence: rms(c) shows strong monotonic decrease from 1.22E+02 to 5.61E-02 over final 38 steps, following Expert Tie-Breaker Rule despite dE oscillations",Continue,50,3.8909761905670166,1
vasp-data-files/111011010110111110100000/OSZICAR,1,79,1.0,7.0,"Despite dE oscillations, rms(c) shows clear macro-trend decreasing from 1.06E+02 to 3.45E-01 over 39 steps, following Expert Tie-Breaker Rule for damped oscillatory convergence",Continue,50,4.206167697906494,1
vasp-data-files/111110000001000000111110/OSZICAR,0,200,0.0,7.0,"rms(c) shows no consistent downward trend, stagnating around 1.1-1.4 in final steps with persistent high oscillations, indicating divergence per Expert Tie-Breaker Rule",Kill,100,10.793288230895996,3
vasp-data-files/101100000100111110000001/OSZICAR,0,200,0.0,8.0,"rms(c) stagnates around 1.0E+01 with no clear downward trend after step 32, and dE shows persistent large oscillations, indicating divergence according to Expert Tie-Breaker Rule",Kill,50,4.505824327468872,1
vasp-data-files/110010111011000101111111/OSZICAR,1,131,1.0,7.0,"Despite dE oscillations, rms(c) shows clear downward macro-trend from 126E+02 to 152E+00 over steps 12-50, following Expert Tie-Breaker Rule for damped oscillatory convergence",Continue,50,3.8914284706115723,1
vasp-data-files/101001010100111010100000/OSZICAR,1,122,1.0,7.0,"Despite dE oscillations, rms(c) shows clear macro-trend decreasing from 124E+01 to 888E-01 over steps 12-50, following Expert Tie-Breaker Rule for damped oscillatory convergence",Continue,50,4.1982810497283936,1
vasp-data-files/110110101000001010101101/OSZICAR,1,83,1.0,8.0,"Clear damped oscillatory convergence with rms(c) showing strong monotonic decrease from 1.23E+02 to 1.68E-01 over final 38 steps, following Expert Tie-Breaker Rule despite some dE noise",Continue,50,3.892805337905884,1
vasp-data-files/100011111100011010011110/OSZICAR,1,109,1.0,7.0,"Despite persistent dE oscillations, rms(c) shows clear macro-trend decreasing from ~126 at step 13 to ~0.083 at step 100, following the Expert Tie-Breaker Rule for damped oscillatory convergence",Continue,100,11.106978178024292,3
vasp-data-files/110110100100000100110100/OSZICAR,1,110,1.0,7.0,"Despite significant dE oscillations, rms(c) shows clear macro-trend decreasing from 121E+01 at step 13 to 112E-01 at step 50, following Expert Tie-Breaker Rule",Continue,50,4.19736909866333,1
vasp-data-files/100101011101111011000011/OSZICAR,0,200,0.0,8.0,"rms(c) stagnates at 1.6-1.9 with no decreasing trend after step 37, and dE shows persistent large oscillations, indicating divergence according to Expert Tie-Breaker Rule",Kill,50,3.899308204650879,1
vasp-data-files/101100000100011110111110/OSZICAR,1,71,1.0,7.0,"Despite dE oscillations, rms(c) shows clear monotonic downward trend from 1.21E+02 to 3.53E-01 over steps 13-50, following Expert Tie-Breaker Rule",Continue,50,3.8915908336639404,1
vasp-data-files/100011011111000010111111/OSZICAR,0,200,0.0,8.0,"rms(c) stagnates at 0.9-1.1 with no clear downward trend after step 39, and dE remains oscillatory, indicating divergence according to Expert Tie-Breaker Rule",Kill,50,3.580350637435913,1
vasp-data-files/100101011100111011000011/OSZICAR,1,63,1.0,8.0,"Clear damped oscillatory convergence with rms(c) showing strong monotonic decrease from 1.06E+02 to 4.12E-02 over steps 12-50, following Expert Tie-Breaker Rule despite dE oscillations",Continue,50,3.8917551040649414,1
vasp-data-files/100001111100111101010011/OSZICAR,0,200,0.0,7.0,"rms(c) stagnates around 0.6-0.75 after step 35 with no clear downward trend, and dE continues to show significant oscillations without approaching convergence thresholds",Kill,50,3.5909063816070557,1
vasp-data-files/111101110111100111101010/OSZICAR,1,58,1.0,7.0,"Despite dE oscillations in final steps, rms(c) shows clear monotonic downward trend from 1.27E+01 to 5.16E-02 over steps 13-50, following Expert Tie-Breaker Rule",Continue,50,3.8860080242156982,1
vasp-data-files/101000010001110011111101/OSZICAR,1,95,1.0,7.0,"Despite dE oscillations, rms(c) shows clear macro-trend decreasing from 1.05E+02 to 2.17E-01 over 39 steps, following Expert Tie-Breaker Rule",Continue,50,3.074819564819336,1
vasp-data-files/111011010101111110100000/OSZICAR,1,79,1.0,7.0,"Despite early oscillations in dE, rms(c) shows clear macro-trend decreasing from 123E+01 to 343E-01 over steps 13-50, following Expert Tie-Breaker Rule for damped oscillatory convergence",Continue,50,4.617390155792236,1
vasp-data-files/101001001111010011011111/OSZICAR,1,192,1.0,7.0,"Despite dE oscillations in final steps, rms(c) shows clear macro-trend decreasing from 1.22E+02 to 3.01E-01 over steps 12-50, following Expert Tie-Breaker Rule",Continue,50,3.9862170219421387,1
vasp-data-files/100001010111011100010001/OSZICAR,0,200,1.0,7.0,"Despite dE oscillations in final steps, rms(c) shows clear macro-trend decreasing from 1.05E+02 to ~9.0E-02 with damping pattern, following Expert Tie-Breaker Rule",Continue,50,3.8925468921661377,1
vasp-data-files/100001110101000011011111/OSZICAR,0,200,0.0,7.0,"rms(c) shows no consistent downward trend, stagnating around 0.8-1.1 after step 35 with no progress toward convergence thresholds",Kill,50,3.893580675125122,1
vasp-data-files/111101000001001010110010/OSZICAR,1,121,1.0,7.0,"Despite dE oscillations in final steps, rms(c) shows clear macro-trend decreasing from 1.05E+02 to 3.97E-01 over 38 steps, following Expert Tie-Breaker Rule for damped oscillatory convergence",Continue,50,3.5904152393341064,1
vasp-data-files/101111001100010011100010/OSZICAR,1,197,1.0,7.0,"Despite dE oscillations, rms(c) shows clear downward macro-trend from 12.3E+01 to 0.697E-01 over steps 12-50, following Expert Tie-Breaker Rule",Continue,50,4.195635795593262,1
vasp-data-files/111110001100010000100010/OSZICAR,1,181,0.0,7.0,"rms(c) shows no clear downward trend, stagnating around 0.9-1.5 after initial drop, with dE oscillations persisting at high magnitude",Kill,50,2.9689781665802,1
vasp-data-files/101100000001111100100000/OSZICAR,1,126,1.0,7.0,"Despite dE oscillations in later steps, rms(c) shows clear macro-trend decreasing from 1.21E+01 to 2.69E-01 over steps 12-50, following Expert Tie-Breaker Rule",Continue,50,3.5871217250823975,1
vasp-data-files/101011111001110010011110/OSZICAR,0,200,0.0,8.0,"rms(c) shows no consistent downward trend, stagnating around 20-25 after initial fluctuations, indicating divergence according to Expert's Tie-Breaker Rule",Kill,75,6.577033519744873,2
vasp-data-files/110101111011111111111010/OSZICAR,1,91,1.0,7.0,"Despite dE oscillations, rms(c) shows clear macro-trend decreasing from 128E+01 to 7.16E-01 over steps 13-50, following Expert Tie-Breaker Rule for damped oscillatory convergence",Continue,50,4.510252237319946,1
vasp-data-files/111110000010111100110000/OSZICAR,1,72,1.0,7.0,"Despite dE oscillations, rms(c) shows clear macro-trend decreasing from 1.21E+02 to 6.56E-01 over steps 12-50, following Expert Tie-Breaker Rule for damped oscillatory convergence",Continue,50,3.580307960510254,1
vasp-data-files/111110001100010010111110/OSZICAR,0,200,0.0,8.0,"rms(c) shows no consistent downward trend, stagnating around 1.0-1.3 with oscillations, indicating divergence according to Expert Tie-Breaker Rule",Kill,50,3.2765908241271973,1
vasp-data-files/100100011110001111000110/OSZICAR,1,82,1.0,7.0,"Despite dE oscillations in later steps, rms(c) shows clear macro-trend decreasing from 1.22E+01 to 2.95E-01 over steps 13-50, following Expert Tie-Breaker Rule",Continue,50,4.50588583946228,1
vasp-data-files/101111000100011100100100/OSZICAR,1,175,1.0,7.0,"Despite dE oscillations in later steps, rms(c) shows clear macro-trend decreasing from 1.05E+02 to 3.97E-01 over 40 iterations, following Expert Tie-Breaker Rule for damped oscillatory convergence",Continue,50,3.5836570262908936,1
vasp-data-files/100011111111000011011111/OSZICAR,1,64,1.0,8.0,"Despite dE oscillations, rms(c) shows clear monotonic downward trend from 1.05E+02 to 3.07E-02 over 39 steps, following Expert Tie-Breaker Rule for damped oscillatory convergence",Continue,50,10.03784441947937,1
vasp-data-files/111110000101110010101000/OSZICAR,1,53,1.0,8.0,"Clear damped oscillatory convergence: rms(c) shows strong monotonic decrease from 1.22E+02 to 1.31E-02 over 38 steps, following Expert Tie-Breaker Rule despite some dE oscillations in later steps",Continue,50,4.504591226577759,1
vasp-data-files/110100001001000011011111/OSZICAR,1,64,1.0,8.0,"Clear damped oscillatory convergence: dE shows oscillations but consistently decreases in magnitude from ~1E+03 to ~1E-03, and rms(c) shows strong monotonic decrease from 1.05E+02 to 3.13E-02 following Expert Tie-Breaker Rule",Continue,50,4.813267946243286,1
vasp-data-files/111100000111000001010110/OSZICAR,1,164,0.0,8.0,"rms(c) shows no consistent downward trend, stagnating around 1.5-2.5 with final increase to 1.84, while dE exhibits large persistent oscillations indicating divergence",Kill,50,3.278496503829956,1
vasp-data-files/111111000101110010100100/OSZICAR,1,71,1.0,7.0,"Despite dE oscillations, rms(c) shows clear macro-trend decreasing from 1.05E+02 to 1.69E-01 over 39 steps, following Expert Tie-Breaker Rule",Continue,50,3.5853347778320312,1
vasp-data-files/110010010011000000101000/OSZICAR,1,90,1.0,7.0,"Despite dE oscillations in final steps, rms(c) shows clear macro-decreasing trend from 1.06E+02 to 1.71E-01 over 40 iterations, following Expert Tie-Breaker Rule",Continue,50,4.505346059799194,1
vasp-data-files/101101001100111000001000/OSZICAR,1,103,1.0,7.0,"Despite dE oscillations in final steps, rms(c) shows clear macro-trend decreasing from 1.22E+02 to 2.61E-01 over 38 steps, following Expert Tie-Breaker Rule",Continue,50,3.893308639526367,1
vasp-data-files/101011110101101011011111/OSZICAR,0,200,0.0,7.0,"rms(c) shows no clear downward macro-trend, stagnating around 8-12 after initial improvement, with dE remaining too high for convergence",Kill,50,3.893157958984375,1
vasp-data-files/110111000111000011111111/OSZICAR,1,72,1.0,8.0,"Despite dE oscillations in later steps, rms(c) shows clear monotonic downward trend from 1.22E+02 to 1.03E-01 over steps 12-50, following Expert Tie-Breaker Rule",Continue,50,3.9748871326446533,1
vasp-data-files/101100000001101111000001/OSZICAR,1,82,1.0,7.0,"Despite dE oscillations, rms(c) shows clear macro-trend decreasing from 123E+02 to 0.619E-01 over 50 steps, following Expert Tie-Breaker Rule",Continue,50,3.1949574947357178,1
vasp-data-files/111110100000001100110001/OSZICAR,0,200,0.0,7.0,"rms(c) stagnates around 0.5-0.7 after step 35 with no clear downward macro-trend, and dE shows persistent large oscillations, indicating divergence according to Expert Tie-Breaker Rule",Kill,50,4.198249101638794,1
vasp-data-files/100111100010001100011001/OSZICAR,1,130,0.0,7.0,"rms(c) stagnates around 0.17-0.19 in final 10 steps with no clear downward trend, and dE shows persistent oscillations without reaching convergence thresholds",Kill,50,3.68705153465271,1
vasp-data-files/111110000100000000111110/OSZICAR,1,110,1.0,7.0,"Despite dE oscillations in final steps, rms(c) shows clear macro-trend decreasing from 1.05E+02 to 3.51E-01 over 39 steps, following Expert Tie-Breaker Rule for damped oscillatory convergence",Continue,50,5.016492128372192,1
vasp-data-files/110000011001000011111010/OSZICAR,1,165,1.0,7.0,"Despite persistent dE oscillations, rms(c) shows clear macro-trend decreasing from ~100 to ~0.2 over 125 steps, following Expert Tie-Breaker Rule for damped oscillatory convergence",Continue,125,15.224424123764038,4
vasp-data-files/101011110001110011110101/OSZICAR,0,200,0.0,7.0,"rms(c) shows no clear downward trend, oscillating between 1.0-1.6 in later steps with stagnation around 1.56, indicating divergence despite some dE oscillations",Kill,75,7.2956743240356445,2
vasp-data-files/111110001111111010110001/OSZICAR,0,200,1.0,7.0,"Despite dE oscillations, rms(c) shows clear macro-trend decreasing from 130E+00 to 133E-01 over steps 12-50, following Expert Tie-Breaker Rule for damped oscillatory convergence",Continue,50,3.891392946243286,1
vasp-data-files/101010110001110000111100/OSZICAR,1,76,1.0,8.0,"Clear damped oscillatory convergence: dE shows noisy but decreasing oscillations while rms(c) exhibits strong monotonic decrease from 122 to 0.0126 over the final 38 steps, following the Expert's Tie-Breaker Rule",Continue,50,3.8921382427215576,1
vasp-data-files/111110000001010100101000/OSZICAR,1,76,1.0,7.0,"Despite dE oscillations, rms(c) shows clear macro-trend decreasing from 1.05E+01 to 1.57E-01 over steps 12-50, following Expert Tie-Breaker Rule for damped oscillatory convergence",Continue,50,3.5890350341796875,1
vasp-data-files/101110000100111110100000/OSZICAR,0,200,0.0,8.0,"rms(c) stagnates at ~1.0 with no decreasing trend after step 30, and dE oscillates without reaching convergence thresholds, indicating divergence according to Expert's Tie-Breaker Rule",Kill,50,3.3486342430114746,1
vasp-data-files/101101000001010000111100/OSZICAR,1,64,1.0,7.0,"Despite dE oscillations, rms(c) shows clear macro-trend decreasing from 121E+01 to 276E-02 over steps 12-50, following Expert Tie-Breaker Rule",Continue,50,3.8159594535827637,1
vasp-data-files/111011010101110000100110/OSZICAR,1,68,1.0,7.0,"Despite dE oscillations in later steps, rms(c) shows clear macro-trend decreasing from 1.22E+01 to 1.94E-01 over steps 12-50, following Expert Tie-Breaker Rule",Continue,50,3.8917062282562256,1
vasp-data-files/111110000001011100100000/OSZICAR,1,65,1.0,7.0,"Despite dE oscillations in final steps, rms(c) shows clear monotonic decrease from 1.05E+01 to 1.22E-01 over steps 12-50, following Expert Tie-Breaker Rule for damped oscillatory convergence",Continue,50,4.509572744369507,1
vasp-data-files/100100101110010010111110/OSZICAR,1,88,1.0,7.0,"Despite dE oscillations in later steps, rms(c) shows clear macro-trend decreasing from 1.05E+02 to 7.30E-02 over 40 iterations, following the Expert Tie-Breaker Rule for damped oscillatory convergence",Continue,50,3.8890347480773926,1
vasp-data-files/110010110010100111010001/OSZICAR,1,111,,,评估到 125 步时，实际步数仅为 111，数据不足。,Insufficient_Steps,111,11.109021425247192,3
vasp-data-files/101011010110110010010100/OSZICAR,0,200,0.0,7.0,"rms(c) stagnates around 0.11-0.13 after step 51 showing no clear downward macro-trend, with dE oscillations persisting at high magnitude",Kill,75,7.110856533050537,2
vasp-data-files/111111000001000000111010/OSZICAR,1,125,1.0,8.0,"Clear damped oscillatory convergence with rms(c) showing strong monotonic decrease from 1.05E+02 to 1.64E-01 over 39 steps, following Expert Tie-Breaker Rule despite some dE oscillations",Continue,50,3.586256265640259,1
vasp-data-files/100011111011011001010111/OSZICAR,1,97,1.0,7.0,"Despite significant dE oscillations, rms(c) shows clear macro-trend decreasing from 12.3 to 0.132 over steps 13-50, following Expert Tie-Breaker Rule for damped oscillatory convergence",Continue,50,4.203555345535278,1
vasp-data-files/111110000100001100101010/OSZICAR,1,53,1.0,8.0,"Clear monotonic decrease in rms(c) from 1.23E+02 to 1.35E-02 over 38 steps, with dE showing consistent downward trend in final steps reaching ~1E-03",Continue,50,3.577666759490967,1
vasp-data-files/101001110111111111000001/OSZICAR,0,200,0.0,8.0,"rms(c) stagnates around 2.1 with no clear downward trend despite dE oscillations, indicating divergence per Expert Tie-Breaker Rule",Kill,50,2.9714319705963135,1
vasp-data-files/111110000101111010100000/OSZICAR,1,60,1.0,7.0,"Despite dE oscillations, rms(c) shows clear monotonic downward trend from 1.22E+02 to 2.47E-02 over 38 steps, following Expert Tie-Breaker Rule",Continue,50,4.196956396102905,1
vasp-data-files/110010111011100011111101/OSZICAR,1,185,1.0,7.0,"Despite dE oscillations in later steps, rms(c) shows clear macro-trend decreasing from 1.26E+02 to 4.61E-01 over steps 12-50, following Expert Tie-Breaker Rule",Continue,50,3.8923661708831787,1
vasp-data-files/101100000101000011101101/OSZICAR,1,129,1.0,7.0,"Despite dE oscillations, rms(c) shows clear macro-trend decreasing from ~12.1 to ~0.08 over steps 12-50, following Expert Tie-Breaker Rule for damped oscillatory convergence",Continue,50,3.590860605239868,1
vasp-data-files/111001010101110110100001/OSZICAR,1,99,1.0,7.0,"Despite dE oscillations in final steps, rms(c) shows clear monotonic decrease from 0.105E+02 to 0.186E-01 over 40 iterations, following Expert Tie-Breaker Rule",Continue,50,4.501375913619995,1
vasp-data-files/101100110010100101111101/OSZICAR,0,200,0.0,8.0,"rms(c) shows no consistent downward trend, stagnating around 1.2-1.8 with oscillations and no clear damping, indicating divergence according to Expert Tie-Breaker Rule",Kill,50,2.9704627990722656,1
vasp-data-files/111110000101000010101110/OSZICAR,1,65,1.0,8.0,"Clear damped oscillatory convergence: dE shows oscillations but rms(c) exhibits strong monotonic decrease from 122 to 0.0616 over steps 12-50, following the Expert Tie-Breaker Rule",Continue,50,3.582343816757202,1
vasp-data-files/100001001101000001011111/OSZICAR,1,75,1.0,7.0,"Despite dE oscillations in later steps, rms(c) shows clear macro-trend decreasing from 1.05E+02 to 2.80E-01 over 40 iterations, following the Expert Tie-Breaker Rule for damped oscillatory convergence",Continue,50,4.186436176300049,1
vasp-data-files/110001111011001101110111/OSZICAR,1,69,1.0,7.0,"Despite dE oscillations, rms(c) shows clear macro-trend decreasing from 1.24E+02 to 2.16E-01 over steps 12-50, following Expert Tie-Breaker Rule",Continue,50,3.902601957321167,1
vasp-data-files/101111100110001111111101/OSZICAR,1,171,0.0,8.0,"rms(c) stagnates at high values (9.4-15.9) with no clear downward trend after step 30, and dE shows persistent large oscillations, indicating divergence according to Expert Tie-Breaker Rule",Kill,50,4.508134126663208,1
vasp-data-files/111110010101100000111000/OSZICAR,1,66,1.0,7.0,"Despite dE oscillations, rms(c) shows clear downward macro-trend from 1.05E+02 to 8.72E-02 over 39 steps, following Expert Tie-Breaker Rule",Continue,50,3.584691047668457,1
vasp-data-files/101000111001111010100100/OSZICAR,1,157,1.0,7.0,"Despite dE oscillations, rms(c) shows clear downward macro-trend from 12.3E+01 to 0.202E+00 over steps 12-50, following Expert Tie-Breaker Rule for damped oscillatory convergence",Continue,50,4.199100494384766,1
vasp-data-files/101111101101011010111100/OSZICAR,1,114,1.0,7.0,"Despite dE oscillations, rms(c) shows clear macro-trend decreasing from 125E+01 to 0.374E-01 over steps 13-50, following Expert Tie-Breaker Rule for damped oscillatory convergence",Continue,50,3.8904366493225098,1
vasp-data-files/100111000111010000100000/OSZICAR,1,85,1.0,7.0,"Despite early oscillations in dE, rms(c) shows clear macro-trend decreasing from 122E+01 to 546E-01 over steps 13-50, following Expert Tie-Breaker Rule for eventual convergence",Continue,50,4.197187423706055,1
vasp-data-files/101010110001111110100100/OSZICAR,1,111,1.0,7.0,"Despite dE oscillations, rms(c) shows clear downward macro-trend from 1.22E+02 to 3.48E-01 over steps 12-50, following Expert Tie-Breaker Rule for damped oscillatory convergence",Continue,50,4.197048902511597,1
vasp-data-files/111110000101011010101000/OSZICAR,1,68,1.0,8.0,"Clear damped oscillatory convergence: rms(c) shows strong monotonic decrease from 1.23E+02 to 1.02E-01 over 38 steps, following Expert Tie-Breaker Rule despite some dE oscillations",Continue,50,4.5064239501953125,1
vasp-data-files/100011111010101011011111/OSZICAR,0,200,0.0,7.0,"rms(c) shows no overall decreasing trend, stagnating around 0.17-0.23 in final steps with no clear downward direction despite dE oscillations",Kill,100,10.187594890594482,3
vasp-data-files/111101001100110010100000/OSZICAR,1,93,1.0,7.0,"Despite dE oscillations in final steps, rms(c) shows clear macro-trend decreasing from 1.05E+01 to 3.24E-01 over steps 12-50, following Expert Tie-Breaker Rule",Continue,50,4.298400163650513,1
vasp-data-files/101111000101010010100000/OSZICAR,1,73,1.0,7.0,"Despite dE oscillations in later steps, rms(c) shows clear macro-trend decreasing from 1.05E+02 to 2.16E-01 over 40 iterations, following Expert Tie-Breaker Rule",Continue,50,4.403522253036499,1
vasp-data-files/100001110101111111010111/OSZICAR,1,82,1.0,7.0,"Despite dE oscillations, rms(c) shows clear macro-trend decreasing from 125E+01 at step 13 to 219E-01 at step 50, following Expert's Tie-Breaker Rule",Continue,50,4.095088005065918,1
vasp-data-files/111110001001000001111110/OSZICAR,1,79,1.0,8.0,"Clear damped oscillatory convergence: rms(c) shows strong monotonic decrease from 123 to 0.0987 over steps 13-50, and dE shows consistent reduction in oscillation magnitude from ~1000 to ~0.015",Continue,50,4.302347660064697,1
vasp-data-files/100101100000111110110101/OSZICAR,1,192,1.0,7.0,"Despite persistent dE oscillations, rms(c) shows clear macro-trend downward from ~1.2E+01 to ~3.7E-01 over 125 steps, following Expert Tie-Breaker Rule for damped oscillatory convergence",Continue,125,16.554789066314697,4
vasp-data-files/101011010101111010100100/OSZICAR,1,67,1.0,8.0,"Clear damped oscillatory convergence: rms(c) shows strong downward macro-trend from 121E+01 to 0.918E-02 over 38 steps, following Expert Tie-Breaker Rule despite dE oscillations",Continue,50,4.506653547286987,1
vasp-data-files/111110000001000000111000/OSZICAR,1,94,1.0,7.0,"Despite dE oscillations in later steps, rms(c) shows clear macro-trend decreasing from 1.23E+02 to 8.65E-01 over steps 12-50, following Expert Tie-Breaker Rule for damped oscillatory convergence",Continue,50,3.5845422744750977,1
vasp-data-files/111110010100011100110010/OSZICAR,0,200,1.0,7.0,"Despite persistent dE oscillations, rms(c) shows clear macro-trend decreasing from 1.15E+01 to 4.53E-01 over steps 12-75, following Expert Tie-Breaker Rule for damped oscillatory convergence",Continue,75,8.109492778778076,2
vasp-data-files/101011110001111110100100/OSZICAR,1,87,1.0,7.0,"Despite dE oscillations, rms(c) shows clear macro-trend decreasing from 122E+01 to 976E-02 over steps 12-50, following Expert Tie-Breaker Rule for damped oscillatory convergence",Continue,50,3.891169548034668,1
vasp-data-files/101011110000111010100101/OSZICAR,0,200,0.0,7.0,"rms(c) shows no consistent downward trend, stagnating around 9-14 after initial improvement, with dE remaining large and oscillatory",Kill,50,2.661162853240967,1
vasp-data-files/110000101000000110101100/OSZICAR,0,200,1.0,7.0,"Despite persistent dE oscillations, rms(c) shows clear macro-trend decreasing from ~100 to ~0.2 over 200 steps, following Expert Tie-Breaker Rule for damped oscillatory convergence",Continue,200,27.383824110031128,7
vasp-data-files/101011100101001010111110/OSZICAR,0,200,0.0,7.0,"rms(c) shows no overall decreasing trend, stagnating around 10-12 after initial improvement, indicating divergence despite some dE oscillation damping",Kill,50,2.964224100112915,1
vasp-data-files/101101000101001111000001/OSZICAR,1,70,,,评估到 75 步时，实际步数仅为 70，数据不足。,Insufficient_Steps,70,3.58345890045166,1
vasp-data-files/110010111010000010101010/OSZICAR,0,200,1.0,7.0,"Despite dE oscillations, rms(c) shows clear downward macro-trend from 1.05E+01 to 8.16E-01 over steps 12-50, following Expert Tie-Breaker Rule for damped oscillatory convergence",Continue,50,4.737533092498779,1
vasp-data-files/111110000001011110100000/OSZICAR,1,113,0.0,7.0,"rms(c) stagnates at ~0.107 after step 39 showing no decreasing trend despite dE oscillations, indicating divergence per Expert Tie-Breaker Rule",Kill,50,3.4769206047058105,1
vasp-data-files/101011010110111110100000/OSZICAR,1,63,1.0,7.0,"Despite dE oscillations, rms(c) shows clear macro-trend decreasing from 1.05E+02 to 4.93E-02 over steps 12-50, following Expert Tie-Breaker Rule for damped oscillatory convergence",Continue,50,4.299203395843506,1
vasp-data-files/100100010110111001001000/OSZICAR,1,130,1.0,7.0,"Despite dE oscillations, rms(c) shows clear macro-trend decreasing from 1.22E+02 to 3.26E-01 over steps 13-50, following Expert Tie-Breaker Rule for damped oscillatory convergence",Continue,50,4.198712110519409,1
vasp-data-files/111110001100001110100010/OSZICAR,1,96,1.0,7.0,"Despite significant dE oscillations, rms(c) shows clear macro-trend decreasing from 124E+01 to 113E-01 over steps 13-50, following Expert Tie-Breaker Rule for damped oscillatory convergence",Continue,50,4.5034143924713135,1
vasp-data-files/101110000101000001101111/OSZICAR,1,142,0.0,7.0,"rms(c) stagnates around 0.45 after step 35 with no clear downward trend, and dE shows persistent oscillations without reaching convergence thresholds",Kill,50,2.9703075885772705,1
vasp-data-files/110010111010110010101000/OSZICAR,1,81,1.0,7.0,"Despite dE oscillations, rms(c) shows clear macro-trend decreasing from 1.24E+02 to 4.11E-01 over steps 12-50, following Expert Tie-Breaker Rule for damped oscillatory convergence",Continue,50,3.584630012512207,1
vasp-data-files/101100000101110010100000/OSZICAR,1,137,1.0,7.0,"Despite dE oscillations, rms(c) shows clear macro-trend decreasing from 1.22E+01 to 3.45E-01 over steps 12-50, following Expert Tie-Breaker Rule",Continue,50,4.196371793746948,1
vasp-data-files/110110000011000100101000/OSZICAR,1,96,1.0,7.0,"Despite dE oscillations, rms(c) shows clear macro-trend decreasing from 1.24E+02 to 2.37E-01 over 50 steps, following Expert Tie-Breaker Rule",Continue,50,3.890925645828247,1
vasp-data-files/111101111011110011111000/OSZICAR,1,194,1.0,7.0,"Despite dE oscillations, rms(c) shows clear downward macro-trend from 125E+00 to 0.778E-01 over steps 13-50, following Expert Tie-Breaker Rule for damped oscillatory convergence",Continue,50,4.196577787399292,1
vasp-data-files/111110000000010000110110/OSZICAR,1,142,1.0,7.0,"Despite dE oscillations in final steps, rms(c) shows clear macro-trend decreasing from 1.05E+02 to 1.61E-01 over 50 steps, following Expert Tie-Breaker Rule",Continue,50,3.8908753395080566,1
vasp-data-files/100001110110111111011001/OSZICAR,0,200,0.0,8.0,"rms(c) stagnates at 14-18 with no decreasing trend after step 12, dE remains high and oscillatory, following divergence pattern from Case Study 3",Kill,50,3.5857131481170654,1
vasp-data-files/110011111010011101101001/OSZICAR,0,200,0.0,7.0,"rms(c) oscillates between 0.2-0.9 with no clear downward macro-trend over 150 steps, showing stagnation rather than convergence",Kill,150,18.62639808654785,5
vasp-data-files/100000110110100011010111/OSZICAR,1,52,1.0,8.0,"Clear damped oscillatory convergence with rms(c) showing strong monotonic decrease from 1.05E+02 to 1.22E-02 over final 38 steps, following Expert Tie-Breaker Rule despite early dE oscillations",Continue,50,4.50524115562439,1
vasp-data-files/101101000101110010001000/OSZICAR,1,99,1.0,7.0,"Despite dE oscillations in final steps, rms(c) shows clear macro-trend decreasing from 1.05E+01 to 6.08E-01 over steps 12-44, following Expert Tie-Breaker Rule for damped oscillatory convergence",Continue,50,3.581312417984009,1
vasp-data-files/101111010101010001101100/OSZICAR,1,74,0.0,7.0,"rms(c) shows no clear downward trend in later steps (oscillates between 0.7E-01 and 0.126E+00 from step 25-50) and dE remains oscillatory, indicating stagnation per Expert Tie-Breaker Rule",Kill,50,5.11968469619751,1
vasp-data-files/110001011011111101111011/OSZICAR,1,114,1.0,7.0,"Despite dE oscillations, rms(c) shows clear macro-trend decreasing from 126E+01 to 920E-01 over steps 13-50, following Expert Tie-Breaker Rule for damped oscillatory convergence",Continue,50,4.504888296127319,1
vasp-data-files/101111000001111110100000/OSZICAR,0,200,0.0,8.0,"rms(c) shows no consistent downward trend, stagnating around 8-13 after initial improvement, with dE remaining too high for convergence",Kill,50,3.586021900177002,1
vasp-data-files/100000110100101101010001/OSZICAR,1,121,1.0,7.0,"Despite dE oscillations in later steps, rms(c) shows clear macro-trend decreasing from 1.21E+02 to 7.50E-01 over steps 13-50, following Expert Tie-Breaker Rule",Continue,50,4.810265302658081,1
vasp-data-files/101101111111110011010001/OSZICAR,1,137,,,评估到 150 步时，实际步数仅为 137，数据不足。,Insufficient_Steps,137,15.329023361206055,4
vasp-data-files/100001111101111011010101/OSZICAR,1,71,1.0,8.0,"Despite dE oscillations, rms(c) shows clear macro-trend decreasing from 1.24E+02 to 1.29E-01 over 38 steps, following Expert Tie-Breaker Rule for damped oscillatory convergence",Continue,50,4.730971574783325,1
vasp-data-files/101100000101110010101100/OSZICAR,1,132,1.0,7.0,"Despite persistent dE oscillations, rms(c) shows clear macro-trend decreasing from ~1.2E+01 to ~3.5E-02 over 125 steps, following the Expert's Tie-Breaker Rule for damped oscillatory convergence",Continue,125,14.60844349861145,4
vasp-data-files/111110000100111010100000/OSZICAR,1,108,0.0,7.0,"rms(c) shows no consistent downward trend after step 33, stagnating around 0.37-0.48 with recent increase to 0.72, indicating divergence despite some dE improvement",Kill,50,3.6872081756591797,1
vasp-data-files/111110010101110000111100/OSZICAR,1,177,1.0,7.0,"Despite dE oscillations, rms(c) shows clear macro-trend decreasing from 128E+00 to 0.235E-01 over steps 13-50, following Expert Tie-Breaker Rule for damped oscillatory convergence",Continue,50,4.505581378936768,1
vasp-data-files/111110000101011010110110/OSZICAR,1,67,1.0,7.0,"Despite dE oscillations, rms(c) shows clear macro-trend decreasing from 126E+01 to 0.695E-02 over steps 13-50, following Expert Tie-Breaker Rule",Continue,50,3.5842020511627197,1
vasp-data-files/100000111100111001000001/OSZICAR,1,101,1.0,7.0,"Despite dE oscillations, rms(c) shows clear macro-trend decreasing from 1.22E+02 to 2.84E-01 over 75 steps, following Expert Tie-Breaker Rule for damped oscillatory convergence",Continue,75,7.189640998840332,2
vasp-data-files/111100000101010100100000/OSZICAR,1,86,1.0,7.0,"Despite dE oscillations in later steps, rms(c) shows clear macro-trend decreasing from 1.23E+02 to 4.48E-01 over steps 13-50, following Expert Tie-Breaker Rule for damped oscillatory convergence",Continue,50,3.888676404953003,1
vasp-data-files/111101011100111111000011/OSZICAR,0,200,0.0,7.0,"rms(c) shows no consistent downward trend, stagnating around 1.0-1.7 after initial drop, with dE remaining large and oscillatory",Kill,50,2.971734046936035,1
vasp-data-files/101000000000001100110001/OSZICAR,1,89,,,评估到 100 步时，实际步数仅为 89，数据不足。,Insufficient_Steps,89,8.108272314071655,2
vasp-data-files/110110000011010100101000/OSZICAR,1,75,1.0,7.0,"Despite dE oscillations in later steps, rms(c) shows clear macro-trend decreasing from 1.05E+02 to 2.09E-01 over 40 iterations, following Expert Tie-Breaker Rule",Continue,50,3.506510019302368,1
vasp-data-files/101100010101110001100100/OSZICAR,1,198,0.0,8.0,"rms(c) shows no consistent downward trend, stagnating around 2.5-2.7 after step 33 with persistent high oscillations, indicating divergence according to Expert Tie-Breaker Rule",Kill,50,3.3260626792907715,1
vasp-data-files/111100000101111110000000/OSZICAR,1,78,1.0,7.0,"Despite dE oscillations, rms(c) shows clear macro-trend decreasing from 1.05E+02 to 3.20E-01 over 50 steps, following Expert Tie-Breaker Rule for damped oscillatory convergence",Continue,50,4.152300119400024,1
vasp-data-files/101001111100101111010001/OSZICAR,1,72,,,评估到 75 步时，实际步数仅为 72，数据不足。,Insufficient_Steps,72,3.9714198112487793,1
vasp-data-files/101100000001110010100000/OSZICAR,0,200,0.0,7.0,"rms(c) stagnates at ~0.43-0.58 after step 35 and then jumps to ~1.08 at step 48, showing no overall decreasing trend despite dE oscillations",Kill,50,4.038893461227417,1
vasp-data-files/110100110011001101010101/OSZICAR,1,116,1.0,7.0,"Despite dE oscillations, rms(c) shows clear macro-trend decreasing from 1.24E+02 to 8.99E-02 over steps 13-50, following Expert Tie-Breaker Rule for damped oscillatory convergence",Continue,50,3.889838457107544,1
vasp-data-files/110001101111010110111011/OSZICAR,1,106,1.0,7.0,"Despite significant dE oscillations, rms(c) shows clear downward macro-trend from 127E+02 to 822E-01 over steps 13-50, following Expert Tie-Breaker Rule for damped oscillatory convergence",Continue,50,5.42611026763916,1
vasp-data-files/100001010000011010111110/OSZICAR,1,113,0.0,7.0,"rms(c) shows no consistent downward trend, stagnating around 1.0-2.0 after step 30 with recent values at 1.56-1.97, indicating divergence according to Expert Tie-Breaker Rule despite some dE oscillation",Kill,75,8.727361679077148,2
vasp-data-files/111110110000110100111100/OSZICAR,0,200,0.0,8.0,"rms(c) stagnates around 2.1-2.4 with no decreasing trend after step 12, and dE shows persistent large oscillations, indicating divergence according to Expert Tie-Breaker Rule",Kill,50,3.8903121948242188,1
vasp-data-files/100100010100110000110100/OSZICAR,1,71,1.0,7.0,"Despite dE oscillations, rms(c) shows clear macro-trend decreasing from 1.22E+02 to 3.44E-01 over steps 12-50, following Expert Tie-Breaker Rule for damped oscillatory convergence",Continue,50,4.198552846908569,1
vasp-data-files/101110000100001010011000/OSZICAR,1,185,0.0,8.0,"rms(c) shows no consistent downward trend, stagnating around 9-11 after initial decrease, with dE remaining too large for convergence",Kill,50,3.889399528503418,1
vasp-data-files/111110000010001100111000/OSZICAR,1,83,1.0,8.0,"Clear damped oscillatory convergence: rms(c) shows strong monotonic decrease from 1.23E+02 to 1.19E-01 over 38 steps, following Expert Tie-Breaker Rule despite dE oscillations",Continue,50,4.50498104095459,1
vasp-data-files/100101001111000001011111/OSZICAR,1,60,1.0,7.0,"Despite dE oscillations, rms(c) shows clear macro-trend decreasing from 1.22E+02 to 2.30E-02 over 38 steps, following Expert Tie-Breaker Rule for damped oscillatory convergence",Continue,50,4.506371974945068,1
vasp-data-files/111100000100111000100000/OSZICAR,1,59,1.0,8.0,Clear damped oscillatory convergence: dE decreases from ~10^3 to ~10^-3 and rms(c) shows strong monotonic decrease from 121 to 0.044 following Expert Tie-Breaker Rule,Continue,50,3.936849355697632,1
vasp-data-files/111110000101010010100001/OSZICAR,1,110,1.0,7.0,"Despite dE oscillations, rms(c) shows clear downward macro-trend from 123E+02 to 8.46E-01 over 38 steps, following Expert Tie-Breaker Rule for damped oscillatory convergence",Continue,50,3.2292096614837646,1
vasp-data-files/101011010101111010100110/OSZICAR,1,134,0.0,7.0,"rms(c) shows no clear downward macro-trend, stagnating around 0.45-0.92 after step 27 with recent increase to 0.88-0.92, indicating divergence despite some dE oscillations",Kill,50,4.195950746536255,1
vasp-data-files/110011010011110110110000/OSZICAR,1,56,1.0,8.0,"Clear damped oscillatory convergence with rms(c) showing strong monotonic decrease from 1.22E+02 to 1.91E-02 over final 38 steps, following Expert Tie-Breaker Rule despite some dE oscillations",Continue,50,3.8908064365386963,1
vasp-data-files/111110001100001110100011/OSZICAR,1,73,1.0,7.0,"Despite dE oscillations in later steps, rms(c) shows clear macro-trend decreasing from 1.21E+02 to 1.02E-01 over 50 steps, following Expert Tie-Breaker Rule",Continue,50,4.404332637786865,1
vasp-data-files/101011010101000100111110/OSZICAR,1,86,1.0,7.0,"Clear downward macro-trend in rms(c) from 1.23E+02 to 1.00E-01 over steps 13-50 despite dE oscillations, following Expert Tie-Breaker Rule",Continue,50,3.9923510551452637,1
vasp-data-files/101001011101111010110110/OSZICAR,0,200,0.0,8.0,"rms(c) stagnates around 1.9-2.0 with no clear downward trend after step 12, and dE shows persistent large oscillations indicating divergence",Kill,50,3.2756800651550293,1
vasp-data-files/101101000101111100100000/OSZICAR,1,128,1.0,7.0,"Despite dE oscillations, rms(c) shows clear macro-trend decreasing from 120E+01 to 0.230E-01 over steps 12-50, following Expert Tie-Breaker Rule",Continue,50,3.5846896171569824,1
vasp-data-files/100100001111000001011111/OSZICAR,0,200,1.0,7.0,"Despite dE oscillations, rms(c) shows clear macro-trend decreasing from 1.22E+02 to 3.74E-01 over steps 12-50, following Expert Tie-Breaker Rule for damped oscillatory convergence",Continue,50,4.194810628890991,1
vasp-data-files/111110000000000000111110/OSZICAR,1,72,1.0,7.0,"Despite dE oscillations in later steps, rms(c) shows clear macro-trend decreasing from 1.22E+02 to 1.32E-01 over 38 steps, following Expert Tie-Breaker Rule",Continue,50,4.504474878311157,1
vasp-data-files/101001010100111110000000/OSZICAR,1,79,1.0,7.0,"Despite dE oscillations in later steps, rms(c) shows clear macro-trend decreasing from 1.05E+02 to 2.54E-01 over 38 steps, following Expert Tie-Breaker Rule for damped oscillatory convergence",Continue,50,4.505658864974976,1
vasp-data-files/111001111010110001111011/OSZICAR,0,200,0.0,8.0,"rms(c) stagnates at 1.1-1.2 with no decreasing trend after step 30, dE remains high and oscillatory, following divergence pattern from Case Study 3",Kill,50,3.892017364501953,1
vasp-data-files/101101010101111010000011/OSZICAR,1,68,1.0,8.0,"Clear damped oscillatory convergence: rms(c) shows strong monotonic decrease from 1.23E+02 to 1.35E-01 over steps 13-50, following the Expert Tie-Breaker Rule despite dE oscillations",Continue,50,4.86099910736084,1
vasp-data-files/110010100010001101001111/OSZICAR,0,200,0.0,7.0,"rms(c) stagnates around 0.17-0.30 after step 42 with no clear downward trend, and dE shows persistent oscillations without reaching convergence thresholds",Kill,50,4.766006946563721,1
vasp-data-files/101010010100001011010111/OSZICAR,1,64,1.0,7.0,"Despite dE oscillations, rms(c) shows clear monotonic downward trend from 1.05E+02 to 2.81E-02 over 39 steps, following Expert Tie-Breaker Rule",Continue,50,4.504393577575684,1
vasp-data-files/100111111100111011000111/OSZICAR,1,111,,,评估到 125 步时，实际步数仅为 111，数据不足。,Insufficient_Steps,111,12.026156425476074,3
vasp-data-files/100011010111111010000110/OSZICAR,1,195,0.0,7.0,"rms(c) stagnates around 0.6-1.2 after step 30 with no clear downward macro-trend, and dE oscillations persist without significant damping, indicating divergence per Expert Tie-Breaker Rule",Kill,75,8.339309453964233,2
vasp-data-files/101011010100111010100000/OSZICAR,1,64,1.0,7.0,"Despite dE oscillations in later steps, rms(c) shows clear macro-trend decreasing from 1.23E+02 to 3.56E-02 over 38 steps, following Expert Tie-Breaker Rule",Continue,50,4.501997947692871,1
vasp-data-files/101100010101100001101100/OSZICAR,1,186,1.0,7.0,"Despite dE oscillations, rms(c) shows clear macro-decreasing trend from 122E+01 to 566E-01 over 75 steps, following Expert Tie-Breaker Rule for damped oscillatory convergence",Continue,75,7.805662155151367,2
vasp-data-files/111100000001101101000001/OSZICAR,1,60,1.0,8.0,"Clear damped oscillatory convergence: dE shows oscillatory but decreasing magnitude, and rms(c) exhibits strong monotonic decrease from 122 to 0.097 over the run, following the Expert Tie-Breaker Rule",Continue,50,4.200395822525024,1
vasp-data-files/100000010110101000100111/OSZICAR,0,200,0.0,7.0,"rms(c) oscillates between 0.5-0.6 in final steps with no clear downward trend, dE remains high with persistent oscillations, indicating stagnation and divergence",Kill,50,3.5798771381378174,1
vasp-data-files/101011010101111010100111/OSZICAR,1,56,1.0,7.0,"Despite dE oscillations, rms(c) shows clear macro-trend decreasing from 1.06E+02 to 2.39E-02 over 39 steps, following Expert Tie-Breaker Rule",Continue,50,3.5851709842681885,1
vasp-data-files/110100001101000001011111/OSZICAR,1,86,1.0,7.0,"Despite dE oscillations, rms(c) shows clear macro-trend decreasing from ~1.05E+00 at step 54 to ~3.21E-02 at step 75, following Expert Tie-Breaker Rule for damped oscillatory convergence",Continue,75,8.417997121810913,2
vasp-data-files/101100000100111100100000/OSZICAR,1,122,1.0,7.0,"Despite dE oscillations in final steps, rms(c) shows clear macro-trend decreasing from 1.05E+01 to ~2.7E-01 over steps 12-50, following Expert Tie-Breaker Rule",Continue,50,3.8918182849884033,1
vasp-data-files/101111100101011111100100/OSZICAR,1,75,1.0,7.0,"Despite dE oscillations in later steps, rms(c) shows clear monotonic downward trend from 126E+01 to 132E-01 over steps 13-50, indicating damped oscillatory convergence per Expert Tie-Breaker Rule",Continue,50,4.862855434417725,1
vasp-data-files/100101000011000010011111/OSZICAR,1,152,1.0,7.0,"Applying Expert Tie-Breaker Rule: dE shows oscillations but rms(c) exhibits clear macro-trend decreasing from 123E+01 to 106E+00 over steps 12-50, indicating damped oscillatory convergence",Continue,50,4.554666757583618,1
vasp-data-files/111001101101000111001011/OSZICAR,1,166,,,评估到 175 步时，实际步数仅为 166，数据不足。,Insufficient_Steps,166,18.8325936794281,5
vasp-data-files/111110000101111110100000/OSZICAR,1,59,1.0,8.0,"Clear monotonic downward trend in rms(c) from 1.22E+02 to 2.04E-02 over 38 steps, with dE showing consistent decrease to ~1E-03 despite some oscillations, following the Expert Tie-Breaker Rule",Continue,50,3.511340856552124,1
vasp-data-files/101001010100111110100000/OSZICAR,1,152,0.0,8.0,"rms(c) shows no consistent downward trend, stagnating around 1.7-2.2 with final increase to 2.25, indicating divergence according to Expert Tie-Breaker Rule",Kill,50,3.2690024375915527,1
vasp-data-files/101001110001111010000110/OSZICAR,0,200,1.0,7.0,"Despite dE oscillations in final steps, rms(c) shows clear macro-trend decreasing from 1.21E+02 to 7.94E-01 over 38 steps, following Expert Tie-Breaker Rule",Continue,50,3.8882060050964355,1
vasp-data-files/110000111011001011011101/OSZICAR,1,73,1.0,7.0,"Despite dE oscillations in later steps, rms(c) shows clear monotonic downward trend from 1.25E+02 to 6.08E-02 over steps 12-50, following Expert Tie-Breaker Rule",Continue,50,4.81075382232666,1
vasp-data-files/111110111011101100101011/OSZICAR,1,90,1.0,7.0,"Despite early oscillations, rms(c) shows clear macro-trend decreasing from 131 to 0.181 over steps 12-50, following Expert Tie-Breaker Rule for damped oscillatory convergence",Continue,50,4.195305824279785,1
vasp-data-files/110110001111010100100000/OSZICAR,0,200,1.0,7.0,"Despite dE oscillations in later steps, rms(c) shows clear macro-trend decreasing from 1.05E+02 to 8.92E-02 over 50 steps, following Expert Tie-Breaker Rule for damped oscillatory convergence",Continue,50,4.509738206863403,1
vasp-data-files/110110101101010111000011/OSZICAR,1,76,1.0,7.0,"Despite dE oscillations, rms(c) shows clear macro-trend decreasing from 1.06E+02 to 3.11E-01 over 38 steps, following Expert Tie-Breaker Rule for damped oscillatory convergence",Continue,50,3.5767998695373535,1
vasp-data-files/110110011110111000000110/OSZICAR,0,200,0.0,8.0,"rms(c) stagnates at 1.8-2.3 with no downward trend after step 12, and dE shows persistent large oscillations, indicating divergence according to Expert Tie-Breaker Rule",Kill,50,3.354944944381714,1
vasp-data-files/101011010101111110100100/OSZICAR,1,63,1.0,8.0,"Clear damped oscillatory convergence: dE shows noisy but decreasing oscillations while rms(c) exhibits strong monotonic decrease from 1.06E+02 to 4.02E-02 over 39 steps, following the Expert's Tie-Breaker Rule",Continue,50,4.426506996154785,1
vasp-data-files/101101000001100010011000/OSZICAR,1,86,1.0,7.0,"Despite dE oscillations in later steps, rms(c) shows clear macro-trend decreasing from 1.21E+02 to 1.81E-01 over steps 12-50, following Expert Tie-Breaker Rule",Continue,50,3.6317620277404785,1
vasp-data-files/110110101100001000111110/OSZICAR,0,200,0.0,8.0,"rms(c) stagnates at 1.9-2.0 with no decreasing trend after step 12, dE shows persistent oscillations without convergence",Kill,50,3.534243106842041,1
vasp-data-files/111101010101111011011000/OSZICAR,1,165,0.0,8.0,"rms(c) stagnates at high values (17-21) with no overall decreasing trend despite dE oscillations, matching divergence pattern from Case Study 3",Kill,50,3.5852737426757812,1
vasp-data-files/100101110010001101011001/OSZICAR,1,72,1.0,7.0,"Despite dE oscillations, rms(c) shows clear macro-trend decreasing from 105E+01 to 994E-02 over steps 12-50, following Expert Tie-Breaker Rule for damped oscillatory convergence",Continue,50,3.5803678035736084,1
vasp-data-files/111111010111000011010011/OSZICAR,1,54,1.0,8.0,"Clear damped oscillatory convergence with rms(c) showing strong monotonic decrease from 1.06E+02 to 6.40E-02 over steps 12-50, despite some dE oscillations",Continue,50,4.811814546585083,1
vasp-data-files/100100110010000101111001/OSZICAR,1,61,1.0,8.0,"Clear damped oscillatory convergence with rms(c) showing strong monotonic decrease from 1.06E+02 to 2.68E-02 over steps 12-50, following Expert Tie-Breaker Rule despite some dE noise",Continue,50,4.510148048400879,1
vasp-data-files/100011011011100110111001/OSZICAR,0,200,1.0,7.0,"Despite significant dE oscillations, rms(c) shows clear downward macro-trend from 128 at step 13 to 4.74 at step 50, following Expert Tie-Breaker Rule for damped oscillatory convergence",Continue,50,3.576634168624878,1
vasp-data-files/111110000101001100101010/OSZICAR,1,153,0.0,7.0,"rms(c) shows no consistent downward trend, stagnating around 6.4 after initial fluctuations, indicating divergence despite some dE oscillations",Kill,50,2.966008424758911,1
vasp-data-files/101101010101011001000100/OSZICAR,0,200,1.0,7.0,"Despite dE oscillations, rms(c) shows clear macro-trend decreasing from 125E+01 to 207E+00 over steps 12-50, following Expert Tie-Breaker Rule for damped oscillatory convergence",Continue,50,4.199368000030518,1
vasp-data-files/111101001101111011110000/OSZICAR,1,71,1.0,7.0,"Despite dE oscillations in later steps, rms(c) shows clear macro-trend decreasing from 1.06E+02 to 1.12E-01 over 50 steps, following Expert Tie-Breaker Rule for damped oscillatory convergence",Continue,50,4.193973064422607,1
vasp-data-files/101001010001111100000000/OSZICAR,1,64,1.0,8.0,"Clear damped oscillatory convergence with rms(c) showing strong monotonic decrease from 1.2E+01 to 3.86E-02 over final 38 steps, following Expert Tie-Breaker Rule despite some dE noise",Continue,50,4.504579782485962,1
vasp-data-files/111010010000111010100100/OSZICAR,0,200,0.0,8.0,"rms(c) stagnates at 1.3-1.6 with no clear downward trend after step 12, and dE shows persistent large oscillations, indicating divergence according to Expert Tie-Breaker Rule",Kill,50,4.195595979690552,1
vasp-data-files/101101000100011011000011/OSZICAR,1,80,1.0,7.0,"Despite dE oscillations, rms(c) shows clear macro-trend decreasing from 125E+01 to 254E-01 over steps 12-50, following Expert Tie-Breaker Rule",Continue,50,4.247749328613281,1
vasp-data-files/100110010100110010111100/OSZICAR,0,200,1.0,7.0,"Despite significant dE oscillations, rms(c) shows clear macro-trend decreasing from 123E+01 at step 13 to 23E+00 at step 50, following the Expert's Tie-Breaker Rule for damped oscillatory convergence",Continue,50,4.4542930126190186,1
vasp-data-files/110101011111001001011011/OSZICAR,1,58,1.0,7.0,"Despite dE oscillations in later steps, rms(c) shows clear macro-trend decreasing from 1.26E+02 to 5.08E-02 over 38 steps, following Expert Tie-Breaker Rule for damped oscillatory convergence",Continue,50,4.505580902099609,1
vasp-data-files/111110000101111010100100/OSZICAR,1,70,1.0,8.0,"Clear damped oscillatory convergence: rms(c) shows strong downward macro-trend from 122 to 0.117 over steps 12-50, dE oscillations are damping to acceptable levels (~1E-03) by final steps",Continue,50,4.8120973110198975,1
vasp-data-files/110010111010001100010010/OSZICAR,1,75,1.0,7.0,"Despite dE oscillations, rms(c) shows clear macro-trend decreasing from 1.05E+02 to 1.11E-02 over 50 steps, following Expert Tie-Breaker Rule for damped oscillatory convergence",Continue,50,4.50399923324585,1
vasp-data-files/101001111011100001100001/OSZICAR,0,200,0.0,7.0,"rms(c) stagnates around 0.5 after step 40 with no clear downward trend, and dE shows persistent oscillations without significant reduction",Kill,50,2.97123384475708,1
vasp-data-files/101101110000000110000011/OSZICAR,0,200,0.0,7.0,"rms(c) stagnates around 0.6-0.78 after step 40 with no clear downward trend, and dE shows persistent oscillations without convergence, indicating divergence according to Expert Tie-Breaker Rule",Kill,50,3.8879780769348145,1
vasp-data-files/110110000011010010101100/OSZICAR,1,120,,,评估到 125 步时，实际步数仅为 120，数据不足。,Insufficient_Steps,120,11.71728777885437,3
vasp-data-files/100101001101111100001000/OSZICAR,1,54,1.0,8.0,"Clear damped oscillatory convergence with rms(c) showing strong monotonic decrease from 1.22E+02 to 1.96E-02 over final 38 steps, following Expert Tie-Breaker Rule despite dE oscillations",Continue,50,4.422656774520874,1
vasp-data-files/111011110001110110010000/OSZICAR,0,200,0.0,8.0,"rms(c) shows no consistent downward trend, stagnating around 22.5 after step 28 and only decreasing slightly at the very end while remaining extremely high (>17), indicating divergence according to Expert Tie-Breaker Rule",Kill,50,4.501435041427612,1
vasp-data-files/101101001011001001100101/OSZICAR,0,200,1.0,7.0,"Despite dE oscillations, rms(c) shows clear macro-trend decreasing from 125E+01 to 343E-01 over steps 12-50, following Expert Tie-Breaker Rule for damped oscillatory convergence",Continue,50,4.1964147090911865,1
vasp-data-files/110000010110101101010011/OSZICAR,0,200,1.0,7.0,"Despite dE oscillations in final steps, rms(c) shows clear macro-trend decreasing from 1.21E+02 to 4.87E-01 over steps 12-50, following Expert Tie-Breaker Rule",Continue,50,3.7864949703216553,1
vasp-data-files/111010001101110010100110/OSZICAR,0,200,0.0,7.0,"rms(c) shows no consistent downward trend, oscillating between 0.1-0.8 without sustained improvement, indicating stagnation despite dE oscillations",Kill,125,14.86110234260559,4
vasp-data-files/110110001001000011111111/OSZICAR,0,200,0.0,7.0,"rms(c) shows no consistent downward trend, stagnating around 0.16-0.32 after step 55 with persistent oscillations, indicating divergence according to Expert Tie-Breaker Rule",Kill,100,11.97523283958435,3
vasp-data-files/100010110110111111110001/OSZICAR,1,79,1.0,7.0,"Despite dE oscillations, rms(c) shows clear macro-trend decreasing from 125 to 0.022 over 75 steps, following Expert Tie-Breaker Rule for damped oscillatory convergence",Continue,75,7.1882781982421875,2
vasp-data-files/101100010101110001101100/OSZICAR,0,200,1.0,7.0,"Despite dE oscillations, rms(c) shows clear macro-trend decreasing from 1.05E+02 to 1.04E+00 over 50 steps, following Expert Tie-Breaker Rule for damped oscillatory convergence",Continue,50,4.504576683044434,1
vasp-data-files/101100101001000101010100/OSZICAR,0,200,0.0,7.0,"rms(c) shows no clear downward macro-trend, oscillating between 0.3-0.9 in later steps with stagnation around 0.8-0.9 at the end, indicating divergence despite some dE improvement",Kill,50,4.097014427185059,1
vasp-data-files/101010100000111110110001/OSZICAR,1,125,1.0,7.0,"Despite dE oscillations in final steps, rms(c) shows clear macro-trend decreasing from 1.06E+02 to 9.70E-02 over 39 steps, following Expert Tie-Breaker Rule for damped oscillatory convergence",Continue,50,4.604634761810303,1
