filepath,true_label,total_steps,final_prediction,final_confidence,final_reasoning,status,predicted_at_steps,final_api_time,num_api_calls
vasp-data-files/101001010001001101100100/OSZICAR,1,172,1,8,"The overall trend of the energy change (dE) and charge density residual (rms(c)) show a decreasing pattern, although with oscillations. The values of dE and rms(c) tend to decrease, and no clear indication of divergence is observed, suggesting convergence.",Continue,50,5.116989612579346,1
vasp-data-files/111110000100010000011110/OSZICAR,1,116,1,8,"The overall trend of the energy change (dE) and charge density residual (rms(c)) show a decreasing pattern, indicating convergence. Although there are some fluctuations, the long-term trend suggests that the system is approaching a stable state.",Continue,50,3.601156711578369,1
vasp-data-files/100100001110011011011111/OSZICAR,1,67,1,8,"Initial wild oscillations in dE and rms(c) but macro-trend of rms(c) shows overall decrease, especially after step 10, indicating likely convergence.",Continue,50,4.829118490219116,1
vasp-data-files/111010110111111111000001/OSZICAR,1,55,1,9,"Both dE and rms(c) show a smooth and steady decrease towards small absolute values, with dE reaching below 1.0E-04 and rms(c) approaching 0.119E-02, indicating clear convergence.",Continue,50,3.298553228378296,1
vasp-data-files/101101000101010011100011/OSZICAR,0,200,1,8,"The overall trend of the energy change (dE) and the charge density residual (rms(c)) show a decreasing pattern, although with oscillations. The values of dE and rms(c) are getting smaller, indicating that the calculation is converging. However, the presence of oscillations and the relatively high values of rms(c) suggest that the convergence might be slow or have some fluctuations.",Continue,50,3.910070419311523,1
vasp-data-files/111101100101011011110110/OSZICAR,1,62,1,8,"The rms(c) values show an overall decreasing trend, with some oscillations, but eventually approach small values, indicating likely convergence.",Continue,50,2.577611923217773,1
vasp-data-files/100010010010001011110101/OSZICAR,1,55,1,9,Monotonic decrease in rms(c) and eventual stabilization within small absolute values of dE and rms(c) below 1.0E-04 indicating convergence,Continue,50,3.103557109832764,1
vasp-data-files/110110100000011000100100/OSZICAR,1,105,1,8,"Initial large oscillations in dE, but rms(c) shows an overall decreasing trend, especially after step 20, indicating a ""Fighter"" case that is likely to converge.",Continue,50,3.487190961837769,1
vasp-data-files/110001111011001111111001/OSZICAR,1,106,1,8,"The rms(c) value shows an overall decreasing trend, despite some oscillations, eventually reaching a low value, indicating likely convergence.",Continue,50,2.58070969581604,1
vasp-data-files/100010101000001110011111/OSZICAR,1,64,1,8,"The overall trend of the energy change (dE) and charge density residual (rms and rms(c)) show a decreasing pattern, with some fluctuations. The values of dE and rms(c) are getting smaller, indicating that the calculation is converging. The oscillations are present but the overall trend suggests that the system is moving towards convergence.",Continue,50,3.7421529293060303,1
vasp-data-files/110000011100111100000000/OSZICAR,0,200,0,8,"Large oscillations in dE and rms(c) values show no consistent downward trend, indicating divergence; Expert's Tie-Breaker Rule supports this due to stagnating rms(c) values.",Kill,50,2.949313163757324,1
vasp-data-files/101011010101110010111110/OSZICAR,1,68,1,9,"The overall trend of the energy change (dE) and charge density residual (rms(c)) show a consistent decrease, with some fluctuations. However, the key indicators are the steady decrease in the energy and the residual values, which suggest convergence. The oscillations are present but dampened over time, indicating a converging behavior rather than divergence. The final values of rms and rms(c) also support convergence.",Continue,50,4.390914678573608,1
vasp-data-files/101110111010110011001111/OSZICAR,0,200,1,8,"The overall trend of the energy change (dE) and the residual charge density (rms) show a decreasing pattern, with some fluctuations. The values of dE and rms are getting smaller, indicating that the calculation is converging. However, the convergence is not smooth, and there are some oscillations. Despite this, the overall trend suggests that the system is approaching convergence.",Continue,50,4.261223077774048,1
vasp-data-files/101100000000101101100000/OSZICAR,1,57,1,9,Monotonic decrease in dE and rms(c) values reaching convergence thresholds,Continue,50,3.508488178253174,1
vasp-data-files/101101010101101011001000/OSZICAR,1,80,0,8,"Large oscillations in dE and rms(c) values show no clear downward trend, indicating divergence; Expert's Tie-Breaker Rule supports this due to stagnating rms(c) values.",Kill,50,2.720725774765014,1
vasp-data-files/101111010100110000100100/OSZICAR,0,200,0,9,"Large oscillations in dE and rms(c) values show no consistent downward trend, indicating divergence.",Kill,50,2.4158265590667725,1
vasp-data-files/111111011101110001001010/OSZICAR,1,118,0,8,"Large oscillations in dE and rms(c) values show no consistent downward trend, indicating divergence; Expert's Tie-Breaker Rule supports this due to lack of a clear macro-trend in rms(c) towards convergence.",Kill,50,2.98919677734375,1
vasp-data-files/111100110011000100101100/OSZICAR,0,200,1,8,"Initial wild oscillations but rms(c) shows a macro-trend of steady decrease, eventually stabilizing at small values.",Continue,50,2.577596664428711,1
vasp-data-files/111101001101110110100010/OSZICAR,1,63,1,9,"Monotonic decrease in rms(c) and dE towards small absolute values,符合收敛标准。",Continue,50,2.4887843132019043,1
vasp-data-files/111110000101010000100000/OSZICAR,0,200,1,8,"Large initial oscillations but rms(c) shows a macro-trend of decrease; dE also tends to decrease after step 10, indicating eventual convergence",Continue,50,2.936683177947998,1
vasp-data-files/101000010100011110000010/OSZICAR,1,139,1,8,"The overall trend of the energy change (dE) and the residual charge density (rms) show a decreasing pattern, indicating convergence. Although there are some fluctuations, the values tend to decrease, suggesting that the calculation is converging.",Continue,50,3.846672296524048,1
vasp-data-files/101110000000110110100000/OSZICAR,1,86,1,8,"Initial wild oscillations but overall macro-trend of rms(c) shows a clear downward trend, dE also tends to decrease and stabilize within a reasonable range.",Continue,50,2.1679060459136963,1
vasp-data-files/111000011100111110100100/OSZICAR,1,146,1,7,"Despite initial oscillations, the macro-trend of rms(c) shows a general decrease, indicating a likely convergence, though with moderate confidence due to some fluctuations.",Continue,50,2.579286575317383,1
vasp-data-files/100100110010001101011001/OSZICAR,0,200,0,8,"Large oscillations in dE and rms(c) values with no clear downward trend, indicating divergence; Expert's Tie-Breaker Rule supports this due to stagnating rms(c) values.",Kill,50,2.9883360862731934,1
vasp-data-files/100001111010000001010101/OSZICAR,0,200,1,8,"Initial large oscillations in dE, but rms(c) shows an overall decreasing trend, especially after step 20, indicating a ""fighting"" system that is likely to converge.",Continue,50,2.783590793609619,1
vasp-data-files/111110000100111110100000/OSZICAR,1,71,1,8,"Initial large oscillations in dE, but rms(c) shows an overall decreasing trend, especially after step 20, indicating a ""fighting"" system that is likely to converge.",Continue,50,2.4046285152435303,1
vasp-data-files/100001010111110011101110/OSZICAR,0,200,1,8,"The overall trend of the energy change (dE) and charge density residual (rms(c)) show a decreasing pattern, although with oscillations. The values of dE and rms(c) tend to decrease, and no significant oscillations or stagnation are observed, indicating a converging behavior.",Continue,50,3.774080991744995,1
vasp-data-files/100000010110101010101001/OSZICAR,1,81,1,8,"The rms(c) values show an overall decreasing trend, with some oscillations, but eventually settle to small values, indicating convergence; dE values also show oscillations but with a general trend towards smaller changes, supporting convergence.",Continue,50,2.5785789489746094,1
vasp-data-files/101101001111110011100001/OSZICAR,1,66,1,8,Initial wild oscillations in dE and rms(c) but overall macro-trend of rms(c) shows downward damping indicating eventual convergence,Continue,50,2.178131580352783,1
vasp-data-files/111100010101111011110101/OSZICAR,0,200,0,8,"Large oscillations in dE and rms(c) values with no clear downward trend, indicating divergence; Expert's Tie-Breaker Rule supports this due to stagnating rms(c) values.",Kill,50,3.593331813812256,1
vasp-data-files/101101010101111111101100/OSZICAR,1,82,1,8,Initial wild oscillations but overall macro-trend of rms(c) shows downward damping indicating eventual convergence,Continue,50,2.9867212772369385,1
vasp-data-files/100011101110110010111111/OSZICAR,1,68,1,8,"Initial large oscillations in dE and rms(c) but macro-trend of rms(c) shows consistent decrease, eventually reaching low values, indicating convergence.",Continue,50,2.593726396560669,1
vasp-data-files/101111000100111110100000/OSZICAR,1,79,1,8,,Continue,50,3.382232189178467,1
vasp-data-files/101011010100110010100100/OSZICAR,0,200,0,8,"Large oscillations in dE and rms(c) values show no consistent downward trend, indicating divergence. Despite some steps showing decrease, overall trend suggests failure to converge.",Kill,50,3.1906325817108154,1
vasp-data-files/110100001110001101011001/OSZICAR,0,200,1,7,"Despite initial oscillations, the macro-trend of rms(c) shows a slow but overall decrease towards smaller values, indicating a likely convergence according to the Expert's Tie-Breaker Rule.",Continue,75,5.513452291488648,2
vasp-data-files/100100111111011001010111/OSZICAR,0,200,0,8,"Large oscillations in dE and rms(c) values show no clear downward trend, indicating divergence; rms(c) values remain high and show significant fluctuations.",Kill,50,2.736909866333008,1
vasp-data-files/100001011101111010001100/OSZICAR,0,200,1,7,"Large initial oscillations in dE, but rms(c) shows an overall decreasing trend, indicating a possible convergence after noisy transient behavior.",Continue,50,2.989173650741577,1
vasp-data-files/101110010100111011000100/OSZICAR,1,122,1,8,"The overall trend of the energy change (dE) and the residual charge density (rms) show a decreasing pattern, with some fluctuations. The values of dE and rms are getting smaller, indicating that the calculation is converging. The absence of significant oscillations or divergence signs supports this conclusion.",Continue,50,4.112639427185059,1
vasp-data-files/110100001101111100101000/OSZICAR,1,110,1,8,"Initial wild oscillations but eventual monotonic decrease in rms(c) and dE towards small values, with Expert's Tie-Breaker Rule indicating convergence.",Continue,50,3.1819775104522705,1
vasp-data-files/101110000000011100100000/OSZICAR,1,64,1,9,Monotonic decrease in rms(c) and eventual convergence of dE and rms values to small absolute values.,Continue,50,2.7945120334625244,1
vasp-data-files/111100000100111110100000/OSZICAR,1,67,1,8,"Initial oscillations in dE and rms(c) but macro-trend of rms(c) shows consistent decrease, eventually reaching low values, indicating convergence.",Continue,50,10.869803428649902,1
vasp-data-files/111000010000110111111010/OSZICAR,1,95,1,8,"Large initial oscillations but rms(c) shows a clear and consistent decreasing trend, eventually reaching small values, indicating convergence.",Continue,50,2.887497663497925,1
vasp-data-files/101101000101011110111100/OSZICAR,1,72,1,8,"Initial large oscillations in dE, but rms(c) shows an overall decreasing trend, eventually stabilizing at small values, indicating convergence.",Continue,50,5.854614019393921,1
vasp-data-files/111100000101111100101000/OSZICAR,0,200,1,8,Initial wild oscillations in dE and rms(c) but overall macro-trend of rms(c) shows downward damping indicating eventual convergence,Continue,50,2.957340717315674,1
vasp-data-files/100001110010011010011111/OSZICAR,1,69,1,8,"Initial wild oscillations in dE and high rms(c) values, but rms(c) shows a clear downward trend from step 15 onwards, eventually approaching a small value, indicating likely convergence.",Continue,50,5.0636680126190186,1
vasp-data-files/100001110000110000100010/OSZICAR,1,50,1,9,Monotonic decrease in rms(c) and eventual stabilization below 1E-02 indicate clear convergence.,Continue,50,3.191779136657715,1
vasp-data-files/110101101100111101010011/OSZICAR,1,140,1,8,"Large initial oscillations but macro-trend of rms(c) shows downward damping indicating eventual convergence, following the Expert's Tie-Breaker Rule.",Continue,50,2.6460437774658203,1
vasp-data-files/101001110010000111111111/OSZICAR,1,114,1,8,"The overall trend of the energy change (dE) and charge density residual (rms(c)) show a decreasing pattern, indicating convergence. Although there are oscillations, the macro-trend suggests that the system is converging.",Continue,50,3.7395153045654297,1
vasp-data-files/101011010111111010100100/OSZICAR,0,200,1,8,"The overall trend of the energy change (dE) and charge density residual (rms and rms(c)) show a decreasing pattern, with some fluctuations. The values of dE and rms(c) are getting smaller, indicating that the calculation is converging. However, the fluctuations and some spikes in the data prevent a perfect convergence within a reasonable number of steps. The trend suggests that it will continue to converge but with a slower rate.",Continue,50,4.013631105422974,1
vasp-data-files/111110000101110010010000/OSZICAR,0,200,1,8,Initial wild oscillations but overall macro-trend of rms(c) shows downward damping indicating eventual convergence,Continue,50,2.6794111728668213,1
vasp-data-files/100001110001101111000111/OSZICAR,0,200,1,7,"Large initial oscillations but eventual monotonic decrease in rms(c) and dE towards small values, indicating convergence.",Continue,50,2.4718499183654785,1
vasp-data-files/101100110111111001010101/OSZICAR,0,200,0,8,"Large oscillations in dE and rms(c) values with no clear downward trend, indicating divergence. Despite some fluctuations, rms(c) doesn't show a consistent decrease, supporting the divergence prediction.",Kill,50,2.987741231918335,1
vasp-data-files/111010000101010010101110/OSZICAR,1,120,1,8,"The overall trend of the energy change (dE) and charge density residual (rms(c)) show a decreasing pattern, although with oscillations. The values of dE and rms(c) tend to stabilize, with no clear indication of divergence. The slow but consistent decrease in these values suggests convergence.",Continue,50,3.9086451530456543,1
vasp-data-files/100001011101111100001000/OSZICAR,1,72,1,8,"The overall trend of the energy change (dE) and the residual charge density (rms) show a decreasing pattern, indicating convergence. Although there are oscillations, the macro-trend suggests that the system is converging.",Continue,50,3.190861940383911,1
vasp-data-files/101100010110110001010100/OSZICAR,1,188,1,8,"The overall trend of the energy change (dE) and charge density residual (rms(c)) show a decreasing pattern, although with oscillations. The values of dE and rms(c) tend to decrease, and no significant oscillations or stagnation are observed in the final steps, indicating a converging behavior.",Continue,50,3.908117055892944,1
vasp-data-files/111101000101011111100110/OSZICAR,1,64,1,8,"The overall trend of the energy change (dE) and charge density residual (rms(c)) show a decreasing pattern, indicating convergence. Although there are oscillations, the macro-trend suggests that the system is moving towards convergence, with no clear indication of divergence.",Continue,50,3.399027109146118,1
vasp-data-files/111010001000000111111000/OSZICAR,0,200,1,8,"The overall trend of the energy change (dE) and the charge density residual (rms) show a decreasing pattern, although with some oscillations. The values of dE and rms(c) tend to decrease, with some fluctuations. The final values of dE and rms(c) are relatively small, indicating convergence.",Continue,50,3.5989410877227783,1
vasp-data-files/110100011100111100100000/OSZICAR,0,200,0,8,"Large oscillations in dE and rms(c) values show no clear downward trend, indicating divergence, despite some steps showing decrease; rms(c) values remain high around 1.0E+01.",Kill,50,2.696803092956543,1
vasp-data-files/111100001001011110010001/OSZICAR,1,64,1,9,"Monotonic decrease in rms(c) and eventual stabilization of dE and rms(c) values below thresholds, aligning with clear convergence indicators.",Continue,50,3.279563665390014,1
vasp-data-files/101101000100111110100000/OSZICAR,1,75,1,8,"Initial oscillations but rms(c) shows a decreasing macro-trend, eventually stabilizing at small values.",Continue,50,2.485446214675904,1
vasp-data-files/110110101000010000100000/OSZICAR,1,71,1,8,"Initial wild oscillations in dE and high rms(c) values but macro-trend of rms(c) shows overall decrease and damping, eventually reaching low values.",Continue,50,2.76961636543274,1
vasp-data-files/101011010001110010100000/OSZICAR,1,70,1,8,"Initial large oscillations in dE and rms(c) values, but macro-trend of rms(c) shows overall decrease, eventually stabilizing at low values, indicating convergence.",Continue,50,2.986518144607544,1
vasp-data-files/111110001100010000111110/OSZICAR,1,191,1,7,"Despite initial oscillations, the macro-trend of `rms(c)` shows a general decrease, eventually stabilizing at lower values, indicating likely convergence.",Continue,50,4.1318519115448,1
vasp-data-files/111111000101000000100110/OSZICAR,1,61,1,8,"The dE values show oscillations but overall decrease, and rms(c) steadily decreases from step 12 onwards, indicating a trend towards convergence; despite some fluctuations, the macro-trend of rms(c) is downwards, suggesting eventual convergence.",Continue,50,3.890047311782837,1
vasp-data-files/101100010101110010111000/OSZICAR,1,60,1,7,"Large initial oscillations in dE, but rms(c) shows an overall decreasing trend, indicating a ""Fighter"" case that likely converges despite noisy behavior.",Continue,50,2.576527833938598,1
vasp-data-files/111001101101110111010011/OSZICAR,1,71,1,8,"The overall trend of the energy change (dE) and charge density residual (rms) show a decreasing pattern, indicating convergence. Although there are oscillations, the macro-trend suggests that the system is converging.",Continue,50,3.193234205245972,1
vasp-data-files/101011010101111011001100/OSZICAR,1,53,1,8,"The dE values show oscillations but overall decrease, and rms(c) steadily decreases from step 10 onwards, indicating a trend towards convergence; despite some fluctuations, the macro-trend of rms(c) is downwards, suggesting eventual convergence.",Continue,50,2.57696270942688,1
vasp-data-files/100000110100111111010001/OSZICAR,1,184,0,8,"Large oscillations in dE and rms(c) values with no clear downward trend, especially after step 13, indicating divergence.",Kill,50,2.576333522796631,1
vasp-data-files/101110000001100001100001/OSZICAR,0,200,1,8,"The overall trend of the energy change (dE) and the charge density residual (rms(c)) show a decreasing pattern, although with some oscillations. The values of dE and rms(c) are getting smaller, indicating that the calculation is converging. However, the convergence is not smooth, and there are some fluctuations. Despite this, the long-term trend suggests that the system is moving towards convergence.",Continue,50,4.727902412414551,1
vasp-data-files/100000111110101011010111/OSZICAR,1,74,1,7,"Initial large oscillations in dE, but rms(c) shows an overall decreasing trend, indicating a ""Fighter"" case that likely converges despite erratic behavior.",Continue,50,2.3712401390075684,1
vasp-data-files/111101000101011101110000/OSZICAR,0,200,1,7,"Initial oscillations in dE and rms(c) but overall macro-trend of rms(c) shows a decrease from ~0.1 to below 0.01, indicating likely convergence despite some fluctuations.",Continue,50,3.0883591175079346,1
vasp-data-files/110110100000011000100110/OSZICAR,1,75,1,8,"Initial wild oscillations but rms(c) shows an overall decreasing trend, eventually stabilizing at small values, indicating likely convergence.",Continue,50,2.7823917865753174,1
vasp-data-files/101001110111110010010010/OSZICAR,1,50,1,9,,Continue,50,2.8851704597473145,1
vasp-data-files/101111000100111010100011/OSZICAR,1,109,1,7,"Despite large oscillations in dE, the macro-trend of rms(c) shows an overall decrease, indicating a likely convergence according to the Expert's Tie-Breaker Rule.",Continue,50,3.907211780548096,1
vasp-data-files/110101100010001010011111/OSZICAR,0,200,1,8,"The overall trend of the energy change (dE) and charge density residual (rms(c)) show a decreasing pattern, although with oscillations. The values of dE and rms(c) tend to decrease, but with fluctuations. The lack of a smooth decrease in some steps might indicate some instability, but the overall trend suggests convergence.",Continue,50,3.600263357162476,1
vasp-data-files/100001010110001011010101/OSZICAR,1,105,1,8,"Despite initial oscillations, rms(c) shows an overall decreasing trend, eventually stabilizing at small values, indicating convergence.",Continue,50,2.9852395057678223,1
vasp-data-files/110010001001100111111001/OSZICAR,1,110,1,8,"Initial wild oscillations in dE and high rms(c) values but macro-trend of rms(c) shows overall decrease and eventual stabilization below 0.5, indicating damped oscillatory convergence.",Continue,50,2.9875991344451904,1
vasp-data-files/100110100010000101111001/OSZICAR,1,72,1,8,"The rms(c) values show an overall decreasing trend, with some oscillations, but eventually settle to small values, indicating convergence; dE values also show oscillations but with a general trend towards smaller changes, supporting convergence.",Continue,50,2.881932497024536,1
vasp-data-files/111111001000011110110001/OSZICAR,1,181,1,8,"Initial wild oscillations in dE and rms(c) but macro-trend of rms(c) shows overall decrease, especially after step 10, indicating a ""Fighter"" case with likely convergence.",Continue,50,2.292322158813477,1
vasp-data-files/100001111101001011011111/OSZICAR,1,102,1,7,"Large initial oscillations in dE, but rms(c) shows an overall decreasing trend, indicating a likely convergence despite some fluctuations.",Continue,50,2.24444580078125,1
vasp-data-files/101100110110100100000001/OSZICAR,1,180,0,9,"Large oscillations in dE and rms(c) values show no clear downward trend, indicating divergence.",Kill,50,2.477302074432373,1
vasp-data-files/111110001001010100101000/OSZICAR,1,78,1,8,"The overall trend of the energy change (dE) and charge density residual (rms) show a decreasing pattern, indicating convergence. The values of dE and rms are getting smaller, and there are no significant oscillations that would indicate divergence. The data points show a smooth decrease in the energy and residual values, suggesting that the calculation is converging.",Continue,50,7.184276342391968,1
vasp-data-files/100110100101011100100000/OSZICAR,1,116,1,8,"The overall trend of the energy change (dE) and the charge density residual (rms) show a decreasing pattern, indicating convergence. The values of dE and rms are getting smaller, and there are no significant oscillations that would indicate divergence. The data points provided show a steady progression towards stabilization, suggesting that the system is converging.",Continue,50,3.805274486541748,1
vasp-data-files/110001011111111001000011/OSZICAR,1,62,1,8,"The rms(c) values show an overall decreasing trend, with some oscillations, but eventually approach small values, indicating convergence; dE values are large but show a decreasing trend in magnitude, consistent with convergence.",Continue,50,2.8369956016540527,1
vasp-data-files/110011111001011111010011/OSZICAR,1,50,1,9,"Monotonic decrease in rms(c) and eventual stabilization below 1E-02, aligning with convergence criteria.",Continue,50,2.4893345832824707,1
vasp-data-files/100011011101001010011111/OSZICAR,1,186,0,8,"Large oscillations in dE and rms(c) values with no clear downward trend, especially rms(c) stagnates around 0.17-0.18 after step 40, indicating divergence.",Kill,50,3.9384782314300537,1
vasp-data-files/111011110001111110010000/OSZICAR,0,200,1,8,"The overall trend of the energy change (dE) and charge density residual (rms(c)) show a decreasing pattern, although with oscillations. The values of dE and rms(c) tend to decrease, and no clear indication of divergence is observed, suggesting convergence.",Continue,50,4.316302537918091,1
vasp-data-files/101001101101011010111100/OSZICAR,1,102,1,8,"The overall trend of the energy change (dE) and charge density residual (rms(c)) show a decreasing pattern, although with oscillations. The values of dE and rms(c) tend to decrease, and no significant oscillations or instabilities are observed in the later steps, indicating a converging behavior.",Continue,50,4.011385679244995,1
vasp-data-files/111110001000011000101000/OSZICAR,1,79,1,8,"Initial oscillations but overall macro-trend of rms(c) shows a clear decrease, eventually stabilizing at small values, indicating convergence.",Continue,50,2.5067708492279053,1
vasp-data-files/101011010101110010100000/OSZICAR,1,62,1,8,"Initial wild oscillations but eventual smooth decrease in rms(c) and dE towards small values, with rms(c) showing a clear downward trend, indicating convergence.",Continue,50,2.544107913970948,1
vasp-data-files/101101000111010011101111/OSZICAR,1,60,1,8,"Initial wild oscillations in dE and high rms(c) values, but rms(c) shows a clear and consistent decreasing trend, eventually approaching small values, indicating convergence according to the Expert's Tie-Breaker Rule.",Continue,50,2.778573751449585,1
vasp-data-files/101001001100111110000101/OSZICAR,1,80,1,8,"The overall trend of the energy change (dE) and the residual charge density (rms and rms(c)) show a decreasing pattern, indicating convergence. Although there are some oscillations, the macro-trend suggests that the system is approaching a stable state.",Continue,50,4.624873161315918,1
vasp-data-files/111011010100100010111110/OSZICAR,1,105,1,8,"The overall trend of the energy change (dE) and charge density residual (rms(c)) show a decreasing pattern, indicating convergence. Although there are oscillations, the long-term trend suggests that the system is moving towards convergence.",Continue,50,4.216156005859375,1
vasp-data-files/110110100000011100100000/OSZICAR,1,63,1,8,"The overall trend of the energy change (dE) and the residual charge density (rms and rms(c)) show a decreasing pattern, indicating convergence. Although there are some fluctuations, the macro-trend suggests that the system is moving towards convergence.",Continue,50,3.4961984157562256,1
vasp-data-files/111100110101111111010001/OSZICAR,1,74,1,8,"The dE values show oscillations but overall decrease, and rms(c) exhibits a clear downward trend, especially after step 20, indicating convergence.",Continue,50,3.0883665084838867,1
vasp-data-files/111100001101010010100011/OSZICAR,1,69,1,8,"Initial large oscillations but overall macro-trend of rms(c) shows downward damping indicating eventual convergence, despite some fluctuations in dE and rms(c) values.",Continue,50,2.884979009628296,1
vasp-data-files/110010001110110010101010/OSZICAR,1,85,1,8,"The overall trend of the energy change (dE) and charge density residual (rms(c)) show a decreasing pattern, although with some oscillations. The values of dE and rms(c) are getting smaller, indicating that the system is converging. The absence of significant oscillations in the later steps and the overall trend support this conclusion.",Continue,50,4.521111011505127,1
vasp-data-files/100100001001101001001001/OSZICAR,0,200,0,8,"Large oscillations in dE and rms(c) values show no clear downward trend, indicating divergence; Expert's Tie-Breaker Rule supports this due to stagnating rms(c) values.",Kill,50,2.780869483947754,1
vasp-data-files/111100001100111110100000/OSZICAR,0,200,1,8,"Initial large oscillations in dE, but rms(c) shows an overall decreasing trend, eventually stabilizing at small values, indicating convergence.",Continue,50,2.2679977416992188,1
vasp-data-files/110110100101000111110001/OSZICAR,1,61,1,9,Monotonic decrease in rms(c) and dE towards small values indicating clear convergence,Continue,50,2.77955961227417,1
vasp-data-files/101011110110111110100101/OSZICAR,0,200,0,8,"Large oscillations in dE and rms(c) values with no clear downward trend, especially rms(c) stagnates around 0.24-0.25 at steps 47-50, indicating divergence.",Kill,50,3.293471097946167,1
vasp-data-files/111111000101000010111100/OSZICAR,1,84,1,8,"The rms(c) values show an overall decreasing trend, with some oscillations, but eventually approach a small value, indicating convergence; dE also shows oscillations but with a general trend towards smaller changes, supporting convergence.",Continue,50,2.5769739151000977,1
vasp-data-files/111111000101000100110110/OSZICAR,1,131,0,9,"Large oscillations in dE and rms(c) values with no clear downward trend, indicating divergence",Kill,50,2.542575597763061,1
vasp-data-files/111100000001111110100000/OSZICAR,1,144,1,8,"Initial wild oscillations but eventual smooth decrease in rms(c) and dE towards small values, with rms(c) showing a clear downward trend, indicating convergence.",Continue,50,2.6070985794067383,1
vasp-data-files/100010001100111111010001/OSZICAR,1,55,1,8,"Initial large oscillations in dE, but rms(c) shows an overall decreasing trend, especially after step 20, indicating a ""Fighter"" case that is likely to converge.",Continue,50,2.884596109390259,1
vasp-data-files/101011010010111110100000/OSZICAR,1,184,1,7,"dE shows large oscillations but rms(c) exhibits an overall downward trend, eventually reaching low values, indicating likely convergence",Continue,75,5.056877613067627,2
vasp-data-files/100100010111111000000110/OSZICAR,0,200,1,8,"The dE values show oscillations but overall decrease, and rms(c) steadily decreases from step 10 onwards, indicating a trend towards convergence; despite some fluctuations, the macro-trend of rms(c) is downwards, suggesting eventual convergence.",Continue,50,2.473310947418213,1
vasp-data-files/101100010100110000110100/OSZICAR,0,200,0,9,"Large oscillations in dE and rms(c) values with no clear downward trend, indicating divergence.",Kill,50,2.57513427734375,1
vasp-data-files/111011110010110010101010/OSZICAR,0,200,0,8,"Large oscillations in dE and rms values with rms(c) showing no clear downward trend after step 20, indicating likely divergence.",Kill,50,2.675792694091797,1
vasp-data-files/111110000101010010101110/OSZICAR,0,200,1,8,"Initial large oscillations in dE, but rms(c) shows an overall decreasing trend, eventually stabilizing at small values, indicating convergence.",Continue,50,3.093287944793701,1
vasp-data-files/110010100101011101000011/OSZICAR,0,200,1,8,"The overall trend of the energy change (dE) and charge density residual (rms(c)) show a decreasing pattern, indicating convergence. Although there are some oscillations, the macro-trend suggests that the system is converging.",Continue,50,3.442221641540528,1
vasp-data-files/110000111110100001010011/OSZICAR,0,200,1,8,"The overall trend of the energy change (dE) and the charge density residual (rms) show a decreasing pattern, indicating convergence. Although there are some fluctuations, the long-term trend suggests that the system is approaching a stable state.",Continue,50,3.136914014816284,1
vasp-data-files/110011111101000001111111/OSZICAR,0,200,1,8,"The rms(c) value shows an overall decreasing trend from step 10 onwards, despite some oscillations in dE, indicating a likely convergence according to the Expert's Tie-Breaker Rule.",Continue,50,3.39574670791626,1
vasp-data-files/111110000101111100100000/OSZICAR,1,76,1,8,"The overall trend of the energy change (dE) and charge density residual (rms(c)) show a decreasing pattern, although with oscillations. The values of dE and rms(c) are getting smaller, indicating that the calculation is converging. However, the convergence is not smooth, and there are still some oscillations. Despite this, the long-term trend suggests that the system is moving towards convergence.",Continue,50,6.262185573577881,1
vasp-data-files/111011010101011010110110/OSZICAR,1,75,1,8,"Initial large oscillations in dE and rms(c), but macro-trend of rms(c) shows overall decrease, eventually stabilizing at small values, indicating likely convergence.",Continue,50,2.7873568534851074,1
vasp-data-files/101011110000011111011000/OSZICAR,0,200,1,8,"The overall trend of the energy change (dE) and charge density residual (rms(c)) show a decreasing pattern, indicating convergence. Although there are oscillations, the long-term trend suggests that the system is moving towards convergence.",Continue,50,4.145131826400757,1
vasp-data-files/101101001001111010101001/OSZICAR,1,87,1,8,"Initial large oscillations but overall macro-trend of rms(c) shows downward damping indicating eventual convergence, despite some fluctuations in dE.",Continue,50,2.739535093307495,1
vasp-data-files/101101000101010011100000/OSZICAR,1,80,1,8,"Initial wild oscillations but eventual monotonic decrease in rms(c) and dE towards small values, indicating convergence according to the Tie-Breaker Rule.",Continue,50,2.8876330852508545,1
vasp-data-files/101100000101110011000000/OSZICAR,0,200,0,9,"dE and rms(c) show large oscillations and no clear downward trend, with rms(c) stagnating at high values, indicating divergence.",Kill,50,2.672924757003784,1
vasp-data-files/111110000000111100100010/OSZICAR,1,92,1,8,"The dE values show oscillations but overall decrease, and rms(c) steadily decreases from step 10 onwards, indicating a trend towards convergence; despite some fluctuations, the macro-trend of rms(c) is downwards, suggesting eventual convergence.",Continue,50,2.575736284255981,1
vasp-data-files/101011010101111100100000/OSZICAR,1,52,1,8,"The overall trend of the energy change (dE) and charge density residual (rms and rms(c)) show a decreasing pattern, indicating convergence. The values of dE and rms(c) are getting smaller, and there are no significant oscillations that would indicate divergence. The data points show a smooth decrease in the energy and residual values, suggesting that the calculation is converging.",Continue,50,4.005352020263672,1
vasp-data-files/101011010101010010110110/OSZICAR,0,200,0,8,"Large oscillations in dE and rms(c) values, with rms(c) showing no clear downward trend after step 25, indicating likely divergence.",Kill,50,6.365248203277588,1
vasp-data-files/111110100100111000100000/OSZICAR,1,103,1,7,"Large initial oscillations in dE, but rms(c) shows an overall decreasing trend, indicating a ""Fighter"" case that is likely to converge despite the noisy and oscillating behavior of dE.",Continue,50,2.9443905353546143,1
vasp-data-files/111110000100010010111110/OSZICAR,1,155,1,8,"Initial large oscillations in dE and rms(c) but overall macro-trend of rms(c) shows a clear downward trend, eventually stabilizing at small values.",Continue,50,2.718025684356689,1
vasp-data-files/101001011100111101100000/OSZICAR,0,200,1,9,"The final answer can be determined based on the provided data and the analysis performed. The detailed analysis shows that the system converges, as indicated by the decreasing energy values and stabilization of certain parameters. The provided data and analysis support the conclusion that the system converges.",Continue,100,9.380147457122805,3
vasp-data-files/111100000101010110100001/OSZICAR,1,144,1,8,"The overall trend of the energy change (dE) and the charge density residual (rms(c)) show a decreasing pattern, indicating convergence. Although there are oscillations, the macro-trend suggests that the system is moving towards convergence, with no clear indication of divergence.",Continue,50,4.009124755859375,1
vasp-data-files/100011011111001001011111/OSZICAR,1,131,1,8,"The overall trend of the energy change (dE) and charge density residual (rms) show a decreasing pattern, with some fluctuations. The values of dE and rms are getting smaller, indicating that the calculation is converging. However, the fluctuations and the magnitude of the values suggest a moderately confident prediction.",Continue,50,3.701740741729736,1
vasp-data-files/111010011011110010101000/OSZICAR,0,200,1,8,Initial wild oscillations in dE and rms(c) but macro-trend of rms(c) shows overall decrease and eventual stabilization below thresholds,Continue,50,2.575169563293457,1
vasp-data-files/100011011000100110111000/OSZICAR,1,94,1,8,"The rms(c) values show an overall decreasing trend, with some oscillations, but eventually approach small values, indicating convergence; dE values are mostly decreasing with some fluctuations, Expert's Tie-Breaker Rule supports convergence.",Continue,50,3.290690660476685,1
vasp-data-files/110100101101100101010011/OSZICAR,1,65,1,8,"Initial wild oscillations in dE and rms(c) but macro-trend of rms(c) shows overall decrease towards small values, indicating likely convergence according to the Expert's Tie-Breaker Rule.",Continue,50,4.098721265792847,1
vasp-data-files/101001010111101111010011/OSZICAR,1,72,1,8,"Initial wild oscillations but eventual monotonic decrease in rms(c) and dE towards small values, indicating convergence.",Continue,50,2.792131423950196,1
vasp-data-files/100110010100110000011100/OSZICAR,1,131,1,8,"The overall trend of the energy change (dE) and charge density residual (rms(c)) show a decreasing pattern, although with oscillations. The values of dE and rms(c) tend to decrease, and no clear indication of divergence is observed, suggesting convergence.",Continue,50,3.3948354721069336,1
vasp-data-files/111001111011111010000110/OSZICAR,0,200,0,8,"Large oscillations in dE and rms(c) values with no clear downward trend, indicating divergence; rms(c) stagnates at high values around 0.2-0.26, confirming divergence.",Kill,50,4.008284568786621,1
vasp-data-files/101010100100001110111100/OSZICAR,1,61,1,8,"The overall trend of the energy change (dE) and charge density residual (rms and rms(c)) show a decreasing pattern, although with some oscillations. The values of dE and rms(c) are getting smaller, indicating that the calculation is converging. The oscillations are present but the overall trend suggests that the system is moving towards convergence.",Continue,50,3.8043503761291504,1
vasp-data-files/100100110101100001011111/OSZICAR,1,131,1,8,"The dE values show oscillations but overall decrease, and rms(c) steadily decreases from step 12 onwards, indicating a trend towards convergence; despite some fluctuations, the macro-trend of rms(c) is downwards, suggesting eventual convergence.",Continue,50,2.8802075386047363,1
vasp-data-files/100101001000001110011001/OSZICAR,1,157,1,8,"The rms(c) values show an overall decreasing trend, despite some oscillations, indicating a likely convergence according to the Expert's Tie-Breaker Rule.",Continue,50,3.5978353023529053,1
vasp-data-files/111001010110111000010000/OSZICAR,1,102,1,8,,Continue,50,3.395846605300904,1
vasp-data-files/111001111111011110011110/OSZICAR,0,200,1,8,"The overall trend of the energy change (dE) and charge density residual (rms(c)) show a decreasing pattern, although with oscillations. The values of dE and rms(c) are getting smaller, indicating that the calculation is converging. However, the convergence is not smooth, and there are still some oscillations. Despite this, the overall trend suggests that the system is moving towards convergence.",Continue,50,3.802545547485352,1
vasp-data-files/100111111001010011101101/OSZICAR,0,200,0,8,Large oscillations in dE and slow decrease in rms(c) with high values indicating divergence trend,Kill,50,3.087038278579712,1
vasp-data-files/110010111000111100000000/OSZICAR,1,136,1,8,"Large initial oscillations but eventual smooth decrease in rms(c) values with some fluctuations in dE, ultimately showing a trend towards convergence.",Continue,50,3.5977859497070312,1
vasp-data-files/101011101101001010111100/OSZICAR,1,64,1,8,"Initial large oscillations but rms(c) shows a clear downward trend, eventually stabilizing at small values, indicating convergence according to the Expert's Tie-Breaker Rule.",Continue,50,3.497631311416626,1
vasp-data-files/101101010101110011010100/OSZICAR,0,200,1,7,Initial oscillations in dE and rms(c) but overall downward trend in rms(c) and eventual decrease in dE indicate a fighting but likely converging calculation,Continue,50,4.1872968673706055,1
vasp-data-files/101111001100010010101010/OSZICAR,1,97,1,8,"The overall trend of the energy change (dE) and charge density residual (rms(c)) show a decreasing pattern, although with some oscillations. The values of dE and rms(c) are getting smaller, indicating that the system is converging. However, the convergence is not smooth and has some fluctuations, which might be due to the complexity of the system or the numerical methods used. Despite these fluctuations, the overall trend suggests that the system is moving towards convergence.",Continue,50,3.5994977951049805,1
vasp-data-files/101011010101110010100100/OSZICAR,0,200,0,9,"rms(c) values show no consistent downward trend and remain high, dE also shows large oscillations and fails to converge below 1.0E-03.",Kill,50,2.289557456970215,1
vasp-data-files/110110000011000000111010/OSZICAR,1,72,1,8,"The rms(c) values show an overall decreasing trend, with some oscillations, but eventually settle to small values, indicating convergence; dE also shows oscillations but with a general trend towards smaller changes, supporting convergence.",Continue,50,2.270070075988769,1
vasp-data-files/101101000111110010100010/OSZICAR,1,85,1,8,"The overall trend of the energy change (dE) and charge density residual (rms(c)) show a decreasing pattern, although with some oscillations. The values of dE and rms(c) tend to stabilize, with dE reaching smaller values and rms(c) showing a downward trend, indicating convergence.",Continue,50,3.70131778717041,1
vasp-data-files/101011011101111010100100/OSZICAR,1,97,1,8,"The overall trend of the energy change (dE) and the residual charge density (rms) show a decreasing pattern, with some fluctuations. The values of dE and rms are getting smaller, indicating that the calculation is converging. However, the fluctuations suggest some instability. Despite this, the overall trend suggests convergence.",Continue,50,3.699809074401856,1
vasp-data-files/100010010010011111010111/OSZICAR,1,56,1,9,Monotonic decrease in dE and rms(c) values reaching convergence thresholds,Continue,50,2.9088168144226074,1
vasp-data-files/110011111111111001000111/OSZICAR,1,61,1,8,"Initial wild oscillations but eventual smooth decrease in rms(c) and dE towards small values, indicating convergence.",Continue,50,3.67350697517395,1
vasp-data-files/100011110111011010011111/OSZICAR,1,116,1,8,"The overall trend of the energy change (dE) and the residual charge density (rms(c)) show a decreasing pattern, indicating convergence. Although there are oscillations, the macro-trend suggests that the system is moving towards convergence, with no clear indication of divergence.",Continue,50,3.391178607940674,1
vasp-data-files/101101011101111011011100/OSZICAR,0,200,1,8,"Initial large oscillations in dE, but rms(c) shows an overall decreasing trend, eventually stabilizing at small values, indicating convergence.",Continue,50,4.008975028991699,1
vasp-data-files/111110000100001100100010/OSZICAR,1,53,1,9,Clear monotonic decrease in dE and rms(c) values reaching convergence thresholds,Continue,50,2.2896742820739746,1
vasp-data-files/111110000110001110110010/OSZICAR,1,69,1,8,"The overall trend of the energy change (dE) and charge density residual (rms(c)) show a decreasing pattern, indicating convergence. Although there are oscillations, the long-term trend suggests that the system is approaching a stable state.",Continue,50,2.9623591899871826,1
vasp-data-files/111110000100011000101000/OSZICAR,1,53,1,8,,Continue,50,3.6043317317962646,1
vasp-data-files/110100000111000100101000/OSZICAR,0,200,1,8,"The overall trend of the energy change (dE) and the residual density (rms) indicate a converging behavior, as they both decrease over time, with some fluctuations but no significant divergence.",Continue,75,6.378759384155273,2
vasp-data-files/111100011101110000010101/OSZICAR,0,200,0,9,"Large oscillations in dE and rms(c) values show no consistent downward trend, indicating divergence. The rms(c) values remain high and stagnant around 0.15-0.20, further confirming divergence.",Kill,50,2.780872344970703,1
vasp-data-files/101010010100111010000100/OSZICAR,0,200,0,8,"Large oscillations in dE and rms(c) values with no clear downward trend, especially rms(c) stagnates around 0.17E+01, indicating divergence.",Kill,50,4.154911756515503,1
vasp-data-files/111101000100111110100000/OSZICAR,1,92,1,8,"Initial large oscillations in dE, but rms(c) shows an overall decreasing trend, with values approaching 0.2-0.3, indicating likely convergence despite some fluctuations.",Continue,50,7.239845037460327,1
vasp-data-files/111100111100111110010000/OSZICAR,0,200,1,8,"The overall trend of the energy change (dE) and charge density residual (rms and rms(c)) show a decreasing pattern, indicating convergence. Although there are oscillations, the long-term trend suggests that the system is moving towards a stable state, which is a characteristic of convergence.",Continue,50,3.458617687225342,1
vasp-data-files/111101000101111011110111/OSZICAR,1,71,1,8,"The overall trend of the energy change (dE) and charge density residual (rms(c)) show a decreasing pattern, with some fluctuations. The values of dE and rms(c) decrease to very low magnitudes, indicating convergence. The oscillations in dE and rms(c) gradually diminish, suggesting that the calculation is approaching a stable state.",Continue,50,3.941891431808472,1
vasp-data-files/101111100101111000100000/OSZICAR,1,100,1,8,"The overall trend of the energy change (dE) and the charge density residual (rms(c)) show a decreasing pattern, although with some oscillations. The values of dE and rms(c) are getting smaller, indicating that the system is converging. However, the convergence is not smooth, and there are some fluctuations. Despite this, the long-term trend suggests that the system is moving towards convergence.",Continue,50,4.107850790023804,1
vasp-data-files/101101000101011100000000/OSZICAR,0,200,1,8,"Initial large oscillations in dE and rms(c) but macro-trend of rms(c) shows overall decrease, especially after step 20, indicating likely convergence despite noisy behavior.",Continue,50,3.395506858825684,1
vasp-data-files/100000011101101111001001/OSZICAR,1,80,1,8,"The dE values show oscillations but overall decrease, and rms(c) steadily decreases from step 10 onwards, indicating a trend towards convergence; despite some fluctuations, the macro-trend of rms(c) is downwards, suggesting eventual convergence.",Continue,50,7.897188663482666,1
vasp-data-files/110001001100001101110101/OSZICAR,0,200,1,8,"The overall trend of the energy change (dE) and charge density residual (rms(c)) show a decreasing pattern, although with oscillations. The values of dE and rms(c) tend to stabilize, with dE reaching smaller values and rms(c) also showing a decreasing trend, indicating convergence.",Continue,50,3.599119186401367,1
vasp-data-files/101100001100111110000000/OSZICAR,0,200,0,8,"Large oscillations in dE and rms(c) values with no clear monotonic decrease, especially rms(c) stagnates and shows high values indicating divergence",Kill,50,4.005253553390503,1
vasp-data-files/111110000100010000111110/OSZICAR,0,200,1,7,"Despite large oscillations in dE, the macro-trend of rms(c) shows an overall decrease, particularly from step 12 onwards, indicating a likely convergence.",Continue,50,3.256701946258545,1
vasp-data-files/100100011110111000000110/OSZICAR,1,90,1,8,"The overall trend of the energy change (dE) and the residual charge density (rms(c)) show a decreasing pattern, indicating convergence. Although there are oscillations, the macro-trend suggests that the system is converging.",Continue,50,2.9153056144714355,1
vasp-data-files/100101001100010000001100/OSZICAR,1,165,1,8,"The overall trend of the energy change (dE) and charge density residual (rms and rms(c)) show a decreasing pattern, indicating convergence. Although there are some fluctuations, the values tend to decrease, suggesting that the system is moving towards convergence.",Continue,50,3.292711973190308,1
vasp-data-files/100010001001111100101001/OSZICAR,1,176,1,8,"The overall trend of the energy change (dE) and charge density residual (rms(c)) show a decreasing pattern, although with oscillations. The values of dE and rms(c) tend to decrease, but at a very slow pace and with significant oscillations, suggesting a challenging convergence behavior. However, there is no clear indication of divergence, and the values seem to stabilize, PREDICTION=1 CONFIDENCE=8 REASONING=The overall trend of the energy change (dE) and charge density residual (rms(c)) show a decreasing pattern, although with oscillations. The values of dE and rms(c) tend to decrease, but at a very slow pace and with significant oscillations, suggesting a challenging convergence behavior. However, there is no clear indication of divergence, and the values seem to stabilize.",Continue,50,6.017638921737671,1
vasp-data-files/100101101101101011001111/OSZICAR,0,200,0,9,"Large oscillations in dE and rms(c) values show no clear downward trend, indicating divergence.",Kill,50,3.5595955848693848,1
vasp-data-files/101101000100111010001000/OSZICAR,1,71,1,8,"The overall trend of the energy change (dE) and charge density residual (rms) show a decreasing pattern, with some fluctuations. The values of dE and rms are getting smaller, indicating that the calculation is converging. The absence of significant oscillations or stagnation at a high level suggests that the system is moving towards a stable solution.",Continue,50,3.775200128555298,1
vasp-data-files/101100010101110001000100/OSZICAR,1,186,1,8,"Initial oscillations but overall macro-trend of rms(c) shows a clear decrease, eventually stabilizing at small values, indicating convergence.",Continue,50,2.4695072174072266,1
vasp-data-files/100000001111110011011111/OSZICAR,1,60,1,8,"The overall trend of the energy change (dE) and charge density residual (rms(c)) show a decreasing pattern, indicating convergence. Although there are oscillations, the long-term trend suggests that the system is approaching stability, with no clear indication of divergence.",Continue,50,4.725035905838013,1
vasp-data-files/101101000101111110000000/OSZICAR,1,72,1,8,"The overall trend of the energy change (dE) and charge density residual (rms) show a decreasing pattern, indicating convergence. Although there are some fluctuations, the values tend to stabilize, suggesting that the calculation is converging.",Continue,50,3.698934555053711,1
vasp-data-files/110110100101001100111100/OSZICAR,1,136,1,8,"Initial wild oscillations but eventual monotonic decrease in rms(c) and dE towards small values, indicating convergence.",Continue,50,2.573577880859375,1
vasp-data-files/100011110011111010000110/OSZICAR,1,141,0,9,"Large oscillations in dE and rms(c) values show no clear downward trend, indicating divergence.",Kill,50,2.6434383392333984,1
vasp-data-files/111000011001110011110010/OSZICAR,1,86,1,9,,Continue,50,3.63033127784729,1
vasp-data-files/101110001100111110100000/OSZICAR,1,79,1,8,"The overall trend of the energy change (dE) and charge density residual (rms(c)) show a decreasing pattern, indicating convergence. Although there are oscillations, the macro-trend suggests that the system is moving towards convergence, with no clear indication of divergence.",Continue,50,3.290447950363159,1
vasp-data-files/101000010101111111100100/OSZICAR,1,98,1,7,"Despite initial oscillations, rms(c) shows an overall decreasing trend, aligning with the Expert's Tie-Breaker Rule indicating likely convergence.",Continue,50,2.6763243675231934,1
vasp-data-files/101000010100111110100000/OSZICAR,1,70,1,8,"Initial wild oscillations but eventual monotonic decrease in rms(c) and dE towards small values, indicating convergence.",Continue,50,2.8649885654449463,1
vasp-data-files/110100111101110011011001/OSZICAR,1,78,1,8,"Initial wild oscillations but macro-trend of rms(c) shows overall decrease, eventually stabilizing at small values.",Continue,50,2.9561550617218018,1
vasp-data-files/111110000101011110100000/OSZICAR,1,60,1,9,,Continue,50,3.026398181915283,1
vasp-data-files/101110100000111100100000/OSZICAR,1,58,1,9,Monotonic decrease in rms(c) and eventual stabilization below 1E-02 indicate clear convergence.,Continue,50,3.389778614044189,1
vasp-data-files/110000111110110010001010/OSZICAR,1,76,1,8,"The dE values show oscillations but overall decrease, and rms(c) steadily decreases from step 10 onwards, indicating a trend towards convergence, though the oscillatory behavior reduces confidence.",Continue,50,2.881918668746948,1
vasp-data-files/110100111100111101010011/OSZICAR,0,200,0,9,"Large oscillations in dE and rms(c) values show no overall downward trend, indicating divergence.",Kill,75,7.820055246353149,2
vasp-data-files/101110000100110010100000/OSZICAR,1,71,1,8,"The `dE` values show large oscillations but the `rms(c)` values exhibit a clear overall downward trend, eventually reaching small values, indicating convergence according to the Expert's Tie-Breaker Rule.",Continue,50,3.186577558517456,1
vasp-data-files/110110011101001000110000/OSZICAR,1,80,1,8,"The overall trend of the energy change (dE) and charge density residual (rms and rms(c)) show a decreasing pattern, indicating convergence. Although there are oscillations, the long-term trend suggests that the system is moving towards convergence.",Continue,50,3.493205308914185,1
vasp-data-files/101110000101001010110100/OSZICAR,1,68,1,8,"The dE values show oscillations but overall decrease, and rms(c) steadily decreases from step 10 onwards, indicating a trend towards convergence; despite some fluctuations, the macro-trend of rms(c) is downwards, suggesting eventual convergence.",Continue,50,2.678163528442383,1
vasp-data-files/101101000101111010100110/OSZICAR,1,67,1,8,"Initial wild oscillations in dE and rms(c) but macro-trend of rms(c) shows overall decrease, eventually stabilizing at low values.",Continue,50,3.697401523590088,1
vasp-data-files/111101001100010000100010/OSZICAR,1,81,1,8,"Despite initial oscillations, rms(c) shows an overall decreasing trend, eventually approaching small values, indicating convergence according to the Expert's Tie-Breaker Rule.",Continue,50,2.8807482719421387,1
vasp-data-files/101001001100111011000101/OSZICAR,1,117,1,8,"Initial large oscillations in dE, but rms(c) shows an overall decreasing trend, eventually stabilizing at small values, indicating convergence.",Continue,50,2.718343496322632,1
vasp-data-files/100000001110011101010111/OSZICAR,1,78,1,8,Initial wild oscillations but overall macro-trend of rms(c) shows downward damping indicating eventual convergence,Continue,50,2.1434333324432373,1
vasp-data-files/110100110001110001011001/OSZICAR,0,200,1,8,"The overall trend of the energy change (dE) and charge density residual (rms(c)) show a decreasing pattern, although with oscillations. The values of dE and rms(c) tend to decrease, and no significant oscillations or stagnation are observed, indicating a converging behavior.",Continue,50,3.2665390968322754,1
vasp-data-files/111010110000111110010000/OSZICAR,0,200,0,8,"Large oscillations in dE and rms(c) values with no clear downward trend, indicating divergence.",Kill,50,3.068993091583252,1
vasp-data-files/101100000100111110000000/OSZICAR,0,200,0,8,"Large oscillations in dE and rms(c) values with no clear downward trend, indicating divergence.",Kill,50,2.6921236515045166,1
vasp-data-files/100110001100011010011111/OSZICAR,1,65,1,9,"The rms(c) values show a clear and consistent decreasing trend, eventually reaching small values (< 1.0E-02), and dE also tends towards smaller absolute values, indicating convergence.",Continue,50,2.7747461795806885,1
vasp-data-files/101010110000111110100100/OSZICAR,1,52,1,9,"Monotonic decrease in dE and rms(c) values, with rms(c) approaching small values, indicating clear convergence.",Continue,50,2.0620431900024414,1
vasp-data-files/100001011111111001010111/OSZICAR,0,200,1,8,"The overall trend of the energy change (dE) and charge density residual (rms(c)) show a decreasing pattern, although with oscillations. The values of dE and rms(c) tend to decrease, with some fluctuations. The final values of dE and rms(c) are relatively small, indicating convergence.",Continue,50,4.3134846687316895,1
vasp-data-files/101110100101011110100100/OSZICAR,1,74,1,8,"The dE values show oscillations but overall decrease, and rms(c) steadily decreases from step 10 onwards, indicating a trend towards convergence, though the confidence is slightly reduced due to some oscillations.",Continue,50,2.4723799228668213,1
vasp-data-files/111110001100010010111111/OSZICAR,0,200,1,8,"Initial large oscillations in dE, but rms(c) shows an overall decreasing trend, especially after step 20, indicating a ""Fighter"" case that is likely to converge.",Continue,50,3.392671585083008,1
vasp-data-files/110000000011100101010001/OSZICAR,0,200,1,7,"Despite initial large oscillations in dE, the macro-trend of rms(c) shows a general decrease from step 12 onwards, eventually stabilizing at lower values, indicating a likely convergence.",Continue,50,2.877705335617065,1
vasp-data-files/111100000101111100100000/OSZICAR,1,138,1,8,Initial oscillations but overall downward trend in rms(c) and eventual stabilization of energy values below 1E-03 indicate likely convergence,Continue,50,3.597397804260254,1
vasp-data-files/100011110011111010100110/OSZICAR,1,144,0,8,"Large oscillations in dE and rms(c) values with no clear downward trend, especially after step 10, indicating divergence; rms(c) does not show a consistent decrease towards small values.",Kill,50,2.57171368598938,1
vasp-data-files/111110110101110100110100/OSZICAR,0,200,1,8,"The overall trend of the energy change (dE) and charge density residual (rms(c)) show a decreasing pattern, although with some oscillations. The values of dE and rms(c) tend to decrease, and no significant oscillations or stagnation are observed, indicating a converging behavior.",Continue,50,3.8027615547180176,1
vasp-data-files/100111001111010100101000/OSZICAR,0,200,1,8,"The overall trend of the energy change (dE) and charge density residual (rms(c)) show a decreasing pattern, although with oscillations. The values of dE and rms(c) tend to decrease, and no significant stagnation or divergence is observed, indicating a converging behavior.",Continue,50,3.870810270309448,1
vasp-data-files/101100000101010001101100/OSZICAR,1,142,1,8,"The overall trend of the energy change (dE) and charge density residual (rms(c)) show a decreasing pattern, although with oscillations. The values of dE and rms(c) tend to stabilize, with no clear indication of divergence. This suggests a converging behavior.",Continue,50,3.424137830734253,1
vasp-data-files/101100010101110000111100/OSZICAR,1,107,1,8,"The rms(c) values show an overall decreasing trend, with some oscillations, but eventually settle down to small values, indicating convergence; dE values also show oscillations but with a general trend towards smaller changes, supporting convergence.",Continue,50,2.8272879123687744,1
vasp-data-files/110101000101000011111110/OSZICAR,1,149,1,8,"The overall trend of the energy change (dE) and charge density residual (rms(c)) show a decreasing pattern, although with oscillations. The values of dE and rms(c) tend to decrease, and no significant oscillations or stagnation are observed in the final steps, indicating convergence.",Continue,50,4.162311792373657,1
vasp-data-files/101101000101111100000000/OSZICAR,1,102,1,8,,Continue,50,3.363054037094116,1
vasp-data-files/110001111110110011011111/OSZICAR,0,200,0,9,"rms(c) stagnates at high values (~0.2-0.24) with no clear downward trend, and dE shows large oscillations and fails to converge below 1.0E-03, indicating divergence.",Kill,50,3.112860202789306,1
vasp-data-files/101110001110011101010011/OSZICAR,0,200,0,8,"Large oscillations in dE and rms(c) values with no clear downward trend, especially after step 10, indicating divergence; rms(c) does not show a consistent decrease towards small values.",Kill,50,9.637359857559204,1
vasp-data-files/110000011100011000001011/OSZICAR,1,131,1,8,"Initial wild oscillations but eventual monotonic decrease in rms(c) and dE towards small values, indicating convergence.",Continue,50,2.674466609954834,1
vasp-data-files/101111000101111011101100/OSZICAR,1,75,1,8,"Initial wild oscillations in dE and rms(c) but overall macro-trend of rms(c) shows a clear downward trend, eventually stabilizing at small values.",Continue,50,2.778403282165528,1
vasp-data-files/101000001110001111010111/OSZICAR,1,125,1,9,"The overall trend of the energy change (dE) and charge density residual (rms(c)) show a decreasing pattern, with some fluctuations. However, the values of dE and rms(c) are getting smaller, indicating that the calculation is converging. The absence of significant oscillations or divergence signs further supports this conclusion.",Continue,50,5.234702110290527,1
vasp-data-files/110011010011110110111000/OSZICAR,1,57,1,8,"Initial wild oscillations but rms(c) shows a clear macro-trend of continuous decrease from step 12 onwards, eventually reaching small values <1.0E-02, indicating convergence.",Continue,50,3.186442852020264,1
vasp-data-files/111010010111101111010011/OSZICAR,1,80,1,8,"The overall trend of the energy change (dE) and charge density residual (rms(c)) show a decreasing pattern, indicating convergence. Although there are some fluctuations, the macro-trend suggests that the system is moving towards convergence.",Continue,50,3.4954349994659424,1
vasp-data-files/110100001101011110100001/OSZICAR,1,87,1,8,"The overall trend of the energy change (dE) and charge density residual (rms(c)) show a decreasing pattern, although with oscillations. The values of dE and rms(c) tend to decrease, and no significant stagnation or divergence is observed, indicating a converging behavior.",Continue,50,3.5943219661712646,1
vasp-data-files/101111100000000011101101/OSZICAR,0,200,1,8,"The overall trend of the energy change (dE) and charge density residual (rms(c)) show a decreasing pattern, indicating convergence. Although there are oscillations, the long-term trend suggests that the system is moving towards convergence.",Continue,50,3.495212316513061,1
vasp-data-files/110110001000011100100000/OSZICAR,1,122,1,8,"The rms(c) values show an overall decreasing trend, with some oscillations, but eventually approach a small value, indicating convergence; dE values also show oscillations but with a general trend towards smaller changes, supporting convergence.",Continue,50,2.367523670196533,1
vasp-data-files/100001010110011010010010/OSZICAR,1,165,1,8,"The overall trend of the energy change (dE) and charge density residual (rms(c)) show a decreasing pattern, although with some oscillations. The values of dE and rms(c) are getting smaller, indicating that the calculation is converging. However, the convergence is not smooth, and there are some fluctuations. Despite this, the long-term trend suggests that the system is moving towards convergence.",Continue,50,4.312983989715576,1
vasp-data-files/110110101000011100000000/OSZICAR,1,78,1,8,"The overall trend of the energy change (dE) and charge density residual (rms(c)) show a decreasing pattern, with some fluctuations. The values of dE and rms(c) are getting smaller, indicating that the calculation is converging. The absence of significant oscillations or divergence signs supports this conclusion.",Continue,50,3.8002078533172607,1
vasp-data-files/101001010101000011001101/OSZICAR,1,154,1,7,"dE shows large oscillations but rms(c) decreases overall from ~0.1 to ~0.01, indicating a trend towards convergence despite noisy behavior.",Continue,50,2.654004573822021,1
vasp-data-files/101011010100011010100100/OSZICAR,1,61,1,8,"The dE values show oscillations but ultimately trend downwards, and rms(c) steadily decreases from step 12 onwards, indicating a macro-trend towards convergence despite some oscillations.",Continue,50,2.6955695152282715,1
vasp-data-files/111101010111011110011110/OSZICAR,1,109,1,8,"Initial wild oscillations in dE and rms(c) but macro-trend of rms(c) shows overall decrease, indicating likely convergence despite noisy behavior.",Continue,50,3.2888073921203613,1
vasp-data-files/101100000101010000110100/OSZICAR,0,200,1,8,"Initial oscillations in dE and rms(c) but overall macro-trend of rms(c) shows a decreasing and damping behavior, eventually approaching small values.",Continue,50,3.290308952331543,1
vasp-data-files/100010010110001011010101/OSZICAR,0,200,1,8,"The rms(c) values show an overall decreasing trend, with some oscillations, but eventually settle down to small values, indicating convergence; dE values also show oscillations but with a general trend towards smaller changes, supporting convergence.",Continue,50,3.338998317718506,1
vasp-data-files/100000011100111100001000/OSZICAR,1,70,1,8,"The overall trend of the energy change (dE) and the residual charge density (rms) show a decreasing pattern, with some fluctuations. The values of dE and rms are getting smaller, indicating that the calculation is converging. The oscillations are present but are damping out, suggesting that the system is approaching a stable state.",Continue,50,5.797555685043335,1
vasp-data-files/101011110000111110100100/OSZICAR,1,63,1,8,"The overall trend of the energy change (dE) and charge density residual (rms(c)) show a decreasing pattern, with some oscillations. The values of dE and rms(c) are getting smaller, indicating that the calculation is converging.",Continue,50,3.8011460304260254,1
vasp-data-files/101100000101010100100000/OSZICAR,1,82,1,8,"The dE values show oscillations but overall decrease, and the rms(c) values show a clear and consistent decreasing trend, especially after step 20, indicating convergence; despite some fluctuations, the macro-trend of rms(c) is downwards, suggesting eventual convergence.",Continue,50,3.07327651977539,1
vasp-data-files/101000111100111011010111/OSZICAR,1,73,1,8,"Initial wild oscillations in dE and rms(c) but macro-trend of rms(c) shows overall decrease, especially after step 20, indicating likely convergence.",Continue,50,2.480185985565185,1
vasp-data-files/111110001001000010111111/OSZICAR,1,94,1,8,"The overall trend of the energy change (dE) and the residual charge density (rms) show a decreasing pattern, with some fluctuations. The values of dE and rms are getting smaller, indicating that the calculation is converging. The absence of significant oscillations or divergence signs supports this conclusion.",Continue,50,4.115425109863281,1
vasp-data-files/100001110011100011011101/OSZICAR,1,72,1,8,Initial wild oscillations but overall macro-trend of rms(c) shows downward damping indicating eventual convergence,Continue,50,3.180038928985596,1
vasp-data-files/100111001000111100100000/OSZICAR,1,66,1,8,"The overall trend of the energy change (dE) and charge density residual (rms(c)) show a decreasing pattern, with some fluctuations. The values of dE and rms(c) tend to decrease, and there are no clear indications of divergence. The system seems to be converging, although the convergence is not smooth.",Continue,50,3.902234077453613,1
vasp-data-files/100001111010001101011111/OSZICAR,1,66,1,8,"Initial large oscillations in dE, but rms(c) shows a clear and consistent decreasing trend, eventually reaching small values, indicating convergence.",Continue,50,2.468427419662476,1
vasp-data-files/111111000001000000111110/OSZICAR,1,60,1,8,"The dE values show oscillations but overall decrease, and rms(c) steadily decreases from step 12 onwards, indicating a trend towards convergence; despite some fluctuations, the macro-trend of rms(c) is downwards, suggesting eventual convergence.",Continue,50,2.5711185932159424,1
vasp-data-files/100100001111111101011001/OSZICAR,1,77,1,8,"Initial wild oscillations but macro-trend of rms(c) shows overall decrease and eventual stabilization below 0.1, indicating likely convergence",Continue,50,4.006326675415039,1
vasp-data-files/100001111100111001000011/OSZICAR,1,68,1,8,"Initial wild oscillations but rms(c) shows a clear downward trend, eventually stabilizing at small values.",Continue,50,2.36627197265625,1
vasp-data-files/100000111010110011011101/OSZICAR,1,91,1,9,"Monotonic decrease in rms(c) and eventual stabilization at small values, with dE also showing a trend towards small absolute values.",Continue,50,2.5745856761932373,1
vasp-data-files/110010111010110000101100/OSZICAR,1,69,1,8,"The overall trend of the energy change (dE) and the residual charge density (rms) show a decreasing pattern, with some fluctuations. The values of dE and rms are getting smaller, indicating that the calculation is converging. The oscillations in the dE values are damped, and the system seems to be approaching a stable state.",Continue,50,4.195707321166992,1
vasp-data-files/101101000101000010111100/OSZICAR,1,77,1,8,"Despite initial oscillations, rms(c) shows an overall decreasing trend, eventually approaching small values, indicating convergence according to the Expert's Tie-Breaker Rule.",Continue,50,4.149373769760132,1
vasp-data-files/110000111111111011000111/OSZICAR,1,65,1,8,"Initial wild oscillations in dE and rms(c) but overall macro-trend of rms(c) shows downward damping indicating eventual convergence, with later steps showing consistent decrease towards small values.",Continue,50,3.2608213424682617,1
vasp-data-files/101101000101111110100101/OSZICAR,0,200,1,8,"The overall trend of the energy change (dE) and the residual (rms) show a decreasing pattern, although with some oscillations. The values of dE and rms are getting smaller, indicating that the calculation is converging. However, the convergence is not smooth, and there are some fluctuations. Despite this, the long-term trend suggests that the system is moving towards convergence.",Continue,50,4.152850866317749,1
vasp-data-files/110001000011001111101110/OSZICAR,0,200,0,8,"Large oscillations in dE and rms(c) values with no clear downward trend, especially after step 12, indicating divergence. The Expert's Tie-Breaker Rule supports this due to stagnating and oscillating rms(c) values.",Kill,50,3.4472031593322754,1
vasp-data-files/101000111000110101100100/OSZICAR,1,102,1,8,"The overall trend of the energy change (dE) and charge density residual (rms) show a decreasing pattern, with some fluctuations. The values of dE and rms(c) tend to decrease, and no clear oscillations or stagnation are observed, indicating a converging behavior.",Continue,50,3.697308301925659,1
vasp-data-files/111110001100111010101000/OSZICAR,0,200,1,9,"The data shows a clear and consistent trend of convergence, with minimal oscillation and no indication of divergence.",Continue,150,24.167068243026733,5
vasp-data-files/101001010110101111110111/OSZICAR,1,71,1,8,,Continue,50,3.595200538635254,1
vasp-data-files/101001010101110010101100/OSZICAR,1,72,1,8,"The overall trend of the energy change (dE) and charge density residual (rms(c)) show a decreasing pattern, indicating convergence. Although there are some fluctuations, the general direction suggests that the system is approaching a stable state, which is a characteristic of convergence.",Continue,50,3.902148485183716,1
vasp-data-files/110111111010100000100011/OSZICAR,1,79,1,8,"The overall trend of the energy change (dE) and charge density residual (rms) show a decreasing pattern, with some fluctuations. The values of dE and rms are getting smaller, indicating that the calculation is converging. The absence of significant oscillations or divergence signs supports this conclusion.",Continue,50,3.800667762756348,1
vasp-data-files/100111000111010000101000/OSZICAR,1,64,1,9,"Monotonic decrease in rms(c) and dE towards small absolute values,符合收敛标准。",Continue,50,2.3331117630004883,1
vasp-data-files/101001010101111100100000/OSZICAR,1,62,1,9,"Monotonic decrease in rms(c) and dE approaching small absolute values,符合收敛标准。",Continue,50,2.810707092285156,1
vasp-data-files/111010010101011110110110/OSZICAR,1,66,1,8,"The overall trend of the energy change (dE) and charge density residual (rms(c)) show a decreasing pattern, indicating convergence. Although there are oscillations, the long-term trend suggests that the system is approaching a stable state.",Continue,50,3.309355497360229,1
vasp-data-files/101010010101111010100110/OSZICAR,1,171,1,8,"The overall trend of the energy change (dE) and charge density residual (rms and rms(c)) show a decreasing pattern, although with oscillations. The values of dE and rms(c) are generally decreasing, and no significant oscillations or stagnation are observed in the final steps, indicating a converging behavior.",Continue,50,3.7202768325805664,1
vasp-data-files/101001110011110001100110/OSZICAR,1,180,1,8,"Large initial oscillations in dE, but rms(c) shows a clear downward trend after step 12, eventually stabilizing at small values.",Continue,50,2.7326877117156982,1
vasp-data-files/101100000100111010100100/OSZICAR,1,64,1,9,"Monotonic decrease in dE and rms(c) values, with rms(c) approaching small values, indicating clear convergence.",Continue,50,2.521323204040528,1
vasp-data-files/101001110101101011011111/OSZICAR,1,75,1,8,"The overall trend of the energy change (dE) and charge density residual (rms(c)) show a decreasing pattern, with some oscillations. The values of dE and rms(c) are getting smaller, indicating that the calculation is converging. The absence of significant oscillations in the final steps suggests a stable convergence.",Continue,50,3.1099941730499268,1
vasp-data-files/101110000101110011000100/OSZICAR,1,186,1,8,"The overall trend of the energy change (dE) and charge density residual (rms) show a decreasing pattern, indicating convergence. Although there are some fluctuations, the macro-trend suggests that the system is approaching a stable state.",Continue,50,2.594926357269287,1
vasp-data-files/110111100001000100111111/OSZICAR,1,160,1,8,"The overall trend of the energy change (dE) and charge density residual (rms) show a decreasing pattern, indicating convergence. Although there are oscillations, the long-term trend suggests that the system is approaching a stable state.",Continue,50,3.28637170791626,1
vasp-data-files/111110000100110000100000/OSZICAR,0,200,1,8,"The overall trend of the energy change (dE) and charge density residual (rms(c)) show a decreasing pattern, although with oscillations. The values of dE and rms(c) tend to stabilize, indicating convergence.",Continue,50,3.083855390548706,1
vasp-data-files/101101000111000011111111/OSZICAR,1,68,1,8,"Initial large oscillations in dE and rms(c) but overall macro-trend shows a consistent decrease in rms(c) towards small values, indicating convergence according to the Expert's Tie-Breaker Rule.",Continue,50,3.083092212677002,1
vasp-data-files/101011010101011011011110/OSZICAR,0,200,0,8,"Large oscillations in dE and rms(c) values with no clear downward trend, especially rms(c) stagnates around 1.0, indicating divergence.",Kill,50,2.3760628700256348,1
vasp-data-files/101010101001110001011110/OSZICAR,1,122,1,8,"The overall trend of the energy change (dE) and charge density residual (rms(c)) show a decreasing pattern, although with oscillations. The values of dE and rms(c) tend to decrease, but at a slowing rate, and do not show a clear sign of convergence within the given steps. However, the lack of strong divergence indicators and the overall trend suggest a cautious prediction of convergence.",Continue,50,4.334488391876221,1
vasp-data-files/100001010100111010100000/OSZICAR,1,146,1,8,"The dE values show oscillations but overall decrease, and rms(c) steadily decreases from step 10 onwards, indicating a trend towards convergence, though the oscillations cause some uncertainty.",Continue,50,2.6406073570251465,1
vasp-data-files/101000001110011011010111/OSZICAR,1,62,1,8,"Initial large oscillations in dE and rms(c) but macro-trend of rms(c) shows overall decrease; Expert's Tie-Breaker Rule applied, indicating likely convergence.",Continue,50,2.9803900718688965,1
vasp-data-files/101111000101001110100000/OSZICAR,1,77,1,9,"Monotonic decrease in rms(c) and dE towards small values, consistent with convergence criteria.",Continue,50,2.4679715633392334,1
vasp-data-files/101100101100000110001110/OSZICAR,1,65,1,8,"Initial wild oscillations but eventual monotonic decrease in rms(c) and dE towards small values, following the Expert's Tie-Breaker Rule indicating convergence.",Continue,50,2.6798911094665527,1
vasp-data-files/100011110110111010100000/OSZICAR,1,89,1,8,"Initial large oscillations in dE, but rms(c) shows an overall decreasing trend, eventually stabilizing at small values, indicating convergence according to the Expert's Tie-Breaker Rule.",Continue,50,2.5640909671783447,1
vasp-data-files/111101011101000110100110/OSZICAR,0,200,0,9,Large oscillations in dE and stagnation of rms(c) at high values indicate divergence,Kill,50,3.03333044052124,1
vasp-data-files/110100001001001111000001/OSZICAR,0,200,0,9,"rms(c) values show no consistent downward trend and remain high, indicating divergence; dE also exhibits large fluctuations without settling, further supporting divergence.",Kill,50,2.3136141300201416,1
vasp-data-files/101101001101111100101000/OSZICAR,1,59,1,9,"Monotonic decrease in dE and rms(c) values, with rms(c) approaching small values, indicating clear convergence.",Continue,50,2.2155027389526367,1
vasp-data-files/101001010101111010000110/OSZICAR,1,80,1,8,"Large initial oscillations but rms(c) shows a clear downward trend after step 12, eventually stabilizing at small values, indicating convergence.",Continue,50,2.4146928787231445,1
vasp-data-files/101001001110010011011111/OSZICAR,1,56,1,8,"Initial large oscillations in dE, but rms(c) shows an overall decreasing trend, eventually stabilizing at small values, indicating convergence.",Continue,50,2.47253680229187,1
vasp-data-files/111100100000110110111001/OSZICAR,1,157,1,7,"dE shows large oscillations but rms(c) steadily decreases after step 10, indicating damped oscillatory convergence",Continue,50,2.3614342212677,1
vasp-data-files/101110001111110011011011/OSZICAR,1,80,1,8,"The overall trend of the energy change (dE) and charge density residual (rms(c)) show a decreasing pattern, indicating convergence. Although there are oscillations, the macro-trend suggests that the system is converging.",Continue,50,3.6978917121887207,1
vasp-data-files/101010010011001101111101/OSZICAR,1,66,1,9,"The overall trend of the energy change (dE) and charge density residual (rms(c)) show a decreasing pattern, with dE and rms(c) values approaching smaller numbers, indicating convergence.",Continue,50,3.901850938796997,1
vasp-data-files/101001111110100111011111/OSZICAR,1,94,1,7,"Large initial oscillations but rms(c) shows an overall decreasing trend, eventually stabilizing at low values.",Continue,50,2.468813419342041,1
vasp-data-files/110100111010001000011111/OSZICAR,1,64,1,8,Initial wild oscillations but eventual monotonic decrease in rms(c) and dE approaching small values,Continue,50,2.775801181793213,1
vasp-data-files/101111000110011100100100/OSZICAR,0,200,1,8,"The overall trend of the energy change (dE) and charge density residual (rms(c)) show a decreasing pattern, although with some oscillations. The values of dE and rms(c) are getting smaller, indicating that the system is converging. However, the convergence is not smooth, and there are some fluctuations. Despite this, the long-term trend suggests that the system is moving towards convergence.",Continue,50,4.8256566524505615,1
vasp-data-files/100110011100000111011100/OSZICAR,0,200,0,8,"Large oscillations in dE and rms(c) values show no consistent downward trend, indicating divergence; rms(c) stagnates at high values around 0.6-0.7, confirming divergence.",Kill,50,2.9789278507232666,1
vasp-data-files/101111001000100011010111/OSZICAR,1,102,1,8,"Initial large fluctuations in dE and rms(c) but macro-trend of rms(c) shows overall decrease, eventually stabilizing at small values.",Continue,50,3.0827295780181885,1
vasp-data-files/110010010011010000101000/OSZICAR,1,93,1,8,"Initial wild oscillations in dE and high rms(c) values, but macro-trend of rms(c) shows overall decrease from step 15 onwards, eventually stabilizing at low values, indicating likely convergence.",Continue,50,3.288385391235352,1
vasp-data-files/100001111100010010011110/OSZICAR,1,148,1,7,"Large initial oscillations in dE, but rms(c) shows an overall decreasing trend, indicating a likely convergence despite some fluctuations.",Continue,50,2.673658609390259,1
vasp-data-files/110000111011001111011011/OSZICAR,0,200,1,8,"The overall trend of the energy change (dE) and the residual charge density (rms) show a decreasing pattern, with some fluctuations. The values of dE and rms(c) tend to stabilize, although not perfectly monotonically. The absence of a clear, persistent oscillation and the overall downward trend suggest convergence.",Continue,50,3.697152853012085,1
vasp-data-files/100011110110011101011111/OSZICAR,1,95,1,8,"The overall trend of the energy change (dE) and charge density residual (rms(c)) show a decreasing pattern, although with some oscillations. The values of dE and rms(c) tend to decrease, but with fluctuations. Despite the oscillations, the overall trend suggests convergence.",Continue,50,3.9017491340637207,1
vasp-data-files/101011010101011010110110/OSZICAR,1,61,1,8,"The 'dE' values show large oscillations but eventually dampen, and the 'rms(c)' values exhibit a clear overall downward trend, indicating convergence according to the Expert's Tie-Breaker Rule.",Continue,50,3.803922414779663,1
vasp-data-files/101011110000111111101101/OSZICAR,1,124,1,8,Initial wild oscillations in dE and rms(c) but macro-trend of rms(c) shows overall decrease; later steps show steady decrease in rms(c) and dE towards small values,Continue,50,3.030442714691162,1
vasp-data-files/111110001101110001100000/OSZICAR,0,200,0,8,"Large oscillations in dE and rms(c) values with no clear downward trend, Expert's Tie-Breaker Rule indicates divergence due to stagnating rms(c) values.",Kill,50,2.8226630687713623,1
vasp-data-files/111010101111100011110111/OSZICAR,1,119,1,8,"The overall trend of the energy change (dE) and charge density residual (rms) show a decreasing pattern, indicating convergence. Although there are oscillations, the long-term trend suggests that the system is moving towards convergence.",Continue,50,3.9020180702209473,1
vasp-data-files/111110001100010000101110/OSZICAR,1,116,1,8,"The overall trend of the energy change (dE) and charge density residual (rms(c)) show a decreasing pattern, although with oscillations. The values of dE and rms(c) tend to decrease, and no clear indication of divergence is observed, suggesting convergence.",Continue,50,4.007893085479736,1
vasp-data-files/111110000000111100100000/OSZICAR,1,155,1,7,"Despite initial oscillations, the macro-trend of rms(c) shows a general decrease, indicating a likely convergence, although with moderate confidence due to some fluctuations.",Continue,50,2.974658489227295,1
vasp-data-files/110101101100011001010011/OSZICAR,1,156,0,9,"Large oscillations in dE and rms(c) values show no consistent downward trend, indicating divergence. The Expert's Tie-Breaker Rule supports this, as rms(c) stagnates and oscillates without a clear decrease.",Kill,50,2.877479553222656,1
vasp-data-files/111111000100011000100100/OSZICAR,1,86,1,8,"Large initial oscillations but rms(c) shows a clear downward trend after step 15, eventually approaching small values, indicating convergence.",Continue,50,2.7745254039764404,1
vasp-data-files/101011010101111110100000/OSZICAR,1,74,1,8,"Despite initial oscillations, the macro-trend of `rms(c)` shows a clear and consistent decrease towards small values, indicating convergence according to the Expert's Tie-Breaker Rule.",Continue,50,3.0829014778137207,1
vasp-data-files/101110101100010000111110/OSZICAR,0,200,0,8,"Large oscillations in dE and rms(c) values with no clear downward trend, especially rms(c) stagnates and shows high values indicating divergence",Kill,50,3.183408498764038,1
vasp-data-files/101111000001100010100001/OSZICAR,1,91,1,8,"The overall trend of the energy change (dE) and charge density residual (rms(c)) show a decreasing pattern, although with some oscillations. The values of dE and rms(c) are getting smaller, indicating that the calculation is converging. However, the oscillations suggest that it might take more steps to fully converge. The absence of a clear, smooth decrease in both dE and rms(c) prevents a higher confidence score.",Continue,50,4.414217472076416,1
vasp-data-files/101100000110111001000010/OSZICAR,1,91,1,8,"The rms(c) values show an overall decreasing trend, with some oscillations, but eventually settle down to small values, indicating convergence; dE values also show oscillations but with a general trend towards smaller changes, supporting convergence.",Continue,50,2.7747299671173096,1
vasp-data-files/110110101000101111100011/OSZICAR,1,197,1,8,"The overall trend of the energy change (dE) and charge density residual (rms(c)) show a decreasing pattern, indicating convergence. Although there are oscillations, the long-term trend suggests that the system is moving towards convergence.",Continue,50,3.4925217628479004,1
vasp-data-files/111111000001010100101000/OSZICAR,1,59,1,9,"Monotonic decrease in rms(c) and dE towards small absolute values,符合收敛标准。",Continue,50,2.2644433975219727,1
vasp-data-files/100001111100010010111110/OSZICAR,1,194,1,7,"dE shows large oscillations but rms(c) has an overall decreasing trend, indicating likely convergence according to the Expert's Tie-Breaker Rule.",Continue,50,3.1827263832092285,1
vasp-data-files/101101000100011010011110/OSZICAR,1,102,1,8,"The overall trend of the energy change (dE) and the charge density residual (rms(c)) show a decreasing pattern, indicating convergence. Although there are oscillations, the long-term trend suggests that the system is moving towards a stable state, which is a characteristic of convergence.",Continue,50,4.202643156051636,1
vasp-data-files/100001000101111011011110/OSZICAR,1,100,1,8,"Initial oscillations but overall macro-trend of rms(c) shows a clear decrease, indicating eventual convergence despite some fluctuations in dE and rms(c) values.",Continue,50,3.001208066940308,1
vasp-data-files/111011010111111010100100/OSZICAR,1,66,1,8,"Initial wild oscillations but rms(c) shows a clear downward trend after step 15, eventually approaching small values <1.0E-02, indicating likely convergence.",Continue,50,3.584486722946167,1
vasp-data-files/100001010111000001101110/OSZICAR,1,69,1,8,"Initial wild oscillations but eventual smooth decrease in rms(c) and dE towards small values, following the Expert's Tie-Breaker Rule indicating convergence.",Continue,50,2.564805746078491,1
vasp-data-files/100010111000111100100101/OSZICAR,1,145,1,7,"Large initial oscillations in dE, but rms(c) shows an overall decreasing trend, indicating a potential for convergence despite some fluctuations.",Continue,50,2.772752046585083,1
vasp-data-files/111110000100111010101010/OSZICAR,1,141,0,9,"Large oscillations in dE and rms(c) values show no consistent decreasing trend, indicating divergence. The Expert's Tie-Breaker Rule supports this as rms(c) stagnates and oscillates without a clear downward direction.",Kill,50,2.365213632583618,1
vasp-data-files/101110100000001000111110/OSZICAR,1,67,1,8,"Initial wild oscillations but macro-trend of rms(c) shows overall decrease from step 15 onwards, eventually stabilizing at small values.",Continue,50,2.773725748062134,1
vasp-data-files/100010111011110101000001/OSZICAR,0,200,0,9,Large oscillations in dE and rms(c) stagnates at high values indicating divergence,Kill,50,2.1577579975128174,1
vasp-data-files/111110000000111000100100/OSZICAR,0,200,1,8,"The overall trend of the energy change (dE) and the residual charge density (rms) show a decreasing pattern, indicating convergence. Although there are some fluctuations, the macro-trend suggests that the system is approaching a stable state, which is a characteristic of convergence.",Continue,50,3.287116050720215,1
vasp-data-files/100011111110010010011110/OSZICAR,1,170,1,8,"Initial wild oscillations in dE and rms(c) but macro-trend of rms(c) shows overall decrease, eventually stabilizing at small values.",Continue,50,2.878015518188477,1
vasp-data-files/101000101011110011010101/OSZICAR,1,53,1,8,"The rms(c) values show an overall decreasing trend, with some oscillations, but eventually approach small values, indicating convergence; dE also shows a trend towards smaller absolute values.",Continue,50,2.3640735149383545,1
vasp-data-files/100001001111000001011111/OSZICAR,1,65,1,8,"Initial oscillations but overall downward trend in rms(c) and dE approaching small values, with rms(c) showing a clear decrease towards convergence thresholds.",Continue,50,2.33958387374878,1
vasp-data-files/101001001100111011001101/OSZICAR,1,58,1,9,"The rms(c) values show a clear and consistent decreasing trend towards small values, and dE also decreases monotonically after initial fluctuations, indicating convergence.",Continue,50,2.3890249729156494,1
vasp-data-files/111001110001110010110001/OSZICAR,1,65,1,8,"The 'dE' values show large fluctuations but 'rms(c)' steadily decreases, indicating a macro-trend towards convergence following the Expert's Tie-Breaker Rule.",Continue,50,2.5716848373413086,1
vasp-data-files/111110001001011110110001/OSZICAR,1,72,1,8,"The overall trend of the energy change (dE) and charge density residual (rms(c)) show a decreasing pattern, with some oscillations. However, the values are eventually decreasing and getting smaller, indicating convergence.",Continue,50,4.378997325897217,1
vasp-data-files/111100000001110000100000/OSZICAR,1,79,1,8,"The overall trend of the energy change (dE) and the residual charge density (rms) show a decreasing pattern, with some fluctuations. The values of dE and rms are getting smaller, indicating that the calculation is converging. However, the fluctuations and the magnitude of the changes suggest a cautious interpretation. Despite some oscillations, the overall trend suggests convergence.",Continue,50,3.422391891479492,1
vasp-data-files/101101000100001011000011/OSZICAR,1,168,1,8,"The overall trend of the energy change (dE) and charge density residual (rms(c)) show a decreasing pattern, although with oscillations. The values of dE and rms(c) are getting smaller, indicating that the calculation is converging. However, the convergence is not smooth and has significant oscillations, which prevents a higher confidence score.",Continue,50,3.5994694232940674,1
vasp-data-files/101100000000110110100000/OSZICAR,1,66,1,8,"Initial wild oscillations but overall macro-trend of rms(c) shows downward damping indicating eventual convergence, with dE also trending towards smaller values.",Continue,50,2.4568095207214355,1
vasp-data-files/110110101111001101111100/OSZICAR,0,200,1,8,"Initial oscillations but overall downward trend in rms(c) and dE, eventually stabilizing at small values indicating convergence",Continue,50,3.802106380462648,1
vasp-data-files/101001001111110111100101/OSZICAR,1,101,1,8,"Initial oscillations in dE and rms(c) but macro-trend of rms(c) shows overall decrease, dE also tends to decrease and stabilize below 1.0E-03 indicating likely convergence",Continue,50,3.1845147609710693,1
vasp-data-files/100011110010001010010101/OSZICAR,1,76,1,8,"Initial large oscillations in dE, but rms(c) shows an overall decreasing trend, eventually stabilizing at small values, indicating convergence.",Continue,50,2.447640180587769,1
vasp-data-files/111100000101111111100000/OSZICAR,1,63,1,8,"The overall trend of the energy change (dE) and charge density residual (rms(c)) show a decreasing pattern, with some fluctuations. The values of dE and rms(c) tend to decrease, and no strong oscillations or divergence are observed, indicating a converging behavior.",Continue,50,4.1393561363220215,1
vasp-data-files/110100101100101110100011/OSZICAR,1,141,0,8,"Large oscillations in dE and rms(c) values show no clear downward trend, with rms(c) stagnating around 0.2-0.3, indicating divergence.",Kill,50,2.611802577972412,1
vasp-data-files/110110000011010000111100/OSZICAR,1,126,1,8,"The overall trend of the energy change (dE) and the residual charge density (rms) show a decreasing pattern, indicating convergence. Although there are some fluctuations, the macro-trend suggests that the system is approaching convergence.",Continue,50,3.432660818099976,1
vasp-data-files/110011110100000011011101/OSZICAR,1,131,1,8,"The overall trend of the energy change (dE) and the charge density residual (rms(c)) show a decreasing pattern, although with some oscillations. The values of dE and rms(c) are getting smaller, indicating that the calculation is converging. The absence of persistent oscillations or a significant increase in these values suggests a stable convergence.",Continue,50,4.4120824337005615,1
vasp-data-files/100001110010011010010111/OSZICAR,1,75,1,8,"The overall trend of the energy change (dE) and the residual charge density (rms) show a decreasing pattern, with some fluctuations. The values of dE and rms(c) decrease significantly over the steps, indicating a converging behavior. The absence of persistent oscillations or stagnation at a high level suggests that the calculation is converging.",Continue,50,4.196690797805786,1
vasp-data-files/111100001101111010100000/OSZICAR,0,200,0,8,"Large oscillations in dE and rms(c) values with no clear downward trend, indicating divergence; Expert's Tie-Breaker Rule supports this due to stagnating and oscillating rms(c) values.",Kill,50,3.298201084136963,1
vasp-data-files/101010001100011000000111/OSZICAR,1,105,1,8,,Continue,50,4.107663154602051,1
vasp-data-files/111010010100011100100010/OSZICAR,1,130,1,8,"The overall trend of the energy change (dE) and charge density residual (rms) show a decreasing pattern, with some fluctuations. The values of dE and rms are getting smaller, indicating that the calculation is converging. The oscillations in the dE values are damped over time, and the rms values also show a general decrease, suggesting that the system is approaching convergence.",Continue,50,3.798126697540283,1
vasp-data-files/101001010101011110100000/OSZICAR,1,131,1,8,"Initial wild oscillations but eventual monotonic decrease in rms(c) and dE towards small values, indicating convergence.",Continue,50,2.711631298065185,1
vasp-data-files/101001011100111010100010/OSZICAR,0,200,0,9,"Large oscillations in dE and rms(c) values with no clear downward trend, indicating divergence.",Kill,50,2.4084291458129883,1
vasp-data-files/101011011110100110110110/OSZICAR,1,116,1,8,"Large initial oscillations in dE and rms(c) but macro-trend of rms(c) shows overall decrease, eventually stabilizing at low values.",Continue,50,2.89520263671875,1
vasp-data-files/101000010111100101110111/OSZICAR,0,200,0,8,"Large oscillations in dE and rms(c) values show no clear downward trend, indicating divergence, with rms(c) stagnating at high values.",Kill,50,2.5792057514190674,1
vasp-data-files/110110101000111110101001/OSZICAR,1,127,1,8,"The overall trend of the energy change (dE) and the residual charge density (rms) show a decreasing pattern, indicating convergence. Although there are some fluctuations, the values tend to decrease, suggesting that the system is approaching a stable state.",Continue,50,3.845566272735596,1
vasp-data-files/110011010111000011110101/OSZICAR,1,82,1,8,"The dE values show oscillations but overall decrease, and rms(c) steadily decreases from step 10 onwards, indicating a trend towards convergence; despite some fluctuations, the macro-trend of rms(c) is downwards, suggesting eventual convergence.",Continue,50,2.508335828781128,1
vasp-data-files/100100010110111000000110/OSZICAR,1,103,1,8,"Initial large oscillations in dE, but rms(c) shows an overall decreasing trend, especially after step 20, indicating a ""fighting"" system that is likely to converge.",Continue,50,38.82003831863403,1
vasp-data-files/101001111100100011011111/OSZICAR,1,111,1,8,"The rms(c) values show an overall decreasing trend, with some oscillations, but eventually approach a small value, indicating convergence; dE also shows oscillations but with a general trend towards smaller values.",Continue,75,5.151006698608398,2
vasp-data-files/111100000100110010100000/OSZICAR,1,75,1,8,"Initial large oscillations in dE, but rms(c) shows an overall decreasing trend, eventually stabilizing at small values, indicating convergence.",Continue,50,3.0193018913269043,1
vasp-data-files/100001111101001001011111/OSZICAR,0,200,1,8,"The overall trend of the energy change (dE) and charge density residual (rms(c)) show a decreasing pattern, indicating convergence. Although there are oscillations, the long-term trend suggests that the system is moving towards a stable state.",Continue,50,3.4489738941192627,1
vasp-data-files/101001010101111110000000/OSZICAR,1,69,1,8,"Initial wild oscillations but rms(c) shows a clear macro-trend of continuous decrease after step 10, eventually stabilizing below 0.1, indicating damped oscillatory convergence.",Continue,50,2.7973105907440186,1
vasp-data-files/111011110001110100110110/OSZICAR,1,77,1,8,"The overall trend of the energy change (dE) and charge density residual (rms(c)) show a decreasing pattern, with some oscillations. The values of dE and rms(c) are getting smaller, indicating that the calculation is converging. However, the convergence is not smooth, and there are some fluctuations. Despite this, the long-term trend suggests that the system is moving towards convergence.",Continue,50,3.980255603790283,1
vasp-data-files/100110100000001100111101/OSZICAR,0,200,0,9,Large oscillations in dE and rms(c) stagnates at high values indicating divergence,Kill,50,2.1590352058410645,1
vasp-data-files/100101000001010010011110/OSZICAR,1,98,1,7,"Despite large initial oscillations in `dE`, the `rms(c)` shows an overall decreasing trend, eventually stabilizing at small values, indicating likely convergence.",Continue,50,3.0815117359161377,1
vasp-data-files/101101000101000010111110/OSZICAR,0,200,0,9,"dE and rms(c) show persistent oscillations and no clear downward trend, with rms(c) stagnating at high values indicating divergence",Kill,50,3.06730318069458,1
vasp-data-files/110111101101001000111100/OSZICAR,1,148,1,7,"Large initial oscillations in dE, but rms(c) shows an overall decreasing trend, indicating a ""Fighter"" case that is likely to converge despite the noisy behavior.",Continue,50,2.2741405963897705,1
vasp-data-files/111101000101011101101000/OSZICAR,1,66,1,8,"Initial large oscillations in dE and rms(c) but macro-trend of rms(c) shows overall decrease, eventually approaching small values, indicating convergence.",Continue,50,2.977944612503052,1
vasp-data-files/101101000101000011101101/OSZICAR,0,200,1,8,"The overall trend of the data points indicates a decrease in the value of the objective function, suggesting convergence. However, the fluctuations are significant, and careful examination is required to ascertain the exact behavior.",Continue,100,9.580123901367188,3
vasp-data-files/111110011001110111110001/OSZICAR,1,58,1,8,"Initial wild oscillations but overall macro-trend of rms(c) shows a clear and consistent decrease towards small values, eventually stabilizing below 0.1, indicating convergence.",Continue,50,2.7492353916168213,1
vasp-data-files/101001010111101011011111/OSZICAR,1,62,1,8,"Large initial oscillations but eventual monotonic decrease in rms(c) and dE towards small values, indicating convergence.",Continue,50,2.6935360431671143,1
vasp-data-files/111110010001110000111000/OSZICAR,1,156,1,7,"Initial oscillations but overall downward trend in rms(c) with some fluctuations, eventually stabilizing at lower values, indicating likely convergence.",Continue,50,2.7717716693878174,1
vasp-data-files/111011110101101000110010/OSZICAR,1,98,1,8,Initial oscillations but rms(c) shows overall decreasing trend and eventually stabilizes at low values.,Continue,50,2.5688483715057373,1
vasp-data-files/101011010101011010100110/OSZICAR,1,72,1,8,"Initial oscillations but rms(c) shows a clear downward trend, eventually stabilizing at small values, indicating convergence.",Continue,50,2.364753246307373,1
vasp-data-files/100001110101011001010011/OSZICAR,1,75,1,8,"Initial wild oscillations but eventual smooth decrease in rms(c) and dE towards small values, indicating damped oscillatory convergence.",Continue,50,4.106842279434204,1
vasp-data-files/111011110001110000100110/OSZICAR,1,55,1,8,"The overall trend of the energy change (dE) and the charge density residual (rms(c)) show a decreasing pattern, although with some oscillations. The values of dE and rms(c) are getting smaller, indicating that the calculation is converging. The oscillations are present but the overall trend suggests that the system is moving towards convergence.",Continue,50,4.30781364440918,1
vasp-data-files/110110100100001100111100/OSZICAR,1,127,1,8,"Initial wild oscillations in dE and rms(c) but macro-trend of rms(c) shows overall decrease; Expert's Tie-Breaker Rule applied, indicating likely convergence.",Continue,50,2.8766088485717773,1
vasp-data-files/100111100100111010100011/OSZICAR,1,79,1,8,"Initial oscillations but rms(c) shows a macro-trend of steady decrease, especially after step 30, indicating eventual convergence",Continue,50,2.668826103210449,1
vasp-data-files/101001010101111010100100/OSZICAR,1,138,1,8,"The overall trend of the energy change (dE) and the residual (rms) show a decreasing pattern, with some fluctuations. The values of dE and rms are generally decreasing, and there are no strong oscillations that would indicate divergence. The data points suggest a converging trend, although it is somewhat noisy.",Continue,50,4.5142903327941895,1
vasp-data-files/101000010110110001010100/OSZICAR,0,200,1,8,"The overall trend of the energy change (dE) and charge density residual (rms) show a decreasing pattern, indicating convergence. Although there are some fluctuations, the macro-trend suggests that the system is moving towards convergence.",Continue,50,3.289170980453491,1
vasp-data-files/111000011111001011010011/OSZICAR,0,200,1,8,"The overall trend of the energy change (dE) and charge density residual (rms(c)) indicate a converging behavior, with damped oscillations and a steady decrease in the residual values, suggesting that the system is approaching convergence.",Continue,50,3.230048894882202,1
vasp-data-files/110101100010001101011001/OSZICAR,1,76,1,8,"The overall trend of the energy change (dE) and the residual charge density (rms) show a decreasing pattern, with some fluctuations. The values of dE and rms are getting smaller, indicating that the calculation is converging. The absence of significant oscillations or divergence signs supports this conclusion.",Continue,50,3.441692352294922,1
vasp-data-files/100001110111111011010111/OSZICAR,1,63,1,8,"The dE values show oscillations but overall decrease, and rms(c) exhibits a clear downward trend, especially after step 20, indicating convergence according to the Expert's Tie-Breaker Rule.",Continue,50,2.3816325664520264,1
vasp-data-files/110110111001001000110010/OSZICAR,1,117,1,8,"The overall trend of the energy change (dE) and charge density residual (rms(c)) show a decreasing pattern, although with oscillations. The values of dE and rms(c) are getting smaller, indicating that the system is converging. However, the convergence is not smooth and has significant oscillations, which prevents a higher confidence score.",Continue,50,3.441075801849365,1
vasp-data-files/111100000101010100100001/OSZICAR,1,151,1,8,"The overall trend of the energy change (dE) and charge density residual (rms(c)) show a decreasing pattern, although with oscillations. The values of dE and rms(c) tend to decrease, and no significant oscillations or stagnation are observed, indicating a converging behavior.",Continue,50,3.262613296508789,1
vasp-data-files/101011011100110010010111/OSZICAR,0,200,0,8,"Large oscillations in dE and rms(c) values with no clear downward trend, especially after step 10, indicating divergence; Expert's Tie-Breaker Rule supports this due to stagnating and oscillating rms(c) values.",Kill,50,2.953906774520874,1
vasp-data-files/111101000100111010100000/OSZICAR,1,75,1,8,"Initial wild oscillations but rms(c) shows overall downward trend and eventually settles below 0.1, indicating likely convergence.",Continue,50,2.543269395828247,1
vasp-data-files/111011100111011111010111/OSZICAR,1,126,1,7,"Initial large oscillations in dE and rms(c) but macro-trend of rms(c) shows overall decrease, indicating likely convergence despite noisy behavior.",Continue,50,2.668462038040161,1
vasp-data-files/110000111101111011010001/OSZICAR,1,70,1,8,"Initial oscillations in dE and rms(c) but overall macro-trend of rms(c) shows a clear downward trend, eventually reaching small values, indicating convergence.",Continue,50,2.5969412326812744,1
vasp-data-files/101100000001100111000001/OSZICAR,1,77,1,8,"The overall trend of the energy change (dE) and the residual charge density (rms) show a decreasing pattern, with some fluctuations. The values of dE and rms are getting smaller, indicating that the calculation is converging. The absence of persistent oscillations or stagnation further supports this prediction.",Continue,50,3.657471656799317,1
vasp-data-files/111001010111111000010000/OSZICAR,0,200,1,8,"The overall trend of the energy change (dE) and the residual charge density (rms) show a decreasing pattern, with some fluctuations. The values of dE and rms are getting smaller, indicating that the calculation is converging. However, the fluctuations suggest that it may not be a smooth convergence.",Continue,50,4.213791608810425,1
vasp-data-files/111110000100110100100000/OSZICAR,1,55,1,8,"Initial large oscillations in dE and rms(c) but macro-trend of rms(c) shows overall decrease, eventually stabilizing at low values, indicating damped oscillatory convergence.",Continue,50,2.664979696273804,1
vasp-data-files/100010001111111111111010/OSZICAR,0,200,1,7,"Initial wild oscillations but macro-trend of rms(c) shows overall decrease; dE fluctuations diminish over time, indicating likely convergence",Continue,50,2.674562454223633,1
vasp-data-files/100000111010000101111111/OSZICAR,1,62,1,8,"The overall trend of the energy change (dE) and charge density residual (rms(c)) show a decreasing pattern, indicating convergence. Although there are oscillations, the macro-trend suggests that the system is converging.",Continue,50,3.591554641723633,1
vasp-data-files/100010101011000001011111/OSZICAR,0,200,1,7,"Despite initial oscillations, the macro-trend of rms(c) shows a general decrease, indicating a likely convergence, although with moderate confidence due to some fluctuations.",Continue,50,2.6675918102264404,1
vasp-data-files/110100001111001001011101/OSZICAR,1,76,1,8,"The overall trend of the energy change (dE) and the residual charge density (rms) show a decreasing pattern, with some fluctuations. The values of dE and rms are getting smaller, indicating that the system is converging. However, the fluctuations suggest that it may not be a straightforward convergence. The data indicates a damped oscillatory behavior but with a trend that suggests eventual convergence.",Continue,50,5.230768203735352,1
vasp-data-files/101100000101100111000000/OSZICAR,1,107,1,8,Initial wild oscillations but eventual monotonic decrease in rms(c) and dE towards small values indicating convergence,Continue,50,2.465529680252075,1
vasp-data-files/111100001101011011110110/OSZICAR,1,98,1,8,"The overall trend of the energy change (dE) and charge density residual (rms(c)) show a decreasing pattern, although with oscillations. The values of dE and rms(c) tend to decrease, and no clear stagnation or divergence is observed, indicating a converging behavior.",Continue,50,3.795143604278565,1
vasp-data-files/101111001100010010100010/OSZICAR,1,124,1,8,"Initial large oscillations in dE, but rms(c) shows an overall decreasing trend, especially after step 10, indicating a ""Fighter"" case that is likely to converge.",Continue,50,2.4425268173217773,1
vasp-data-files/100110100010000101011001/OSZICAR,1,53,1,8,"The overall trend of the energy change (dE) and the residual charge density (rms and rms(c)) show a decreasing pattern, indicating convergence. Although there are oscillations, the values tend to stabilize, suggesting that the calculation is converging.",Continue,50,3.616021156311035,1
vasp-data-files/110110101000011100100000/OSZICAR,1,73,1,8,"The overall trend of the energy change (dE) and the residual charge density (rms) show a decreasing pattern, with some fluctuations. The values of dE and rms are getting smaller, indicating that the calculation is converging. The absence of significant oscillations or divergence signs supports this conclusion.",Continue,50,3.893001794815064,1
vasp-data-files/101111010101001111101011/OSZICAR,1,115,1,8,"The overall trend of the energy change (dE) and charge density residual (rms(c)) show a decreasing pattern, with some fluctuations. The values of dE and rms(c) tend to decrease, with dE reaching smaller values and rms(c) also showing a decreasing trend, indicating convergence.",Continue,50,4.519440650939941,1
vasp-data-files/100000010111101001010111/OSZICAR,0,200,1,8,"The overall trend of the energy change (dE) and charge density residual (rms(c)) show a decreasing pattern, with some oscillations. The values of dE and rms(c) are getting smaller, indicating that the calculation is converging. However, the convergence is not smooth, and there are some fluctuations. Despite this, the long-term trend suggests that the system is moving towards convergence.",Continue,50,4.310161590576172,1
vasp-data-files/111010101001110101110100/OSZICAR,1,104,1,8,"The overall trend of the energy change (dE) and the residual charge density (rms) show a decreasing pattern, with some fluctuations. The values of dE and rms(c) tend to decrease, with some oscillations. However, the oscillations decrease and the values tend to stabilize, indicating a converging behavior.",Continue,50,5.332341909408569,1
vasp-data-files/101001010101111010100110/OSZICAR,1,82,1,8,"The overall trend of the energy change (dE) and the residual charge density (rms) show a decreasing pattern, indicating convergence. The values of dE and rms are getting smaller, and there are no significant oscillations that would indicate divergence. The data points show a smooth decrease in the energy and residual values, suggesting that the calculation is converging.",Continue,50,4.541501760482788,1
vasp-data-files/111110001100011010100011/OSZICAR,1,94,1,8,"The overall trend of the energy change (dE) and the residual charge density (rms) show a decreasing pattern, with some fluctuations. The values of dE and rms are getting smaller, indicating that the system is converging. However, the fluctuations and the magnitude of the changes suggest a cautious interpretation, leading to a moderately high confidence level.",Continue,50,3.667615652084351,1
vasp-data-files/101010001100011010010111/OSZICAR,1,61,1,8,"Initial wild oscillations but eventual smooth decrease in rms(c) and dE towards small values, following the Expert's Tie-Breaker Rule indicating convergence.",Continue,50,2.7291321754455566,1
vasp-data-files/110000101010001110011011/OSZICAR,0,200,1,7,"Initial wild oscillations in dE and rms(c) but macro-trend of rms(c) shows overall decrease; Expert's Tie-Breaker Rule applied, indicating likely convergence.",Continue,50,2.541572570800781,1
vasp-data-files/111101010101110000101000/OSZICAR,1,51,1,9,Monotonic decrease in dE and rms(c) values reaching convergence thresholds,Continue,50,2.36976170539856,1
vasp-data-files/101100000000111100100000/OSZICAR,1,52,1,8,"The overall trend of the energy change (dE) and the residual charge density (rms) show a decreasing pattern, indicating convergence. The values of dE and rms(c) decrease significantly and stabilize, suggesting that the calculation is converging.",Continue,50,3.5390608310699463,1
vasp-data-files/101011010101000010111110/OSZICAR,0,200,0,9,"rms(c) values show no consistent downward trend and remain high, dE values also show large oscillations and fail to converge below thresholds.",Kill,50,2.4760582447052,1
vasp-data-files/111100000101110000100000/OSZICAR,1,102,1,8,"The overall trend of the energy change (dE) and the residual charge density (rms) show a decreasing pattern, with some fluctuations. The values of dE and rms are getting smaller, indicating that the calculation is converging. The absence of significant oscillations or divergence signs supports this conclusion.",Continue,50,4.207166433334351,1
vasp-data-files/101111100101000010111111/OSZICAR,0,200,0,9,"Large oscillations in dE and rms(c) values show no overall downward trend, indicating divergence.",Kill,75,4.73816180229187,2
vasp-data-files/101101000101011010100110/OSZICAR,1,58,1,9,"Monotonic decrease in rms(c) and dE towards small absolute values,符合收敛标准。",Continue,50,3.1851682662963867,1
vasp-data-files/101001110101111010010110/OSZICAR,1,115,1,8,"The rms(c) values show an overall decreasing trend, with some oscillations, but eventually stabilize at small values, indicating convergence; dE values also show oscillations but with a general trend towards smaller changes, supporting convergence.",Continue,50,2.463933229446411,1
vasp-data-files/110100111100111101010001/OSZICAR,1,140,1,7,"Large initial oscillations in dE, but rms(c) shows an overall decreasing trend, indicating a ""Fighter"" case that likely converges despite noisy behavior.",Continue,50,2.1572654247283936,1
vasp-data-files/101101001101001101000111/OSZICAR,0,200,1,8,"The overall trend of the energy change (dE) and charge density residual (rms(c)) show a decreasing pattern, although with oscillations. The values of dE and rms(c) tend to stabilize, with some fluctuations. The absence of a clear, persistent increase or erratic behavior suggests a converging trend, albeit with some noise.",Continue,50,4.681890487670898,1
vasp-data-files/100111100001100010100001/OSZICAR,1,78,1,8,Initial large oscillations in dE and rms(c) but macro-trend of rms(c) shows overall decrease; Expert's Tie-Breaker Rule supports convergence due to downward trend in rms(c) despite noisy dE values.,Continue,50,2.913607597351074,1
vasp-data-files/101111000101111110100000/OSZICAR,1,62,1,8,"The dE values show large oscillations but eventually dampen, and the rms(c) values exhibit a clear overall downward trend, indicating convergence according to the Expert's Tie-Breaker Rule.",Continue,50,4.613816261291504,1
vasp-data-files/110011111110110011001001/OSZICAR,1,63,1,9,"Monotonic decrease in rms(c) and dE towards small absolute values,符合收敛标准",Continue,50,2.5721678733825684,1
vasp-data-files/101100000101010000111100/OSZICAR,1,75,1,8,"The rms(c) values show an overall decreasing trend, with some oscillations, but eventually approach small values, indicating likely convergence.",Continue,50,2.9700920581817627,1
vasp-data-files/101011110000111110100101/OSZICAR,1,133,0,9,"Large oscillations in dE and rms(c) values show no consistent downward trend, indicating divergence.",Kill,50,2.874539613723755,1
vasp-data-files/111110110101000101010101/OSZICAR,0,200,1,8,"The overall trend of the energy change (dE) and the residual charge density (rms) show a decreasing pattern, indicating convergence. Although there are some fluctuations, the values tend to stabilize, suggesting that the calculation is converging.",Continue,50,3.694793224334717,1
vasp-data-files/100111001011101101101000/OSZICAR,0,200,1,8,"The overall trend of the energy change (dE) and charge density residual (rms) show a decreasing pattern, although with oscillations. The values of dE and rms are getting smaller, indicating that the system is converging. However, the convergence is not smooth, and there are still some oscillations. The final values of dE and rms are relatively small, suggesting that the system is approaching a stable state. Therefore, I predict that the system will converge.",Continue,50,3.6918554306030273,1
vasp-data-files/101011110101111010011110/OSZICAR,1,160,1,8,"Initial wild oscillations in dE and high rms(c) values, but rms(c) shows a clear and consistent decreasing trend, eventually reaching small values, indicating convergence according to the Expert's Tie-Breaker Rule.",Continue,50,4.205556869506836,1
vasp-data-files/100101011111111001001100/OSZICAR,0,200,1,8,"Initial large oscillations in dE and rms(c) but overall macro-trend of rms(c) shows a clear downward trend, eventually stabilizing at small values.",Continue,50,2.5670669078826904,1
vasp-data-files/100001111011111110101100/OSZICAR,1,79,1,8,"The overall trend of the energy change (dE) and charge density residual (rms) show a decreasing pattern, indicating convergence. The values of dE and rms are getting smaller, suggesting that the calculation is stabilizing.",Continue,50,2.8774993419647217,1
vasp-data-files/101000010101000011010111/OSZICAR,0,200,1,8,"Initial wild oscillations in dE and high rms(c) values, but rms(c) shows a clear downward trend from step 12 onwards, eventually approaching convergence thresholds.",Continue,50,2.5647120475769043,1
vasp-data-files/101010010100111110100100/OSZICAR,1,175,1,8,"The overall trend of the energy change (dE) and charge density residual (rms) show a decreasing pattern, although with oscillations. The values of dE and rms(c) tend to stabilize, indicating convergence. However, the presence of oscillations and the specific values suggest a cautious but positive assessment of convergence.",Continue,50,3.694404363632202,1
vasp-data-files/100110010111000000110001/OSZICAR,0,200,1,7,"Despite large oscillations in dE, the macro-trend of rms(c) shows an overall decrease, indicating a ""fighting"" system that is likely to converge.",Continue,50,2.6699705123901367,1
vasp-data-files/100111000001000011111011/OSZICAR,0,200,1,8,"Despite initial oscillations, the macro-trend of rms(c) shows a clear and consistent decrease towards smaller values, eventually stabilizing below 1.0, indicating convergence according to the Expert's Tie-Breaker Rule.",Continue,50,4.30877947807312,1
vasp-data-files/100001001011000001011111/OSZICAR,1,68,1,8,"The rms(c) values show an overall decreasing trend, with some oscillations, but eventually settle to small values, indicating convergence; dE values also show oscillations but with a general trend towards smaller changes, supporting convergence.",Continue,50,2.666208505630493,1
vasp-data-files/101110001101010111010001/OSZICAR,0,200,1,7,"Large initial oscillations but eventual monotonic decrease in rms(c) and dE towards small values, indicating convergence.",Continue,50,2.570666551589966,1
vasp-data-files/111110000001111110100001/OSZICAR,1,73,1,8,"The overall trend of the energy change (dE) and charge density residual (rms(c)) show a decreasing pattern, although with oscillations. The values of dE and rms(c) tend to decrease, and no clear stagnation or divergence is observed, indicating a converging behavior.",Continue,50,4.9210240840911865,1
vasp-data-files/101001011000100101100000/OSZICAR,1,71,1,8,"The rms(c) values show an overall decreasing trend, with some oscillations, but eventually approach small values, indicating likely convergence.",Continue,50,2.6703898906707764,1
vasp-data-files/101100100010000101111111/OSZICAR,1,82,1,8,"Initial oscillations in dE, but rms(c) shows a clear and consistent decreasing trend, eventually reaching small values, indicating convergence.",Continue,50,4.409113645553589,1
vasp-data-files/100001111100111101010111/OSZICAR,1,89,1,8,"The overall trend of the energy change (dE) and the residual charge density (rms) show a decreasing pattern, with some fluctuations. The values of dE and rms(c) tend to decrease, and no significant oscillations or stagnation are observed, indicating a converging behavior.",Continue,50,4.816448926925659,1
vasp-data-files/110100110101111101010001/OSZICAR,0,200,1,8,"Initial large oscillations in dE, but rms(c) shows an overall decreasing trend, with values eventually dropping below 0.1, indicating likely convergence.",Continue,50,4.079416275024414,1
vasp-data-files/100110100011001101111000/OSZICAR,1,156,1,8,"The rms(c) values show an overall decreasing trend, with some oscillations, but eventually settle down to small values, indicating convergence; dE values are mostly decreasing with some fluctuations, but the Expert's Tie-Breaker Rule prioritizes the rms(c) trend.",Continue,50,3.0041277408599854,1
vasp-data-files/100010110100110000110000/OSZICAR,0,200,1,8,"The overall trend of the energy change (dE) and charge density residual (rms(c)) show a decreasing pattern, although with oscillations. The values of dE and rms(c) tend to stabilize, indicating convergence. However, the presence of oscillations and the specific values suggest a cautious interpretation, leading to a moderately high confidence level.",Continue,50,4.102104902267456,1
vasp-data-files/101011000101010010111110/OSZICAR,0,200,0,9,"rms(c) stagnates at high values (~0.18-0.20) with no clear downward trend and large oscillations in dE, indicating divergence.",Kill,50,2.36272931098938,1
vasp-data-files/100101000101011010100011/OSZICAR,1,68,1,8,"Initial oscillations in dE and rms(c) but macro-trend of rms(c) shows consistent decrease, eventually reaching low values, indicating convergence.",Continue,50,2.4653913974761963,1
vasp-data-files/101010010111010100100000/OSZICAR,1,76,1,8,"Initial oscillations but rms(c) shows overall decreasing trend, dE fluctuations diminish over time indicating eventual convergence",Continue,50,2.4626781940460205,1
vasp-data-files/110001110110000110011100/OSZICAR,0,200,1,8,"The overall trend of the energy change (dE) and the residual charge density (rms) show a decreasing pattern, with some fluctuations. The values of dE and rms are getting smaller, indicating that the calculation is converging. However, the convergence is not smooth, and there are some oscillations. Despite this, the overall trend suggests that the system is moving towards convergence.",Continue,50,3.7946255207061768,1
vasp-data-files/101100000000111110100000/OSZICAR,1,63,1,8,"The overall trend of the energy change (dE) and charge density residual (rms) show a decreasing pattern, with some fluctuations. However, the values are eventually decreasing and stabilizing, indicating convergence.",Continue,50,2.8781955242156982,1
vasp-data-files/101001010001010010111100/OSZICAR,1,60,1,8,"The overall trend of the energy change (dE) and charge density residual (rms) show a decreasing pattern, with some fluctuations. However, the values seem to stabilize and decrease, indicating convergence. The oscillations in dE and rms are present but the overall trend suggests that the system is converging.",Continue,50,4.202984809875488,1
vasp-data-files/100010001001111100101000/OSZICAR,1,141,1,8,"Large initial oscillations in dE and rms(c) but macro-trend of rms(c) shows overall decrease, indicating likely convergence despite some fluctuations.",Continue,50,2.891958713531494,1
vasp-data-files/101110000000010010110110/OSZICAR,1,69,1,8,"The dE values show oscillations but overall decrease, and rms(c) steadily decreases from step 10 onwards, indicating a trend towards convergence; despite some fluctuations, the macro-trend of rms(c) is downwards, suggesting eventual convergence.",Continue,50,2.754823923110962,1
vasp-data-files/100110100010100101111001/OSZICAR,1,84,1,8,"Initial wild oscillations but macro-trend of rms(c) shows overall decrease, eventually stabilizing at small values",Continue,50,2.55372166633606,1
vasp-data-files/111111000110000110111010/OSZICAR,0,200,0,8,"Large oscillations in dE and rms(c) values with no clear downward trend, especially after step 20, indicating divergence; rms(c) does not show a consistent decrease towards small values.",Kill,50,2.475481986999512,1
vasp-data-files/111101000100011010110110/OSZICAR,1,72,1,8,"The rms(c) values show an overall decreasing trend, with some oscillations, but eventually approach small values, indicating likely convergence.",Continue,50,2.361694812774658,1
vasp-data-files/100101000001000011011111/OSZICAR,1,115,1,8,"The overall trend of the energy change (dE) and charge density residual (rms and rms(c)) show a decreasing pattern, indicating convergence. Although there are some fluctuations, the long-term trend suggests that the system is approaching a stable state, which is a characteristic of convergence.",Continue,50,3.367523670196533,1
vasp-data-files/100000111011011011010111/OSZICAR,1,58,1,8,"Initial wild oscillations in dE, but rms(c) shows an overall decreasing trend, eventually stabilizing at small values, indicating convergence.",Continue,50,2.4825000762939453,1
vasp-data-files/100110001111110101011011/OSZICAR,1,83,1,8,"The rms(c) values show an overall decreasing trend, with some oscillations, but ultimately approach a small value, indicating convergence.",Continue,75,6.993865489959717,2
vasp-data-files/101100000111000101101001/OSZICAR,1,74,1,8,Initial wild oscillations but eventual monotonic decrease in rms(c) and dE approaching small values indicating convergence,Continue,50,5.506650686264038,1
vasp-data-files/101001010111000011111111/OSZICAR,1,152,1,8,"The overall trend of the energy change (dE) and the residual charge density (rms) show a decreasing pattern, with some fluctuations. The values of dE and rms(c) tend to decrease, but with some oscillations. The system seems to be converging, but at a slow rate, and some noise is present. However, a clear and consistent downward trend is observed, indicating eventual convergence.",Continue,50,4.439687967300415,1
vasp-data-files/101011011101011010110111/OSZICAR,1,77,1,8,"The overall trend of the energy change (dE) and charge density residual (rms(c)) show a decreasing pattern, with some fluctuations. However, the values are eventually decreasing and stabilizing, indicating convergence.",Continue,50,4.875863075256348,1
vasp-data-files/101010000111110111100101/OSZICAR,0,200,0,8,"Large oscillations in dE and rms(c) values show no clear downward trend, indicating divergence; rms(c) values remain high and show no steady decrease, aligning with divergence indicators.",Kill,50,2.6131715774536133,1
vasp-data-files/100010111000111100100000/OSZICAR,1,112,1,9,,Continue,50,2.546203374862671,1
vasp-data-files/100000001110110011111111/OSZICAR,1,103,1,8,"Large initial oscillations in dE, but rms(c) shows a decreasing trend, eventually stabilizing at low values, indicating convergence.",Continue,50,2.44230318069458,1
vasp-data-files/101110001100010010111010/OSZICAR,1,62,1,8,"The overall trend of the energy change (dE) and charge density residual (rms(c)) show a decreasing pattern, indicating convergence. Although there are oscillations, the values tend to decrease, suggesting that the system is converging.",Continue,50,3.096327781677246,1
vasp-data-files/110100000101010001010010/OSZICAR,0,200,1,8,,Continue,75,4.881094455718994,2
vasp-data-files/100001110111111001000111/OSZICAR,1,65,1,8,"Initial wild oscillations but macro-trend of rms(c) shows overall decrease from step 15 onwards, aligning with Expert's Tie-Breaker Rule indicating likely convergence",Continue,50,2.8128020763397217,1
vasp-data-files/101111000111010010101000/OSZICAR,1,69,1,8,"Initial large oscillations in dE, but rms(c) shows an overall decreasing trend, especially after step 20, indicating a ""Fighter"" case with likely convergence.",Continue,50,2.4338531494140625,1
vasp-data-files/100001011000111100101000/OSZICAR,1,67,1,8,"The rms(c) values show an overall decreasing trend, with some oscillations, but eventually approach small values, indicating convergence; dE also shows a trend towards smaller absolute values.",Continue,50,2.089902877807617,1
vasp-data-files/111110000001000000111010/OSZICAR,1,67,1,8,"Initial wild oscillations in dE and rms(c) but macro-trend of rms(c) shows overall decrease from step 12 onwards, eventually reaching low values below 0.1, indicating convergence.",Continue,50,2.957153558731079,1
vasp-data-files/111110000100111100100000/OSZICAR,1,51,1,8,"The 'dE' values show large initial fluctuations but eventually decrease. More importantly, 'rms(c)' exhibits a clear overall downward trend, despite some oscillations, indicating that the calculation is likely to converge according to the Expert's Tie-Breaker Rule.",Continue,50,3.4386980533599854,1
vasp-data-files/111101010100111110110000/OSZICAR,0,200,1,8,Initial oscillations but overall downward trend in rms(c) and eventual stabilization of energy indicate convergence.,Continue,50,2.214142084121704,1
vasp-data-files/100001111101000011011111/OSZICAR,1,85,1,8,"Initial large oscillations but macro-trend of rms(c) shows overall decrease, eventually stabilizing at low values.",Continue,50,2.541832447052002,1
vasp-data-files/100001110101100011010111/OSZICAR,0,200,1,8,"The overall trend of the energy change (dE) and charge density residual (rms(c)) show a decreasing pattern, although with some oscillations. The values of dE and rms(c) tend to decrease, with some fluctuations. The decrease in rms(c) is particularly notable, suggesting convergence. However, oscillations and the magnitude of changes suggest caution, but overall, it indicates a trend towards convergence.",Continue,50,3.908566236495972,1
vasp-data-files/100010110010001110111111/OSZICAR,1,170,1,8,,Continue,50,4.3089919090271,1
vasp-data-files/110000110001101101010001/OSZICAR,1,99,1,8,"Initial large oscillations in dE, but rms(c) shows an overall decreasing trend, eventually stabilizing at small values, indicating convergence.",Continue,50,2.3426311016082764,1
vasp-data-files/110100001000111000000001/OSZICAR,1,121,1,7,"Despite large oscillations in dE, the macro-trend of rms(c) shows an overall decrease, indicating a likely convergence according to the Expert's Tie-Breaker Rule.",Continue,50,2.635514736175537,1
vasp-data-files/111100100100000001100011/OSZICAR,1,75,1,8,"The rms(c) values show an overall decreasing trend, with some oscillations, but eventually approach a small value, indicating convergence according to the Expert's Tie-Breaker Rule.",Continue,50,2.8988146781921387,1
vasp-data-files/101110000101010010100000/OSZICAR,1,86,1,8,"The overall trend of the energy change (dE) and charge density residual (rms and rms(c)) show a decreasing pattern, indicating convergence. Although there are some oscillations, the values tend to decrease, suggesting that the system is moving towards convergence.",Continue,50,3.4460933208465576,1
vasp-data-files/101100000101100011100001/OSZICAR,1,72,1,8,"The overall trend of the energy change (dE) and charge density residual (rms(c)) show a decreasing pattern, indicating convergence. Although there are oscillations, the macro-trend suggests that the system is moving towards convergence, albeit slowly.",Continue,50,3.409656524658203,1
vasp-data-files/110110101000001000111100/OSZICAR,1,62,1,8,"The overall trend of the energy change (dE) and charge density residual (rms(c)) show a decreasing pattern, with some oscillations. However, the values are gradually converging, and no significant divergence is observed, indicating a converging behavior.",Continue,50,3.07541298866272,1
vasp-data-files/110110101010110000110001/OSZICAR,0,200,1,8,"Despite initial oscillations, the macro-trend of rms(c) shows a clear and consistent decrease towards smaller values, indicating convergence according to the Expert's Tie-Breaker Rule.",Continue,50,2.526993989944458,1
vasp-data-files/111110000000001100100000/OSZICAR,1,63,1,9,"Monotonic decrease in rms(c) and eventual stabilization at small values, with no oscillations indicating smooth convergence",Continue,50,2.6709892749786377,1
vasp-data-files/100010010011000001111110/OSZICAR,1,126,0,8,"Large oscillations in dE and rms(c) values with no clear downward trend, especially after step 12, indicating likely divergence.",Kill,50,2.321517944335937,1
vasp-data-files/110110001010000111111001/OSZICAR,0,200,0,8,"Large oscillations in dE and rms(c) values with no clear monotonic decrease, especially rms(c) stagnates and shows high values indicating divergence",Kill,50,2.201608896255493,1
vasp-data-files/101101000111000111100011/OSZICAR,1,61,1,8,"The overall trend of the energy change (dE) and the residual charge density (rms) show a decreasing pattern, with some fluctuations. The values of dE and rms are getting smaller, indicating that the calculation is converging. The oscillations are damped, and the system seems to be approaching a stable state.",Continue,50,3.43039870262146,1
vasp-data-files/101001111110111111000001/OSZICAR,0,200,0,8,"Large oscillations in dE and rms(c) values with no clear downward trend, especially rms(c) stagnates around 0.15-0.16 from step 40 onwards indicating divergence",Kill,50,2.475531816482544,1
vasp-data-files/111110000100011100100010/OSZICAR,1,80,1,8,Initial oscillations but overall downward trend in rms(c) with dE eventually settling to small values indicating convergence,Continue,50,3.1627964973449707,1
vasp-data-files/101100000100001110100110/OSZICAR,1,95,1,8,"Macro-trend of rms(c) shows overall decrease from step 12 onwards, despite oscillations in dE and initial high values of rms(c), indicating a ""fighting"" but ultimately converging calculation.",Continue,50,2.6562159061431885,1
vasp-data-files/101001010001000010111110/OSZICAR,1,161,1,8,"Initial wild oscillations in dE and rms(c) but macro-trend of rms(c) shows overall decrease; Expert's Tie-Breaker Rule applied, indicating likely convergence.",Continue,50,2.476647138595581,1
vasp-data-files/111011110001101100100101/OSZICAR,1,80,1,8,"Initial large oscillations in dE, but rms(c) shows an overall decreasing trend, especially after step 30, indicating a ""fighting"" system that is likely to converge.",Continue,50,4.467156171798706,1
vasp-data-files/101001010101111110100101/OSZICAR,0,200,1,8,"Macro-trend of rms(c) shows overall decrease from step 27 onwards, despite oscillations in dE and initial high values of rms(c), indicating eventual convergence.",Continue,50,2.798598289489746,1
vasp-data-files/110001010111111011010011/OSZICAR,1,61,1,8,"The overall trend of the energy change (dE) and the residual charge density (rms) show a decreasing pattern, although with oscillations. The values of dE and rms(c) tend to stabilize with a diminishing change, indicating convergence. The oscillations and the magnitude of changes suggest a careful consideration but overall point towards convergence.",Continue,50,3.214745283126831,1
vasp-data-files/110111001100011100101000/OSZICAR,0,200,1,7,"Initial large oscillations in dE, but rms(c) shows an overall decreasing trend, eventually stabilizing at small values, indicating likely convergence.",Continue,75,4.874003171920776,2
vasp-data-files/111101001101111100100000/OSZICAR,1,135,1,8,Initial wild oscillations in dE and rms(c) but macro-trend of rms(c) shows overall decrease; later steps show smoother decrease in dE and rms(c) towards small values,Continue,50,4.448327541351318,1
vasp-data-files/100101110001000001011001/OSZICAR,1,80,1,8,"The overall trend of the energy change (dE) and charge density residual (rms(c)) show a decreasing pattern, with some oscillations. The values of dE and rms(c) are getting smaller, indicating that the calculation is converging. However, the convergence is not smooth, and there are some fluctuations. Despite this, the long-term trend suggests that the system is moving towards convergence.",Continue,50,4.039847373962402,1
vasp-data-files/110100001110001101111001/OSZICAR,1,109,1,8,"The overall trend of the energy change (dE) and the charge density residual (rms) show a decreasing pattern, with some fluctuations. The values of dE and rms are getting smaller, indicating that the calculation is converging. However, the fluctuations suggest that it may not be a straightforward convergence. The trend is generally downward, and the values are getting smaller, which indicates convergence.",Continue,50,4.359398603439331,1
vasp-data-files/101111000011110010100000/OSZICAR,1,75,1,8,"Initial wild oscillations in dE, but rms(c) shows an overall decreasing trend, eventually stabilizing at small values, indicating convergence.",Continue,50,2.726823806762696,1
vasp-data-files/101001011100111100100000/OSZICAR,1,127,1,8,"Initial wild oscillations but eventual monotonic decrease in rms(c) and dE towards small values, indicating convergence.",Continue,50,2.2990915775299072,1
vasp-data-files/110101111100111101010011/OSZICAR,0,200,1,8,"The overall trend of the energy change (dE) and charge density residual (rms) show a decreasing pattern, although with oscillations. The values of dE and rms are getting smaller, indicating that the calculation is converging. However, the convergence is not smooth, and there are still some oscillations. Despite this, the overall trend suggests that the system is moving towards convergence.",Continue,50,3.52840542793274,1
vasp-data-files/111100001100111110000000/OSZICAR,1,67,1,8,"Initial oscillations but rms(c) shows a clear downward trend, eventually converging to small values.",Continue,50,2.201432704925537,1
vasp-data-files/111100011110000110000001/OSZICAR,0,200,0,9,"rms(c) stagnates at high values (~0.169E+01) with no clear downward trend and large oscillations in dE, indicating divergence.",Kill,50,2.124805927276612,1
vasp-data-files/101001010101110011100111/OSZICAR,0,200,0,8,"Large oscillations in dE and rms(c) values, with rms(c) showing an overall stagnant trend at high values, indicating divergence.",Kill,50,2.6832778453826904,1
vasp-data-files/101101110001000000000110/OSZICAR,0,200,1,8,"The overall trend of the energy change (dE) and the residual charge density (rms) show a decreasing pattern, with some fluctuations. The values of dE and rms are getting smaller, indicating that the calculation is converging. However, the fluctuations suggest that it may not be a smooth convergence. The final values of dE and rms are relatively small, indicating that the calculation has reached a stable state. Therefore, I predict that the calculation will converge.",Continue,50,4.115853786468506,1
vasp-data-files/101011110001111110010000/OSZICAR,1,54,1,8,"The overall trend of the energy change (dE) and charge density residual (rms) show a decreasing pattern, with some fluctuations. The values of dE and rms are getting smaller, indicating that the system is converging. The data points do not show strong oscillations, and the values are approaching a stable point. Therefore, it is reasonable to conclude that the system will continue to converge.",Continue,50,3.6297202110290527,1
vasp-data-files/110010110000001110111100/OSZICAR,1,70,1,8,"The overall trend of the energy change (dE) and charge density residual (rms(c)) show a decreasing pattern, indicating convergence. Although there are oscillations, the long-term trend suggests that the system is converging.",Continue,50,2.904858350753784,1
vasp-data-files/111101000001110000101000/OSZICAR,0,200,1,8,"The overall trend of the energy change (dE) and charge density residual (rms and rms(c)) show a decreasing pattern, indicating convergence. Although there are oscillations, the macro-trend suggests that the system is moving towards convergence, with no clear indication of divergence.",Continue,50,3.561376571655273,1
vasp-data-files/111100100000110111110001/OSZICAR,1,106,1,8,"Despite initial oscillations, the macro-trend of rms(c) shows a clear and consistent decrease, eventually approaching small values, indicating convergence.",Continue,50,3.078298568725586,1
vasp-data-files/110110000111000011111111/OSZICAR,1,145,1,7,"Initial oscillations in dE, but rms(c) shows an overall decreasing trend, indicating damped oscillatory convergence.",Continue,50,3.2830615043640137,1
vasp-data-files/100011010011000001101110/OSZICAR,0,200,0,8,"Large oscillations in dE and rms(c) values show no clear downward trend, indicating divergence, despite some steps showing temporary decreases.",Kill,50,2.580014705657959,1
vasp-data-files/111011010001010000111100/OSZICAR,1,66,1,8,"The overall trend of the energy change (dE) and charge density residual (rms(c)) show a decreasing pattern, indicating convergence. Although there are oscillations, the long-term trend suggests that the system is approaching a stable state.",Continue,50,3.595412492752075,1
vasp-data-files/101001011100111100000000/OSZICAR,1,76,1,8,"The rms(c) values show an overall decreasing trend, with some oscillations, but eventually stabilize at small values, indicating convergence; dE also tends towards smaller values after initial fluctuations.",Continue,50,3.228560447692871,1
vasp-data-files/100110101010000101011001/OSZICAR,1,123,1,8,"Despite initial oscillations, the macro-trend of rms(c) shows a clear and consistent decrease towards smaller values, indicating convergence according to the Expert's Tie-Breaker Rule.",Continue,50,2.189773797988892,1
vasp-data-files/111110001000010010100010/OSZICAR,1,82,1,8,"The overall trend of the energy change (dE) and the residual charge density (rms) show a decreasing pattern, indicating convergence. The values of dE and rms are getting smaller, and there are no significant oscillations that would indicate divergence. The data points show a smooth decrease in the energy and residual values, suggesting that the calculation is converging.",Continue,50,3.6978724002838135,1
vasp-data-files/111110000110110000100000/OSZICAR,1,96,1,8,"Initial wild oscillations in dE and rms(c) but macro-trend of rms(c) shows overall decrease, especially after step 20, indicating likely convergence.",Continue,50,2.865515947341919,1
vasp-data-files/110010010011000001111101/OSZICAR,0,200,1,8,"Initial oscillations but rms(c) shows overall decreasing trend, eventually stabilizing at low values.",Continue,50,2.440584182739258,1
vasp-data-files/100010001111000001111111/OSZICAR,1,84,1,8,"The overall trend of the energy change (dE) and charge density residual (rms(c)) show a decreasing pattern, indicating convergence. Although there are oscillations, the macro-trend suggests that the system is converging.",Continue,50,2.791409969329834,1
vasp-data-files/110001111101111101010011/OSZICAR,1,76,1,8,"The overall trend of the energy decrease and the behavior of rms and rms(c) indicate a converging system, although some fluctuations are observed.",Continue,50,2.8727834224700928,1
vasp-data-files/100000011111111011000100/OSZICAR,0,200,1,8,"Despite initial oscillations, rms(c) shows an overall decreasing trend, and dE eventually settles to small values, indicating convergence.",Continue,50,4.242331981658936,1
vasp-data-files/101101000001010100101000/OSZICAR,1,70,1,8,"The overall trend of the energy change (dE) and charge density residual (rms(c)) show a decreasing pattern, although with oscillations. The values of dE and rms(c) tend to decrease, and no significant oscillations or instabilities are observed in the later steps, indicating a converging behavior.",Continue,50,3.8582417964935294,1
vasp-data-files/101001011101100011010111/OSZICAR,1,104,1,8,"Initial large oscillations in dE, but rms(c) shows an overall decreasing trend, eventually stabilizing at small values, indicating convergence.",Continue,50,2.360110282897949,1
vasp-data-files/101101000101000011011111/OSZICAR,0,200,1,7,"Despite large oscillations in dE, the macro-trend of rms(c) shows an overall decrease, particularly from step 20 onwards, indicating a likely convergence.",Continue,50,3.3297383785247803,1
vasp-data-files/110100010111000101000001/OSZICAR,0,200,1,8,"The dE values show oscillations but overall decrease, and rms(c) exhibits a clear downward trend, especially after step 10, indicating convergence; despite some fluctuations, the macro-trend of rms(c) is decreasing, suggesting eventual convergence.",Continue,50,3.0165226459503174,1
vasp-data-files/100110010111000001110001/OSZICAR,1,107,1,8,"The overall trend of the energy change (dE) and charge density residual (rms(c)) show a decreasing pattern, with some oscillations. The values of dE and rms(c) are getting smaller, indicating that the calculation is converging. However, the convergence is not smooth, and there are some fluctuations. Despite this, the long-term trend suggests that the system is moving towards convergence.",Continue,50,3.500661849975586,1
vasp-data-files/111111010001011000100000/OSZICAR,1,110,1,8,"Large initial oscillations but rms(c) shows a macro-trend of decrease from step 12 onwards, dE also tends to decrease and stabilize within reasonable thresholds.",Continue,50,2.870550632476806,1
vasp-data-files/111110001100110001101110/OSZICAR,1,133,1,8,"The overall trend of the energy change (dE) and charge density residual (rms(c)) show a decreasing pattern, although with oscillations. The values of dE and rms(c) tend to stabilize, with no clear indication of divergence. The oscillations suggest a possible damping effect, which is a sign of convergence.",Continue,50,3.998014688491821,1
vasp-data-files/100001110010001011011111/OSZICAR,1,79,1,8,"The rms(c) values show an overall decreasing trend, with some oscillations, but eventually approach a small value, indicating convergence; dE values also show oscillations but with a general trend towards smaller changes, supporting convergence.",Continue,50,2.3602311611175537,1
vasp-data-files/111100000000111000100000/OSZICAR,1,68,1,9,"Monotonic decrease in rms(c) and dE towards small absolute values,符合收敛标准",Continue,50,3.076635360717773,1
vasp-data-files/101101000111000011101111/OSZICAR,1,74,1,8,"Initial large oscillations in dE, but rms(c) shows an overall decreasing trend, especially after step 10, indicating a ""Fighter"" case that is likely to converge despite oscillations.",Continue,50,3.228015899658203,1
vasp-data-files/100100100000111101100100/OSZICAR,1,63,1,9,Monotonic decrease in rms(c) and eventual convergence of dE and rms values to small absolute values indicating clear convergence.,Continue,50,3.0324254035949707,1
vasp-data-files/101111010101010010100000/OSZICAR,1,61,1,8,"Initial large oscillations in dE and rms(c) but macro-trend of rms(c) shows consistent decrease and eventual stabilization below 1E-02, indicating convergence.",Continue,50,2.962398767471313,1
vasp-data-files/100001110100101101010001/OSZICAR,1,196,1,7,"dE shows large oscillations but rms(c) has an overall decreasing trend, indicating a likely convergence despite the noisy behavior.",Continue,50,2.5772039890289307,1
vasp-data-files/111100001101110010101000/OSZICAR,1,124,1,8,"Initial oscillations in dE and rms(c) but overall macro-trend of rms(c) shows a clear and consistent decrease towards small values, indicating convergence.",Continue,50,2.7685110569000244,1
vasp-data-files/100010111011000001011111/OSZICAR,1,89,1,8,"The overall trend of the energy change (dE) and charge density residual (rms(c)) show a decreasing pattern. Although there are oscillations, the macro-trend indicates a convergence behavior, with dE and rms(c) values tending towards smaller values, suggesting the system is approaching stability.",Continue,50,3.4868788719177246,1
vasp-data-files/100001110111011010011111/OSZICAR,1,80,1,8,"The overall trend of the energy change (dE) and charge density residual (rms) show a decreasing pattern, indicating convergence. The values of dE and rms are getting smaller, and there are no significant oscillations that would indicate divergence. The data points show a monotonic decrease in the energy and residual values, suggesting that the calculation is converging.",Continue,50,3.99851131439209,1
vasp-data-files/101110100001011110100100/OSZICAR,1,56,1,8,"The dE values show oscillations but overall decrease, and rms(c) steadily decreases from step 10 onwards, indicating a trend towards convergence, though the confidence is slightly reduced due to some oscillations.",Continue,50,2.461270570755005,1
vasp-data-files/101101000100111010000000/OSZICAR,1,176,1,8,"The dE values show oscillations but overall decrease, and rms(c) steadily decreases from step 9 onwards, indicating a trend towards convergence.",Continue,50,4.304949760437012,1
vasp-data-files/101001010000111010100110/OSZICAR,1,101,1,8,"The dE values show large oscillations but eventually dampen, and the rms(c) values exhibit a clear overall downward trend, indicating convergence according to the Expert's Tie-Breaker Rule.",Continue,50,3.0863614082336426,1
vasp-data-files/111010001100011101110110/OSZICAR,1,143,1,8,Initial wild oscillations but rms(c) shows overall downward trend and eventually settles to small values indicating convergence,Continue,50,2.352846622467041,1
vasp-data-files/111100010100111000000010/OSZICAR,1,56,1,9,Clear monotonic decrease in dE and rms(c) values reaching convergence thresholds,Continue,50,2.9357404708862305,1
vasp-data-files/101100000001101001000001/OSZICAR,1,59,1,8,"Initial oscillations in dE and rms(c) but overall macro-trend of rms(c) shows downward damping, eventually reaching small values <1.0E-02, indicating likely convergence.",Continue,50,2.708058357238769,1
vasp-data-files/111101000101110000101100/OSZICAR,1,135,1,8,"Initial large oscillations in dE, but rms(c) shows an overall decreasing trend, especially after step 20, indicating a ""Fighter"" case that is likely to converge.",Continue,50,3.075519561767578,1
vasp-data-files/101110010101110000101100/OSZICAR,1,67,1,8,"Initial oscillations but overall downward trend in rms(c) with eventual stabilization, dE fluctuations diminish over time",Continue,50,2.258073568344116,1
vasp-data-files/100100101010010010111110/OSZICAR,1,75,1,8,"The dE values show oscillations but overall decrease, and rms(c) steadily decreases from step 10 onwards, indicating a trend towards convergence, though the oscillations cause some uncertainty.",Continue,50,2.258509874343872,1
vasp-data-files/100100001111001001011101/OSZICAR,1,111,1,8,"Initial large oscillations in dE, but rms(c) shows an overall decreasing trend, eventually stabilizing at small values, indicating convergence according to the Expert's Tie-Breaker Rule.",Continue,50,3.077570915222168,1
vasp-data-files/111001110011111000010010/OSZICAR,1,65,1,8,"Despite initial oscillations, the macro-trend of rms(c) shows a clear and consistent decrease towards small values, indicating eventual convergence.",Continue,50,2.665252208709717,1
vasp-data-files/100100010101110010111100/OSZICAR,0,200,1,8,"Initial oscillations in dE, but rms(c) shows an overall decreasing trend, eventually approaching small values, indicating convergence.",Continue,50,2.6672921180725098,1
vasp-data-files/111001111011000001110101/OSZICAR,1,127,1,7,"The 'dE' shows large oscillations but 'rms(c)' has an overall decreasing trend, indicating a possible convergence according to the Expert's Tie-Breaker Rule.",Continue,50,3.485987424850464,1
vasp-data-files/100100001110000101111111/OSZICAR,0,200,1,8,"The overall trend of the energy change (dE) and the charge density residual (rms) show a decreasing pattern, indicating convergence. Although there are oscillations, the long-term trend suggests that the system is moving towards convergence.",Continue,50,3.5890934467315674,1
vasp-data-files/101001010111001011111111/OSZICAR,1,62,1,8,"Initial wild oscillations in dE and rms(c) but macro-trend of rms(c) shows overall decrease, especially after step 25, indicating likely convergence.",Continue,50,2.4799962043762207,1
vasp-data-files/101100010110111010000011/OSZICAR,1,181,1,7,"Despite large oscillations in dE, the macro-trend of rms(c) shows an overall decrease, particularly from step 20 onwards, indicating a likely convergence.",Continue,50,2.6468780040740967,1
vasp-data-files/110110101000111000100000/OSZICAR,1,66,1,8,"Large initial oscillations but rms(c) shows a clear downward trend after step 10, eventually stabilizing below 0.1, indicating convergence.",Continue,50,2.4649503231048584,1
vasp-data-files/110100101001001101000001/OSZICAR,1,74,1,8,"Initial large fluctuations in dE and rms(c) but macro-trend of rms(c) shows overall decrease, eventually stabilizing at small values, indicating convergence.",Continue,50,2.868483066558838,1
vasp-data-files/100000110010011111011111/OSZICAR,1,58,1,8,"The overall trend of the energy change (dE) and charge density residual (rms(c)) show a decreasing pattern, indicating convergence. Although there are some fluctuations, the long-term trend suggests that the system is approaching a stable state.",Continue,50,4.0022292137146,1
vasp-data-files/101111100100111011100011/OSZICAR,1,161,1,7,"Despite large oscillations in dE, the macro-trend of rms(c) shows an overall decrease, particularly from step 10 onwards, indicating a likely convergence according to the Expert's Tie-Breaker Rule.",Continue,50,2.997944593429565,1
vasp-data-files/101111001011100011100001/OSZICAR,1,175,1,8,"Initial large oscillations in dE, but rms(c) shows an overall decreasing trend, especially after step 25, indicating a ""fighting"" system that is likely to converge.",Continue,50,2.3330111503601074,1
vasp-data-files/100010010101100100100000/OSZICAR,0,200,0,9,"rms(c) values show no consistent downward trend and remain high, indicating divergence; dE also shows large fluctuations and fails to converge to small values.",Kill,50,3.390617847442627,1
vasp-data-files/100000000001001100111100/OSZICAR,1,70,1,8,"The overall trend of the energy change (dE) and charge density residual (rms(c)) show a decreasing pattern, indicating convergence. Although there are oscillations, the long-term trend suggests that the system is converging.",Continue,50,2.86859130859375,1
vasp-data-files/110110101001100101011011/OSZICAR,1,110,1,8,"The dE values show oscillations but overall decrease, and rms(c) steadily decreases from step 12 onwards, indicating a trend towards convergence, though with some oscillations.",Continue,50,3.0594677925109863,1
vasp-data-files/110010101011000001111111/OSZICAR,0,200,1,7,"dE shows large oscillations but rms(c) has an overall decreasing trend, indicating a possible convergence according to the Expert's Tie-Breaker Rule.",Continue,50,2.580931663513184,1
vasp-data-files/100100110010001101111001/OSZICAR,1,64,1,9,"The data shows a clear and consistent trend of decreasing energy values and residual charges, with no indication of divergence or oscillation, suggesting a convergent behavior.",Continue,50,2.9719483852386475,1
vasp-data-files/111110101111000011110101/OSZICAR,0,200,1,8,"The overall trend of the energy change (dE) and the residual charge density (rms) show a decreasing pattern, indicating convergence. Although there are oscillations, the macro-trend suggests that the system is approaching a stable state, which is a characteristic of convergence.",Continue,50,3.371800184249878,1
vasp-data-files/101011110001111010000110/OSZICAR,1,71,1,8,"The rms(c) values show an overall decreasing trend, with some oscillations, but eventually settle down to smaller values, indicating convergence; dE values also show oscillations but with a general trend towards smaller changes, supporting convergence.",Continue,50,3.907567262649536,1
vasp-data-files/111110001001010000101000/OSZICAR,1,97,1,8,"The overall trend of the energy change (dE) and charge density residual (rms(c)) show a decreasing pattern, with some oscillations but no clear indication of divergence, suggesting convergence.",Continue,50,3.275701999664306,1
vasp-data-files/100110001111000001111111/OSZICAR,1,103,1,8,"Initial large oscillations in dE and rms(c) but overall macro-trend of rms(c) shows a clear downward trend, eventually stabilizing at small values.",Continue,50,2.876009702682495,1
vasp-data-files/100000111001001001011111/OSZICAR,1,137,1,8,"Initial large oscillations in dE, but rms(c) shows an overall decreasing trend, eventually stabilizing at small values, indicating convergence.",Continue,50,2.243225336074829,1
vasp-data-files/111110010100111110100100/OSZICAR,1,197,1,8,"Initial oscillations but rms(c) shows overall downward trend, dE fluctuations diminish over time indicating likely convergence",Continue,50,2.5200350284576416,1
vasp-data-files/110010111001001011111111/OSZICAR,1,99,1,8,"Initial wild oscillations but rms(c) shows a clear downward trend after step 12, eventually stabilizing below 0.1, indicating likely convergence.",Continue,50,2.658021211624145,1
vasp-data-files/101101000101110010100100/OSZICAR,1,62,1,8,"The dE values show oscillations but overall decrease, and rms(c) steadily decreases from step 10 onwards, indicating a trend towards convergence; despite some fluctuations, the macro-trend of rms(c) is downwards, suggesting eventual convergence.",Continue,50,4.471918106079102,1
vasp-data-files/111100001100111100100000/OSZICAR,0,200,1,7,Initial oscillations in dE and rms(c) but overall downward trend in rms(c) and eventual decrease in dE towards smaller values indicate convergence.,Continue,50,2.9508445262908936,1
vasp-data-files/110100001111100001000011/OSZICAR,0,200,1,8,"Despite initial oscillations, the macro-trend of rms(c) shows a general decrease, aligning with the Expert's Tie-Breaker Rule, indicating likely convergence.",Continue,50,2.511385679244995,1
vasp-data-files/100001111100011010111110/OSZICAR,1,86,1,8,"Initial wild oscillations in dE and rms(c) but macro-trend of rms(c) shows overall decrease, especially after step 10, indicating a ""Fighter"" case with likely convergence.",Continue,50,2.9643592834472656,1
vasp-data-files/110010111011101011000111/OSZICAR,1,123,1,8,"Large initial oscillations in dE and rms(c), but macro-trend of rms(c) shows overall decrease, with values approaching convergence thresholds.",Continue,50,2.5283737182617188,1
vasp-data-files/111110000101011000101000/OSZICAR,1,116,0,8,"Large oscillations in dE and rms(c) values with no clear downward trend, indicating divergence.",Kill,50,2.2464044094085693,1
vasp-data-files/111100001101110010100000/OSZICAR,1,81,1,8,"Initial wild oscillations but eventual monotonic decrease in rms(c) and dE towards small values, indicating convergence.",Continue,50,2.3030571937561035,1
vasp-data-files/101100010111110001011100/OSZICAR,1,84,1,8,"The overall trend of the energy change (dE) and charge density residual (rms and rms(c)) show a decreasing pattern, indicating convergence. Although there are some fluctuations, the long-term trend suggests that the system is approaching a stable state.",Continue,50,3.459048271179199,1
vasp-data-files/101100011100010001010110/OSZICAR,1,76,1,8,"The overall trend of the energy change (dE) and the residual charge density (rms) show a decreasing pattern, indicating convergence. Although there are some fluctuations, the values tend to stabilize, suggesting that the calculation is converging.",Continue,50,3.396958112716675,1
vasp-data-files/111101000101111111100100/OSZICAR,0,200,1,8,"The overall trend of the energy change (dE) and the residual charge density (rms) show a decreasing pattern, although with oscillations. The values of dE and rms(c) tend to decrease, but with fluctuations. The absence of a clear, steady decrease in both metrics suggests that while the system appears to be converging, it does so in a damped oscillatory manner. The oscillations make the prediction less certain but the overall trend suggests convergence.",Continue,50,5.122239589691162,1
vasp-data-files/111110001011100010101001/OSZICAR,0,200,0,9,"Large oscillations in dE and rms(c) values show no clear downward trend, with rms(c) stagnating at high values, indicating divergence.",Kill,50,2.047390937805176,1
vasp-data-files/100011111001011000000100/OSZICAR,1,85,1,8,"Large initial oscillations but rms(c) shows an overall decreasing trend, eventually stabilizing at small values.",Continue,50,2.6679346561431885,1
vasp-data-files/100011111100111010000100/OSZICAR,1,63,1,8,"The dE values show oscillations but overall decrease, and rms(c) steadily decreases from step 12 onwards, indicating a trend towards convergence, especially after the initial erratic behavior stabilizes.",Continue,50,2.546738862991333,1
vasp-data-files/110100101111001001011101/OSZICAR,0,200,1,8,Initial oscillations but overall downward trend in rms(c) and eventual stabilization of dE and rms values.,Continue,50,2.5605146884918213,1
vasp-data-files/111100100000010110111001/OSZICAR,1,84,1,8,"Initial large oscillations in dE, but rms(c) shows an overall decreasing trend, eventually stabilizing at small values, indicating convergence.",Continue,50,3.710441112518311,1
vasp-data-files/110110101000001110101011/OSZICAR,1,175,1,8,"The dE values show large fluctuations but the overall macro-trend of rms(c) is decreasing, indicating a ""Fighter"" case that is likely to converge despite oscillations.",Continue,50,3.0763943195343018,1
vasp-data-files/111110001010000110111001/OSZICAR,0,200,0,8,"Large oscillations in dE and rms(c) values show no consistent downward trend, indicating divergence; rms(c) values remain high and show significant fluctuations, aligning with divergence indicators.",Kill,50,2.9713504314422607,1
vasp-data-files/100010010111001011110101/OSZICAR,1,60,1,8,"The overall trend of the energy change (dE) and charge density residual (rms) show a decreasing pattern, with some fluctuations. The values of dE and rms are getting smaller, indicating that the calculation is converging. The oscillations in the dE values are significant but the overall trend is a decrease, which suggests that the system is moving towards convergence. The confidence level is high due to the consistent trend of decreasing values in the later steps.",Continue,50,4.307155609130859,1
vasp-data-files/111110001001010010110001/OSZICAR,1,162,0,8,"Large oscillations in dE and rms(c) values with no clear downward trend, especially rms(c) stagnates and shows high values, indicating divergence.",Kill,75,6.577527523040772,2
vasp-data-files/101011111000111010100111/OSZICAR,1,136,1,8,"The overall trend of the energy change (dE) and charge density residual (rms(c)) show a decreasing pattern, with some oscillations. However, the values are eventually decreasing and stabilizing, indicating convergence.",Continue,50,2.874516248703003,1
vasp-data-files/111001111101101001111111/OSZICAR,1,76,1,7,"dE shows large oscillations but rms(c) exhibits an overall decreasing trend, indicating a likely convergence despite the noisy behavior.",Continue,50,2.3580925464630127,1
vasp-data-files/101100000000101101100001/OSZICAR,1,181,1,7,"Large oscillations in early steps but rms(c) shows an overall downward trend, eventually stabilizing at low values, indicating likely convergence.",Continue,50,2.9738669395446777,1
vasp-data-files/101111000101000010011010/OSZICAR,1,61,1,9,"Monotonic decrease in dE and rms(c) values, with rms(c) approaching small values, indicating clear convergence.",Continue,50,2.2132251262664795,1
vasp-data-files/100010001011000001111111/OSZICAR,1,110,1,8,"Despite initial oscillations, rms(c) shows an overall decreasing trend, eventually stabilizing at low values, indicating convergence.",Continue,50,2.399599075317383,1
vasp-data-files/111100000101111101100000/OSZICAR,1,156,1,8,"Large initial oscillations in dE and rms(c) but macro-trend of rms(c) shows overall decrease, eventually stabilizing at low values.",Continue,50,3.079007387161255,1
vasp-data-files/110000110001111111010001/OSZICAR,1,105,1,8,"The dE values show oscillations but overall decrease, and rms(c) steadily decreases from step 12 onwards, indicating a trend towards convergence, though the confidence is slightly reduced due to some oscillations.",Continue,50,3.28291130065918,1
vasp-data-files/100001110101001111010001/OSZICAR,1,83,1,8,"The overall trend of the energy change (dE) and charge density residual (rms(c)) show a decreasing pattern, although with oscillations. The values of dE and rms(c) tend to stabilize, with dE reaching smaller values and rms(c) also showing a decreasing trend, indicating convergence.",Continue,50,4.198189973831177,1
vasp-data-files/110100001101110001000111/OSZICAR,0,200,0,9,"rms(c) values show no consistent downward trend and remain high, dE also shows large oscillations and fails to converge below 1.0E-03.",Kill,50,2.8728573322296143,1
vasp-data-files/111010001100100111110110/OSZICAR,1,153,1,7,"Despite initial large oscillations in `dE`, `rms(c)` shows an overall decreasing trend, indicating a ""fighting"" but likely converging calculation; macro-trend of `rms(c)` suggests eventual convergence.",Continue,75,6.888376951217651,2
vasp-data-files/110111001100110110010101/OSZICAR,1,172,1,8,"Initial wild oscillations in dE and high rms(c) values, but macro-trend of rms(c) shows overall decrease and damping, indicating eventual convergence according to the Expert's Tie-Breaker Rule.",Continue,50,2.971895456314087,1
vasp-data-files/100010110010001111111101/OSZICAR,1,109,1,8,"The overall trend of the energy change (dE) and charge density residual (rms(c)) show a decreasing pattern, although with oscillations. The values of dE and rms(c) tend to decrease, with some fluctuations. The decrease in rms(c) is particularly indicative of convergence. Despite some oscillations, the overall trend suggests that the system is converging.",Continue,50,4.13142204284668,1
vasp-data-files/101011000101001010011111/OSZICAR,1,84,1,8,"The overall trend of the energy change (dE) and the charge density residual (rms) show a decreasing pattern, with some oscillations. However, the key indicator is the consistent decrease in the energy and the residual values, which suggests that the system is converging. The oscillations are present but do not prevent the overall trend from being towards convergence.",Continue,50,5.7931177616119385,1
vasp-data-files/100001010111111111011000/OSZICAR,1,64,1,8,"Initial large oscillations in dE, but rms(c) shows a clear and consistent decreasing trend, eventually reaching small values, indicating convergence according to the Expert's Tie-Breaker Rule.",Continue,50,3.9116370677948,1
vasp-data-files/101011010001111010100000/OSZICAR,1,175,1,8,"The overall trend of the energy change (dE) and the residual charge density (rms) show a decreasing pattern, although with oscillations. The values of dE and rms(c) tend to stabilize, with dE reaching small values and rms(c) also showing a decreasing trend, indicating convergence.",Continue,50,3.168194055557251,1
vasp-data-files/110110101010110000111001/OSZICAR,1,98,1,7,Initial oscillations but rms(c) shows overall decreasing trend and eventually stabilizes at small values,Continue,50,2.369428873062134,1
vasp-data-files/100001111011000011011111/OSZICAR,1,126,1,7,"Initial oscillations in dE and rms(c) but macro-trend of rms(c) shows overall decrease, indicating likely convergence.",Continue,50,2.459026336669922,1
vasp-data-files/100110101011000001111111/OSZICAR,1,167,0,8,"Large oscillations in dE and rms(c) values with no clear downward trend, especially rms(c) stagnates around 1.0E+00, indicating divergence.",Kill,50,2.7738518714904785,1
vasp-data-files/101101000101000000011110/OSZICAR,1,104,1,8,"The overall trend of the energy change (dE) and the residual charge density (rms) show a decreasing pattern, indicating convergence. Although there are some fluctuations, the macro-trend suggests that the system is moving towards convergence.",Continue,50,2.974250555038452,1
vasp-data-files/100110100000111001100100/OSZICAR,1,77,1,8,"The rms(c) values show an overall decreasing trend, with some oscillations, but eventually settle down to small values, indicating convergence; dE values also show oscillations but with a general trend towards smaller changes, supporting convergence.",Continue,50,2.9792184829711914,1
vasp-data-files/101001010101111110100000/OSZICAR,1,78,1,8,"The overall trend of the energy change (dE) and charge density residual (rms) show a decreasing pattern, although with some oscillations. The values of dE and rms are getting smaller, indicating that the system is converging. However, the convergence is not smooth, and there are some fluctuations. Despite this, the long-term trend suggests that the system is moving towards convergence.",Continue,50,3.802504062652588,1
vasp-data-files/101110011001010001000110/OSZICAR,0,200,0,8,"Large oscillations in dE and rms(c) values show no clear downward trend, indicating divergence; rms(c) values remain high and erratic, supporting divergence prediction",Kill,50,2.6662418842315674,1
vasp-data-files/110000111000110101111001/OSZICAR,1,69,1,8,"Initial large oscillations but overall macro-trend of rms(c) shows downward damping indicating eventual convergence, with dE also trending towards smaller values.",Continue,50,2.152893781661988,1
vasp-data-files/101001000101010010111000/OSZICAR,1,83,1,8,"The dE values show oscillations but overall decrease, and rms(c) steadily decreases from step 10 onwards, indicating a trend towards convergence; despite some fluctuations, the macro-trend of rms(c) is downwards, suggesting eventual convergence.",Continue,50,2.971543073654175,1
vasp-data-files/100001111111000011011111/OSZICAR,1,69,1,8,"The overall trend of the energy change (dE) and charge density residual (rms(c)) show a decreasing pattern, indicating convergence. Although there are oscillations, the long-term trend suggests that the system is converging.",Continue,50,3.186578750610352,1
vasp-data-files/101101000000110010100011/OSZICAR,0,200,0,8,"Large oscillations in dE and rms(c) values show no clear downward trend, indicating divergence.",Kill,50,2.5643086433410645,1
vasp-data-files/101101011100110011011100/OSZICAR,0,200,0,8,"Large oscillations in dE and rms(c) values with no clear downward trend, especially rms(c) stagnates around 0.17E+01 after step 40, indicating divergence.",Kill,50,2.769458532333374,1
vasp-data-files/110111001001101100101100/OSZICAR,0,200,1,8,"The overall trend of the energy change (dE) and charge density residual (rms and rms(c)) show a decreasing pattern, although with some oscillations. The values of dE and rms(c) tend to decrease, but at a slow pace and with some fluctuations. However, there is no clear indication of divergence, and the values seem to be stabilizing, suggesting convergence.",Continue,50,5.631831169128418,1
vasp-data-files/111100000100110110100000/OSZICAR,1,126,1,8,"Initial large oscillations in dE, but rms(c) shows an overall decreasing trend, eventually stabilizing at small values, indicating convergence.",Continue,50,2.665510654449463,1
vasp-data-files/111101001100111110100000/OSZICAR,0,200,1,7,"Despite large oscillations in dE, the macro-trend of rms(c) shows an overall decrease, indicating a likely convergence according to the Expert's Tie-Breaker Rule.",Continue,50,2.25311017036438,1
vasp-data-files/100011010111000010111111/OSZICAR,1,63,1,8,"Initial oscillations but rms(c) shows a macro-trend of steady decrease, eventually reaching small values <0.1, indicating convergence.",Continue,50,3.044980764389038,1
vasp-data-files/110110000111011010110100/OSZICAR,1,75,1,7,"Despite initial oscillations, the macro-trend of rms(c) shows a general decrease, particularly from step 10 onwards, indicating a likely convergence.",Continue,50,2.8005571365356445,1
vasp-data-files/100011110001111111100100/OSZICAR,0,200,1,7,"The rms(c) values show an overall decreasing trend with some oscillations, and dE also tends to decrease, indicating a likely convergence.",Continue,75,5.860538005828857,2
vasp-data-files/101010110101110010100110/OSZICAR,1,79,1,8,"Initial wild oscillations but eventual monotonic decrease in rms(c) and dE towards small values, indicating convergence.",Continue,50,2.3596010208129883,1
vasp-data-files/111100110101110000101000/OSZICAR,0,200,1,8,"The overall trend of the energy change (dE) and the charge density residual (rms) show a decreasing pattern, although with some oscillations. The values of dE and rms are getting smaller, indicating that the system is converging. However, the convergence is not smooth, and there are some fluctuations. Despite this, the long-term trend suggests that the system is moving towards convergence.",Continue,50,4.510241508483887,1
vasp-data-files/111001110011110001010100/OSZICAR,1,64,1,8,"Initial wild oscillations but rms(c) shows overall downward trend, eventually converging to small values.",Continue,50,2.3585422039031982,1
vasp-data-files/111111010101110010100010/OSZICAR,1,140,1,7,"Despite large oscillations in dE, the macro-trend of rms(c) shows a general decrease from ~1.0 to ~0.5-0.6, indicating a likely convergence according to the Expert's Tie-Breaker Rule.",Continue,50,3.296048641204834,1
vasp-data-files/101010010101111010100100/OSZICAR,1,135,1,8,"Initial oscillations but rms(c) shows a clear downward trend, eventually stabilizing at small values, indicating convergence.",Continue,50,2.3409550189971924,1
vasp-data-files/111111000100011100100000/OSZICAR,1,132,1,8,"Initial wild oscillations in dE and rms(c) but macro-trend of rms(c) shows overall decrease, eventually stabilizing at low values, indicating likely convergence.",Continue,50,3.4903900623321533,1
vasp-data-files/101001010100111010001000/OSZICAR,1,116,1,8,Initial wild oscillations but eventual smooth decrease in rms(c) values with macro-trend pointing towards convergence,Continue,50,2.3514254093170166,1
vasp-data-files/101001001101111000000000/OSZICAR,1,68,1,8,"Initial wild oscillations in dE and rms(c) but macro-trend of rms(c) shows overall decrease from step 15 onwards, eventually stabilizing at small values.",Continue,50,2.6313602924346924,1
vasp-data-files/101011110100111111010110/OSZICAR,0,200,1,7,"Large initial oscillations in dE, but rms(c) shows an overall decreasing trend, indicating a possible convergence despite some fluctuations.",Continue,50,2.451383352279663,1
vasp-data-files/110001111111111010000110/OSZICAR,1,61,1,8,Initial large fluctuations in dE and rms(c) but sustained downward trend in rms(c) and eventual stabilization of both dE and rms(c) at small values indicate damped oscillatory convergence.,Continue,50,2.6097028255462646,1
vasp-data-files/101001111100101011011111/OSZICAR,1,132,1,8,"The overall trend of the energy change (dE) and charge density residual (rms(c)) show a decreasing pattern, indicating convergence. Although there are some fluctuations, the macro-trend suggests that the system is moving towards convergence.",Continue,50,3.076124429702759,1
vasp-data-files/100000010110101000101101/OSZICAR,1,65,1,8,"The overall trend of the energy change (dE) and charge density residual (rms(c)) show a decreasing pattern, indicating convergence. Although there are oscillations, the long-term trend suggests that the system is moving towards convergence.",Continue,50,3.995418548583984,1
vasp-data-files/100110101011000101111111/OSZICAR,1,142,1,8,"The overall trend of the energy change (dE) and charge density residual (rms(c)) show a decreasing pattern, although with oscillations. The values of dE and rms(c) tend to decrease, and no significant divergence behavior is observed, suggesting convergence.",Continue,50,3.6908462047576895,1
vasp-data-files/100001111000111101011001/OSZICAR,1,165,1,8,Initial large oscillations in dE and rms(c) but macro-trend of rms(c) shows overall decrease; Expert's Tie-Breaker Rule supports convergence.,Continue,50,2.770580768585205,1
vasp-data-files/100111000000111100101001/OSZICAR,1,93,1,8,"The overall trend of the energy change (dE) and charge density residual (rms(c)) show a decreasing pattern, although with some oscillations. The values of dE and rms(c) are getting smaller, indicating that the calculation is converging. However, the oscillations suggest that it may not be a straightforward convergence. The decrease in both dE and rms(c) to relatively small values suggests convergence.",Continue,50,4.198557138442993,1
vasp-data-files/101010010111101011110111/OSZICAR,1,72,1,8,"The overall trend of the energy change (dE) and charge density residual (rms) show a decreasing pattern, with some fluctuations. The values of dE and rms are getting smaller, indicating that the system is converging. However, the fluctuations and the magnitude of the changes suggest a cautious interpretation, leading to a moderately high confidence level.",Continue,50,3.691239595413208,1
vasp-data-files/110001010101000001010111/OSZICAR,1,123,1,8,"The overall trend of the energy change (dE) and the residual charge density (rms) both show a decreasing pattern, although with oscillations. The values of dE and rms are getting smaller, indicating that the system is converging. However, oscillations are present, suggesting that the convergence might not be perfectly smooth. The decrease in both dE and rms to relatively small values suggests that the calculation is converging.",Continue,75,7.1928300857543945,2
vasp-data-files/100001110110011010010111/OSZICAR,1,64,1,8,"Initial wild oscillations but rms(c) shows an overall decreasing trend, eventually stabilizing at small values.",Continue,50,2.459218740463257,1
vasp-data-files/110110001001000111111001/OSZICAR,1,74,1,8,"The rms(c) shows an overall decreasing trend with some oscillations, and dE tends to decrease, indicating likely convergence.",Continue,50,2.461347341537476,1
vasp-data-files/111110111011100101101101/OSZICAR,0,200,1,8,"The overall trend of the energy change (dE) and charge density residual (rms(c)) show a decreasing pattern, although with oscillations. The values of dE and rms(c) tend to stabilize, with some fluctuations. The absence of a clear, persistent increase or erratic behavior in these values suggests a converging trend. However, the oscillations and the magnitude of changes suggest a cautious interpretation, leading to a moderately high confidence level.",Continue,50,4.61357045173645,1
vasp-data-files/111100111100111111010001/OSZICAR,1,69,1,8,"Initial oscillations but rms(c) shows a clear downward trend, eventually stabilizing at small values.",Continue,50,2.7789363861083984,1
vasp-data-files/111101001101010100100000/OSZICAR,1,136,1,8,"The overall trend of the energy change (dE) and the charge density residual (rms) show a decreasing pattern, indicating convergence. Although there are some fluctuations, the values tend to decrease, suggesting that the system is moving towards convergence.",Continue,50,3.266789197921753,1
vasp-data-files/111101011101111000001110/OSZICAR,0,200,1,8,"The overall trend of the energy change (dE) and charge density residual (rms(c)) show a decreasing pattern, although with oscillations. The values of dE and rms(c) are getting smaller, indicating that the calculation is converging. However, the convergence is not smooth, and there are significant oscillations. Despite this, the long-term trend suggests that the system is moving towards convergence.",Continue,50,3.686696767807007,1
vasp-data-files/110001011111111010000110/OSZICAR,1,75,1,8,"Large initial oscillations in dE, but rms(c) shows a clear and consistent downward trend, eventually reaching small values, indicating convergence.",Continue,50,2.870994806289673,1
vasp-data-files/101101000011001011000001/OSZICAR,0,200,0,8,"Large oscillations in dE and slow decrease in rms(c) with values still relatively high, indicating likely divergence.",Kill,50,2.666492223739624,1
vasp-data-files/101001011110101011010111/OSZICAR,1,64,1,8,"The 'dE' values show large fluctuations but 'rms(c)' steadily decreases, indicating a 'fighting' trend towards convergence.",Continue,50,2.560025215148926,1
vasp-data-files/111010110010100111010001/OSZICAR,1,111,1,8,"Despite initial oscillations, the macro-trend of rms(c) shows a clear and consistent decrease, eventually reaching small values, indicating convergence.",Continue,50,2.562790870666504,1
vasp-data-files/100111100010000011111111/OSZICAR,0,200,0,9,"Large oscillations in dE and rms(c) values show no clear downward trend, indicating divergence.",Kill,50,2.8738882541656494,1
vasp-data-files/111110001011110110101000/OSZICAR,1,79,1,8,"Despite initial oscillations, the macro-trend of rms(c) shows a clear and consistent decrease, eventually reaching small values, indicating convergence according to the Expert's Tie-Breaker Rule.",Continue,50,2.9854698181152344,1
vasp-data-files/110000010011000011011001/OSZICAR,0,200,0,9,"Large oscillations in dE and rms(c) values show no overall downward trend, indicating divergence.",Kill,50,2.9994266033172607,1
vasp-data-files/111011111001110010110010/OSZICAR,1,90,1,7,"Initial large oscillations in dE, but rms(c) shows an overall decreasing trend, especially after step 30, indicating a ""fighting"" system that is likely to converge despite the noisy behavior.",Continue,50,2.723508596420288,1
vasp-data-files/111110001100111010100000/OSZICAR,1,182,1,8,"The overall trend of the energy change (dE) and charge density residual (rms(c)) show a decreasing pattern, indicating convergence. Although there are oscillations, the long-term trend suggests that the system is moving towards a stable state.",Continue,50,3.582892417907715,1
vasp-data-files/100100101010000001111111/OSZICAR,1,68,1,8,"The rms(c) values show an overall decreasing trend, with some oscillations, but eventually settle to small values, indicating convergence; dE values also show oscillations but with a general trend towards smaller changes, supporting convergence.",Continue,50,2.8744051456451416,1
vasp-data-files/100110111101011101000100/OSZICAR,0,200,1,8,"The overall trend of the energy change (dE) and charge density residual (rms(c)) show a decreasing pattern, indicating convergence. Although there are oscillations, the macro-trend suggests that the system is moving towards convergence, with no clear indication of divergence.",Continue,50,3.379875421524048,1
vasp-data-files/100001110110111001000111/OSZICAR,1,64,1,8,"The dE values show oscillations but overall decrease, and rms(c) steadily decreases from step 12 onwards, indicating a trend towards convergence, especially after applying the Expert's Tie-Breaker Rule focusing on the macro-trend of rms(c).",Continue,50,2.28342866897583,1
vasp-data-files/101101000101110010100000/OSZICAR,1,63,1,9,Clear monotonic decrease in dE and rms(c) values reaching convergence thresholds,Continue,50,1.9191255569458008,1
vasp-data-files/101000010101111010100100/OSZICAR,0,200,0,8,"The calculation shows oscillatory behavior with no clear downward trend in the energy or residuals, indicating likely divergence.",Kill,50,2.7909672260284424,1
vasp-data-files/111101000101011010111110/OSZICAR,1,73,1,8,"The overall trend of the energy change (dE) and the charge density residual (rms(c)) show a decreasing pattern, although with some oscillations. The values of dE and rms(c) are getting smaller, indicating that the system is converging. The oscillations are significant but the overall trend suggests that the system is moving towards convergence.",Continue,50,3.870007753372192,1
vasp-data-files/101011110100111110100000/OSZICAR,1,61,1,8,"Despite initial oscillations, rms(c) shows a clear downward trend, eventually approaching small values, indicating convergence.",Continue,50,3.1766912937164307,1
vasp-data-files/110010111011110000101100/OSZICAR,0,200,1,8,"The dE values show oscillations but overall decrease, and rms(c) steadily decreases from step 10 onwards, indicating a trend towards convergence; despite some fluctuations, the macro-trend of rms(c) is downwards, suggesting eventual convergence.",Continue,50,2.665895462036133,1
vasp-data-files/101001110100110011000011/OSZICAR,0,200,1,7,"Despite initial oscillations, the macro-trend of rms(c) shows a general decrease, particularly after step 30, indicating a likely convergence.",Continue,75,4.657487154006958,2
vasp-data-files/100101100101010001010011/OSZICAR,1,131,1,8,"The overall trend of the energy change (dE) and charge density residual (rms(c)) show a decreasing pattern, although with some oscillations. The values of dE and rms(c) are getting smaller, indicating that the calculation is converging. However, the convergence is not smooth, and there are some fluctuations. Despite this, the long-term trend suggests that the system is moving towards convergence.",Continue,50,3.5603177547454834,1
vasp-data-files/111111111011011111101000/OSZICAR,0,200,1,8,"The overall trend of the energy change (dE) and the residual charge density (rms) show a decreasing pattern, although with oscillations. The values of dE and rms(c) tend to decrease, with some fluctuations. The large number of steps with consistent decrease in the values show a sign of convergence.",Continue,50,3.2775638103485107,1
vasp-data-files/111111100001000100110110/OSZICAR,1,58,1,8,"The overall trend of the energy change (dE) and the charge density residual (rms(c)) show a decreasing pattern, with some fluctuations. However, the values are eventually decreasing and stabilizing, indicating convergence.",Continue,50,3.180114269256592,1
vasp-data-files/110010101110011101000111/OSZICAR,1,57,1,8,"The `dE` values show large oscillations but the `rms(c)` values exhibit a clear overall downward trend, eventually reaching small values, indicating convergence according to the Expert's Tie-Breaker Rule.",Continue,50,2.598335027694702,1
vasp-data-files/101011001110010111111001/OSZICAR,0,200,1,8,"The overall trend of the energy change (dE) and the residual charge density (rms) show a decreasing pattern, indicating convergence. Although there are oscillations, the macro-trend suggests that the system is converging.",Continue,50,3.2405900955200195,1
vasp-data-files/111100001101110101100000/OSZICAR,1,86,1,8,"The overall trend of the energy change (dE) and charge density residual (rms(c)) show a decreasing pattern, although with some oscillations. The values of dE and rms(c) are getting smaller, indicating that the calculation is converging. The oscillations are present but the overall trend suggests that the system is moving towards convergence.",Continue,50,4.60993242263794,1
vasp-data-files/101001010101101101010011/OSZICAR,1,115,1,8,"The overall trend of the energy change (dE) and charge density residual (rms(c)) show a decreasing pattern, although with oscillations. The values of dE and rms(c) tend to decrease, with some fluctuations. The decrease in rms(c) is particularly indicative of convergence. Despite some oscillations, the overall trend suggests that the system is converging.",Continue,50,4.157822132110596,1
vasp-data-files/111010001101100111110111/OSZICAR,1,61,1,8,"Initial large oscillations in dE, but rms(c) shows an overall decreasing trend, eventually stabilizing at small values, indicating convergence.",Continue,50,3.4231672286987305,1
vasp-data-files/100001111101001111010001/OSZICAR,1,68,1,8,"The dE values show oscillations but overall decrease, and rms(c) steadily decreases from step 12 onwards, indicating a trend towards convergence; despite some fluctuations, the macro-trend of rms(c) is downwards, suggesting eventual convergence.",Continue,50,2.768922805786133,1
vasp-data-files/111100000000000000111010/OSZICAR,1,93,1,8,"Initial wild oscillations in dE and rms(c) but macro-trend of rms(c) shows overall decrease, especially after step 30, indicating likely convergence.",Continue,50,3.224315643310547,1
vasp-data-files/111100000001011100110001/OSZICAR,0,200,0,9,"rms(c) values show no consistent downward trend and remain high, dE also shows large oscillations and fails to converge below 1.0E-03, indicating divergence.",Kill,50,2.283944606781006,1
vasp-data-files/110110100001001100111100/OSZICAR,1,69,1,8,Initial oscillations but overall downward trend in rms(c) and eventual stabilization of dE and rms values indicating convergence,Continue,50,2.790372371673584,1
vasp-data-files/101110010100111001000100/OSZICAR,1,81,1,8,"The dE values show oscillations but overall decrease, and rms(c) steadily decreases from step 12 onwards, indicating a trend towards convergence; despite some fluctuations, the macro-trend of rms(c) is downwards, suggesting eventual convergence.",Continue,50,2.256376266479492,1
vasp-data-files/111101000101010010110000/OSZICAR,0,200,1,8,"The overall trend of the energy change (dE) and charge density residual (rms and rms(c)) show a decreasing pattern, although with some oscillations. The values of dE and rms(c) are getting smaller, indicating that the calculation is converging. However, the convergence is not smooth, and there are some fluctuations. Despite this, the long-term trend suggests that the system is moving towards convergence.",Continue,50,4.404801845550537,1
vasp-data-files/101100001101110001100001/OSZICAR,1,117,1,8,Large initial oscillations in dE and rms(c) but a clear downward trend in rms(c) and eventual stabilization of dE and rms(c) values indicating convergence.,Continue,75,5.071226596832275,2
vasp-data-files/100100001000110000100001/OSZICAR,1,81,1,8,"Despite initial oscillations, the macro-trend of rms(c) shows a clear and consistent decrease, eventually reaching small values, indicating convergence.",Continue,50,2.636573076248169,1
vasp-data-files/111101011101111001001000/OSZICAR,1,167,0,8,"Large oscillations in dE and rms(c) values persist with no clear downward trend, especially rms(c) stagnates around 1.0, indicating divergence.",Kill,50,2.9922585487365723,1
vasp-data-files/111110000100011100100000/OSZICAR,1,72,1,8,Initial oscillations in dE and rms(c) but overall downward trend in rms(c) and eventual stabilization of E and rms values indicating convergence,Continue,50,2.6426305770874023,1
vasp-data-files/101000010001100011101011/OSZICAR,1,102,1,7,"Large initial oscillations in dE, but rms(c) shows an overall decreasing trend, indicating a likely convergence despite some fluctuations.",Continue,50,2.292285680770874,1
vasp-data-files/100010111010001101011111/OSZICAR,1,145,0,8,"Large oscillations in dE and rms(c) values with no clear downward trend, indicating divergence.",Kill,50,2.420607566833496,1
vasp-data-files/111111001101000000100100/OSZICAR,1,70,1,8,"Initial wild oscillations but eventual monotonic decrease in rms(c) with dE showing decreasing magnitude, indicating convergence.",Continue,50,3.874703884124756,1
vasp-data-files/111101000101011010110110/OSZICAR,1,66,1,8,"Initial steps show large fluctuations in dE and rms(c), but from step 20 onwards, rms(c) shows a clear and consistent decreasing trend, eventually reaching small values (< 1.0E-02), indicating convergence.",Continue,50,2.860182046890259,1
vasp-data-files/110100001111000001011111/OSZICAR,1,82,1,8,Large initial oscillations in dE and rms(c) but macro-trend of rms(c) shows overall downward trend and eventually settles to small values indicating convergence,Continue,50,2.717203617095948,1
vasp-data-files/101000010100011110100010/OSZICAR,1,95,1,8,"The overall trend of the energy change (dE) and charge density residual (rms(c)) show a decreasing pattern, although with oscillations. The values of dE and rms(c) are getting smaller, indicating that the system is moving towards convergence. The data points do not show a clear sign of divergence; instead, they suggest a damped oscillatory behavior that is characteristic of a converging system. The confidence level is high due to the consistent trend observed over a large number of steps.",Continue,50,3.839879751205444,1
vasp-data-files/101100000001011100100000/OSZICAR,0,200,0,9,Large oscillations in dE and rms(c) stagnates at high values indicating divergence,Kill,50,2.329894542694092,1
vasp-data-files/100000111101000011011111/OSZICAR,1,149,1,8,"Despite initial oscillations, the macro-trend of rms(c) shows a general decrease, eventually stabilizing at lower values, indicating likely convergence.",Continue,50,2.727058172225952,1
vasp-data-files/110110001111000001111111/OSZICAR,1,67,1,7,"Initial large oscillations in dE, but rms(c) shows an overall decreasing trend, indicating a ""Fighter"" case that likely converges despite erratic behavior.",Continue,50,2.316880464553833,1
vasp-data-files/111110000111011010110110/OSZICAR,0,200,1,7,"Despite large oscillations in dE, the macro-trend of rms(c) shows an overall decrease, indicating a likely convergence according to the Expert's Tie-Breaker Rule.",Continue,50,2.425411939620972,1
vasp-data-files/101101000011100011101011/OSZICAR,0,200,1,8,"The overall trend of the energy change (dE) and charge density residual (rms(c)) show a decreasing pattern, indicating convergence. Although there are oscillations, the long-term trend suggests that the system is moving towards convergence.",Continue,50,3.1955108642578125,1
vasp-data-files/100010110000111010000100/OSZICAR,1,70,1,9,,Continue,50,2.562725305557251,1
vasp-data-files/100001111101001111010011/OSZICAR,1,114,1,8,"Initial large oscillations in dE, but rms(c) shows an overall decreasing trend, eventually stabilizing at small values, indicating convergence.",Continue,50,1.9520812034606927,1
vasp-data-files/111110000011000001111111/OSZICAR,1,95,1,7,"Despite large oscillations in dE, the macro-trend of rms(c) shows a general decrease from ~0.124E+02 to ~0.361E+00, indicating a likely convergence.",Continue,50,49.72227215766907,1
vasp-data-files/101001100111010000100111/OSZICAR,1,80,1,8,"The dE values show large oscillations but the rms(c) values exhibit an overall decreasing trend, indicating a ""fighting"" system that will likely converge according to the Expert's Tie-Breaker Rule.",Continue,50,2.8614401817321777,1
vasp-data-files/110101110010001101011001/OSZICAR,1,145,1,8,"The overall trend of the energy change (dE) and charge density residual (rms and rms(c)) show a decreasing pattern, although with oscillations. The values of dE and rms(c) tend to decrease, but with fluctuations. The final values of rms and rms(c) are relatively small, indicating a trend towards convergence.",Continue,50,3.593883752822876,1
vasp-data-files/100010010100111100100000/OSZICAR,0,200,0,8,"Large oscillations in dE and rms(c) values with no clear downward trend, especially after step 12, indicating divergence.",Kill,50,2.45911192893982,1
vasp-data-files/110101110010111101011001/OSZICAR,1,94,1,8,"The `dE` values show large oscillations but the `rms(c)` values exhibit a clear overall downward trend, eventually reaching small values, indicating convergence according to the Expert's Tie-Breaker Rule.",Continue,50,4.099727153778076,1
vasp-data-files/110110101000010000101100/OSZICAR,1,70,1,8,"The overall trend of the energy change (dE) and the residual charge density (rms) show a decreasing pattern, with some fluctuations. The values of dE and rms are getting smaller, indicating that the calculation is converging. The absence of significant oscillations or divergence signs supports this conclusion.",Continue,50,3.687444686889648,1
vasp-data-files/101010010100111111100101/OSZICAR,1,77,1,8,Initial wild oscillations but overall macro-trend of rms(c) shows downward damping indicating eventual convergence,Continue,50,2.6639509201049805,1
vasp-data-files/110011110011111110010000/OSZICAR,1,68,1,7,"Large initial oscillations in dE, but rms(c) shows an overall decreasing trend, indicating a ""Fighter"" case that likely converges despite erratic behavior.",Continue,50,2.5736277103424072,1
vasp-data-files/100110001000010110100000/OSZICAR,1,129,1,8,"The overall trend of the energy change (dE) and the charge density residual (rms(c)) show a decreasing pattern, although with some oscillations. The values of dE and rms(c) are getting smaller, indicating that the system is moving towards convergence. The absence of significant oscillations in the later steps and the overall trend support this conclusion.",Continue,50,4.495452165603638,1
vasp-data-files/101001110001111010100101/OSZICAR,0,200,1,7,"Despite large oscillations in dE, the macro-trend of rms(c) shows an overall decrease, indicating a likely convergence according to the Expert's Tie-Breaker Rule.",Continue,50,2.4937915802001958,1
vasp-data-files/111110001100001000110010/OSZICAR,1,94,1,8,"Initial wild oscillations but eventual smooth decrease in rms(c) values with a macro-trend towards convergence, aligning with the Expert's Tie-Breaker Rule.",Continue,50,2.5276474952697754,1
vasp-data-files/101011010101111111100100/OSZICAR,1,61,1,8,"The 'dE' values show oscillations but overall decrease, while 'rms(c)' exhibits a clear downward trend from step 12 onwards, eventually reaching small values, indicating convergence according to the Expert's Tie-Breaker Rule.",Continue,50,4.205391645431519,1
vasp-data-files/111100100000111101100000/OSZICAR,1,66,1,8,"The overall trend of the energy change (dE) and charge density residual (rms(c)) show a decreasing pattern, with some fluctuations. The values of dE and rms(c) tend to decrease, and no strong oscillations or divergence are observed, indicating a converging behavior.",Continue,50,3.340374708175659,1
vasp-data-files/110000111010111001011111/OSZICAR,1,97,1,8,"Initial oscillations and large dE values but rms(c) shows an overall decreasing trend, eventually stabilizing at small values, indicating convergence.",Continue,50,2.389838218688965,1
vasp-data-files/100001010111111111011001/OSZICAR,1,92,1,8,Initial oscillations but overall downward trend in rms(c) and eventual stabilization of dE and rms values indicating convergence,Continue,50,2.766213893890381,1
vasp-data-files/111100000100110100100000/OSZICAR,1,124,1,8,"Initial large oscillations in dE and rms(c) but macro-trend of rms(c) shows overall decrease, eventually stabilizing at small values.",Continue,50,3.689153909683228,1
vasp-data-files/101001100101000010111111/OSZICAR,1,142,1,8,"The overall trend of the energy change (dE) and the residual charge density (rms) show a decreasing pattern, indicating convergence. Although there are oscillations, the macro-trend suggests that the system is moving towards convergence.",Continue,50,2.971827745437622,1
vasp-data-files/100011010011001011110101/OSZICAR,1,55,1,8,"Initial oscillations in dE and rms(c) but macro-trend of rms(c) shows overall decrease, eventually stabilizing at small values.",Continue,50,3.788941144943237,1
vasp-data-files/111100001101001111000001/OSZICAR,0,200,1,7,"Despite initial oscillations, the macro-trend of rms(c) shows a general decrease from ~0.1 to below 0.01, indicating a likely convergence.",Continue,75,6.376997947692871,2
vasp-data-files/101110001100010000110011/OSZICAR,1,74,1,8,"The overall trend of the energy change (dE) and charge density residual (rms(c)) show a decreasing pattern, indicating convergence. Although there are some oscillations, the long-term trend suggests that the system is approaching a stable state.",Continue,50,3.275967597961426,1
vasp-data-files/100001001111110011011101/OSZICAR,1,68,1,8,"The overall trend of the energy change (dE) and the residual charge density (rms and rms(c)) show a decreasing pattern, with some oscillations. The values of dE and rms(c) are getting smaller, indicating that the calculation is converging. However, the convergence is not smooth and has some fluctuations. Despite this, the long-term trend suggests that the system is moving towards convergence.",Continue,50,5.561258554458618,1
vasp-data-files/101101100101000010111100/OSZICAR,1,171,1,8,"Large initial oscillations in dE, but rms(c) shows an overall decreasing trend, eventually stabilizing at small values.",Continue,50,2.427620887756348,1
vasp-data-files/101101000001110010100001/OSZICAR,0,200,1,8,"The overall trend of the energy change (dE) and charge density residual (rms(c)) show a decreasing pattern, indicating convergence. Although there are oscillations, the macro-trend suggests that the system is moving towards convergence, with no clear indication of divergence.",Continue,50,3.686509370803833,1
vasp-data-files/101001010101111110100100/OSZICAR,1,79,0,9,"Large oscillations in dE and rms(c) values show no consistent downward trend, indicating divergence.",Kill,50,2.663460731506348,1
vasp-data-files/101100000000111110000000/OSZICAR,1,106,1,8,"The overall trend of the energy change (dE) and charge density residual (rms(c)) show a decreasing pattern, indicating convergence. Although there are oscillations, the long-term trend suggests that the system is moving towards convergence.",Continue,50,3.814054727554321,1
vasp-data-files/100010110010110001101101/OSZICAR,1,55,1,8,"The overall trend of the energy change (dE) and charge density residual (rms and rms(c)) show a decreasing pattern, indicating convergence. Although there are oscillations, the macro-trend suggests that the system is moving towards convergence, with no clear indication of divergence.",Continue,50,4.055326461791992,1
vasp-data-files/100100100110110101111001/OSZICAR,0,200,1,8,"The overall trend of the energy change (dE) and the residual charge density (rms and rms(c)) show a decreasing pattern, indicating convergence. Although there are oscillations, the values tend to stabilize, suggesting that the calculation is converging.",Continue,50,4.620914459228516,1
vasp-data-files/110001111011110001001111/OSZICAR,1,72,1,8,"Large initial oscillations but rms(c) shows a clear downward trend eventually stabilizing at small values,符合Expert's Tie-Breaker Rule.",Continue,50,3.4677016735076904,1
vasp-data-files/111011110101110000100010/OSZICAR,1,75,1,8,"The dE values show oscillations but overall decrease, and rms(c) steadily decreases from step 12 onwards, indicating a trend towards convergence; despite some fluctuations, the macro-trend of rms(c) is downwards, suggesting eventual convergence.",Continue,50,2.817410469055176,1
vasp-data-files/110100110011001101111001/OSZICAR,1,136,1,8,"Initial large oscillations in dE, but rms(c) shows an overall decreasing trend, eventually stabilizing at small values, indicating convergence.",Continue,50,2.3558735847473145,1
vasp-data-files/101101111110111111010001/OSZICAR,0,200,1,8,"The overall trend of the energy change (dE) and charge density residual (rms(c)) show a decreasing pattern, indicating convergence. Although there are oscillations, the macro-trend suggests that the system is converging.",Continue,50,3.0312983989715576,1
vasp-data-files/111011011011011101101001/OSZICAR,1,68,1,8,"The overall trend of the energy change (dE) and the residual charge density (rms) show a decreasing pattern, with some fluctuations. The values of dE and rms are getting smaller, indicating that the calculation is converging. However, the fluctuations suggest that it may not be a smooth convergence. The final values of dE and rms are relatively small, indicating that the calculation has reached a stable point. Therefore, I predict that the calculation will converge.",Continue,50,4.472437143325806,1
vasp-data-files/101111000000111110100000/OSZICAR,1,76,1,8,"The overall trend of the energy change (dE) and charge density residual (rms(c)) show a decreasing pattern, with some fluctuations. The values of dE and rms(c) tend to decrease, with dE reaching relatively small values, indicating convergence.",Continue,50,3.4018869400024414,1
vasp-data-files/111110001101100011110111/OSZICAR,1,60,1,9,"Monotonic decrease in rms(c) and eventual stabilization at small values, with dE also showing a trend towards small absolute values.",Continue,50,2.5898985862731934,1
vasp-data-files/101011110001111111100100/OSZICAR,1,196,1,8,"The overall trend of the energy change (dE) and charge density residual (rms(c)) show a decreasing pattern, although with oscillations. The values of dE and rms(c) tend to decrease, and no clear indication of divergence is observed, suggesting convergence.",Continue,50,3.175083875656128,1
vasp-data-files/110110101010000001111000/OSZICAR,1,156,1,8,Initial large fluctuations in dE and rms(c) but sustained downward trend in rms(c) and eventual stabilization of dE and energy values indicate convergence.,Continue,50,2.764028787612915,1
vasp-data-files/101001001100111111000101/OSZICAR,1,65,1,8,"The overall trend of the energy change (dE) and charge density residual (rms(c)) show a decreasing pattern, indicating convergence. Although there are some fluctuations, the long-term trend suggests that the system is approaching a stable state.",Continue,50,3.3853344917297363,1
vasp-data-files/111011010110111110100000/OSZICAR,1,79,1,8,"Initial wild oscillations but rms(c) shows an overall decreasing trend, eventually stabilizing at low values.",Continue,50,2.577736616134644,1
vasp-data-files/111110000001000000111110/OSZICAR,0,200,1,8,"The overall trend of the energy change (dE) and the charge density residual (rms(c)) show a decreasing pattern, although with some oscillations. The values of dE and rms(c) tend to decrease, but at a slow and somewhat erratic pace. Despite the fluctuations, the system appears to be converging, as indicated by the overall trend of the relevant metrics.",Continue,50,3.8737270832061768,1
vasp-data-files/101100000100111110000001/OSZICAR,0,200,0,8,"Large oscillations in dE and rms(c) values with no clear monotonic decrease, especially after step 13, indicating divergence; rms(c) does not show a consistent downward trend and gets stuck at high values around 1.0, suggesting non-convergence.",Kill,50,2.2367515563964844,1
vasp-data-files/110010111011000101111111/OSZICAR,1,131,1,8,"Large initial oscillations but rms(c) shows an overall decreasing trend, eventually stabilizing at low values, indicating convergence.",Continue,50,2.476668357849121,1
vasp-data-files/101001010100111010100000/OSZICAR,1,122,1,8,"The overall trend of the energy change (dE) and charge density residual (rms(c)) show a decreasing pattern, with some oscillations. However, the values are eventually decreasing and stabilizing, indicating convergence.",Continue,50,3.380727767944336,1
vasp-data-files/110110101000001010101101/OSZICAR,1,83,1,8,"Initial oscillations in dE and rms(c) but overall macro-trend of rms(c) shows a clear and consistent decrease towards small values, indicating convergence.",Continue,50,2.9720029830932617,1
vasp-data-files/100011111100011010011110/OSZICAR,1,109,0,8,"Large oscillations in dE and rms(c) values with no clear downward trend, indicating divergence. Despite some fluctuations, rms(c) doesn't show a consistent decrease, supporting the divergence prediction.",Kill,50,3.0222301483154297,1
vasp-data-files/110110100100000100110100/OSZICAR,1,110,1,8,"The overall trend of the energy change (dE) and charge density residual (rms(c)) show a decreasing pattern, indicating convergence. Although there are oscillations, the long-term trend suggests that the system is approaching a stable state.",Continue,50,2.8919055461883545,1
vasp-data-files/100101011101111011000011/OSZICAR,0,200,1,8,"The overall trend of the energy change (dE) and charge density residual (rms(c)) show a decreasing pattern, although with some oscillations. The values of dE and rms(c) tend to stabilize, with dE reaching small absolute values and rms(c) showing a downward trend, indicating convergence.",Continue,50,3.507763147354126,1
vasp-data-files/101100000100011110111110/OSZICAR,1,71,1,8,"Initial large oscillations in dE, but rms(c) shows an overall decreasing trend, eventually stabilizing at small values, indicating convergence.",Continue,50,3.207587718963623,1
vasp-data-files/100011011111000010111111/OSZICAR,0,200,1,7,"Initial large oscillations in dE, but rms(c) shows an overall decreasing trend, indicating a ""Fighter"" case that likely converges despite noisy behavior.",Continue,50,2.3246328830718994,1
vasp-data-files/100101011100111011000011/OSZICAR,1,63,1,8,"The rms(c) values show an overall decreasing trend, with some oscillations, but eventually approach a small value, indicating convergence; dE also shows a trend towards smaller absolute values.",Continue,50,3.174812078475952,1
vasp-data-files/100001111100111101010011/OSZICAR,0,200,1,8,"The overall trend of the energy change (dE) and charge density residual (rms) show a decreasing pattern, indicating convergence. Although there are oscillations, the long-term trend suggests that the system is moving towards a stable state.",Continue,50,3.3821511268615723,1
vasp-data-files/111101110111100111101010/OSZICAR,1,58,1,8,"The dE values show oscillations but overall decrease, and rms(c) steadily decreases from step 10 onwards, indicating a trend towards convergence; despite some fluctuations, the macro-trend of rms(c) is downwards, suggesting eventual convergence.",Continue,50,2.560662031173706,1
vasp-data-files/101000010001110011111101/OSZICAR,1,95,1,8,"Initial large fluctuations in dE and rms(c) but sustained decrease in rms(c) values after step 10, with dE showing a slow decrease towards small values, indicating damped oscillatory convergence.",Continue,50,2.868431568145752,1
vasp-data-files/111011010101111110100000/OSZICAR,1,79,1,8,"Large initial oscillations but rms(c) shows a macro-trend of steady decrease, eventually reaching small values, indicating convergence.",Continue,50,2.765428304672241,1
vasp-data-files/101001001111010011011111/OSZICAR,1,192,1,8,"The overall trend of the energy change (dE) and charge density residual (rms(c)) show a decreasing pattern, although with oscillations. The values of dE and rms(c) are getting smaller, indicating that the calculation is converging. However, the convergence is not smooth, and there are still some oscillations. Despite this, the overall trend suggests that the system is moving towards convergence.",Continue,50,4.402750730514526,1
vasp-data-files/100001010111011100010001/OSZICAR,0,200,1,8,"dE shows large oscillations but eventually settles, and rms(c) exhibits a decreasing trend with some fluctuations, ultimately indicating convergence.",Continue,50,2.6641287803649902,1
vasp-data-files/100001110101000011011111/OSZICAR,0,200,1,8,"The overall trend of the energy change (dE) and the residual charge density (rms) show a decreasing pattern, with some fluctuations. The values of dE and rms are getting smaller, indicating that the calculation is converging. However, the fluctuations and the magnitude of the changes suggest a cautious interpretation. Despite the oscillations, the overall trend suggests convergence.",Continue,50,3.6970255374908447,1
vasp-data-files/111101000001001010110010/OSZICAR,1,121,1,8,"Despite initial oscillations, rms(c) shows a clear downward trend, eventually reaching low values, indicating convergence according to the Expert's Tie-Breaker Rule.",Continue,50,2.877568244934082,1
vasp-data-files/101111001100010011100010/OSZICAR,1,197,1,8,Large initial oscillations but eventual smooth decrease in rms(c) values with a macro-trend indicating convergence,Continue,50,2.5437960624694824,1
vasp-data-files/111110001100010000100010/OSZICAR,1,181,1,8,"The overall trend of the energy change (dE) and charge density residual (rms) show a decreasing pattern, with some fluctuations. The values of dE and rms are getting smaller, indicating that the calculation is converging. However, some oscillations are observed, which might indicate some instability in the calculation. Despite this, the overall trend suggests convergence.",Continue,50,3.173661947250366,1
vasp-data-files/101100000001111100100000/OSZICAR,1,126,1,8,"Initial wild oscillations in dE and rms(c) but overall macro-trend of rms(c) shows a clear decrease towards smaller values, indicating likely convergence despite some fluctuations.",Continue,50,2.0471911430358887,1
vasp-data-files/101011111001110010011110/OSZICAR,0,200,0,9,Large oscillations in dE and rms(c) stagnates at high values indicating divergence,Kill,50,2.356677770614624,1
vasp-data-files/110101111011111111111010/OSZICAR,1,91,1,8,"The dE values show oscillations but overall decrease, and rms(c) steadily decreases from step 12 onwards, indicating a trend towards convergence, though with some oscillations.",Continue,50,3.174417018890381,1
vasp-data-files/111110000010111100110000/OSZICAR,1,72,1,8,"Initial wild oscillations in dE and rms(c) but macro-trend of rms(c) shows overall decrease, especially after step 10, indicating a ""Fighter"" case with likely convergence.",Continue,50,2.9734201431274414,1
vasp-data-files/111110001100010010111110/OSZICAR,0,200,0,8,"Large oscillations in dE and rms(c) values with no clear downward trend, indicating divergence; Expert's Tie-Breaker Rule supports this due to stagnating rms(c) values.",Kill,50,3.957943916320801,1
vasp-data-files/100100011110001111000110/OSZICAR,1,82,1,8,"Initial wild oscillations but eventual smooth decrease in rms(c) and dE towards small values, with rms(c) showing a clear downward trend, indicating convergence.",Continue,50,35.84553408622742,1
vasp-data-files/101111000100011100100100/OSZICAR,1,175,1,8,"Initial oscillations but overall downward trend in rms(c) and dE becoming small, indicating likely convergence",Continue,50,3.1068270206451416,1
vasp-data-files/100011111111000011011111/OSZICAR,1,64,1,9,,Continue,50,3.277459144592285,1
vasp-data-files/111110000101110010101000/OSZICAR,1,53,1,9,Monotonic decrease in dE and rms(c) values reaching convergence thresholds,Continue,50,3.104865550994873,1
vasp-data-files/110100001001000011011111/OSZICAR,1,64,1,9,"Monotonic decrease in rms(c) and dE towards small values, consistent with convergence criteria.",Continue,50,2.201916217803955,1
vasp-data-files/111100000111000001010110/OSZICAR,1,164,0,8,"Large oscillations in dE and rms(c) values show no clear downward trend, with rms(c) stagnating around 0.18-0.25, indicating divergence.",Kill,50,2.5215489864349365,1
vasp-data-files/111111000101110010100100/OSZICAR,1,71,1,8,"The overall trend of the energy change (dE) and charge density residual (rms(c)) show a decreasing pattern, with some oscillations. The values of dE and rms(c) are getting smaller, indicating that the calculation is converging. The absence of significant oscillations in the later steps and the overall trend towards smaller values support this conclusion.",Continue,50,3.385080337524414,1
vasp-data-files/110010010011000000101000/OSZICAR,1,90,1,8,"The overall trend of the energy change (dE) and the residual charge density (rms) show a decreasing pattern, with some fluctuations. The values of dE and rms are getting smaller, indicating that the calculation is converging. The absence of persistent oscillations or stagnation at a high level suggests that the system is approaching a stable state. Therefore, I predict that the calculation will converge.",Continue,50,4.356313467025757,1
vasp-data-files/101101001100111000001000/OSZICAR,1,103,1,8,"Despite initial oscillations, rms(c) shows an overall decreasing trend, eventually stabilizing at small values, indicating convergence.",Continue,50,2.6616082191467285,1
vasp-data-files/101011110101101011011111/OSZICAR,0,200,0,8,"Large oscillations in dE and rms(c) values with no clear downward trend, especially after step 12, indicating divergence; rms(c) does not show a consistent decrease towards small values.",Kill,50,2.186859369277954,1
vasp-data-files/110111000111000011111111/OSZICAR,1,72,1,8,"Initial oscillations but rms(c) shows a clear downward trend, eventually converging to small values.",Continue,50,2.524498462677002,1
vasp-data-files/101100000001101111000001/OSZICAR,1,82,1,8,"Initial large oscillations in dE, but rms(c) shows an overall decreasing trend, eventually stabilizing at small values, indicating convergence.",Continue,50,3.1776843070983887,1
vasp-data-files/111110100000001100110001/OSZICAR,0,200,0,9,"Large oscillations in dE and rms(c) values show no consistent downward trend, indicating divergence. The rms(c) values remain high and stagnant, further supporting divergence.",Kill,50,2.659105062484741,1
vasp-data-files/100111100010001100011001/OSZICAR,1,130,1,7,"Despite initial oscillations, the macro-trend of rms(c) shows a general decrease, particularly from step 12 onwards, indicating a likely convergence.",Continue,50,2.2715368270874023,1
vasp-data-files/111110000100000000111110/OSZICAR,1,110,1,8,"The overall trend of the energy change (dE) and charge density residual (rms and rms(c)) show a decreasing pattern, with some fluctuations. The values of dE and rms(c) are getting smaller, indicating that the calculation is converging. The oscillations in the dE values are significant but tend to diminish. The final values of rms and rms(c) are relatively small, suggesting convergence.",Continue,50,4.077016353607178,1
vasp-data-files/110000011001000011111010/OSZICAR,1,165,1,8,"The overall trend of the energy change (dE) and charge density residual (rms(c)) show a decreasing pattern, indicating convergence. Although there are oscillations, the long-term trend suggests that the system is moving towards convergence.",Continue,50,3.276132822036743,1
vasp-data-files/101011110001110011110101/OSZICAR,0,200,1,7,"Despite large oscillations in dE, the macro-trend of rms(c) shows an overall decrease, indicating a likely convergence according to the Expert's Tie-Breaker Rule.",Continue,50,2.8660318851470947,1
vasp-data-files/111110001111111010110001/OSZICAR,0,200,1,8,"Large initial oscillations in dE, but rms(c) shows an overall decreasing trend, eventually stabilizing at small values, indicating convergence according to the Expert's Tie-Breaker Rule.",Continue,50,3.986467123031616,1
vasp-data-files/101010110001110000111100/OSZICAR,1,76,1,8,"Large initial oscillations in dE, but rms(c) shows a clear and consistent decreasing trend, eventually stabilizing at small values.",Continue,50,3.082926988601685,1
vasp-data-files/111110000001010100101000/OSZICAR,1,76,1,8,"Despite initial oscillations, the macro-trend of rms(c) shows a clear and consistent decrease, eventually reaching small values, indicating convergence.",Continue,50,2.764171600341797,1
vasp-data-files/101110000100111110100000/OSZICAR,0,200,1,8,"The overall trend of the energy change (dE) and charge density residual (rms) show a decreasing pattern, although with oscillations. The values of dE and rms(c) tend to stabilize, with no clear indication of divergence. The slow but consistent decrease in these values suggests convergence.",Continue,50,3.685898780822754,1
vasp-data-files/101101000001010000111100/OSZICAR,1,64,1,8,"Initial large oscillations in dE and rms(c) but macro-trend of rms(c) shows overall decrease towards small values, indicating likely convergence despite noisy behavior.",Continue,50,2.894185304641724,1
vasp-data-files/111011010101110000100110/OSZICAR,1,68,1,8,"Initial wild oscillations but overall macro-trend of rms(c) shows a clear and consistent decrease towards small values, indicating convergence.",Continue,50,2.788793563842773,1
vasp-data-files/111110000001011100100000/OSZICAR,1,65,1,8,"The overall trend of the energy change (dE) and charge density residual (rms) show a decreasing pattern, with some fluctuations. The values of dE and rms are getting smaller, indicating that the calculation is converging. The absence of significant oscillations or divergence signs supports this conclusion.",Continue,50,3.433603048324585,1
vasp-data-files/100100101110010010111110/OSZICAR,1,88,1,7,"Despite large oscillations in dE, the macro-trend of rms(c) shows an overall decrease, indicating a likely convergence according to the Expert's Tie-Breaker Rule.",Continue,50,2.3549463748931885,1
vasp-data-files/110010110010100111010001/OSZICAR,1,111,1,7,"Despite initial oscillations, the macro-trend of rms(c) shows a general decrease, indicating a likely convergence according to the Expert's Tie-Breaker Rule.",Continue,75,5.100356578826904,2
vasp-data-files/101011010110110010010100/OSZICAR,0,200,1,8,"Initial oscillations in dE, but rms(c) shows an overall decreasing trend, with values dropping below 1.0, indicating likely convergence.",Continue,50,2.8075098991394043,1
vasp-data-files/111111000001000000111010/OSZICAR,1,125,1,8,"The rms(c) value shows an overall decreasing trend, with some oscillations, but it eventually reaches a low value, indicating convergence. The dE values also show a decreasing trend, although with some fluctuations. According to the Expert's Tie-Breaker Rule, the long-term trend of rms(c) overrules everything else, and since it is decreasing, the calculation is likely to converge.",Continue,50,3.793896198272705,1
vasp-data-files/100011111011011001010111/OSZICAR,1,97,1,8,"Large initial oscillations but macro-trend of rms(c) shows downward damping indicating eventual convergence, following Expert's Tie-Breaker Rule.",Continue,50,2.7630202770233154,1
vasp-data-files/111110000100001100101010/OSZICAR,1,53,1,9,"Monotonic decrease in rms(c) and dE towards small absolute values,符合收敛标准",Continue,50,2.252091407775879,1
vasp-data-files/101001110111111111000001/OSZICAR,0,200,1,8,"The overall trend of the energy change (dE) and the residual charge density (rms) show a decreasing pattern, with some fluctuations. The values of dE and rms are getting smaller, indicating that the calculation is converging. However, the convergence is not smooth, and there are some oscillations. Despite this, the overall trend suggests that the system is moving towards convergence.",Continue,50,4.097314119338989,1
vasp-data-files/111110000101111010100000/OSZICAR,1,60,1,8,"The overall trend of the energy change (dE) and charge density residual (rms(c)) show a decreasing pattern, with some oscillations. However, the values are gradually converging, and no significant divergence is observed. The final values of rms and rms(c) are relatively small, indicating convergence.",Continue,50,3.4783971309661865,1
vasp-data-files/110010111011100011111101/OSZICAR,1,185,1,8,"The overall trend of the energy change (dE) and the charge density residual (rms(c)) show a decreasing pattern, indicating convergence. Although there are some oscillations, the macro-trend suggests that the system is moving towards convergence, hence predicting a likely convergence.",Continue,50,4.095857620239258,1
vasp-data-files/101100000101000011101101/OSZICAR,1,129,1,8,"The overall trend of the energy change (dE) and charge density residual (rms(c)) show a decreasing pattern, although with oscillations. The values of dE and rms(c) tend to decrease, with some fluctuations. The final values of rms(c) are relatively small, indicating a trend towards convergence.",Continue,50,3.6861705780029297,1
vasp-data-files/111001010101110110100001/OSZICAR,1,99,1,8,"The rms(c) values show an overall decreasing trend, with some oscillations, but eventually settle down to small values, indicating convergence; dE values also show oscillations but with a general trend towards smaller changes, supporting convergence.",Continue,50,2.484513998031616,1
vasp-data-files/101100110010100101111101/OSZICAR,0,200,0,8,"Large oscillations in dE and rms(c) values, with rms(c) not showing a clear downward trend, indicating likely divergence.",Kill,50,2.3265392780303955,1
vasp-data-files/111110000101000010101110/OSZICAR,1,65,1,8,"The dE values show oscillations but overall decrease, and rms(c) steadily decreases from step 12 onwards, indicating a trend towards convergence; despite some fluctuations, the macro-trend of rms(c) is downwards, suggesting eventual convergence.",Continue,50,2.5618464946746826,1
vasp-data-files/100001001101000001011111/OSZICAR,1,75,1,8,Initial wild oscillations in dE and rms(c) but macro-trend of rms(c) shows overall decrease; later steps show smooth decrease in both dE and rms(c) towards small values.,Continue,50,5.940661907196045,1
vasp-data-files/110001111011001101110111/OSZICAR,1,69,1,8,"Macro-trend of rms(c) shows overall decrease from ~0.124E+02 to below 0.1E+01, with some oscillations but a clear downward trend indicating likely convergence",Continue,50,6.243420600891113,1
vasp-data-files/101111100110001111111101/OSZICAR,1,171,0,9,"Large oscillations in dE and rms(c) values show no consistent downward trend, indicating divergence.",Kill,50,2.767384529113769,1
vasp-data-files/111110010101100000111000/OSZICAR,1,66,1,8,"Initial large oscillations but eventual smooth decrease in rms(c) and dE towards small values, indicating damped oscillatory convergence.",Continue,50,7.257588148117065,1
vasp-data-files/101000111001111010100100/OSZICAR,1,157,1,7,"Despite large oscillations in dE, the macro-trend of rms(c) shows an overall decrease, indicating a likely convergence according to the Expert's Tie-Breaker Rule.",Continue,50,4.212272882461548,1
vasp-data-files/101111101101011010111100/OSZICAR,1,114,1,8,"The overall trend of the energy change (dE) and charge density residual (rms(c)) show a decreasing pattern, indicating convergence. Although there are oscillations, the macro-trend suggests that the system is moving towards convergence, with no clear indication of divergence.",Continue,50,3.069849729537964,1
vasp-data-files/100111000111010000100000/OSZICAR,1,85,1,8,"The overall trend of the energy change (dE) and charge density residual (rms(c)) show a decreasing pattern, although with some oscillations. The values of dE and rms(c) are getting smaller, indicating that the calculation is converging. The oscillations are present but the overall trend suggests that the system is moving towards convergence.",Continue,50,3.3407745361328125,1
vasp-data-files/101010110001111110100100/OSZICAR,1,111,1,8,"The overall trend of the energy change (dE) and the charge density residual (rms) show a decreasing pattern, although with oscillations. The values of dE and rms are getting smaller, indicating that the system is converging. However, the convergence is not smooth, and there are still some oscillations. The final values of dE and rms are relatively small, suggesting that the system is approaching a stable state. Therefore, I predict that the system will converge.",Continue,50,3.418486833572388,1
vasp-data-files/111110000101011010101000/OSZICAR,1,68,1,8,"Initial large oscillations in dE, but rms(c) shows an overall decreasing trend, especially after step 20, indicating a ""Fighter"" case that is likely to converge.",Continue,50,3.0720462799072266,1
vasp-data-files/100011111010101011011111/OSZICAR,0,200,1,7,"Initial oscillations in dE and rms(c) but overall macro-trend of rms(c) shows a decrease, indicating a likely convergence despite some fluctuations.",Continue,50,3.683984041213989,1
vasp-data-files/111101001100110010100000/OSZICAR,1,93,1,8,"The dE values show oscillations but overall decrease, and rms(c) steadily decreases from step 10 onwards, indicating a trend towards convergence; despite some fluctuations, the macro-trend of rms(c) is downwards, suggesting eventual convergence.",Continue,50,2.3578574657440186,1
vasp-data-files/101111000101010010100000/OSZICAR,1,73,1,8,"Initial large oscillations in dE and rms(c) values, but macro-trend of rms(c) shows a clear and consistent decrease, eventually reaching small values, indicating convergence.",Continue,50,4.198854446411133,1
vasp-data-files/100001110101111111010111/OSZICAR,1,82,1,8,"Despite initial oscillations, the macro-trend of rms(c) shows a clear and consistent decrease, eventually reaching small values, indicating convergence according to the Expert's Tie-Breaker Rule.",Continue,50,5.323927164077759,1
vasp-data-files/111110001001000001111110/OSZICAR,1,79,1,9,,Continue,50,3.5877835750579834,1
vasp-data-files/100101100000111110110101/OSZICAR,1,192,1,7,"Despite initial oscillations, the macro-trend of rms(c) shows a general decrease, particularly from step 10 onwards, indicating a likely convergence according to the Expert's Tie-Breaker Rule.",Continue,75,5.243824005126953,2
vasp-data-files/101011010101111010100100/OSZICAR,1,67,1,8,"The overall trend of the energy change (dE) and charge density residual (rms(c)) show a decreasing pattern, with some fluctuations. The values of dE and rms(c) are getting smaller, indicating that the calculation is converging. The oscillations are present but are damping out, suggesting a stable convergence.",Continue,50,4.0961830615997314,1
vasp-data-files/111110000001000000111000/OSZICAR,1,94,1,8,"Initial large oscillations in dE, but rms(c) shows an overall decreasing trend, eventually stabilizing at small values, indicating convergence.",Continue,50,2.2522783279418945,1
vasp-data-files/111110010100011100110010/OSZICAR,0,200,1,8,"Initial wild oscillations in dE and rms(c) but macro-trend of rms(c) shows overall decrease, especially after step 20, indicating likely convergence.",Continue,50,2.353811025619507,1
vasp-data-files/101011110001111110100100/OSZICAR,1,87,1,8,"The dE values show oscillations but overall decrease, and rms(c) steadily decreases from step 12 onwards, indicating a trend towards convergence, though the confidence is slightly reduced due to some oscillations.",Continue,50,2.502990484237671,1
vasp-data-files/101011110000111010100101/OSZICAR,0,200,0,8,"Large oscillations in dE and rms(c) values show no clear downward trend, especially after step 13, indicating divergence. Despite some fluctuations, rms(c) doesn't show a consistent decrease towards small values, aligning with divergence indicators.",Kill,50,5.380620718002319,1
vasp-data-files/110000101000000110101100/OSZICAR,0,200,1,8,"The rms(c) value shows an overall decreasing trend from step 12 onwards, despite some oscillations in dE and large initial fluctuations, indicating a likely convergence.",Continue,75,7.172677516937256,2
vasp-data-files/101011100101001010111110/OSZICAR,0,200,0,8,"Large oscillations in dE and slow decrease in rms(c) with values still relatively high, indicating divergence trend",Kill,50,7.426842212677002,1
vasp-data-files/101101000101001111000001/OSZICAR,1,70,1,8,"Initial wild oscillations but eventual monotonic decrease in rms(c) and dE towards small values, indicating convergence.",Continue,50,4.268986225128174,1
vasp-data-files/110010111010000010101010/OSZICAR,0,200,1,8,"Initial large oscillations in dE, but rms(c) shows an overall decreasing trend, eventually stabilizing at small values, indicating convergence.",Continue,50,2.071066379547119,1
vasp-data-files/111110000001011110100000/OSZICAR,1,113,1,8,"The overall trend of the energy change (dE) and charge density residual (rms(c)) show a decreasing pattern, although with oscillations. The values of dE and rms(c) are getting smaller, indicating that the calculation is converging. However, the convergence is not smooth, and there are still some oscillations. Despite this, the long-term trend suggests that the system is moving towards convergence.",Continue,50,3.732810020446777,1
vasp-data-files/101011010110111110100000/OSZICAR,1,63,1,8,"The dE values show oscillations but overall decrease, and rms(c) steadily decreases from step 12 onwards, indicating a trend towards convergence; despite some fluctuations, the macro-trend of rms(c) is downwards, suggesting eventual convergence.",Continue,50,2.6920418739318848,1
vasp-data-files/100100010110111001001000/OSZICAR,1,130,1,8,"Despite initial oscillations, rms(c) shows an overall decreasing trend, eventually approaching small values, indicating convergence.",Continue,50,4.504331588745117,1
vasp-data-files/111110001100001110100010/OSZICAR,1,96,1,8,"The overall trend of the energy change (dE) and charge density residual (rms) show a decreasing pattern, indicating convergence. Although there are oscillations, the long-term trend suggests that the system is moving towards convergence.",Continue,50,3.2763657569885254,1
vasp-data-files/101110000101000001101111/OSZICAR,1,142,1,8,"Initial wild oscillations but eventual monotonic decrease in rms(c) and dE towards small values, indicating convergence.",Continue,50,2.8197579383850098,1
vasp-data-files/110010111010110010101000/OSZICAR,1,81,1,8,"The overall trend of the energy change (dE) and charge density residual (rms(c)) show a decreasing pattern, indicating convergence. Although there are some fluctuations, the values tend to stabilize, suggesting that the calculation is converging.",Continue,50,3.0161843299865723,1
vasp-data-files/101100000101110010100000/OSZICAR,1,137,1,8,"Initial wild oscillations but eventual monotonic decrease in rms(c) and dE towards small values, indicating convergence trend despite some fluctuations.",Continue,50,3.582991361618042,1
vasp-data-files/110110000011000100101000/OSZICAR,1,96,1,8,"The overall trend of the energy change (dE) and charge density residual (rms(c)) show a decreasing pattern, with some oscillations. The values of dE and rms(c) are getting smaller, indicating that the calculation is converging. The data points also show some noise but generally follow a trend towards convergence.",Continue,50,4.372885227203369,1
vasp-data-files/111101111011110011111000/OSZICAR,1,194,1,8,"The overall trend of the energy change (dE) and charge density residual (rms(c)) show a decreasing pattern, indicating convergence. Although there are oscillations, the macro-trend suggests that the system is moving towards convergence, with no clear indication of divergence.",Continue,50,3.203117609024048,1
vasp-data-files/111110000000010000110110/OSZICAR,1,142,1,8,"The rms(c) shows an overall decreasing trend, with some oscillations, but it eventually reaches a relatively small value, indicating likely convergence.",Continue,50,2.556501626968384,1
vasp-data-files/100001110110111111011001/OSZICAR,0,200,0,8,"Large oscillations in dE and rms(c) values show no clear downward trend, indicating divergence; Expert's Tie-Breaker Rule supports this due to stagnating rms(c) values.",Kill,50,5.430312633514404,1
vasp-data-files/110011111010011101101001/OSZICAR,0,200,1,8,"The overall trend of the energy change (dE) and charge density residual (rms) show a decreasing pattern, indicating convergence. Although there are oscillations, the long-term trend suggests that the system is moving towards convergence.",Continue,50,3.356060028076172,1
vasp-data-files/100000110110100011010111/OSZICAR,1,52,1,8,"The dE values show oscillations but overall decrease, and rms(c) steadily decreases from step 12 onwards, indicating a trend towards convergence, though the confidence is slightly reduced due to earlier oscillations.",Continue,50,2.06716537475586,1
vasp-data-files/101101000101110010001000/OSZICAR,1,99,1,8,"The overall trend of the energy change (dE) and charge density residual (rms) show a decreasing pattern, indicating convergence. Although there are some fluctuations, the macro-trend suggests that the system is moving towards convergence.",Continue,50,2.866366386413574,1
vasp-data-files/101111010101010001101100/OSZICAR,1,74,1,7,"Initial large oscillations in dE, but rms(c) shows an overall decreasing trend, indicating a ""Fighter"" case that likely converges despite erratic behavior.",Continue,50,2.4563088417053223,1
vasp-data-files/110001011011111101111011/OSZICAR,1,114,1,8,"The overall trend of the energy change (dE) and the residual charge density (rms) show a decreasing pattern, with some fluctuations. The values of dE and rms are getting smaller, indicating that the calculation is converging. The absence of persistent oscillations or divergence signs supports this conclusion.",Continue,50,3.482539415359497,1
vasp-data-files/101111000001111110100000/OSZICAR,0,200,1,8,"The overall trend of the energy change (dE) and charge density residual (rms) show a decreasing pattern, indicating convergence. Although there are some fluctuations, the macro-trend suggests that the system is converging.",Continue,50,4.380969285964966,1
vasp-data-files/100000110100101101010001/OSZICAR,1,121,1,8,"The dE values show oscillations but overall decrease, and rms(c) steadily decreases from step 10 onwards, indicating a trend towards convergence; despite some fluctuations, the macro-trend of rms(c) is downwards, suggesting eventual convergence.",Continue,50,3.049799919128418,1
vasp-data-files/101101111111110011010001/OSZICAR,1,137,1,7,Large initial oscillations but eventual monotonic decrease in rms(c) and stabilization of dE indicate convergence trend despite some fluctuations,Continue,50,4.018803358078003,1
vasp-data-files/100001111101111011010101/OSZICAR,1,71,1,8,"The overall trend of the energy change (dE) and charge density residual (rms(c)) show a decreasing pattern, although with some oscillations. The values of dE and rms(c) are getting smaller, indicating that the calculation is converging. The absence of significant oscillations in the final steps suggests a stable convergence.",Continue,50,4.520676374435425,1
vasp-data-files/101100000101110010101100/OSZICAR,1,132,1,8,"Initial wild oscillations in dE and rms(c) but macro-trend of rms(c) shows overall decrease; Expert's Tie-Breaker Rule applied, indicating likely convergence",Continue,50,5.32382607460022,1
vasp-data-files/111110000100111010100000/OSZICAR,1,108,1,8,"Initial wild oscillations but eventual monotonic decrease in rms(c) and dE towards small values, indicating damped oscillatory convergence.",Continue,50,3.3774752616882324,1
vasp-data-files/111110010101110000111100/OSZICAR,1,177,1,8,"The overall trend of the energy change (dE) and the residual charge density (rms) show a decreasing pattern, indicating convergence. The values of dE and rms are getting smaller, and there are no significant oscillations that would indicate divergence. The data points show a smooth decrease in the energy and residual values, suggesting that the calculation is converging.",Continue,50,3.722065925598145,1
vasp-data-files/111110000101011010110110/OSZICAR,1,67,1,8,"The overall trend of the energy change (dE) and the residual charge density (rms) show a decreasing pattern, with some fluctuations. The values of dE and rms are getting smaller, indicating that the system is converging. The oscillations in the dE values are significant but tend to diminish. The final values of dE and rms are relatively small, suggesting convergence.",Continue,50,3.548435926437378,1
vasp-data-files/100000111100111001000001/OSZICAR,1,101,1,7,"Initial oscillations in dE and rms(c) but macro-trend of rms(c) shows overall decrease, indicating likely convergence despite some fluctuations.",Continue,50,4.5039942264556885,1
vasp-data-files/111100000101010100100000/OSZICAR,1,86,1,8,"Initial large oscillations in dE and rms(c) but macro-trend of rms(c) shows overall decrease, eventually stabilizing at low values, indicating convergence.",Continue,50,6.1421799659729,1
vasp-data-files/111101011100111111000011/OSZICAR,0,200,0,8,"Large oscillations in dE and rms(c) values, with rms(c) showing no clear downward trend after step 20, indicating likely divergence.",Kill,50,2.4565441608428955,1
vasp-data-files/101000000000001100110001/OSZICAR,1,89,1,8,"Despite initial oscillations, the macro-trend of rms(c) shows a consistent decrease, eventually reaching small values, indicating convergence.",Continue,50,4.505963087081909,1
vasp-data-files/110110000011010100101000/OSZICAR,1,75,1,8,"Initial fluctuations and large dE values but rms(c) shows an overall decreasing trend, eventually stabilizing at small values.",Continue,75,8.521644353866577,2
vasp-data-files/101100010101110001100100/OSZICAR,1,198,1,8,"The overall trend of the energy change (dE) and charge density residual (rms) show a decreasing pattern, although with oscillations. The values of dE and rms(c) tend to decrease, but with fluctuations. The lack of a smooth, monotonic decrease in both dE and rms(c) suggests a somewhat uncertain but leaning towards convergence.",Continue,50,3.480446577072144,1
vasp-data-files/111100000101111110000000/OSZICAR,1,78,1,8,"The rms(c) values show an overall decreasing trend, with some oscillations, but eventually settle to small values, indicating convergence; dE also shows a trend towards smaller values after initial fluctuations.",Continue,50,2.6618120670318604,1
vasp-data-files/101001111100101111010001/OSZICAR,1,72,0,8,"Large dE oscillations and rms(c) values show no clear downward trend, stagnating at high values indicating divergence",Kill,50,3.9853532314300537,1
vasp-data-files/101100000001110010100000/OSZICAR,0,200,1,7,"Despite initial oscillations, the macro-trend of rms(c) shows a general decrease, particularly after step 20, indicating a likely convergence.",Continue,50,2.9674172401428223,1
vasp-data-files/110100110011001101010101/OSZICAR,1,116,1,8,"The rms(c) values show an overall decreasing trend, with some oscillations, but eventually stabilize at small values, indicating convergence; dE values are large but show a trend towards smaller absolute values.",Continue,50,2.356539487838745,1
vasp-data-files/110001101111010110111011/OSZICAR,1,106,1,8,"The rms(c) values show an overall decreasing trend, with some oscillations, but eventually settle to small values, indicating convergence; dE also shows oscillations but with a general trend towards smaller changes, supporting convergence.",Continue,50,3.2743630409240723,1
vasp-data-files/100001010000011010111110/OSZICAR,1,113,1,8,"Large initial oscillations but rms(c) shows an overall decreasing trend, eventually stabilizing at small values, indicating convergence.",Continue,50,4.40335488319397,1
vasp-data-files/111110110000110100111100/OSZICAR,0,200,0,9,"Large dE oscillations and rms(c) values show no clear downward trend, stagnating at high values indicating divergence",Kill,50,2.219648838043213,1
vasp-data-files/100100010100110000110100/OSZICAR,1,71,1,8,"The dE values show large oscillations but eventually dampen, and the rms(c) values exhibit a clear downward trend, indicating convergence according to the Expert's Tie-Breaker Rule.",Continue,50,2.9820146560668945,1
vasp-data-files/101110000100001010011000/OSZICAR,1,185,1,8,"The overall trend of the energy change (dE) and charge density residual (rms) show a decreasing pattern, with some fluctuations. However, the values seem to stabilize and decrease, indicating a converging behavior. The oscillations are present but the overall trend suggests convergence.",Continue,50,3.24273419380188,1
vasp-data-files/111110000010001100111000/OSZICAR,1,83,1,9,,Continue,50,3.122968912124634,1
vasp-data-files/100101001111000001011111/OSZICAR,1,60,1,9,,Continue,50,2.8092658519744873,1
vasp-data-files/111100000100111000100000/OSZICAR,1,59,1,8,"Initial wild oscillations but eventual monotonic decrease in rms(c) and dE towards small values, following the Expert's Tie-Breaker Rule indicating convergence.",Continue,50,2.8205838203430176,1
vasp-data-files/111110000101010010100001/OSZICAR,1,110,1,8,"Initial wild oscillations in dE and rms(c) but overall macro-trend of rms(c) shows a decrease from ~1e+02 to ~1e-01, indicating damped oscillatory convergence.",Continue,50,2.353818416595459,1
vasp-data-files/101011010101111010100110/OSZICAR,1,134,1,8,"Large initial oscillations but eventual monotonic decrease in rms(c) and dE towards small values, indicating convergence.",Continue,50,2.557049512863159,1
vasp-data-files/110011010011110110110000/OSZICAR,1,56,1,9,"Monotonic decrease in rms(c) and eventual stabilization at small values, with dE also showing convergence trend.",Continue,50,2.6631925106048584,1
vasp-data-files/111110001100001110100011/OSZICAR,1,73,1,8,Initial oscillations but overall macro-trend of rms(c) shows downward damping indicating eventual convergence,Continue,50,2.764402389526367,1
vasp-data-files/101011010101000100111110/OSZICAR,1,86,1,8,"Initial wild oscillations but macro-trend of rms(c) shows overall decrease, eventually stabilizing at small values, indicating likely convergence.",Continue,50,3.47666335105896,1
vasp-data-files/101001011101111010110110/OSZICAR,0,200,0,8,"Large oscillations in dE and rms(c) values with no clear downward trend, especially after step 12, indicating divergence; rms(c) values remain high around 1.7-2.0 without convergence.",Kill,50,3.0734710693359375,1
vasp-data-files/101101000101111100100000/OSZICAR,1,128,1,9,"The overall trend of the energy change (dE) and charge density residual (rms(c)) show a decreasing pattern, with some fluctuations. However, the values of dE and rms(c) are getting smaller, indicating that the calculation is converging. The absence of significant oscillations or stuck patterns further supports the notion of convergence.",Continue,50,2.862910747528076,1
vasp-data-files/100100001111000001011111/OSZICAR,0,200,1,8,"Initial large oscillations in dE, but rms(c) shows an overall decreasing trend, eventually stabilizing at small values, indicating convergence.",Continue,50,2.561774730682373,1
vasp-data-files/111110000000000000111110/OSZICAR,1,72,1,8,"Despite initial oscillations, the macro-trend of rms(c) shows a clear and consistent decrease, eventually reaching small values, indicating convergence.",Continue,50,2.7635269165039062,1
vasp-data-files/101001010100111110000000/OSZICAR,1,79,1,8,"The overall trend of the energy change (dE) and charge density residual (rms(c)) show a decreasing pattern, indicating convergence. Although there are oscillations, the long-term trend suggests that the system is approaching a stable state.",Continue,50,2.7615127563476562,1
vasp-data-files/111001111010110001111011/OSZICAR,0,200,1,8,,Continue,50,2.7647383213043213,1
vasp-data-files/101101010101111010000011/OSZICAR,1,68,1,8,"Initial large oscillations, but rms(c) shows an overall decreasing trend, especially after step 20, indicating a ""Fighter"" case with likely convergence.",Continue,50,3.0705769062042236,1
vasp-data-files/110010100010001101001111/OSZICAR,0,200,1,8,"The dE values show oscillations but overall decrease, and rms(c) steadily decreases from step 10 onwards, indicating a trend towards convergence; despite some fluctuations, the macro-trend of rms(c) is downwards, suggesting eventual convergence.",Continue,50,2.152132272720337,1
vasp-data-files/101010010100001011010111/OSZICAR,1,64,1,8,"Despite initial oscillations, the macro-trend of rms(c) shows a clear and consistent decrease, eventually reaching small values, indicating convergence according to the Expert's Tie-Breaker Rule.",Continue,50,4.4033522605896,1
vasp-data-files/100111111100111011000111/OSZICAR,1,111,1,7,"Large initial oscillations in dE, but rms(c) shows an overall decreasing trend, indicating a ""Fighter"" case that likely converges despite noisy behavior.",Continue,50,2.208728075027466,1
vasp-data-files/100011010111111010000110/OSZICAR,1,195,1,8,"Despite initial oscillations, rms(c) shows an overall decreasing trend, eventually stabilizing at low values, indicating convergence.",Continue,50,3.2162508964538574,1
vasp-data-files/101011010100111010100000/OSZICAR,1,64,1,8,"The overall trend of the energy change (dE) and charge density residual (rms(c)) show a decreasing pattern, with some fluctuations. The values of dE and rms(c) tend to decrease, with dE reaching smaller values and rms(c) also showing a decreasing trend, indicating convergence.",Continue,50,2.758172035217285,1
vasp-data-files/101100010101100001101100/OSZICAR,1,186,1,7,"Despite initial large oscillations in dE, the macro-trend of rms(c) shows an overall decrease, indicating a ""Fighter"" case that is likely to converge.",Continue,50,3.487178325653076,1
vasp-data-files/111100000001101101000001/OSZICAR,1,60,1,8,"The dE values show oscillations but overall decrease, and rms(c) steadily decreases from step 10 onwards, indicating a trend towards convergence; despite some fluctuations, the macro-trend of rms(c) is downwards, suggesting eventual convergence.",Continue,50,3.581951141357422,1
vasp-data-files/100000010110101000100111/OSZICAR,0,200,1,7,"Despite initial oscillations, the macro-trend of rms(c) shows a general decrease, aligning with the Expert's Tie-Breaker Rule, indicating likely convergence.",Continue,50,3.6831977367401123,1
vasp-data-files/101011010101111010100111/OSZICAR,1,56,1,8,"The dE values show large initial fluctuations but eventually decrease, and the rms(c) values exhibit a clear and consistent downward trend, especially after step 10, indicating convergence.",Continue,50,3.29126238822937,1
vasp-data-files/110100001101000001011111/OSZICAR,1,86,0,9,"Large oscillations in dE and rms(c) values show no consistent downward trend, indicating divergence.",Kill,50,2.747314691543579,1
vasp-data-files/101100000100111100100000/OSZICAR,1,122,1,8,"Initial wild oscillations in dE and rms(c) but overall macro-trend of rms(c) shows a clear decrease towards smaller values, indicating likely convergence despite some fluctuations.",Continue,50,2.4548964500427246,1
vasp-data-files/101111100101011111100100/OSZICAR,1,75,1,8,"The 'dE' values show large fluctuations but 'rms(c)' exhibits an overall decreasing trend, especially after step 10, indicating a likely convergence despite oscillations.",Continue,50,2.661393404006958,1
vasp-data-files/100101000011000010011111/OSZICAR,1,152,1,8,"The `dE` values show large oscillations but the `rms(c)` values exhibit an overall decreasing trend, especially after step 10, indicating a ""fighting"" system that will likely converge according to the Expert's Tie-Breaker Rule.",Continue,50,3.8884472846984863,1
vasp-data-files/111001101101000111001011/OSZICAR,1,166,1,8,"The overall trend of the energy change (dE) and charge density residual (rms(c)) show a decreasing pattern, with some oscillations. However, the values are eventually decreasing and getting smaller, indicating convergence. The large number of steps and the behavior of the dE and rms(c) values support this conclusion.",Continue,50,3.171703338623047,1
vasp-data-files/111110000101111110100000/OSZICAR,1,59,1,8,"Initial wild oscillations but rms(c) shows an overall decreasing trend, eventually stabilizing at small values, indicating convergence.",Continue,50,2.6262333393096924,1
vasp-data-files/101001010100111110100000/OSZICAR,1,152,0,8,"Large oscillations in dE and rms(c) values with no clear downward trend, especially rms(c) stagnates around 0.17-0.20, indicating divergence",Kill,50,2.597337245941162,1
vasp-data-files/101001110001111010000110/OSZICAR,0,200,1,8,Initial wild oscillations but eventual monotonic decrease in rms(c) and dE approaching small values,Continue,50,2.457484722137451,1
vasp-data-files/110000111011001011011101/OSZICAR,1,73,1,8,"The overall trend of the energy change (dE) and the residual charge density (rms) show a decreasing pattern, with some fluctuations. The values of dE and rms are getting smaller, indicating that the calculation is converging. The oscillations in the dE values are damped, and the rms values also show a decreasing trend. This suggests that the calculation is approaching convergence.",Continue,50,3.3938372135162354,1
vasp-data-files/111110111011101100101011/OSZICAR,1,90,1,8,"Initial oscillations in dE, but rms(c) shows a clear downward trend, eventually stabilizing at small values, indicating convergence.",Continue,50,2.93717360496521,1
vasp-data-files/110110001111010100100000/OSZICAR,0,200,1,8,"The overall trend of the energy change (dE) and charge density residual (rms(c)) show a decreasing pattern, although with some oscillations. The values of dE and rms(c) are getting smaller, indicating that the calculation is converging. The oscillations are present but the overall trend suggests that the system is moving towards convergence.",Continue,50,3.391680955886841,1
vasp-data-files/110110101101010111000011/OSZICAR,1,76,1,8,"Initial oscillations but rms(c) shows a clear downward trend, eventually stabilizing at low values, indicating convergence.",Continue,50,2.65824556350708,1
vasp-data-files/110110011110111000000110/OSZICAR,0,200,0,9,"Large oscillations in dE and rms(c) stagnates at high values without a clear downward trend, indicating divergence.",Kill,50,3.8676018714904785,1
vasp-data-files/101011010101111110100100/OSZICAR,1,63,1,8,"Initial wild oscillations in dE and rms(c) but overall macro-trend of rms(c) shows downward damping indicating eventual convergence, following the Expert's Tie-Breaker Rule.",Continue,50,2.585010051727295,1
vasp-data-files/101101000001100010011000/OSZICAR,1,86,1,8,"Initial wild oscillations in dE and rms(c) but overall macro-trend of rms(c) shows downward damping indicating eventual convergence, with later steps showing consistent decrease towards small values.",Continue,50,2.402092933654785,1
vasp-data-files/110110101100001000111110/OSZICAR,0,200,1,8,"The overall trend of the energy change (dE) and charge density residual (rms(c)) show a decreasing pattern, although with some oscillations. The values of dE and rms(c) are getting smaller, indicating that the calculation is converging. However, the convergence is not smooth, and there are some fluctuations. Despite this, the long-term trend suggests that the system is moving towards convergence.",Continue,50,3.0192790031433105,1
vasp-data-files/111101010101111011011000/OSZICAR,1,165,0,8,"Large oscillations in dE and rms(c) values show no clear downward trend, indicating likely divergence.",Kill,50,3.4852540493011475,1
vasp-data-files/100101110010001101011001/OSZICAR,1,72,1,8,"Initial oscillations in dE and rms(c) but overall macro-trend of rms(c) shows a clear decrease, eventually reaching small values <1.0E-02, indicating convergence.",Continue,50,3.0664992332458496,1
vasp-data-files/111111010111000011010011/OSZICAR,1,54,1,9,"The overall trend of the energy change (dE) and the charge density residual (rms(c)) show a consistent decrease, with dE reaching small absolute values and rms(c) also decreasing, indicating convergence.",Continue,50,4.196601152420044,1
vasp-data-files/100100110010000101111001/OSZICAR,1,61,1,8,"Initial wild oscillations but overall macro-trend of rms(c) shows a clear and consistent decrease, eventually reaching small values below 0.01, indicating convergence.",Continue,50,3.273948907852173,1
vasp-data-files/100011011011100110111001/OSZICAR,0,200,1,7,Large initial oscillations but macro-trend of rms(c) shows overall decrease and eventual damping towards small values,Continue,50,3.1727066040039062,1
vasp-data-files/111110000101001100101010/OSZICAR,1,153,0,9,"Large oscillations in dE and rms(c) values show no consistent downward trend, indicating divergence; rms(c) stagnates at high values around 0.6-0.7, confirming divergence.",Kill,50,3.276092052459717,1
vasp-data-files/101101010101011001000100/OSZICAR,0,200,1,7,"Initial oscillations in dE and rms(c) but overall macro-trend of rms(c) shows a decrease, indicating a likely convergence despite some fluctuations.",Continue,50,3.1724600791931152,1
vasp-data-files/111101001101111011110000/OSZICAR,1,71,1,8,"Initial wild oscillations in dE and high rms(c) values, but rms(c) shows an overall decreasing trend and eventually settles down, indicating a ""fighter"" case that will likely converge.",Continue,50,3.490241527557373,1
vasp-data-files/101001010001111100000000/OSZICAR,1,64,1,8,"The rms(c) values show an overall decreasing trend, with some oscillations, but eventually settle down to small values, indicating convergence; dE also shows oscillations but with a general trend towards smaller changes, supporting convergence.",Continue,50,2.957641363143921,1
vasp-data-files/111010010000111010100100/OSZICAR,0,200,0,8,"Large oscillations in dE and rms(c) values show no clear downward trend, indicating divergence, despite some steps showing decrease.",Kill,50,3.068997621536255,1
vasp-data-files/101101000100011011000011/OSZICAR,1,80,1,8,"The overall trend of the energy change (dE) and charge density residual (rms(c)) show a decreasing pattern, with some fluctuations. The values of dE and rms(c) tend to decrease, with dE reaching smaller values and rms(c) also showing a decreasing trend, indicating convergence.",Continue,50,2.967447280883789,1
vasp-data-files/100110010100110010111100/OSZICAR,0,200,1,7,"Despite large oscillations in dE, the macro-trend of rms(c) shows an overall decrease, indicating a likely convergence according to the Expert's Tie-Breaker Rule.",Continue,50,2.3521554470062256,1
vasp-data-files/110101011111001001011011/OSZICAR,1,58,1,8,"Initial wild oscillations in dE and rms(c) but overall macro-trend of rms(c) shows a clear and consistent decrease towards small values, indicating eventual convergence.",Continue,50,1.8520379066467285,1
vasp-data-files/111110000101111010100100/OSZICAR,1,70,1,8,"Initial large oscillations in dE, but rms(c) shows an overall decreasing trend, especially after step 20, indicating a ""Fighter"" case that is likely to converge.",Continue,50,2.1300809383392334,1
vasp-data-files/110010111010001100010010/OSZICAR,1,75,1,8,"The overall trend of the energy change (dE) and charge density residual (rms and rms(c)) show a decreasing pattern, with some fluctuations. The values of dE and rms(c) are getting smaller, indicating that the calculation is converging. The oscillations are present but are dampened over time, suggesting that the system is approaching a stable state. The final values of dE and rms(c) are relatively small, which supports the conclusion of convergence.",Continue,50,4.003025054931641,1
vasp-data-files/101001111011100001100001/OSZICAR,0,200,1,8,,Continue,75,8.007532596588135,2
vasp-data-files/101101110000000110000011/OSZICAR,0,200,0,8,"Large oscillations in dE and rms(c) values with no clear downward trend, especially rms(c) stagnates around 0.6-0.8, indicating divergence.",Kill,50,2.68727970123291,1
vasp-data-files/110110000011010010101100/OSZICAR,1,120,1,8,"Initial wild oscillations but eventual monotonic decrease in rms(c) and dE towards small values,符合收敛趋势，Expert's Tie-Breaker Rule表明尽管dE有振荡，但rms(c)整体呈下降趋势，指示计算趋于收敛。",Continue,50,3.8934662342071533,1
vasp-data-files/100101001101111100001000/OSZICAR,1,54,1,9,Monotonic decrease in dE and rms(c) values reaching convergence thresholds,Continue,50,2.8277995586395264,1
vasp-data-files/111011110001110110010000/OSZICAR,0,200,0,9,Large oscillations in dE and rms(c) stagnates at high values indicating divergence,Kill,50,2.0582706928253174,1
vasp-data-files/101101001011001001100101/OSZICAR,0,200,1,8,"Initial large oscillations in dE, but rms(c) shows an overall decreasing trend, eventually stabilizing at small values, indicating convergence.",Continue,50,2.7610254287719727,1
vasp-data-files/110000010110101101010011/OSZICAR,0,200,1,8,"The overall trend of the energy change (dE) and charge density residual (rms(c)) show a decreasing pattern, indicating convergence. Although there are oscillations, the long-term trend suggests that the system is moving towards convergence.",Continue,50,3.1113572120666504,1
vasp-data-files/111010001101110010100110/OSZICAR,0,200,1,7,"Large initial oscillations in dE, but rms(c) shows an overall decreasing trend, indicating a ""fighting"" system that will likely converge despite the noisy behavior.",Continue,50,2.9539198875427246,1
vasp-data-files/110110001001000011111111/OSZICAR,0,200,1,7,"Initial oscillations in dE and rms(c) but overall macro-trend of rms(c) shows a slow and noisy decrease towards smaller values, indicating a likely convergence.",Continue,75,6.139716386795044,2
vasp-data-files/100010110110111111110001/OSZICAR,1,79,0,8,"Large oscillations in dE and rms(c) values with no clear downward trend, especially after step 49, indicating divergence.",Kill,50,2.8670856952667236,1
vasp-data-files/101100010101110001101100/OSZICAR,0,200,1,8,"Initial wild oscillations in dE and rms(c) but macro-trend of rms(c) shows overall decrease, especially after step 10, indicating a ""Fighter"" case with likely convergence.",Continue,50,2.0701406002044678,1
vasp-data-files/101100101001000101010100/OSZICAR,0,200,0,9,"Large oscillations in dE and rms(c) values show no consistent downward trend, indicating divergence; rms(c) values remain high and stagnant, further supporting divergence.",Kill,75,4.828531503677368,2
vasp-data-files/101010100000111110110001/OSZICAR,1,125,1,8,Initial wild oscillations but overall macro-trend of rms(c) shows downward damping indicating eventual convergence,Continue,50,2.3366379737854004,1
