filepath,true_label,n_steps,prediction,reasoning,roc_probability,success,error,api_time,confidence_score,actual_steps,enough_steps
vasp-data-files/101001010001001101100100/OSZICAR,1,50,0,"The energy change (dE) and rms values show oscillations and inconsistent trends, indicating potential divergence.",,True,,4.402816295623779,7,50,True
vasp-data-files/111110000100010000011110/OSZICAR,1,50,0,"The energy change (dE) and rms values show oscillations and inconsistent trends, indicating potential divergence.",,True,,2.279146671295166,7,50,True
vasp-data-files/100100001110011011011111/OSZICAR,1,50,0,"The energy change (dE) and rms values show oscillations and inconsistent trends, indicating potential divergence.",,True,,2.047384262084961,7,50,True
vasp-data-files/111010110111111111000001/OSZICAR,1,50,1,"The energy change (dE) and charge density residual (rms) show a consistent downward trend, indicating the calculation is approaching convergence.",,True,,2.016702890396118,7,50,True
vasp-data-files/101101000101010011100011/OSZICAR,0,50,0,"The energy change (dE) and rms values show oscillatory behavior rather than a consistent downward trend, indicating potential divergence.",,True,,2.379253387451172,7,50,True
vasp-data-files/111101100101011011110110/OSZICAR,1,50,0,"The energy change (dE) and rms values show oscillations and inconsistent trends, indicating potential divergence.",,True,,1.9533395767211914,7,50,True
vasp-data-files/100010010010001011110101/OSZICAR,1,50,1,"Both dE and rms show a consistent downward trend, indicating the calculation is approaching convergence.",,True,,2.1124649047851562,8,50,True
vasp-data-files/110110100000011000100100/OSZICAR,1,50,1,"The energy change (dE) and charge density residual (rms) show a consistent downward trend towards smaller values, indicating the calculation is approaching convergence.",,True,,3.3425564765930176,7,50,True
vasp-data-files/110001111011001111111001/OSZICAR,1,50,0,"The energy change (dE) and rms values show oscillatory behavior rather than a consistent downward trend, indicating potential divergence.",,True,,2.205275774002075,7,50,True
vasp-data-files/100010101000001110011111/OSZICAR,1,50,0,"The energy change (dE) and rms values show oscillations and inconsistent trends, indicating potential divergence.",,True,,1.9668071269989014,7,50,True
vasp-data-files/110000011100111100000000/OSZICAR,0,50,0,"The energy change (dE) and charge density residual (rms) show persistent oscillations and no consistent downward trend, indicating divergence.",,True,,2.716083288192749,7,50,True
vasp-data-files/101011010101110010111110/OSZICAR,1,50,0,"The energy change (dE) and rms values show oscillatory behavior and do not consistently decrease, indicating potential divergence.",,True,,2.314084529876709,7,50,True
vasp-data-files/101110111010110011001111/OSZICAR,0,50,0,"The energy change (dE) and rms values show persistent oscillations and no consistent downward trend, indicating divergence.",,True,,2.2065775394439697,7,50,True
vasp-data-files/101100000000101101100000/OSZICAR,1,50,1,"The energy change (dE) and charge density residual (rms) show a consistent downward trend towards smaller values, indicating the calculation is approaching convergence.",,True,,2.9631335735321045,7,50,True
vasp-data-files/101101010101101011001000/OSZICAR,1,50,0,"The energy change (dE) and charge density residual (rms) show inconsistent behavior with oscillations and no clear downward trend, indicating potential divergence.",,True,,2.2228615283966064,6,50,True
vasp-data-files/101111010100110000100100/OSZICAR,0,50,0,"The energy (E) and charge density residual (rms) show persistent oscillations and no consistent downward trend, indicating divergence.",,True,,2.4037108421325684,7,50,True
vasp-data-files/111111011101110001001010/OSZICAR,1,50,0,"The energy change (dE) and rms values show persistent oscillations and no consistent downward trend, indicating divergence.",,True,,1.996011734008789,7,50,True
vasp-data-files/111100110011000100101100/OSZICAR,0,50,0,"The energy change (dE) and rms values show oscillations and inconsistent trends, indicating potential divergence.",,True,,1.7589962482452393,6,50,True
vasp-data-files/111101001101110110100010/OSZICAR,1,50,1,"The energy change (dE) and charge density residual (rms) show a consistent downward trend towards smaller values, indicating the calculation is approaching convergence.",,True,,2.152573823928833,7,50,True
vasp-data-files/111110000101010000100000/OSZICAR,0,50,0,"The energy change (dE) and rms values show persistent oscillations and do not consistently decrease, indicating divergence.",,True,,3.034315586090088,7,50,True
vasp-data-files/101000010100011110000010/OSZICAR,1,50,1,"The energy change (dE) and charge density residual (rms) show a consistent downward trend, indicating the calculation is progressing toward convergence.",,True,,2.307560920715332,7,50,True
vasp-data-files/101110000000110110100000/OSZICAR,1,50,0,"The energy change (dE) and rms values show oscillations and inconsistent trends, indicating potential divergence.",,True,,1.981067180633545,7,50,True
vasp-data-files/111000011100111110100100/OSZICAR,1,50,0,"The energy change (dE) and charge density residual (rms) show persistent oscillations and no consistent downward trend, indicating divergence.",,True,,2.6300411224365234,7,50,True
vasp-data-files/100100110010001101011001/OSZICAR,0,50,0,"The energy change (dE) and rms values show persistent oscillations and no consistent downward trend, indicating divergence.",,True,,2.2919540405273438,7,50,True
vasp-data-files/100001111010000001010101/OSZICAR,0,50,1,"The energy change (dE) and charge density residual (rms) show a consistent downward trend, indicating the calculation is approaching convergence.",,True,,2.023528814315796,7,50,True
vasp-data-files/111110000100111110100000/OSZICAR,1,50,0,"The energy change (dE) and rms values show oscillations and inconsistent trends, indicating potential divergence.",,True,,2.500197410583496,7,50,True
vasp-data-files/100001010111110011101110/OSZICAR,0,50,0,"The energy change (dE) and rms values show persistent oscillations and no consistent downward trend, indicating divergence.",,True,,2.819171905517578,7,50,True
vasp-data-files/100000010110101010101001/OSZICAR,1,50,1,"The energy change (dE) and charge density residual (rms) show a consistent downward trend towards smaller values, indicating the calculation is approaching convergence.",,True,,2.329895257949829,7,50,True
vasp-data-files/101101001111110011100001/OSZICAR,1,50,1,"The energy change (dE) and charge density residual (rms) show a consistent downward trend towards smaller values, indicating the calculation is approaching convergence.",,True,,2.45737886428833,7,50,True
vasp-data-files/111100010101111011110101/OSZICAR,0,50,0,"The energy change (dE) and rms values show persistent oscillations and no consistent downward trend, indicating divergence.",,True,,2.141908645629883,7,50,True
vasp-data-files/101101010101111111101100/OSZICAR,1,50,0,"The energy change (dE) and rms values show oscillations and inconsistent trends, indicating potential divergence.",,True,,2.7450735569000244,7,50,True
vasp-data-files/100011101110110010111111/OSZICAR,1,50,1,"The energy change (dE) and charge density residual (rms) show a consistent downward trend towards smaller values, indicating the calculation is approaching convergence.",,True,,2.808748245239258,7,50,True
vasp-data-files/101111000100111110100000/OSZICAR,1,50,1,"The energy change (dE) and charge density residual (rms) show a consistent downward trend towards smaller values, indicating the calculation is approaching convergence.",,True,,2.3580238819122314,7,50,True
vasp-data-files/101011010100110010100100/OSZICAR,0,50,0,"The energy change (dE) and rms values show persistent oscillations and no consistent downward trend, indicating divergence.",,True,,2.168126344680786,7,50,True
vasp-data-files/110100001110001101011001/OSZICAR,0,50,0,"The energy change (dE) and charge density residual (rms) show oscillatory behavior rather than a consistent downward trend, indicating potential divergence.",,True,,2.3594138622283936,6,50,True
vasp-data-files/100100111111011001010111/OSZICAR,0,50,0,"The energy change (dE) and rms values show persistent oscillations and no consistent downward trend, indicating divergence.",,True,,2.4615588188171387,7,50,True
vasp-data-files/100001011101111010001100/OSZICAR,0,50,0,"The energy change (dE) and rms values show oscillations and inconsistent trends, indicating potential divergence.",,True,,1.9849560260772705,6,50,True
vasp-data-files/101110010100111011000100/OSZICAR,1,50,1,"The energy change (dE) and charge density residual (rms) show a consistent downward trend towards smaller values, indicating convergence.",,True,,2.2408769130706787,7,50,True
vasp-data-files/110100001101111100101000/OSZICAR,1,50,0,"The energy change (dE) and rms values show oscillatory behavior rather than a consistent downward trend, indicating potential divergence.",,True,,2.220541477203369,7,50,True
vasp-data-files/101110000000011100100000/OSZICAR,1,50,1,"The energy change (dE) and charge density residual (rms) show a consistent downward trend, indicating the calculation is approaching convergence.",,True,,2.606917142868042,7,50,True
vasp-data-files/111100000100111110100000/OSZICAR,1,50,1,"The energy change (dE) and charge density residual (rms) show a consistent downward trend, indicating the calculation is approaching convergence.",,True,,2.1509957313537598,7,50,True
vasp-data-files/111000010000110111111010/OSZICAR,1,50,1,"The energy change (dE) and charge density residual (rms) show a consistent downward trend, indicating the calculation is progressing toward convergence.",,True,,2.1532154083251953,7,50,True
vasp-data-files/101101000101011110111100/OSZICAR,1,50,0,"The energy change (dE) and rms values show oscillations and inconsistent trends, indicating potential divergence.",,True,,1.991924524307251,7,50,True
vasp-data-files/111100000101111100101000/OSZICAR,0,50,0,"The energy change (dE) and rms values show oscillations and inconsistent trends, indicating potential divergence.",,True,,2.2427852153778076,7,50,True
vasp-data-files/100001110010011010011111/OSZICAR,1,50,1,"The energy change (dE) and charge density residual (rms) show a consistent downward trend towards smaller values, indicating the calculation is approaching convergence.",,True,,2.641235589981079,7,50,True
vasp-data-files/100001110000110000100010/OSZICAR,1,50,1,"The energy change (dE) and charge density residual (rms) show a consistent downward trend, indicating the calculation is approaching convergence.",,True,,2.3886284828186035,7,50,True
vasp-data-files/110101101100111101010011/OSZICAR,1,50,0,"The energy change (dE) and rms values show oscillations and inconsistent trends, indicating potential divergence.",,True,,2.552170753479004,7,50,True
vasp-data-files/101001110010000111111111/OSZICAR,1,50,0,"The energy change (dE) and charge density residual (rms) show oscillatory behavior rather than a consistent downward trend, indicating potential divergence.",,True,,1.6693687438964844,7,50,True
vasp-data-files/101011010111111010100100/OSZICAR,0,50,0,"The energy change (dE) and rms values show oscillatory behavior rather than a consistent downward trend, indicating potential divergence.",,True,,2.3494973182678223,7,50,True
vasp-data-files/111110000101110010010000/OSZICAR,0,50,0,"The energy change (dE) and rms values show oscillatory behavior and do not consistently decrease, indicating potential divergence.",,True,,2.1606862545013428,7,50,True
vasp-data-files/100001110001101111000111/OSZICAR,0,50,0,"The energy change (dE) and rms values show oscillatory behavior rather than a consistent downward trend, indicating potential divergence.",,True,,2.1747798919677734,7,50,True
vasp-data-files/101100110111111001010101/OSZICAR,0,50,0,"The energy change (dE) and rms values show persistent oscillations and no consistent downward trend, indicating divergence.",,True,,2.032851457595825,7,50,True
vasp-data-files/111010000101010010101110/OSZICAR,1,50,0,"The energy change (dE) and rms values show oscillatory behavior rather than a consistent downward trend, indicating potential divergence.",,True,,2.2501394748687744,7,50,True
vasp-data-files/100001011101111100001000/OSZICAR,1,50,1,"The energy change (dE) and charge density residual (rms) show a consistent downward trend, indicating the calculation is approaching convergence.",,True,,2.3963499069213867,7,50,True
vasp-data-files/101100010110110001010100/OSZICAR,1,50,0,"The energy change (dE) and rms values show persistent oscillations without a clear downward trend, indicating lack of convergence.",,True,,2.3441452980041504,7,50,True
vasp-data-files/111101000101011111100110/OSZICAR,1,50,0,"The energy change (dE) and rms values show oscillations and inconsistent trends, indicating lack of convergence.",,True,,1.5399863719940186,7,50,True
vasp-data-files/111010001000000111111000/OSZICAR,0,50,0,"The energy change (dE) and charge density residual (rms) show persistent oscillations and no consistent downward trend, indicating divergence.",,True,,2.195631980895996,7,50,True
vasp-data-files/110100011100111100100000/OSZICAR,0,50,0,"The energy change (dE) and charge density residual (rms) show inconsistent behavior with oscillations and no clear downward trend, indicating divergence.",,True,,2.0090842247009277,7,50,True
vasp-data-files/111100001001011110010001/OSZICAR,1,50,1,"The energy change (dE) and charge density residual (rms) show a consistent downward trend, indicating the calculation is approaching convergence.",,True,,2.2482924461364746,7,50,True
vasp-data-files/101101000100111110100000/OSZICAR,1,50,0,"The energy change (dE) and rms values show oscillations and inconsistent trends, indicating potential divergence.",,True,,2.4981226921081543,7,50,True
vasp-data-files/110110101000010000100000/OSZICAR,1,50,1,"The energy change (dE) and charge density residual (rms) show a consistent downward trend, indicating the calculation is approaching convergence.",,True,,2.115636110305786,7,50,True
vasp-data-files/101011010001110010100000/OSZICAR,1,50,1,"The energy change (dE) and charge density residual (rms) show a general downward trend, albeit with some oscillations, indicating the calculation is likely to converge.",,True,,3.1719231605529785,7,50,True
vasp-data-files/111110001100010000111110/OSZICAR,1,50,0,"The energy change (dE) and rms values show oscillatory behavior rather than a consistent downward trend, indicating potential divergence.",,True,,2.4688704013824463,7,50,True
vasp-data-files/111111000101000000100110/OSZICAR,1,50,1,"The energy change (dE) and charge density residual (rms) show a consistent downward trend, indicating the calculation is approaching convergence.",,True,,1.7769145965576172,7,50,True
vasp-data-files/101100010101110010111000/OSZICAR,1,50,0,"The energy change (dE) and rms values show oscillatory behavior rather than a consistent downward trend, indicating potential divergence.",,True,,1.9532244205474854,7,50,True
vasp-data-files/111001101101110111010011/OSZICAR,1,50,0,"The energy change (dE) and rms values show oscillatory behavior rather than a consistent downward trend, indicating potential divergence.",,True,,2.346595525741577,6,50,True
vasp-data-files/101011010101111011001100/OSZICAR,1,50,1,"The energy change (dE) and charge density residual (rms) show a consistent downward trend towards smaller values, indicating the calculation is approaching convergence.",,True,,2.421057939529419,7,50,True
vasp-data-files/100000110100111111010001/OSZICAR,1,50,0,"The energy change (dE) and charge density residual (rms) show oscillatory behavior rather than a consistent downward trend, indicating potential divergence.",,True,,2.092686891555786,7,50,True
vasp-data-files/101110000001100001100001/OSZICAR,0,50,0,"The energy change (dE) and rms values show persistent oscillations and do not consistently decrease, indicating a lack of convergence.",,True,,1.8858532905578613,7,50,True
vasp-data-files/100000111110101011010111/OSZICAR,1,50,0,"The energy change (dE) and rms values show persistent oscillations and no consistent downward trend, indicating divergence.",,True,,2.168947458267212,7,50,True
vasp-data-files/111101000101011101110000/OSZICAR,0,50,0,"The energy change (dE) and charge density residual (rms) show inconsistent trends with oscillations and no clear downward convergence, indicating divergence.",,True,,2.5936930179595947,7,50,True
vasp-data-files/110110100000011000100110/OSZICAR,1,50,0,"The energy change (dE) and rms values show oscillations and inconsistent trends, indicating potential divergence.",,True,,2.207639694213867,7,50,True
vasp-data-files/101001110111110010010010/OSZICAR,1,50,1,"Both energy change (dE) and charge density residual (rms) show a consistent downward trend, indicating the calculation is approaching convergence.",,True,,2.4841842651367188,7,50,True
vasp-data-files/101111000100111010100011/OSZICAR,1,50,0,"The energy change (dE) and charge density residual (rms) show oscillatory behavior rather than a consistent downward trend, indicating potential divergence.",,True,,2.378278970718384,7,50,True
vasp-data-files/110101100010001010011111/OSZICAR,0,50,0,"The energy change (dE) and rms values show persistent oscillations and no consistent downward trend, indicating divergence.",,True,,2.4167590141296387,6,50,True
vasp-data-files/100001010110001011010101/OSZICAR,1,50,1,"The energy change (dE) and charge density residual (rms) show a consistent downward trend towards smaller values, indicating the calculation is approaching convergence.",,True,,2.470576763153076,7,50,True
vasp-data-files/110010001001100111111001/OSZICAR,1,50,1,"The energy change (dE) and charge density residual (rms) show a consistent downward trend towards the end of the steps, indicating convergence is likely.",,True,,2.4132308959960938,7,50,True
vasp-data-files/100110100010000101111001/OSZICAR,1,50,1,"The energy change (dE) and charge density residual (rms) show a consistent downward trend, indicating the calculation is approaching convergence.",,True,,2.207430124282837,7,50,True
vasp-data-files/111111001000011110110001/OSZICAR,1,50,0,"The energy change (dE) and charge density residual (rms) show oscillatory behavior rather than a consistent downward trend, indicating potential divergence.",,True,,2.5495481491088867,7,50,True
vasp-data-files/100001111101001011011111/OSZICAR,1,50,0,"The energy change (dE) and rms values show oscillatory behavior rather than a consistent downward trend, indicating potential divergence.",,True,,2.0124309062957764,7,50,True
vasp-data-files/101100110110100100000001/OSZICAR,1,50,0,"The energy change (dE) and rms values show persistent oscillations and do not consistently decrease, indicating a lack of convergence.",,True,,2.4669766426086426,7,50,True
vasp-data-files/111110001001010100101000/OSZICAR,1,50,1,"The energy change (dE) and charge density residual (rms) show a consistent downward trend towards smaller values, indicating the calculation is approaching convergence.",,True,,2.2207987308502197,7,50,True
vasp-data-files/100110100101011100100000/OSZICAR,1,50,1,"The energy change (dE) and charge density residual (rms) show a consistent downward trend, indicating the calculation is approaching convergence.",,True,,2.1873416900634766,7,50,True
vasp-data-files/110001011111111001000011/OSZICAR,1,50,1,"The energy change (dE) and charge density residual (rms) show a consistent downward trend towards smaller values, indicating the calculation is approaching convergence.",,True,,2.2498841285705566,7,50,True
vasp-data-files/110011111001011111010011/OSZICAR,1,50,1,"The energy change (dE) and charge density residual (rms) show a consistent downward trend towards smaller values, indicating the calculation is approaching convergence.",,True,,2.137728214263916,8,50,True
vasp-data-files/100011011101001010011111/OSZICAR,1,50,0,"The energy change (dE) and charge density residual (rms) show persistent oscillations and no consistent downward trend, indicating divergence.",,True,,2.164186954498291,7,50,True
vasp-data-files/111011110001111110010000/OSZICAR,0,50,0,"The energy change (dE) and rms values show oscillatory behavior rather than a consistent downward trend, indicating potential divergence.",,True,,2.039470672607422,6,50,True
vasp-data-files/101001101101011010111100/OSZICAR,1,50,0,"The energy change (dE) and charge density residual (rms) show persistent oscillations and no consistent downward trend, indicating divergence.",,True,,2.2780847549438477,7,50,True
vasp-data-files/111110001000011000101000/OSZICAR,1,50,1,"The energy change (dE) and charge density residual (rms) show a consistent downward trend, indicating the calculation is approaching convergence.",,True,,1.6474189758300781,7,50,True
vasp-data-files/101011010101110010100000/OSZICAR,1,50,1,"The energy change (dE) and charge density residual (rms) show a consistent downward trend towards smaller values, indicating the calculation is approaching convergence.",,True,,2.2725777626037598,7,50,True
vasp-data-files/101101000111010011101111/OSZICAR,1,50,1,"The energy change (dE) and charge density residual (rms) show a consistent downward trend, indicating the calculation is approaching convergence.",,True,,2.0340728759765625,7,50,True
vasp-data-files/101001001100111110000101/OSZICAR,1,50,0,"The energy change (dE) and rms values show oscillations and inconsistent trends, indicating potential divergence.",,True,,2.147960901260376,7,50,True
vasp-data-files/111011010100100010111110/OSZICAR,1,50,0,"The energy change (dE) and rms values show oscillations and inconsistent trends, indicating potential divergence.",,True,,1.882246732711792,7,50,True
vasp-data-files/110110100000011100100000/OSZICAR,1,50,1,"The energy change (dE) and charge density residual (rms) show a consistent downward trend towards the end of the steps, indicating convergence is likely.",,True,,2.626343250274658,7,50,True
vasp-data-files/111100110101111111010001/OSZICAR,1,50,1,"The energy change (dE) and charge density residual (rms) show a consistent downward trend towards smaller values, indicating the calculation is approaching convergence.",,True,,2.1592040061950684,7,50,True
vasp-data-files/111100001101010010100011/OSZICAR,1,50,1,"The energy change (dE) and charge density residual (rms) show a consistent downward trend, indicating the calculation is approaching convergence.",,True,,2.2048370838165283,7,50,True
vasp-data-files/110010001110110010101010/OSZICAR,1,50,1,"The energy change (dE) and charge density residual (rms) show a consistent downward trend, indicating the calculation is approaching convergence.",,True,,2.2037196159362793,7,50,True
vasp-data-files/100100001001101001001001/OSZICAR,0,50,0,"The energy change (dE) and rms values show oscillatory behavior rather than a consistent downward trend, indicating potential divergence.",,True,,2.3495779037475586,7,50,True
vasp-data-files/111100001100111110100000/OSZICAR,0,50,0,"The energy change (dE) and rms values show oscillations and inconsistent trends, indicating potential divergence.",,True,,1.9855527877807617,7,50,True
vasp-data-files/110110100101000111110001/OSZICAR,1,50,1,"Both energy change (dE) and charge density residual (rms) show a consistent downward trend, indicating the calculation is approaching convergence.",,True,,2.531771421432495,7,50,True
vasp-data-files/101011110110111110100101/OSZICAR,0,50,0,"The energy change (dE) and rms values show persistent oscillations without a clear downward trend, indicating divergence.",,True,,2.5495948791503906,7,50,True
vasp-data-files/111111000101000010111100/OSZICAR,1,50,0,"The energy change (dE) and charge density residual (rms) show oscillatory behavior rather than a consistent downward trend, indicating potential divergence.",,True,,2.278470039367676,7,50,True
vasp-data-files/111111000101000100110110/OSZICAR,1,50,0,"The energy change (dE) and charge density residual (rms) show persistent oscillations and no consistent downward trend, indicating divergence.",,True,,2.1150245666503906,7,50,True
vasp-data-files/111100000001111110100000/OSZICAR,1,50,1,"The energy change (dE) and charge density residual (rms) show a consistent downward trend, indicating the calculation is approaching convergence.",,True,,2.0896005630493164,7,50,True
vasp-data-files/100010001100111111010001/OSZICAR,1,50,0,"The energy change (dE) and rms values show oscillations and inconsistent trends, indicating potential divergence.",,True,,1.9486846923828125,6,50,True
vasp-data-files/101011010010111110100000/OSZICAR,1,50,0,"The energy change (dE) and charge density residual (rms) show inconsistent trends with oscillations and no clear downward convergence, indicating divergence.",,True,,2.768106698989868,7,50,True
vasp-data-files/100100010111111000000110/OSZICAR,0,50,0,"The energy change (dE) and rms show oscillations and inconsistent trends, indicating potential divergence.",,True,,1.9509282112121582,7,50,True
vasp-data-files/101100010100110000110100/OSZICAR,0,50,0,"The energy change (dE) and rms values show oscillatory behavior rather than a consistent downward trend, indicating potential divergence.",,True,,2.1436784267425537,7,50,True
vasp-data-files/111011110010110010101010/OSZICAR,0,50,0,"The energy change (dE) and rms values show persistent oscillations and no consistent downward trend, indicating divergence.",,True,,2.47615909576416,7,50,True
vasp-data-files/111110000101010010101110/OSZICAR,0,50,1,"The energy change (dE) and charge density residual (rms) show a consistent downward trend, indicating the calculation is approaching convergence.",,True,,2.460740327835083,7,50,True
vasp-data-files/110010100101011101000011/OSZICAR,0,50,0,"The energy change (dE) and rms values show oscillations and inconsistent trends, indicating potential divergence.",,True,,2.15059757232666,6,50,True
vasp-data-files/110000111110100001010011/OSZICAR,0,50,0,"The energy change (dE) and rms values show oscillatory behavior rather than a consistent downward trend, indicating potential divergence.",,True,,2.265657901763916,7,50,True
vasp-data-files/110011111101000001111111/OSZICAR,0,50,0,"The energy change (dE) and rms values show oscillatory behavior rather than a consistent downward trend, indicating potential divergence.",,True,,2.3561062812805176,7,50,True
vasp-data-files/111110000101111100100000/OSZICAR,1,50,0,"The energy change (dE) and rms values show oscillatory behavior rather than a consistent downward trend, indicating potential divergence.",,True,,2.157148599624634,6,50,True
vasp-data-files/111011010101011010110110/OSZICAR,1,50,0,"The energy change (dE) and rms values show oscillations and inconsistent trends, indicating potential divergence.",,True,,2.46732234954834,7,50,True
vasp-data-files/101011110000011111011000/OSZICAR,0,50,0,"The energy change (dE) and rms values show oscillations and inconsistent trends, indicating potential divergence.",,True,,2.0233826637268066,7,50,True
vasp-data-files/101101001001111010101001/OSZICAR,1,50,0,"The energy change (dE) and rms values show oscillations and inconsistent trends, indicating potential divergence.",,True,,2.281113624572754,6,50,True
vasp-data-files/101101000101010011100000/OSZICAR,1,50,0,"The energy change (dE) and rms values show oscillations and inconsistent trends, indicating potential divergence.",,True,,2.134690284729004,7,50,True
vasp-data-files/101100000101110011000000/OSZICAR,0,50,0,"The energy change (dE) and rms values show persistent oscillations without a clear downward trend, indicating divergence.",,True,,2.0762906074523926,7,50,True
vasp-data-files/111110000000111100100010/OSZICAR,1,50,1,"The energy change (dE) and charge density residual (rms) show a consistent downward trend, indicating the calculation is approaching convergence.",,True,,2.259493589401245,7,50,True
vasp-data-files/101011010101111100100000/OSZICAR,1,50,1,"The energy change (dE) and charge density residual (rms) show a consistent downward trend, indicating the calculation is approaching convergence.",,True,,2.466357707977295,7,50,True
vasp-data-files/101011010101010010110110/OSZICAR,0,50,0,"The energy change (dE) and rms values show persistent oscillations and no consistent downward trend, indicating divergence.",,True,,1.976562738418579,7,50,True
vasp-data-files/111110100100111000100000/OSZICAR,1,50,0,"The energy change (dE) and rms values show oscillatory behavior rather than a consistent downward trend, indicating potential divergence.",,True,,2.4341564178466797,7,50,True
vasp-data-files/111110000100010010111110/OSZICAR,1,50,1,"The energy change (dE) and charge density residual (rms) show a consistent downward trend, indicating the calculation is approaching convergence.",,True,,2.158111572265625,7,50,True
vasp-data-files/101001011100111101100000/OSZICAR,0,50,0,"The energy change (dE) and charge density residual (rms) show inconsistent behavior with oscillations and no clear downward trend, indicating potential divergence.",,True,,2.519967555999756,7,50,True
vasp-data-files/111100000101010110100001/OSZICAR,1,50,0,"The energy change (dE) and rms values show oscillatory behavior rather than a consistent downward trend, indicating potential divergence.",,True,,2.367483377456665,7,50,True
vasp-data-files/100011011111001001011111/OSZICAR,1,50,0,"The energy change (dE) and rms values show oscillations and inconsistent trends, indicating potential divergence.",,True,,1.946101188659668,7,50,True
vasp-data-files/111010011011110010101000/OSZICAR,0,50,0,"The energy change (dE) and charge density residual (rms) show oscillatory behavior rather than a consistent downward trend, indicating potential divergence.",,True,,2.26676344871521,7,50,True
vasp-data-files/100011011000100110111000/OSZICAR,1,50,1,"The energy change (dE) and charge density residual (rms) show a general downward trend, indicating the calculation is progressing toward convergence.",,True,,2.1537065505981445,7,50,True
vasp-data-files/110100101101100101010011/OSZICAR,1,50,1,"The energy change (dE) and charge density residual (rms) show a consistent downward trend, indicating the calculation is approaching convergence.",,True,,2.252969741821289,7,50,True
vasp-data-files/101001010111101111010011/OSZICAR,1,50,0,"The energy change (dE) and rms values show oscillations and inconsistent trends, indicating potential divergence.",,True,,2.0194244384765625,6,50,True
vasp-data-files/100110010100110000011100/OSZICAR,1,50,0,"The energy change (dE) and rms values show oscillatory behavior rather than a consistent downward trend, indicating potential divergence.",,True,,2.116727352142334,7,50,True
vasp-data-files/111001111011111010000110/OSZICAR,0,50,0,"The energy change (dE) and rms values show persistent oscillations and no consistent downward trend, indicating divergence.",,True,,2.365865468978882,7,50,True
vasp-data-files/101010100100001110111100/OSZICAR,1,50,1,"Both energy change (dE) and charge density residual (rms) show a consistent downward trend, indicating the calculation is approaching convergence.",,True,,3.0271267890930176,8,50,True
vasp-data-files/100100110101100001011111/OSZICAR,1,50,0,"The energy change (dE) and rms values show oscillations and inconsistent trends, indicating potential divergence.",,True,,1.8843955993652344,6,50,True
vasp-data-files/100101001000001110011001/OSZICAR,1,50,1,"The energy change (dE) and charge density residual (rms) show a consistent downward trend, indicating the calculation is approaching convergence.",,True,,2.0104873180389404,7,50,True
vasp-data-files/111001010110111000010000/OSZICAR,1,50,0,"The energy change (dE) and rms values show oscillatory behavior rather than a consistent downward trend, indicating potential divergence.",,True,,2.2577884197235107,7,50,True
vasp-data-files/111001111111011110011110/OSZICAR,0,50,0,"The energy change (dE) and rms values show persistent oscillations and no consistent downward trend, indicating divergence.",,True,,2.036424398422241,7,50,True
vasp-data-files/100111111001010011101101/OSZICAR,0,50,0,"The energy change (dE) and charge density residual (rms) show persistent oscillations and no consistent downward trend, indicating divergence.",,True,,2.2752845287323,7,50,True
vasp-data-files/110010111000111100000000/OSZICAR,1,50,0,"The energy change (dE) and rms values show oscillatory behavior and do not consistently decrease, indicating potential divergence.",,True,,2.0307462215423584,6,50,True
vasp-data-files/101011101101001010111100/OSZICAR,1,50,1,"The energy change (dE) and charge density residual (rms) show a consistent downward trend towards smaller values, indicating the calculation is progressing toward convergence.",,True,,2.6835896968841553,7,50,True
vasp-data-files/101101010101110011010100/OSZICAR,0,50,0,"The energy change (dE) and rms values show oscillatory behavior rather than a consistent downward trend, indicating potential divergence.",,True,,2.0185446739196777,7,50,True
vasp-data-files/101111001100010010101010/OSZICAR,1,50,0,"The energy change (dE) and rms values show oscillations and inconsistent trends, indicating lack of convergence.",,True,,1.9648687839508057,7,50,True
vasp-data-files/101011010101110010100100/OSZICAR,0,50,0,"The energy change (dE) and rms values show persistent oscillations without a clear downward trend, indicating divergence.",,True,,2.2274787425994873,7,50,True
vasp-data-files/110110000011000000111010/OSZICAR,1,50,1,"The energy change (dE) and charge density residual (rms) show a consistent downward trend, indicating the calculation is approaching convergence.",,True,,2.9217681884765625,7,50,True
vasp-data-files/101101000111110010100010/OSZICAR,1,50,0,"The energy change (dE) and rms show oscillations and inconsistent trends, indicating potential divergence.",,True,,1.8516719341278076,6,50,True
vasp-data-files/101011011101111010100100/OSZICAR,1,50,0,"The energy change (dE) and rms values show oscillatory behavior rather than a consistent downward trend, indicating potential divergence.",,True,,2.261913299560547,7,50,True
vasp-data-files/100010010010011111010111/OSZICAR,1,50,1,"Both energy change (dE) and charge density residual (rms) show a consistent downward trend, indicating the calculation is approaching convergence.",,True,,2.1260159015655518,8,50,True
vasp-data-files/110011111111111001000111/OSZICAR,1,50,1,"The energy change (dE) and charge density residual (rms) show a consistent downward trend towards smaller values, indicating the calculation is approaching convergence.",,True,,2.3934669494628906,7,50,True
vasp-data-files/100011110111011010011111/OSZICAR,1,50,0,"The energy change (dE) and rms values show persistent oscillations and do not consistently decrease, indicating divergence.",,True,,2.0107240676879883,7,50,True
vasp-data-files/101101011101111011011100/OSZICAR,0,50,0,"The energy change (dE) and rms values show oscillations and inconsistent trends, indicating lack of convergence.",,True,,2.055084466934204,7,50,True
vasp-data-files/111110000100001100100010/OSZICAR,1,50,1,"Both energy change (dE) and charge density residual (rms) show a consistent downward trend, indicating the calculation is approaching convergence.",,True,,2.238607883453369,7,50,True
vasp-data-files/111110000110001110110010/OSZICAR,1,50,1,"The energy change (dE) and charge density residual (rms) show a consistent downward trend, indicating the calculation is approaching convergence.",,True,,2.3513119220733643,7,50,True
vasp-data-files/111110000100011000101000/OSZICAR,1,50,1,"Both energy change (dE) and charge density residual (rms) show a consistent downward trend, indicating the calculation is approaching convergence.",,True,,2.1590888500213623,8,50,True
vasp-data-files/110100000111000100101000/OSZICAR,0,50,0,"The energy change (dE) and rms values show oscillations and inconsistent trends, indicating potential divergence.",,True,,2.040513753890991,7,50,True
vasp-data-files/111100011101110000010101/OSZICAR,0,50,0,"The energy change (dE) and rms values show persistent oscillations and no consistent downward trend, indicating divergence.",,True,,2.5647730827331543,7,50,True
vasp-data-files/101010010100111010000100/OSZICAR,0,50,0,"The energy change (dE) and rms values show persistent oscillations and no consistent downward trend, indicating divergence.",,True,,2.2710773944854736,6,50,True
vasp-data-files/111101000100111110100000/OSZICAR,1,50,0,"The energy change (dE) and rms values show oscillations and inconsistent trends, indicating potential divergence.",,True,,2.0189132690429688,7,50,True
vasp-data-files/111100111100111110010000/OSZICAR,0,50,0,"The energy change (dE) and charge density residual (rms) show persistent oscillations and no consistent downward trend, indicating divergence.",,True,,1.9001927375793457,7,50,True
vasp-data-files/111101000101111011110111/OSZICAR,1,50,0,"The energy change (dE) and rms values show oscillations and inconsistent trends, indicating potential divergence.",,True,,2.0210986137390137,7,50,True
vasp-data-files/101111100101111000100000/OSZICAR,1,50,0,"The energy change (dE) and rms values show oscillatory behavior rather than a consistent downward trend, indicating potential divergence.",,True,,2.317927360534668,7,50,True
vasp-data-files/101101000101011100000000/OSZICAR,0,50,0,"The energy change (dE) and rms values show oscillatory behavior rather than a consistent downward trend, indicating potential divergence.",,True,,2.176347255706787,7,50,True
vasp-data-files/100000011101101111001001/OSZICAR,1,50,1,"The energy change (dE) and charge density residual (rms) show a consistent downward trend towards smaller values, indicating the calculation is approaching convergence.",,True,,2.2047057151794434,7,50,True
vasp-data-files/110001001100001101110101/OSZICAR,0,50,0,"The energy change (dE) and charge density residual (rms) show persistent oscillations and no consistent downward trend, indicating divergence.",,True,,2.0548651218414307,7,50,True
vasp-data-files/101100001100111110000000/OSZICAR,0,50,0,"The energy change (dE) and rms values show persistent oscillations without a clear downward trend, indicating divergence.",,True,,2.051497220993042,7,50,True
vasp-data-files/111110000100010000111110/OSZICAR,0,50,0,"The energy change (dE) and charge density residual (rms) show oscillatory behavior rather than a consistent downward trend, indicating potential divergence.",,True,,2.2225117683410645,7,50,True
vasp-data-files/100100011110111000000110/OSZICAR,1,50,1,"The energy change (dE) and charge density residual (rms) show a consistent downward trend towards smaller values, indicating the calculation is approaching convergence.",,True,,2.411870241165161,7,50,True
vasp-data-files/100101001100010000001100/OSZICAR,1,50,0,"The energy change (dE) and rms values show oscillatory behavior rather than a consistent downward trend, indicating potential divergence.",,True,,2.5363311767578125,7,50,True
vasp-data-files/100010001001111100101001/OSZICAR,1,50,0,"The energy change (dE) and rms values show oscillatory behavior rather than a consistent downward trend, indicating potential divergence.",,True,,2.217419385910034,7,50,True
vasp-data-files/100101101101101011001111/OSZICAR,0,50,0,"The energy change (dE) and rms values show inconsistent trends with oscillations and no clear downward convergence, indicating divergence.",,True,,2.252479076385498,7,50,True
vasp-data-files/101101000100111010001000/OSZICAR,1,50,1,"The energy change (dE) and charge density residual (rms) show a consistent downward trend, indicating the calculation is approaching convergence.",,True,,2.0545809268951416,7,50,True
vasp-data-files/101100010101110001000100/OSZICAR,1,50,1,"The energy change (dE) and charge density residual (rms) show a consistent downward trend towards smaller values, indicating the calculation is approaching convergence.",,True,,2.2590456008911133,7,50,True
vasp-data-files/100000001111110011011111/OSZICAR,1,50,1,"The energy change (dE) and charge density residual (rms) show a consistent downward trend, indicating the calculation is approaching convergence.",,True,,2.1659698486328125,7,50,True
vasp-data-files/101101000101111110000000/OSZICAR,1,50,1,"The energy change (dE) and charge density residual (rms) show a consistent downward trend towards smaller values, indicating the calculation is approaching convergence.",,True,,2.3357436656951904,7,50,True
vasp-data-files/110110100101001100111100/OSZICAR,1,50,1,"The energy change (dE) and charge density residual (rms) show a consistent downward trend, indicating the calculation is approaching convergence.",,True,,2.1137125492095947,7,50,True
vasp-data-files/100011110011111010000110/OSZICAR,1,50,0,"The energy change (dE) and rms show oscillatory behavior and do not consistently decrease, indicating potential divergence.",,True,,2.0200092792510986,6,50,True
vasp-data-files/111000011001110011110010/OSZICAR,1,50,1,"The energy change (dE) and charge density residual (rms) show a consistent downward trend towards smaller values, indicating the calculation is approaching convergence.",,True,,2.3463284969329834,7,50,True
vasp-data-files/101110001100111110100000/OSZICAR,1,50,1,"The energy change (dE) and charge density residual (rms) show a consistent downward trend towards smaller values, indicating the calculation is approaching convergence.",,True,,1.62815523147583,7,50,True
vasp-data-files/101000010101111111100100/OSZICAR,1,50,0,"The energy change (dE) and rms values show oscillations and inconsistent trends, indicating potential divergence.",,True,,2.1729929447174072,7,50,True
vasp-data-files/101000010100111110100000/OSZICAR,1,50,1,"The energy change (dE) and charge density residual (rms) show a consistent downward trend, indicating the calculation is approaching convergence.",,True,,2.2053589820861816,7,50,True
vasp-data-files/110100111101110011011001/OSZICAR,1,50,0,"The energy change (dE) and rms values show oscillations and inconsistent trends, indicating potential divergence.",,True,,1.989983320236206,7,50,True
vasp-data-files/111110000101011110100000/OSZICAR,1,50,1,"Both energy change (dE) and charge density residual (rms) show a consistent downward trend, indicating the calculation is approaching convergence.",,True,,2.054572343826294,7,50,True
vasp-data-files/101110100000111100100000/OSZICAR,1,50,1,"The energy change (dE) and charge density residual (rms) show a consistent downward trend, indicating the calculation is approaching convergence.",,True,,2.149620771408081,7,50,True
vasp-data-files/110000111110110010001010/OSZICAR,1,50,1,"The energy change (dE) and charge density residual (rms) show a consistent downward trend, indicating the calculation is approaching convergence.",,True,,2.569957971572876,7,50,True
vasp-data-files/110100111100111101010011/OSZICAR,0,50,0,"The energy change (dE) and charge density residual (rms) show persistent oscillations and no consistent downward trend, indicating divergence.",,True,,2.0575263500213623,7,50,True
vasp-data-files/101110000100110010100000/OSZICAR,1,50,1,"The energy change (dE) and charge density residual (rms) show a consistent downward trend towards the end of the steps, indicating convergence is likely.",,True,,2.2110259532928467,7,50,True
vasp-data-files/110110011101001000110000/OSZICAR,1,50,0,"The energy change (dE) and charge density residual (rms) show oscillatory behavior rather than a consistent downward trend, indicating potential divergence.",,True,,2.599957227706909,6,50,True
vasp-data-files/101110000101001010110100/OSZICAR,1,50,1,"The energy change (dE) and charge density residual (rms) show a consistent downward trend towards smaller values, indicating the calculation is approaching convergence.",,True,,2.742872953414917,7,50,True
vasp-data-files/101101000101111010100110/OSZICAR,1,50,1,"The energy change (dE) and charge density residual (rms) show a consistent downward trend, indicating the calculation is approaching convergence.",,True,,2.459803342819214,7,50,True
vasp-data-files/111101001100010000100010/OSZICAR,1,50,1,"The energy change (dE) and charge density residual (rms) show a consistent downward trend towards smaller values, indicating the calculation is approaching convergence.",,True,,2.250016927719116,7,50,True
vasp-data-files/101001001100111011000101/OSZICAR,1,50,0,"The energy change (dE) and rms values show oscillations and inconsistent trends, indicating potential divergence.",,True,,2.321620225906372,6,50,True
vasp-data-files/100000001110011101010111/OSZICAR,1,50,1,"The energy change (dE) and charge density residual (rms) show a consistent downward trend towards smaller values, indicating the calculation is approaching convergence.",,True,,2.3925793170928955,7,50,True
vasp-data-files/110100110001110001011001/OSZICAR,0,50,0,"The energy change (dE) and charge density residual (rms) show oscillatory behavior rather than a consistent downward trend, indicating potential divergence.",,True,,2.157414197921753,7,50,True
vasp-data-files/111010110000111110010000/OSZICAR,0,50,0,"The energy change (dE) and charge density residual (rms) show inconsistent trends with oscillations and no clear downward convergence, indicating divergence.",,True,,2.4644057750701904,7,50,True
vasp-data-files/101100000100111110000000/OSZICAR,0,50,0,"The energy change (dE) and rms values show oscillatory behavior rather than a consistent downward trend, indicating potential divergence.",,True,,2.258260488510132,6,50,True
vasp-data-files/100110001100011010011111/OSZICAR,1,50,1,"The energy change (dE) and charge density residual (rms) show a consistent downward trend, indicating the calculation is approaching convergence.",,True,,2.1543827056884766,7,50,True
vasp-data-files/101010110000111110100100/OSZICAR,1,50,1,"Both energy change (dE) and charge density residual (rms) show a consistent downward trend, indicating the calculation is approaching convergence.",,True,,2.091665267944336,8,50,True
vasp-data-files/100001011111111001010111/OSZICAR,0,50,0,"The energy change (dE) and rms values show persistent oscillations and no consistent downward trend, indicating divergence.",,True,,2.1122145652770996,7,50,True
vasp-data-files/101110100101011110100100/OSZICAR,1,50,1,"The energy change (dE) and charge density residual (rms) show a consistent downward trend towards smaller values, indicating the calculation is approaching convergence.",,True,,2.5816845893859863,7,50,True
vasp-data-files/111110001100010010111111/OSZICAR,0,50,0,"The energy change (dE) and rms values show persistent oscillations and no consistent downward trend, indicating divergence.",,True,,1.9740386009216309,7,50,True
vasp-data-files/110000000011100101010001/OSZICAR,0,50,0,"The energy change (dE) and charge density residual (rms) show persistent oscillations and no consistent downward trend, indicating divergence.",,True,,2.032414436340332,7,50,True
vasp-data-files/111100000101111100100000/OSZICAR,1,50,0,"The energy change (dE) and rms values show oscillations and inconsistent trends, indicating potential divergence.",,True,,2.046229600906372,6,50,True
vasp-data-files/100011110011111010100110/OSZICAR,1,50,0,"The energy change (dE) and rms values show persistent oscillations and no consistent downward trend, indicating divergence.",,True,,1.8596806526184082,7,50,True
vasp-data-files/111110110101110100110100/OSZICAR,0,50,0,"The energy change (dE) and rms values show oscillatory behavior rather than a consistent downward trend, indicating potential divergence.",,True,,2.0466012954711914,6,50,True
vasp-data-files/100111001111010100101000/OSZICAR,0,50,0,"The energy change (dE) and charge density residual (rms) show persistent oscillations without a clear downward trend, indicating divergence.",,True,,2.3639914989471436,7,50,True
vasp-data-files/101100000101010001101100/OSZICAR,1,50,0,"The energy change (dE) and rms values show persistent oscillations and do not consistently decrease, indicating a lack of convergence.",,True,,2.8733203411102295,7,50,True
vasp-data-files/101100010101110000111100/OSZICAR,1,50,0,"The energy change (dE) and rms values show oscillations and inconsistent trends, indicating potential divergence.",,True,,2.2512075901031494,7,50,True
vasp-data-files/110101000101000011111110/OSZICAR,1,50,0,"The energy change (dE) and charge density residual (rms) show oscillatory behavior rather than a consistent downward trend, indicating potential divergence.",,True,,2.175110101699829,6,50,True
vasp-data-files/101101000101111100000000/OSZICAR,1,50,1,"The energy change (dE) and charge density residual (rms) show a consistent downward trend towards smaller values, indicating the calculation is approaching convergence.",,True,,2.190066337585449,7,50,True
vasp-data-files/110001111110110011011111/OSZICAR,0,50,0,"The energy change (dE) and rms values show persistent oscillations without a clear downward trend, indicating divergence.",,True,,2.1796274185180664,7,50,True
vasp-data-files/101110001110011101010011/OSZICAR,0,50,0,"The energy change (dE) and charge density residual (rms) show inconsistent behavior with oscillations and no clear downward trend, indicating divergence.",,True,,2.003925085067749,7,50,True
vasp-data-files/110000011100011000001011/OSZICAR,1,50,1,"The energy change (dE) and charge density residual (rms) show a general downward trend, albeit with some oscillations, suggesting eventual convergence.",,True,,2.3689403533935547,7,50,True
vasp-data-files/101111000101111011101100/OSZICAR,1,50,0,"The energy change (dE) and rms values show oscillatory behavior rather than a consistent downward trend, indicating potential divergence.",,True,,2.6216206550598145,6,50,True
vasp-data-files/101000001110001111010111/OSZICAR,1,50,0,"The energy change (dE) and rms values show oscillations and inconsistent trends, indicating potential divergence.",,True,,2.3092219829559326,7,50,True
vasp-data-files/110011010011110110111000/OSZICAR,1,50,1,"The energy change (dE) and charge density residual (rms) show a consistent downward trend towards smaller values, indicating the calculation is approaching convergence.",,True,,2.435992956161499,7,50,True
vasp-data-files/111010010111101111010011/OSZICAR,1,50,0,"The energy change (dE) and rms values show oscillatory behavior and do not consistently decrease, indicating potential divergence.",,True,,2.1662116050720215,7,50,True
vasp-data-files/110100001101011110100001/OSZICAR,1,50,0,"The energy change (dE) and charge density residual (rms) show inconsistent trends with oscillations and no clear downward convergence, indicating divergence.",,True,,2.2676992416381836,7,50,True
vasp-data-files/101111100000000011101101/OSZICAR,0,50,0,"The energy change (dE) and rms values show oscillatory behavior rather than a consistent downward trend, indicating potential divergence.",,True,,2.1505918502807617,7,50,True
vasp-data-files/110110001000011100100000/OSZICAR,1,50,0,"The energy change (dE) and rms values show oscillations and inconsistent trends, indicating potential divergence.",,True,,1.9481406211853027,7,50,True
vasp-data-files/100001010110011010010010/OSZICAR,1,50,0,"The energy change (dE) and rms values show oscillatory behavior rather than a consistent downward trend, indicating potential divergence.",,True,,2.045959234237671,7,50,True
vasp-data-files/110110101000011100000000/OSZICAR,1,50,1,"The energy change (dE) and charge density residual (rms) show a consistent downward trend, indicating the calculation is approaching convergence.",,True,,2.0565805435180664,7,50,True
vasp-data-files/101001010101000011001101/OSZICAR,1,50,0,"The energy change (dE) and rms values show oscillatory behavior rather than a consistent downward trend, indicating potential divergence.",,True,,2.3288443088531494,7,50,True
vasp-data-files/101011010100011010100100/OSZICAR,1,50,1,"Both dE and rms show a consistent downward trend towards smaller values, indicating the calculation is approaching convergence.",,True,,1.847292184829712,7,50,True
vasp-data-files/111101010111011110011110/OSZICAR,1,50,0,"The energy change (dE) and rms values show oscillatory behavior rather than a consistent downward trend, indicating potential divergence.",,True,,2.0912058353424072,7,50,True
vasp-data-files/101100000101010000110100/OSZICAR,0,50,0,"The energy change (dE) and rms values show oscillations and inconsistent trends, indicating potential divergence.",,True,,1.91560959815979,6,50,True
vasp-data-files/100010010110001011010101/OSZICAR,0,50,1,"The energy change (dE) and charge density residual (rms) show a consistent downward trend towards smaller values, indicating the calculation is approaching convergence.",,True,,1.943974494934082,7,50,True
vasp-data-files/100000011100111100001000/OSZICAR,1,50,1,"The energy change (dE) and charge density residual (rms) show a consistent downward trend, indicating the calculation is approaching convergence.",,True,,2.1383116245269775,7,50,True
vasp-data-files/101011110000111110100100/OSZICAR,1,50,1,"The energy change (dE) and charge density residual (rms) show a consistent downward trend towards smaller values, indicating the calculation is approaching convergence.",,True,,2.488445997238159,7,50,True
vasp-data-files/101100000101010100100000/OSZICAR,1,50,1,"The energy change (dE) and charge density residual (rms) show a consistent downward trend towards smaller values, indicating the calculation is approaching convergence.",,True,,2.353217363357544,7,50,True
vasp-data-files/101000111100111011010111/OSZICAR,1,50,0,"The energy change (dE) and rms values show oscillatory behavior rather than a consistent downward trend, indicating potential divergence.",,True,,2.1490538120269775,6,50,True
vasp-data-files/111110001001000010111111/OSZICAR,1,50,0,"The energy change (dE) and rms values show oscillatory behavior and do not consistently decrease, indicating potential divergence.",,True,,2.000720977783203,7,50,True
vasp-data-files/100001110011100011011101/OSZICAR,1,50,1,"The energy change (dE) and charge density residual (rms) show a consistent downward trend towards smaller values, indicating the calculation is approaching convergence.",,True,,2.3196237087249756,7,50,True
vasp-data-files/100111001000111100100000/OSZICAR,1,50,1,"The energy change (dE) and charge density residual (rms) show a consistent downward trend, indicating the calculation is approaching convergence.",,True,,3.0127787590026855,7,50,True
vasp-data-files/100001111010001101011111/OSZICAR,1,50,1,"The energy change (dE) and charge density residual (rms) show a consistent downward trend, indicating the calculation is approaching convergence.",,True,,2.3102355003356934,7,50,True
vasp-data-files/111111000001000000111110/OSZICAR,1,50,1,"The energy change (dE) and charge density residual (rms) show a consistent downward trend, indicating the calculation is approaching convergence.",,True,,2.140470504760742,7,50,True
vasp-data-files/100100001111111101011001/OSZICAR,1,50,1,"The energy change (dE) and charge density residual (rms) show a consistent downward trend, indicating the calculation is approaching convergence.",,True,,2.385239839553833,7,50,True
vasp-data-files/100001111100111001000011/OSZICAR,1,50,1,"The energy change (dE) and charge density residual (rms) show a consistent downward trend, indicating the calculation is approaching convergence.",,True,,2.119626760482788,7,50,True
vasp-data-files/100000111010110011011101/OSZICAR,1,50,1,"The energy change (dE) and charge density residual (rms) show a consistent downward trend, indicating the calculation is approaching convergence.",,True,,2.052273750305176,7,50,True
vasp-data-files/110010111010110000101100/OSZICAR,1,50,1,"The energy change (dE) and charge density residual (rms) show a consistent downward trend, indicating the calculation is approaching convergence.",,True,,2.490084171295166,7,50,True
vasp-data-files/101101000101000010111100/OSZICAR,1,50,1,"Both energy change (dE) and charge density residual (rms) show a consistent downward trend, indicating the calculation is approaching convergence.",,True,,2.0415475368499756,8,50,True
vasp-data-files/110000111111111011000111/OSZICAR,1,50,1,"The energy change (dE) and charge density residual (rms) show a consistent downward trend, indicating the calculation is approaching convergence.",,True,,2.2124314308166504,7,50,True
vasp-data-files/101101000101111110100101/OSZICAR,0,50,0,"The energy (E) and charge density residual (rms) show persistent oscillations without a clear downward trend, indicating divergence.",,True,,2.092755079269409,7,50,True
vasp-data-files/110001000011001111101110/OSZICAR,0,50,0,"The energy change (dE) and rms values show persistent oscillations and do not consistently decrease, indicating a lack of convergence.",,True,,2.0114331245422363,7,50,True
vasp-data-files/101000111000110101100100/OSZICAR,1,50,1,"Both dE and rms show a consistent downward trend, indicating the calculation is approaching convergence.",,True,,1.86216402053833,7,50,True
vasp-data-files/111110001100111010101000/OSZICAR,0,50,0,"The energy change (dE) and rms values show oscillatory behavior rather than a consistent downward trend, indicating potential divergence.",,True,,2.6372108459472656,6,50,True
vasp-data-files/101001010110101111110111/OSZICAR,1,50,1,"The energy change (dE) and charge density residual (rms) show a consistent downward trend towards smaller values, indicating the calculation is approaching convergence.",,True,,2.9740068912506104,7,50,True
vasp-data-files/101001010101110010101100/OSZICAR,1,50,0,"The energy change (dE) and rms values show oscillatory behavior and do not consistently decrease, indicating potential divergence.",,True,,2.3925857543945312,6,50,True
vasp-data-files/110111111010100000100011/OSZICAR,1,50,0,"The energy change (dE) and rms values show oscillatory behavior and do not consistently decrease, indicating potential divergence.",,True,,2.1094470024108887,7,50,True
vasp-data-files/100111000111010000101000/OSZICAR,1,50,1,"The energy change (dE) and charge density residual (rms) show a consistent downward trend towards smaller values, indicating the calculation is approaching convergence.",,True,,2.365246534347534,7,50,True
vasp-data-files/101001010101111100100000/OSZICAR,1,50,1,"Both dE and rms show a consistent downward trend, indicating the calculation is approaching convergence.",,True,,2.062898874282837,7,50,True
vasp-data-files/111010010101011110110110/OSZICAR,1,50,0,"The energy change (dE) and rms values show oscillations and inconsistent trends, indicating potential divergence.",,True,,2.047518253326416,6,50,True
vasp-data-files/101010010101111010100110/OSZICAR,1,50,0,"The energy change (dE) and rms values show persistent oscillations without a clear downward trend, indicating divergence.",,True,,2.0513768196105957,7,50,True
vasp-data-files/101001110011110001100110/OSZICAR,1,50,0,"The energy change (dE) and rms values show oscillatory behavior rather than a consistent downward trend, indicating potential divergence.",,True,,2.158233880996704,6,50,True
vasp-data-files/101100000100111010100100/OSZICAR,1,50,1,"Both energy change (dE) and charge density residual (rms) show a consistent downward trend, indicating the calculation is approaching convergence.",,True,,2.092005729675293,7,50,True
vasp-data-files/101001110101101011011111/OSZICAR,1,50,0,"The energy change (dE) and rms values show oscillations and inconsistent trends, indicating potential divergence.",,True,,2.005687713623047,7,50,True
vasp-data-files/101110000101110011000100/OSZICAR,1,50,0,"The energy change (dE) and charge density residual (rms) show persistent oscillations without a clear downward trend, indicating divergence.",,True,,2.0456314086914062,7,50,True
vasp-data-files/110111100001000100111111/OSZICAR,1,50,0,"The energy change (dE) and rms values show oscillatory behavior rather than a consistent downward trend, indicating potential divergence.",,True,,2.254887342453003,7,50,True
vasp-data-files/111110000100110000100000/OSZICAR,0,50,0,"The energy change (dE) and rms values show oscillatory behavior rather than a consistent downward trend, indicating potential divergence.",,True,,2.0429413318634033,7,50,True
vasp-data-files/101101000111000011111111/OSZICAR,1,50,1,"The energy change (dE) and charge density residual (rms) show a consistent downward trend, indicating the calculation is approaching convergence.",,True,,2.0614638328552246,7,50,True
vasp-data-files/101011010101011011011110/OSZICAR,0,50,0,"The energy change (dE) and rms values show oscillatory behavior rather than a consistent downward trend, indicating potential divergence.",,True,,2.034670829772949,7,50,True
vasp-data-files/101010101001110001011110/OSZICAR,1,50,0,"The energy change (dE) and charge density residual (rms) show persistent oscillations and no consistent downward trend, indicating divergence.",,True,,2.0765857696533203,7,50,True
vasp-data-files/100001010100111010100000/OSZICAR,1,50,1,"The energy change (dE) and charge density residual (rms) show a consistent downward trend, indicating the calculation is approaching convergence.",,True,,2.4607796669006348,7,50,True
vasp-data-files/101000001110011011010111/OSZICAR,1,50,1,"The energy change (dE) and charge density residual (rms) show a consistent downward trend towards smaller values, indicating the calculation is approaching convergence.",,True,,2.2612524032592773,7,50,True
vasp-data-files/101111000101001110100000/OSZICAR,1,50,1,"The energy change (dE) and charge density residual (rms) show a consistent downward trend, indicating the calculation is approaching convergence.",,True,,2.2662389278411865,7,50,True
vasp-data-files/101100101100000110001110/OSZICAR,1,50,1,"The energy change (dE) and charge density residual (rms) show a consistent downward trend, indicating the calculation is progressing toward convergence.",,True,,2.2677807807922363,7,50,True
vasp-data-files/100011110110111010100000/OSZICAR,1,50,1,"The energy change (dE) and charge density residual (rms) show a consistent downward trend towards the end of the steps, indicating convergence is likely.",,True,,2.2261886596679688,7,50,True
vasp-data-files/111101011101000110100110/OSZICAR,0,50,0,"The energy change (dE) and rms values show persistent oscillations and no consistent downward trend, indicating divergence.",,True,,1.8049380779266357,7,50,True
vasp-data-files/110100001001001111000001/OSZICAR,0,50,0,"The energy change (dE) and charge density residual (rms) show persistent oscillations and no consistent downward trend, indicating divergence.",,True,,2.2095651626586914,7,50,True
vasp-data-files/101101001101111100101000/OSZICAR,1,50,1,"Both energy change (dE) and charge density residual (rms) show a consistent downward trend towards smaller values, indicating convergence.",,True,,2.2541544437408447,8,50,True
vasp-data-files/101001010101111010000110/OSZICAR,1,50,1,"The energy change (dE) and charge density residual (rms) show a consistent downward trend, indicating the calculation is approaching convergence.",,True,,2.462766647338867,7,50,True
vasp-data-files/101001001110010011011111/OSZICAR,1,50,1,"The energy change (dE) and charge density residual (rms) show a consistent downward trend, indicating the calculation is approaching convergence.",,True,,2.4313712120056152,7,50,True
vasp-data-files/111100100000110110111001/OSZICAR,1,50,0,"The energy change (dE) and rms values show oscillatory behavior rather than a consistent downward trend, indicating potential divergence.",,True,,2.407254934310913,7,50,True
vasp-data-files/101110001111110011011011/OSZICAR,1,50,0,"The energy change (dE) and rms values show oscillatory behavior rather than a consistent downward trend, indicating potential divergence.",,True,,2.1368725299835205,6,50,True
vasp-data-files/101010010011001101111101/OSZICAR,1,50,0,"The energy change (dE) and rms values show oscillations and inconsistent trends, indicating potential divergence.",,True,,2.042634963989258,7,50,True
vasp-data-files/101001111110100111011111/OSZICAR,1,50,0,"The energy change (dE) and rms values show oscillatory behavior rather than a consistent downward trend, indicating potential divergence.",,True,,2.1967084407806396,7,50,True
vasp-data-files/110100111010001000011111/OSZICAR,1,50,0,"The energy change (dE) and charge density residual (rms) show oscillatory behavior and do not consistently decrease, indicating potential divergence.",,True,,2.092705249786377,7,50,True
vasp-data-files/101111000110011100100100/OSZICAR,0,50,0,"The energy change (dE) and rms values show oscillatory behavior rather than a consistent downward trend, indicating potential divergence.",,True,,2.5033514499664307,7,50,True
vasp-data-files/100110011100000111011100/OSZICAR,0,50,0,"The energy change (dE) and rms values show oscillatory behavior rather than a consistent downward trend, indicating potential divergence.",,True,,2.799189805984497,7,50,True
vasp-data-files/101111001000100011010111/OSZICAR,1,50,1,"The energy change (dE) and charge density residual (rms) show a consistent downward trend, indicating the calculation is approaching convergence.",,True,,2.07845401763916,7,50,True
vasp-data-files/110010010011010000101000/OSZICAR,1,50,0,"The energy change (dE) and rms values show oscillatory behavior rather than a consistent downward trend, indicating potential divergence.",,True,,2.774778366088867,6,50,True
vasp-data-files/100001111100010010011110/OSZICAR,1,50,0,"The energy change (dE) and rms values show oscillatory behavior and do not consistently decrease, indicating potential divergence.",,True,,2.156158685684204,7,50,True
vasp-data-files/110000111011001111011011/OSZICAR,0,50,0,"The energy change (dE) and rms values show persistent oscillations and no consistent downward trend, indicating divergence.",,True,,2.1617252826690674,7,50,True
vasp-data-files/100011110110011101011111/OSZICAR,1,50,0,"The energy change (dE) and rms values show persistent oscillations and no consistent downward trend, indicating divergence.",,True,,1.9403436183929443,7,50,True
vasp-data-files/101011010101011010110110/OSZICAR,1,50,1,"The energy change (dE) and charge density residual (rms) show a consistent downward trend towards smaller values, indicating the calculation is approaching convergence.",,True,,2.86616587638855,7,50,True
vasp-data-files/101011110000111111101101/OSZICAR,1,50,0,"The energy change (dE) and rms values show oscillatory behavior rather than a consistent downward trend, indicating potential divergence.",,True,,2.0724008083343506,6,50,True
vasp-data-files/111110001101110001100000/OSZICAR,0,50,0,"The energy change (dE) and charge density residual (rms) show persistent oscillations and do not consistently decrease, indicating divergence.",,True,,1.9434733390808105,7,50,True
vasp-data-files/111010101111100011110111/OSZICAR,1,50,0,"The energy change (dE) and charge density residual (rms) show oscillatory behavior rather than a consistent downward trend, indicating potential divergence.",,True,,2.3351173400878906,7,50,True
vasp-data-files/111110001100010000101110/OSZICAR,1,50,0,"The energy change (dE) and rms values show oscillatory behavior rather than a consistent downward trend, indicating potential divergence.",,True,,2.2798283100128174,7,50,True
vasp-data-files/111110000000111100100000/OSZICAR,1,50,0,"The energy change (dE) and rms values show oscillatory behavior rather than a consistent downward trend, indicating potential divergence.",,True,,2.8306753635406494,7,50,True
vasp-data-files/110101101100011001010011/OSZICAR,1,50,0,"The energy change (dE) and rms show oscillatory behavior without a clear downward trend, indicating potential divergence.",,True,,2.291172742843628,7,50,True
vasp-data-files/111111000100011000100100/OSZICAR,1,50,0,"The energy change (dE) and rms values show oscillations and inconsistent trends, indicating potential divergence.",,True,,1.8514537811279297,7,50,True
vasp-data-files/101011010101111110100000/OSZICAR,1,50,0,"The energy change (dE) and rms values show oscillatory behavior rather than a consistent downward trend, indicating potential divergence.",,True,,1.9455983638763428,7,50,True
vasp-data-files/101110101100010000111110/OSZICAR,0,50,0,"The energy change (dE) and rms values show oscillatory behavior rather than a consistent downward trend, indicating potential divergence.",,True,,3.093116521835327,6,50,True
vasp-data-files/101111000001100010100001/OSZICAR,1,50,0,"The energy change (dE) and rms values show oscillations and inconsistent trends, indicating potential divergence.",,True,,1.9180235862731934,6,50,True
vasp-data-files/101100000110111001000010/OSZICAR,1,50,0,"The energy change (dE) and rms values show oscillations and inconsistent trends, indicating potential divergence.",,True,,2.0439486503601074,7,50,True
vasp-data-files/110110101000101111100011/OSZICAR,1,50,0,"The energy change (dE) and rms values show oscillatory behavior rather than a consistent downward trend, indicating potential divergence.",,True,,2.469557762145996,7,50,True
vasp-data-files/111111000001010100101000/OSZICAR,1,50,1,"Both dE and rms show a consistent downward trend, indicating the calculation is approaching convergence.",,True,,2.2279984951019287,7,50,True
vasp-data-files/100001111100010010111110/OSZICAR,1,50,1,"The energy change (dE) and charge density residual (rms) show a general downward trend, albeit with some oscillations, suggesting eventual convergence.",,True,,2.05828595161438,7,50,True
vasp-data-files/101101000100011010011110/OSZICAR,1,50,0,"The energy change (dE) and rms values show oscillatory behavior rather than a consistent downward trend, indicating potential divergence.",,True,,1.6674299240112305,7,50,True
vasp-data-files/100001000101111011011110/OSZICAR,1,50,0,"The energy change (dE) and rms values show oscillations and inconsistent trends, indicating potential divergence.",,True,,2.0464322566986084,6,50,True
vasp-data-files/111011010111111010100100/OSZICAR,1,50,1,"The energy change (dE) and charge density residual (rms) show a consistent downward trend, indicating the calculation is approaching convergence.",,True,,2.664498805999756,7,50,True
vasp-data-files/100001010111000001101110/OSZICAR,1,50,1,"The energy change (dE) and charge density residual (rms) show a consistent downward trend, indicating the calculation is approaching convergence.",,True,,2.1512913703918457,7,50,True
vasp-data-files/100010111000111100100101/OSZICAR,1,50,0,"The energy change (dE) and rms values show oscillatory behavior rather than a consistent downward trend, indicating potential divergence.",,True,,2.0464460849761963,6,50,True
vasp-data-files/111110000100111010101010/OSZICAR,1,50,0,"The energy change (dE) and charge density residual (rms) show oscillatory behavior rather than a consistent downward trend, indicating potential divergence.",,True,,2.0695555210113525,7,50,True
vasp-data-files/101110100000001000111110/OSZICAR,1,50,1,"The energy change (dE) and charge density residual (rms) show a consistent downward trend, indicating the calculation is approaching convergence.",,True,,2.1153595447540283,7,50,True
vasp-data-files/100010111011110101000001/OSZICAR,0,50,0,"The energy change (dE) and charge density residual (rms) show inconsistent behavior with oscillations and no clear downward trend, indicating divergence.",,True,,2.8671321868896484,7,50,True
vasp-data-files/111110000000111000100100/OSZICAR,0,50,0,"The energy change (dE) and rms values show persistent oscillations without a clear downward trend, indicating divergence.",,True,,2.3347368240356445,7,50,True
vasp-data-files/100011111110010010011110/OSZICAR,1,50,0,"The energy change (dE) and rms values show oscillatory behavior rather than a consistent downward trend, indicating potential divergence.",,True,,2.0590474605560303,7,50,True
vasp-data-files/101000101011110011010101/OSZICAR,1,50,1,"Both energy change (dE) and charge density residual (rms) show a consistent downward trend towards smaller values, indicating convergence.",,True,,2.3353312015533447,7,50,True
vasp-data-files/100001001111000001011111/OSZICAR,1,50,1,"The energy change (dE) and charge density residual (rms) show a consistent downward trend towards smaller values, indicating the calculation is approaching convergence.",,True,,2.546782970428467,7,50,True
vasp-data-files/101001001100111011001101/OSZICAR,1,50,1,"The energy change (dE) and charge density residual (rms) show a consistent downward trend towards smaller values, indicating the calculation is approaching convergence.",,True,,2.3932838439941406,7,50,True
vasp-data-files/111001110001110010110001/OSZICAR,1,50,1,"The energy change (dE) and charge density residual (rms) show a consistent downward trend, indicating the calculation is approaching convergence.",,True,,2.254136562347412,7,50,True
vasp-data-files/111110001001011110110001/OSZICAR,1,50,0,"The energy change (dE) and rms values show oscillatory behavior rather than a consistent downward trend, indicating potential divergence.",,True,,2.349292516708374,6,50,True
vasp-data-files/111100000001110000100000/OSZICAR,1,50,0,"The energy change (dE) and rms values show oscillations and inconsistent trends, indicating potential divergence.",,True,,1.9139225482940674,7,50,True
vasp-data-files/101101000100001011000011/OSZICAR,1,50,0,"The energy change (dE) and rms values show persistent oscillations and no consistent downward trend, indicating divergence.",,True,,2.006067991256714,7,50,True
vasp-data-files/101100000000110110100000/OSZICAR,1,50,1,"The energy change (dE) and charge density residual (rms) show a consistent downward trend, indicating the calculation is approaching convergence.",,True,,1.999094009399414,7,50,True
vasp-data-files/110110101111001101111100/OSZICAR,0,50,0,"The energy change (dE) and rms values show oscillatory behavior rather than a consistent downward trend, indicating potential divergence.",,True,,2.515150547027588,7,50,True
vasp-data-files/101001001111110111100101/OSZICAR,1,50,0,"The energy change (dE) and charge density residual (rms) show inconsistent behavior with oscillations and no clear downward trend, indicating divergence.",,True,,2.2728617191314697,7,50,True
vasp-data-files/100011110010001010010101/OSZICAR,1,50,0,"The energy change (dE) and rms values show oscillations and inconsistent trends, indicating potential divergence.",,True,,2.0330445766448975,7,50,True
vasp-data-files/111100000101111111100000/OSZICAR,1,50,1,"The energy change (dE) and charge density residual (rms) show a consistent downward trend, indicating the calculation is approaching convergence.",,True,,2.0550601482391357,7,50,True
vasp-data-files/110100101100101110100011/OSZICAR,1,50,0,"The energy change (dE) and charge density residual (rms) show inconsistent behavior with oscillations and no clear downward trend, indicating divergence.",,True,,2.348195791244507,7,50,True
vasp-data-files/110110000011010000111100/OSZICAR,1,50,0,"The energy change (dE) and rms values show oscillatory behavior rather than a consistent downward trend, indicating potential divergence.",,True,,2.048769950866699,7,50,True
vasp-data-files/110011110100000011011101/OSZICAR,1,50,1,"The energy change (dE) and charge density residual (rms) show a consistent downward trend, indicating the calculation is approaching convergence.",,True,,2.2840538024902344,7,50,True
vasp-data-files/100001110010011010010111/OSZICAR,1,50,0,"The energy change (dE) and rms values show oscillations and inconsistent trends, indicating potential divergence.",,True,,1.939800500869751,6,50,True
vasp-data-files/111100001101111010100000/OSZICAR,0,50,0,"The energy change (dE) and charge density residual (rms) show persistent oscillations and no consistent downward trend, indicating divergence.",,True,,2.096076011657715,7,50,True
vasp-data-files/101010001100011000000111/OSZICAR,1,50,0,"The energy change (dE) and rms values show oscillatory behavior rather than a consistent downward trend, indicating potential divergence.",,True,,2.0552361011505127,7,50,True
vasp-data-files/111010010100011100100010/OSZICAR,1,50,0,"The energy change (dE) and rms values show oscillatory behavior and do not consistently decrease, indicating potential divergence.",,True,,2.0031306743621826,7,50,True
vasp-data-files/101001010101011110100000/OSZICAR,1,50,0,"The energy change (dE) and rms show oscillations and inconsistent trends, indicating potential divergence.",,True,,2.034475088119507,7,50,True
vasp-data-files/101001011100111010100010/OSZICAR,0,50,0,"The energy change (dE) and charge density residual (rms) show inconsistent behavior with oscillations and no clear downward trend, indicating divergence.",,True,,2.1267244815826416,7,50,True
vasp-data-files/101011011110100110110110/OSZICAR,1,50,0,"The energy change (dE) and rms values show oscillatory behavior rather than a consistent downward trend, indicating potential divergence.",,True,,2.154649019241333,7,50,True
vasp-data-files/101000010111100101110111/OSZICAR,0,50,0,"The energy change (dE) and rms values show persistent oscillations and no consistent downward trend, indicating divergence.",,True,,1.978327989578247,7,50,True
vasp-data-files/110110101000111110101001/OSZICAR,1,50,0,"The energy change (dE) and rms values show oscillatory behavior rather than a consistent downward trend, indicating potential divergence.",,True,,2.34926176071167,7,50,True
vasp-data-files/110011010111000011110101/OSZICAR,1,50,0,"The energy change (dE) and rms values show oscillations and inconsistent trends, indicating potential divergence.",,True,,2.347405195236206,6,50,True
vasp-data-files/100100010110111000000110/OSZICAR,1,50,0,"The energy change (dE) and rms values show oscillations and inconsistent trends, indicating potential divergence.",,True,,1.9454944133758545,6,50,True
vasp-data-files/101001111100100011011111/OSZICAR,1,50,0,"The energy change (dE) and rms values show persistent oscillations without a clear downward trend, indicating divergence.",,True,,2.5811727046966553,7,50,True
vasp-data-files/111100000100110010100000/OSZICAR,1,50,1,"The energy change (dE) and charge density residual (rms) show a consistent downward trend, indicating the calculation is approaching convergence.",,True,,2.1515238285064697,7,50,True
vasp-data-files/100001111101001001011111/OSZICAR,0,50,0,"The energy change (dE) and rms values show oscillatory behavior rather than a consistent downward trend, indicating potential divergence.",,True,,2.1038098335266113,7,50,True
vasp-data-files/101001010101111110000000/OSZICAR,1,50,1,"The energy change (dE) and charge density residual (rms) show a consistent downward trend, indicating the calculation is approaching convergence.",,True,,2.0819389820098877,7,50,True
vasp-data-files/111011110001110100110110/OSZICAR,1,50,0,"The energy change (dE) and rms values show oscillatory behavior rather than a consistent downward trend, indicating potential divergence.",,True,,1.9819447994232178,7,50,True
vasp-data-files/100110100000001100111101/OSZICAR,0,50,0,"The energy change (dE) and charge density residual (rms) show persistent oscillations and no consistent downward trend, indicating divergence.",,True,,2.8713326454162598,7,50,True
vasp-data-files/100101000001010010011110/OSZICAR,1,50,0,"The energy change (dE) and charge density residual (rms) show inconsistent trends with oscillations and no clear downward convergence, indicating divergence.",,True,,2.12461519241333,7,50,True
vasp-data-files/101101000101000010111110/OSZICAR,0,50,0,"The energy change (dE) and charge density residual (rms) show persistent oscillations and no consistent downward trend, indicating divergence.",,True,,1.9439854621887207,7,50,True
vasp-data-files/110111101101001000111100/OSZICAR,1,50,0,"The energy change (dE) and rms values show oscillatory behavior rather than a consistent downward trend, indicating potential divergence.",,True,,2.1414742469787598,6,50,True
vasp-data-files/111101000101011101101000/OSZICAR,1,50,1,"The energy change (dE) and charge density residual (rms) show a consistent downward trend, indicating the calculation is approaching convergence.",,True,,2.633779764175415,7,50,True
vasp-data-files/101101000101000011101101/OSZICAR,0,50,0,"The energy change (dE) and charge density residual (rms) show persistent oscillations and do not consistently decrease, indicating divergence.",,True,,2.1049439907073975,7,50,True
vasp-data-files/111110011001110111110001/OSZICAR,1,50,1,"The energy change (dE) and charge density residual (rms) show a consistent downward trend, indicating the calculation is approaching convergence.",,True,,1.9876246452331543,7,50,True
vasp-data-files/101001010111101011011111/OSZICAR,1,50,1,"The energy change (dE) and charge density residual (rms) show a consistent downward trend towards smaller values, indicating the calculation is approaching convergence.",,True,,2.2370622158050537,7,50,True
vasp-data-files/111110010001110000111000/OSZICAR,1,50,0,"The energy change (dE) and rms values show oscillatory behavior rather than a consistent downward trend, indicating potential divergence.",,True,,2.217989444732666,7,50,True
vasp-data-files/111011110101101000110010/OSZICAR,1,50,0,"The energy change (dE) and rms values show oscillations and inconsistent trends, indicating potential divergence.",,True,,2.048064947128296,7,50,True
vasp-data-files/101011010101011010100110/OSZICAR,1,50,1,"The energy change (dE) and charge density residual (rms) show a consistent downward trend, indicating the calculation is approaching convergence.",,True,,1.849701166152954,7,50,True
vasp-data-files/100001110101011001010011/OSZICAR,1,50,1,"Both dE and rms show a consistent downward trend, indicating the calculation is approaching convergence.",,True,,2.2553658485412598,7,50,True
vasp-data-files/111011110001110000100110/OSZICAR,1,50,1,"The energy change (dE) and charge density residual (rms) show a consistent downward trend towards smaller values, indicating the calculation is approaching convergence.",,True,,2.148998498916626,7,50,True
vasp-data-files/110110100100001100111100/OSZICAR,1,50,0,"The energy change (dE) and charge density residual (rms) show oscillatory behavior and do not consistently decrease, indicating potential divergence.",,True,,2.2381751537323,6,50,True
vasp-data-files/100111100100111010100011/OSZICAR,1,50,1,"The energy change (dE) and charge density residual (rms) show a consistent downward trend towards smaller values, indicating the calculation is approaching convergence.",,True,,2.173049211502075,7,50,True
vasp-data-files/101001010101111010100100/OSZICAR,1,50,0,"The energy change (dE) and rms values show oscillatory behavior rather than a consistent downward trend, indicating potential divergence.",,True,,2.0088696479797363,6,50,True
vasp-data-files/101000010110110001010100/OSZICAR,0,50,0,"The energy change (dE) and rms values show persistent oscillations and no consistent downward trend, indicating divergence.",,True,,1.8957901000976562,7,50,True
vasp-data-files/111000011111001011010011/OSZICAR,0,50,0,"The energy change (dE) and charge density residual (rms) show oscillatory behavior rather than a consistent downward trend, indicating potential divergence.",,True,,2.249096393585205,7,50,True
vasp-data-files/110101100010001101011001/OSZICAR,1,50,1,"The energy change (dE) and charge density residual (rms) show a consistent downward trend towards smaller values, indicating the calculation is approaching convergence.",,True,,2.7288730144500732,7,50,True
vasp-data-files/100001110111111011010111/OSZICAR,1,50,1,"The energy change (dE) and charge density residual (rms) show a consistent downward trend towards smaller values, indicating the calculation is approaching convergence.",,True,,2.252819061279297,7,50,True
vasp-data-files/110110111001001000110010/OSZICAR,1,50,0,"The energy change (dE) and rms values show oscillatory behavior rather than a consistent downward trend, indicating potential divergence.",,True,,2.6776511669158936,6,50,True
vasp-data-files/111100000101010100100001/OSZICAR,1,50,0,"The energy change (dE) and rms values show oscillations and inconsistent trends, indicating potential divergence.",,True,,1.7661781311035156,7,50,True
vasp-data-files/101011011100110010010111/OSZICAR,0,50,0,"The energy change (dE) and rms values show persistent oscillations without a clear downward trend, indicating divergence.",,True,,2.3900067806243896,7,50,True
vasp-data-files/111101000100111010100000/OSZICAR,1,50,1,"The energy change (dE) and charge density residual (rms) show a consistent downward trend towards smaller values, indicating the calculation is approaching convergence.",,True,,2.3591160774230957,7,50,True
vasp-data-files/111011100111011111010111/OSZICAR,1,50,0,"The energy change (dE) and charge density residual (rms) show persistent oscillations and no consistent downward trend, indicating divergence.",,True,,2.414400815963745,7,50,True
vasp-data-files/110000111101111011010001/OSZICAR,1,50,1,"The energy change (dE) and charge density residual (rms) show a consistent downward trend, indicating the calculation is approaching convergence.",,True,,2.56790828704834,7,50,True
vasp-data-files/101100000001100111000001/OSZICAR,1,50,1,"The energy change (dE) and charge density residual (rms) show a consistent downward trend, indicating the calculation is approaching convergence.",,True,,2.0548408031463623,7,50,True
vasp-data-files/111001010111111000010000/OSZICAR,0,50,0,"The energy change (dE) and charge density residual (rms) show inconsistent behavior with oscillations and no clear downward trend, indicating potential divergence.",,True,,2.411919593811035,6,50,True
vasp-data-files/111110000100110100100000/OSZICAR,1,50,1,"Both dE and rms show a consistent downward trend, indicating the calculation is approaching convergence.",,True,,1.8059329986572266,7,50,True
vasp-data-files/100010001111111111111010/OSZICAR,0,50,0,"The energy change (dE) and charge density residual (rms) show persistent oscillations and no consistent downward trend, indicating divergence.",,True,,2.27555775642395,7,50,True
vasp-data-files/100000111010000101111111/OSZICAR,1,50,1,"The energy change (dE) and charge density residual (rms) show a consistent downward trend towards smaller values, indicating the calculation is approaching convergence.",,True,,2.4661858081817627,7,50,True
vasp-data-files/100010101011000001011111/OSZICAR,0,50,0,"The energy change (dE) and rms values show oscillatory behavior rather than a consistent downward trend, indicating potential divergence.",,True,,2.205179452896118,7,50,True
vasp-data-files/110100001111001001011101/OSZICAR,1,50,1,"The energy change (dE) and charge density residual (rms) show a consistent downward trend towards smaller values, indicating the calculation is approaching convergence.",,True,,2.264895439147949,7,50,True
vasp-data-files/101100000101100111000000/OSZICAR,1,50,1,"The energy change (dE) and charge density residual (rms) show a consistent downward trend, indicating the calculation is approaching convergence.",,True,,2.2730324268341064,7,50,True
vasp-data-files/111100001101011011110110/OSZICAR,1,50,0,"The energy change (dE) and rms values show persistent oscillations and no consistent downward trend, indicating divergence.",,True,,2.34871506690979,7,50,True
vasp-data-files/101111001100010010100010/OSZICAR,1,50,0,"The energy change (dE) and rms values show oscillations and inconsistent trends, indicating potential divergence.",,True,,1.9546475410461426,7,50,True
vasp-data-files/100110100010000101011001/OSZICAR,1,50,1,"The energy change (dE) and charge density residual (rms) show a consistent downward trend towards the end of the steps, indicating convergence is likely.",,True,,2.2462542057037354,7,50,True
vasp-data-files/110110101000011100100000/OSZICAR,1,50,1,"The energy change (dE) and charge density residual (rms) show a consistent downward trend, indicating the calculation is progressing toward convergence.",,True,,2.1353671550750732,7,50,True
vasp-data-files/101111010101001111101011/OSZICAR,1,50,0,"The energy change (dE) and charge density residual (rms) show inconsistent trends with oscillations and no clear downward convergence, indicating divergence.",,True,,2.3752565383911133,7,50,True
vasp-data-files/100000010111101001010111/OSZICAR,0,50,0,"The energy change (dE) and rms values show oscillations and inconsistent trends, indicating potential divergence.",,True,,1.8519880771636963,6,50,True
vasp-data-files/111010101001110101110100/OSZICAR,1,50,0,"The energy change (dE) and rms values show oscillatory behavior rather than a consistent downward trend, indicating potential divergence.",,True,,2.7106387615203857,7,50,True
vasp-data-files/101001010101111010100110/OSZICAR,1,50,1,"The energy change (dE) and charge density residual (rms) show a consistent downward trend, indicating the calculation is approaching convergence.",,True,,2.1950175762176514,7,50,True
vasp-data-files/111110001100011010100011/OSZICAR,1,50,0,"The energy change (dE) and rms values show oscillatory behavior and do not consistently decrease, indicating potential divergence.",,True,,2.0564215183258057,6,50,True
vasp-data-files/101010001100011010010111/OSZICAR,1,50,1,"Both dE and rms show a consistent downward trend, indicating the calculation is approaching convergence.",,True,,2.7340683937072754,7,50,True
vasp-data-files/110000101010001110011011/OSZICAR,0,50,0,"The energy change (dE) and charge density residual (rms) show oscillatory behavior rather than a consistent downward trend, indicating potential divergence.",,True,,2.114316463470459,7,50,True
vasp-data-files/111101010101110000101000/OSZICAR,1,50,1,"Both energy change (dE) and charge density residual (rms) show a consistent downward trend, indicating the calculation is approaching convergence.",,True,,2.347123384475708,8,50,True
vasp-data-files/101100000000111100100000/OSZICAR,1,50,1,"The energy change (dE) and charge density residual (rms) show a consistent downward trend, indicating the calculation is approaching convergence.",,True,,1.7350027561187744,7,50,True
vasp-data-files/101011010101000010111110/OSZICAR,0,50,0,"The energy change (dE) and charge density residual (rms) show persistent oscillations and no consistent downward trend, indicating divergence.",,True,,2.1958489418029785,7,50,True
vasp-data-files/111100000101110000100000/OSZICAR,1,50,0,"The energy change (dE) and rms values show oscillations and inconsistent trends, indicating potential divergence.",,True,,2.324565887451172,7,50,True
vasp-data-files/101111100101000010111111/OSZICAR,0,50,0,"The energy change (dE) and charge density residual (rms) show persistent oscillations and no consistent downward trend, indicating divergence.",,True,,1.8564798831939697,7,50,True
vasp-data-files/101101000101011010100110/OSZICAR,1,50,1,"Both dE and rms show a consistent downward trend, indicating the calculation is approaching convergence.",,True,,2.551459789276123,8,50,True
vasp-data-files/101001110101111010010110/OSZICAR,1,50,1,"The energy change (dE) and charge density residual (rms) show a consistent downward trend towards smaller values, indicating the calculation is approaching convergence.",,True,,2.987659215927124,7,50,True
vasp-data-files/110100111100111101010001/OSZICAR,1,50,0,"The energy (E) and charge density residual (rms) show persistent oscillations and no consistent downward trend, indicating divergence.",,True,,1.9507286548614502,7,50,True
vasp-data-files/101101001101001101000111/OSZICAR,0,50,0,"The energy change (dE) and rms values show oscillatory behavior rather than a consistent downward trend, indicating potential divergence.",,True,,1.962019443511963,7,50,True
vasp-data-files/100111100001100010100001/OSZICAR,1,50,0,"The energy change (dE) and rms values show oscillations and inconsistent trends, indicating potential divergence.",,True,,1.8389179706573486,6,50,True
vasp-data-files/101111000101111110100000/OSZICAR,1,50,1,"The energy change (dE) and charge density residual (rms) show a consistent downward trend towards smaller values, indicating the calculation is approaching convergence.",,True,,2.1604020595550537,7,50,True
vasp-data-files/110011111110110011001001/OSZICAR,1,50,1,"The energy change (dE) and charge density residual (rms) show a consistent downward trend towards smaller values, indicating the calculation is approaching convergence.",,True,,2.253124713897705,7,50,True
vasp-data-files/101100000101010000111100/OSZICAR,1,50,1,"The energy change (dE) and charge density residual (rms) show a consistent downward trend, indicating the calculation is approaching convergence.",,True,,2.049180746078491,7,50,True
vasp-data-files/101011110000111110100101/OSZICAR,1,50,0,"The energy change (dE) and rms values show persistent oscillations and no consistent downward trend, indicating divergence.",,True,,2.071707248687744,7,50,True
vasp-data-files/111110110101000101010101/OSZICAR,0,50,0,"The energy change (dE) and rms values show oscillatory behavior rather than a consistent downward trend, indicating potential divergence.",,True,,2.129152774810791,7,50,True
vasp-data-files/100111001011101101101000/OSZICAR,0,50,0,"The energy (E) and charge density residual (rms) show oscillatory behavior rather than a consistent downward trend, indicating potential divergence.",,True,,2.072270154953003,7,50,True
vasp-data-files/101011110101111010011110/OSZICAR,1,50,1,"The energy change (dE) and charge density residual (rms) show a consistent downward trend towards smaller values, indicating the calculation is approaching convergence.",,True,,2.660353660583496,7,50,True
vasp-data-files/100101011111111001001100/OSZICAR,0,50,0,"The energy change (dE) and rms values show oscillations and inconsistent trends, indicating potential divergence.",,True,,2.2277185916900635,6,50,True
vasp-data-files/100001111011111110101100/OSZICAR,1,50,1,"The energy change (dE) and charge density residual (rms) show a consistent downward trend, indicating the calculation is approaching convergence.",,True,,2.0504508018493652,7,50,True
vasp-data-files/101000010101000011010111/OSZICAR,0,50,1,"The energy change (dE) and charge density residual (rms) show a consistent downward trend, indicating the calculation is progressing toward convergence.",,True,,2.5218069553375244,7,50,True
vasp-data-files/101010010100111110100100/OSZICAR,1,50,0,"The energy change (dE) and rms values show oscillatory behavior rather than a consistent downward trend, indicating potential divergence.",,True,,2.3308849334716797,7,50,True
vasp-data-files/100110010111000000110001/OSZICAR,0,50,0,"The energy change (dE) and charge density residual (rms) show inconsistent trends with oscillations and no clear downward convergence, indicating divergence.",,True,,2.6247103214263916,7,50,True
vasp-data-files/100111000001000011111011/OSZICAR,0,50,0,"The energy change (dE) and rms values show persistent oscillations and do not consistently decrease, indicating divergence.",,True,,2.4243674278259277,7,50,True
vasp-data-files/100001001011000001011111/OSZICAR,1,50,1,"The energy change (dE) and charge density residual (rms) show a consistent downward trend, indicating the calculation is approaching convergence.",,True,,2.305572032928467,7,50,True
vasp-data-files/101110001101010111010001/OSZICAR,0,50,0,"The energy change (dE) and charge density residual (rms) show persistent oscillations and do not consistently decrease, indicating divergence.",,True,,2.1269192695617676,7,50,True
vasp-data-files/111110000001111110100001/OSZICAR,1,50,1,"The energy change (dE) and charge density residual (rms) show a consistent downward trend, indicating the calculation is approaching convergence.",,True,,1.66239333152771,7,50,True
vasp-data-files/101001011000100101100000/OSZICAR,1,50,1,"The energy change (dE) and charge density residual (rms) show a consistent downward trend, indicating the calculation is approaching convergence.",,True,,2.2838006019592285,7,50,True
vasp-data-files/101100100010000101111111/OSZICAR,1,50,1,"The energy change (dE) and charge density residual (rms) show a consistent downward trend, indicating the calculation is approaching convergence.",,True,,2.0307211875915527,7,50,True
vasp-data-files/100001111100111101010111/OSZICAR,1,50,0,"The energy change (dE) and rms values show oscillations and inconsistent trends, indicating potential divergence.",,True,,2.3725192546844482,7,50,True
vasp-data-files/110100110101111101010001/OSZICAR,0,50,0,"The energy change (dE) and rms values show oscillatory behavior and do not consistently decrease, indicating potential divergence.",,True,,2.4002225399017334,7,50,True
vasp-data-files/100110100011001101111000/OSZICAR,1,50,1,"The energy change (dE) and charge density residual (rms) show a consistent downward trend, indicating the calculation is approaching convergence.",,True,,2.092029571533203,7,50,True
vasp-data-files/100010110100110000110000/OSZICAR,0,50,0,"The energy change (dE) and rms values show persistent oscillations and do not consistently decrease, indicating a lack of convergence.",,True,,2.1421687602996826,7,50,True
vasp-data-files/101011000101010010111110/OSZICAR,0,50,0,"The energy change (dE) and rms values show persistent oscillations and no consistent downward trend, indicating divergence.",,True,,2.1498353481292725,7,50,True
vasp-data-files/100101000101011010100011/OSZICAR,1,50,1,"The energy change (dE) and charge density residual (rms) show a consistent downward trend towards smaller values, indicating the calculation is approaching convergence.",,True,,2.3626937866210938,7,50,True
vasp-data-files/101010010111010100100000/OSZICAR,1,50,0,"The energy change (dE) and rms values show oscillatory behavior rather than a consistent downward trend, indicating potential divergence.",,True,,1.9522006511688232,7,50,True
vasp-data-files/110001110110000110011100/OSZICAR,0,50,0,"The energy change (dE) and rms values show oscillatory behavior rather than a consistent downward trend, indicating potential divergence.",,True,,2.2630414962768555,7,50,True
vasp-data-files/101100000000111110100000/OSZICAR,1,50,1,"The energy change (dE) and charge density residual (rms) show a consistent downward trend, indicating the calculation is approaching convergence.",,True,,2.227811098098755,7,50,True
vasp-data-files/101001010001010010111100/OSZICAR,1,50,1,"The energy change (dE) and charge density residual (rms) show a consistent downward trend, indicating the calculation is approaching convergence.",,True,,2.1499650478363037,7,50,True
vasp-data-files/100010001001111100101000/OSZICAR,1,50,0,"The energy change (dE) and rms values show persistent oscillations and no consistent downward trend, indicating divergence.",,True,,2.3683621883392334,7,50,True
vasp-data-files/101110000000010010110110/OSZICAR,1,50,1,"The energy change (dE) and charge density residual (rms) show a consistent downward trend towards smaller values, indicating the calculation is approaching convergence.",,True,,2.8604960441589355,7,50,True
vasp-data-files/100110100010100101111001/OSZICAR,1,50,1,"The energy change (dE) and charge density residual (rms) show a general downward trend, albeit with some oscillations, suggesting eventual convergence.",,True,,2.5594775676727295,7,50,True
vasp-data-files/111111000110000110111010/OSZICAR,0,50,0,"The energy change (dE) and charge density residual (rms) show persistent oscillations without a clear downward trend, indicating divergence.",,True,,2.0571131706237793,7,50,True
vasp-data-files/111101000100011010110110/OSZICAR,1,50,1,"The energy change (dE) and charge density residual (rms) show a consistent downward trend towards smaller values, indicating the calculation is approaching convergence.",,True,,2.359762668609619,7,50,True
vasp-data-files/100101000001000011011111/OSZICAR,1,50,0,"The energy change (dE) and rms values show oscillations and inconsistent trends, indicating potential divergence.",,True,,1.9447846412658691,7,50,True
vasp-data-files/100000111011011011010111/OSZICAR,1,50,0,"The energy change (dE) and rms values show oscillations and do not consistently decrease, indicating potential divergence.",,True,,1.990337610244751,7,50,True
vasp-data-files/100110001111110101011011/OSZICAR,1,50,0,"The energy change (dE) and rms values show oscillations and inconsistent trends, indicating potential divergence.",,True,,1.934389352798462,7,50,True
vasp-data-files/101100000111000101101001/OSZICAR,1,50,0,"The energy change (dE) and rms values show oscillations and inconsistent trends, indicating potential divergence.",,True,,1.9936976432800293,6,50,True
vasp-data-files/101001010111000011111111/OSZICAR,1,50,0,"The energy change (dE) and rms values show persistent oscillations and no consistent downward trend, indicating divergence.",,True,,2.009350299835205,7,50,True
vasp-data-files/101011011101011010110111/OSZICAR,1,50,0,"The energy change (dE) and rms values show oscillations and inconsistent trends, indicating potential divergence.",,True,,1.9579284191131592,6,50,True
vasp-data-files/101010000111110111100101/OSZICAR,0,50,0,"The energy change (dE) and charge density residual (rms) show persistent oscillations without a consistent downward trend, indicating divergence.",,True,,2.3174526691436768,7,50,True
vasp-data-files/100010111000111100100000/OSZICAR,1,50,1,"The energy change (dE) and charge density residual (rms) show a consistent downward trend towards the end of the steps, indicating convergence is likely.",,True,,2.0928468704223633,7,50,True
vasp-data-files/100000001110110011111111/OSZICAR,1,50,0,"The energy change (dE) and rms values show oscillatory behavior rather than a consistent downward trend, indicating potential divergence.",,True,,2.1300127506256104,7,50,True
vasp-data-files/101110001100010010111010/OSZICAR,1,50,1,"Both dE and rms show a consistent downward trend, indicating the calculation is approaching convergence.",,True,,1.9452455043792725,7,50,True
vasp-data-files/110100000101010001010010/OSZICAR,0,50,0,"The energy change (dE) and charge density residual (rms) show persistent oscillations and no consistent downward trend, indicating divergence.",,True,,1.9862265586853027,7,50,True
vasp-data-files/100001110111111001000111/OSZICAR,1,50,1,"The energy change (dE) and charge density residual (rms) show a consistent downward trend, indicating the calculation is approaching convergence.",,True,,1.978346824645996,7,50,True
vasp-data-files/101111000111010010101000/OSZICAR,1,50,1,"The energy change (dE) and charge density residual (rms) show a consistent downward trend, indicating the calculation is approaching convergence.",,True,,2.102517604827881,7,50,True
vasp-data-files/100001011000111100101000/OSZICAR,1,50,1,"The energy change (dE) and charge density residual (rms) show a consistent downward trend, indicating the calculation is approaching convergence.",,True,,2.624743938446045,7,50,True
vasp-data-files/111110000001000000111010/OSZICAR,1,50,1,"The energy change (dE) and charge density residual (rms) show a consistent downward trend towards smaller values, indicating the calculation is approaching convergence.",,True,,2.112415075302124,7,50,True
vasp-data-files/111110000100111100100000/OSZICAR,1,50,1,"Both dE and rms show a consistent downward trend, indicating the calculation is approaching convergence.",,True,,1.8883323669433594,8,50,True
vasp-data-files/111101010100111110110000/OSZICAR,0,50,0,"The energy change (dE) and rms values show persistent oscillations and no consistent downward trend, indicating divergence.",,True,,2.0247697830200195,7,50,True
vasp-data-files/100001111101000011011111/OSZICAR,1,50,0,"The energy change (dE) and rms values show oscillatory behavior and do not consistently decrease, indicating potential divergence.",,True,,2.045098066329956,7,50,True
vasp-data-files/100001110101100011010111/OSZICAR,0,50,0,"The energy change (dE) and charge density residual (rms) show persistent oscillations and no consistent downward trend, indicating divergence.",,True,,2.0537097454071045,7,50,True
vasp-data-files/100010110010001110111111/OSZICAR,1,50,0,"The energy change (dE) and rms values show oscillatory behavior rather than a consistent downward trend, indicating potential divergence.",,True,,2.253434658050537,7,50,True
vasp-data-files/110000110001101101010001/OSZICAR,1,50,1,"The energy change (dE) and charge density residual (rms) show a consistent downward trend towards smaller values, indicating the calculation is approaching convergence.",,True,,2.12812876701355,7,50,True
vasp-data-files/110100001000111000000001/OSZICAR,1,50,0,"The energy change (dE) and charge density residual (rms) show persistent oscillations and no consistent downward trend, indicating divergence.",,True,,3.109478712081909,7,50,True
vasp-data-files/111100100100000001100011/OSZICAR,1,50,1,"Both energy change (dE) and charge density residual (rms) show a consistent downward trend, indicating the calculation is approaching convergence.",,True,,1.7946040630340576,8,50,True
vasp-data-files/101110000101010010100000/OSZICAR,1,50,0,"The energy change (dE) and rms values show oscillations and inconsistent trends, indicating potential divergence.",,True,,1.986762523651123,7,50,True
vasp-data-files/101100000101100011100001/OSZICAR,1,50,1,"The energy change (dE) and charge density residual (rms) show a consistent downward trend, indicating the calculation is approaching convergence.",,True,,1.6520130634307861,7,50,True
vasp-data-files/110110101000001000111100/OSZICAR,1,50,1,"The energy change (dE) and charge density residual (rms) show a consistent downward trend, indicating the calculation is approaching convergence.",,True,,2.5663204193115234,7,50,True
vasp-data-files/110110101010110000110001/OSZICAR,0,50,0,"The energy change (dE) and rms values show oscillatory behavior rather than a consistent downward trend, indicating potential divergence.",,True,,1.8683521747589111,7,50,True
vasp-data-files/111110000000001100100000/OSZICAR,1,50,1,"The energy change (dE) and charge density residual (rms) show a consistent downward trend, indicating the calculation is approaching convergence.",,True,,2.4363930225372314,7,50,True
vasp-data-files/100010010011000001111110/OSZICAR,1,50,0,"The energy change (dE) and charge density residual (rms) show inconsistent trends with oscillations and no clear downward convergence, indicating divergence.",,True,,2.2556989192962646,7,50,True
vasp-data-files/110110001010000111111001/OSZICAR,0,50,0,"The energy change (dE) and rms values show oscillatory behavior rather than a consistent downward trend, indicating potential divergence.",,True,,2.0427420139312744,6,50,True
vasp-data-files/101101000111000111100011/OSZICAR,1,50,1,"The energy change (dE) and charge density residual (rms) show a consistent downward trend, indicating the calculation is approaching convergence.",,True,,2.5707857608795166,7,50,True
vasp-data-files/101001111110111111000001/OSZICAR,0,50,0,"The energy change (dE) and charge density residual (rms) show persistent oscillations and no consistent downward trend, indicating divergence.",,True,,2.465975284576416,7,50,True
vasp-data-files/111110000100011100100010/OSZICAR,1,50,1,"The energy change (dE) and charge density residual (rms) show a consistent downward trend towards smaller values, indicating the calculation is approaching convergence.",,True,,2.147928476333618,7,50,True
vasp-data-files/101100000100001110100110/OSZICAR,1,50,1,"The energy change (dE) and charge density residual (rms) show a consistent downward trend, indicating the calculation is approaching convergence.",,True,,2.0247323513031006,7,50,True
vasp-data-files/101001010001000010111110/OSZICAR,1,50,0,"The energy change (dE) and rms values show oscillatory behavior rather than a consistent downward trend, indicating potential divergence.",,True,,1.9529166221618652,7,50,True
vasp-data-files/111011110001101100100101/OSZICAR,1,50,0,"The energy change (dE) and rms values show oscillatory behavior rather than a consistent downward trend, indicating potential divergence.",,True,,2.2505292892456055,7,50,True
vasp-data-files/101001010101111110100101/OSZICAR,0,50,0,"The energy change (dE) and rms values show oscillations and inconsistent trends, indicating potential divergence.",,True,,2.2490813732147217,7,50,True
vasp-data-files/110001010111111011010011/OSZICAR,1,50,0,"The energy change (dE) and rms values show oscillations and inconsistent trends, indicating potential divergence.",,True,,2.565671682357788,7,50,True
vasp-data-files/110111001100011100101000/OSZICAR,0,50,0,"The energy change (dE) and rms values show oscillatory behavior rather than a consistent downward trend, indicating potential divergence.",,True,,2.5646305084228516,7,50,True
vasp-data-files/111101001101111100100000/OSZICAR,1,50,0,"The energy change (dE) and rms show oscillations and inconsistent trends, indicating potential divergence.",,True,,1.8317790031433105,6,50,True
vasp-data-files/100101110001000001011001/OSZICAR,1,50,1,"The energy change (dE) and charge density residual (rms) show a consistent downward trend, indicating the calculation is approaching convergence.",,True,,2.5837128162384033,7,50,True
vasp-data-files/110100001110001101111001/OSZICAR,1,50,0,"The energy change (dE) and charge density residual (rms) show oscillatory behavior rather than a consistent downward trend, indicating potential divergence.",,True,,2.2438583374023438,6,50,True
vasp-data-files/101111000011110010100000/OSZICAR,1,50,1,"The energy change (dE) and charge density residual (rms) show a consistent downward trend towards smaller values, indicating the calculation is approaching convergence.",,True,,2.490082263946533,7,50,True
vasp-data-files/101001011100111100100000/OSZICAR,1,50,1,"The energy change (dE) and charge density residual (rms) show a consistent downward trend, indicating the calculation is progressing toward convergence.",,True,,2.250478982925415,7,50,True
vasp-data-files/110101111100111101010011/OSZICAR,0,50,0,"The energy change (dE) and charge density residual (rms) show persistent oscillations without a clear downward trend, indicating divergence.",,True,,2.2514517307281494,7,50,True
vasp-data-files/111100001100111110000000/OSZICAR,1,50,1,"Both dE and rms show a consistent downward trend, indicating the calculation is approaching convergence.",,True,,1.854252815246582,7,50,True
vasp-data-files/111100011110000110000001/OSZICAR,0,50,0,"The energy change (dE) and charge density residual (rms) show inconsistent behavior with oscillations and no clear downward trend, indicating potential divergence.",,True,,2.5559470653533936,6,50,True
vasp-data-files/101001010101110011100111/OSZICAR,0,50,0,"The energy change (dE) and rms values show persistent oscillations and no consistent downward trend, indicating divergence.",,True,,1.9370062351226807,7,50,True
vasp-data-files/101101110001000000000110/OSZICAR,0,50,0,"The energy change (dE) and rms values show oscillatory behavior rather than a consistent downward trend, indicating potential divergence.",,True,,2.1890151500701904,7,50,True
vasp-data-files/101011110001111110010000/OSZICAR,1,50,1,"Both energy change (dE) and charge density residual (rms) show a consistent downward trend towards smaller values, indicating convergence.",,True,,2.5183632373809814,8,50,True
vasp-data-files/110010110000001110111100/OSZICAR,1,50,1,"The energy change (dE) and charge density residual (rms) show a consistent downward trend towards smaller values, indicating the calculation is approaching convergence.",,True,,2.0200982093811035,7,50,True
vasp-data-files/111101000001110000101000/OSZICAR,0,50,1,"The energy change (dE) and charge density residual (rms) show a consistent downward trend, indicating the calculation is approaching convergence.",,True,,2.129600763320923,7,50,True
vasp-data-files/111100100000110111110001/OSZICAR,1,50,0,"The energy change (dE) and rms values show oscillations and inconsistent trends, indicating potential divergence.",,True,,2.4101829528808594,6,50,True
vasp-data-files/110110000111000011111111/OSZICAR,1,50,0,"The energy change (dE) and rms values show oscillatory behavior rather than a consistent downward trend, indicating potential divergence.",,True,,2.2080259323120117,7,50,True
vasp-data-files/100011010011000001101110/OSZICAR,0,50,0,"The energy change (dE) and rms values show persistent oscillations and do not consistently decrease, indicating a lack of convergence.",,True,,2.1447079181671143,7,50,True
vasp-data-files/111011010001010000111100/OSZICAR,1,50,1,"The energy change (dE) and charge density residual (rms) show a consistent downward trend towards smaller values, indicating the calculation is approaching convergence.",,True,,2.436150074005127,7,50,True
vasp-data-files/101001011100111100000000/OSZICAR,1,50,1,"The energy change (dE) and charge density residual (rms) show a consistent downward trend towards smaller values, indicating the calculation is approaching convergence.",,True,,2.196667194366455,7,50,True
vasp-data-files/100110101010000101011001/OSZICAR,1,50,0,"The energy change (dE) and rms values show oscillations and inconsistent trends, indicating potential divergence.",,True,,2.7445733547210693,7,50,True
vasp-data-files/111110001000010010100010/OSZICAR,1,50,0,"The energy change (dE) and rms values show oscillations and inconsistent trends, indicating potential divergence.",,True,,2.0440618991851807,7,50,True
vasp-data-files/111110000110110000100000/OSZICAR,1,50,0,"The energy change (dE) and rms values show oscillations and inconsistent trends, indicating potential divergence.",,True,,2.0492172241210938,6,50,True
vasp-data-files/110010010011000001111101/OSZICAR,0,50,0,"The energy change (dE) and charge density residual (rms) show oscillatory behavior and do not consistently decrease, indicating potential divergence.",,True,,2.092165946960449,7,50,True
vasp-data-files/100010001111000001111111/OSZICAR,1,50,0,"The energy change (dE) and rms values show oscillations and inconsistent trends, indicating potential divergence.",,True,,1.8488872051239014,7,50,True
vasp-data-files/110001111101111101010011/OSZICAR,1,50,0,"The energy change (dE) and rms values show oscillations and inconsistent trends, indicating potential divergence.",,True,,1.9990017414093018,7,50,True
vasp-data-files/100000011111111011000100/OSZICAR,0,50,0,"The energy change (dE) and charge density residual (rms) show oscillatory behavior rather than a consistent downward trend, indicating potential divergence.",,True,,2.0550591945648193,7,50,True
vasp-data-files/101101000001010100101000/OSZICAR,1,50,0,"The energy change (dE) and rms values show oscillations and inconsistent trends, indicating potential divergence.",,True,,1.8517045974731445,6,50,True
vasp-data-files/101001011101100011010111/OSZICAR,1,50,0,"The energy change (dE) and rms values show oscillatory behavior rather than a consistent downward trend, indicating potential divergence.",,True,,1.9813623428344727,7,50,True
vasp-data-files/101101000101000011011111/OSZICAR,0,50,0,"The energy change (dE) and rms values show inconsistent trends with oscillations and no clear downward convergence, indicating potential divergence.",,True,,2.3041675090789795,7,50,True
vasp-data-files/110100010111000101000001/OSZICAR,0,50,0,"The energy change (dE) and rms values show oscillations and inconsistent trends, indicating potential divergence.",,True,,2.6589410305023193,7,50,True
vasp-data-files/100110010111000001110001/OSZICAR,1,50,0,"The energy change (dE) and rms values show oscillations and inconsistent trends, indicating potential divergence.",,True,,2.039905548095703,7,50,True
vasp-data-files/111111010001011000100000/OSZICAR,1,50,0,"The energy change (dE) and rms values show oscillatory behavior rather than a consistent downward trend, indicating potential divergence.",,True,,2.0626723766326904,7,50,True
vasp-data-files/111110001100110001101110/OSZICAR,1,50,0,"The energy change (dE) and charge density residual (rms) show persistent oscillations and no consistent downward trend, indicating divergence.",,True,,1.9418573379516602,7,50,True
vasp-data-files/100001110010001011011111/OSZICAR,1,50,1,"The energy change (dE) and charge density residual (rms) show a consistent downward trend, indicating the calculation is progressing toward convergence.",,True,,2.2552108764648438,7,50,True
vasp-data-files/111100000000111000100000/OSZICAR,1,50,1,"Both energy change (dE) and charge density residual (rms) show a consistent downward trend towards smaller values, indicating convergence.",,True,,2.6742758750915527,8,50,True
vasp-data-files/101101000111000011101111/OSZICAR,1,50,0,"The energy change (dE) and rms values show oscillatory behavior rather than a consistent downward trend, indicating potential divergence.",,True,,1.9813950061798096,7,50,True
vasp-data-files/100100100000111101100100/OSZICAR,1,50,1,"Both dE and rms show a consistent downward trend, indicating the calculation is approaching convergence.",,True,,2.407430648803711,7,50,True
vasp-data-files/101111010101010010100000/OSZICAR,1,50,1,"Both dE and rms show a consistent downward trend, indicating the calculation is approaching convergence.",,True,,1.8446853160858154,7,50,True
vasp-data-files/100001110100101101010001/OSZICAR,1,50,0,"The energy change (dE) and charge density residual (rms) show large oscillations and no consistent downward trend, indicating divergence.",,True,,2.5653791427612305,7,50,True
vasp-data-files/111100001101110010101000/OSZICAR,1,50,0,"The energy change (dE) and rms values show oscillations and inconsistent trends, indicating potential divergence.",,True,,1.9524650573730469,6,50,True
vasp-data-files/100010111011000001011111/OSZICAR,1,50,0,"The energy change (dE) and rms values show oscillations and inconsistent trends, indicating potential divergence.",,True,,1.932349681854248,6,50,True
vasp-data-files/100001110111011010011111/OSZICAR,1,50,0,"The energy change (dE) and rms values show oscillatory behavior rather than a consistent downward trend, indicating potential divergence.",,True,,1.9404199123382568,6,50,True
vasp-data-files/101110100001011110100100/OSZICAR,1,50,1,"Both energy change (dE) and charge density residual (rms) show a consistent downward trend, indicating the calculation is progressing toward convergence.",,True,,2.3859262466430664,7,50,True
vasp-data-files/101101000100111010000000/OSZICAR,1,50,1,"The energy change (dE) and charge density residual (rms) show a consistent downward trend, indicating the calculation is approaching convergence.",,True,,2.5805771350860596,7,50,True
vasp-data-files/101001010000111010100110/OSZICAR,1,50,1,"The energy change (dE) and charge density residual (rms) show a consistent downward trend towards smaller values, indicating the calculation is approaching convergence.",,True,,2.215536594390869,7,50,True
vasp-data-files/111010001100011101110110/OSZICAR,1,50,0,"The energy change (dE) and rms values show persistent oscillations and no consistent downward trend, indicating divergence.",,True,,1.8483529090881348,7,50,True
vasp-data-files/111100010100111000000010/OSZICAR,1,50,1,"Both energy change (dE) and charge density residual (rms) show a consistent downward trend, indicating the calculation is approaching convergence.",,True,,2.056501865386963,8,50,True
vasp-data-files/101100000001101001000001/OSZICAR,1,50,1,"The energy change (dE) and charge density residual (rms) show a consistent downward trend towards smaller values, indicating the calculation is approaching convergence.",,True,,2.09041428565979,7,50,True
vasp-data-files/111101000101110000101100/OSZICAR,1,50,0,"The energy change (dE) and rms values show oscillations and inconsistent trends, indicating potential divergence.",,True,,1.9063010215759277,7,50,True
vasp-data-files/101110010101110000101100/OSZICAR,1,50,0,"The energy change (dE) and rms show oscillations and inconsistent trends, indicating potential divergence.",,True,,2.1608591079711914,6,50,True
vasp-data-files/100100101010010010111110/OSZICAR,1,50,1,"The energy change (dE) and charge density residual (rms) show a consistent downward trend, indicating the calculation is approaching convergence.",,True,,2.5333476066589355,7,50,True
vasp-data-files/100100001111001001011101/OSZICAR,1,50,0,"The energy change (dE) and rms values show oscillations and inconsistent trends, indicating potential divergence.",,True,,2.0487489700317383,7,50,True
vasp-data-files/111001110011111000010010/OSZICAR,1,50,1,"The energy change (dE) and charge density residual (rms) show a consistent downward trend, indicating the calculation is approaching convergence.",,True,,2.7639880180358887,7,50,True
vasp-data-files/100100010101110010111100/OSZICAR,0,50,0,"The energy change (dE) and rms values show oscillatory behavior rather than a consistent downward trend, indicating potential divergence.",,True,,2.0729901790618896,7,50,True
vasp-data-files/111001111011000001110101/OSZICAR,1,50,0,"The energy change (dE) and rms values show persistent oscillations and no consistent downward trend, indicating divergence.",,True,,1.8924140930175781,7,50,True
vasp-data-files/100100001110000101111111/OSZICAR,0,50,0,"The energy change (dE) and charge density residual (rms) show persistent oscillations and no consistent downward trend, indicating divergence.",,True,,1.8885908126831055,7,50,True
vasp-data-files/101001010111001011111111/OSZICAR,1,50,0,"The energy change (dE) and rms values show oscillations and inconsistent trends, indicating potential divergence.",,True,,2.2347300052642822,6,50,True
vasp-data-files/101100010110111010000011/OSZICAR,1,50,0,"The energy change (dE) and rms values show persistent oscillations and no consistent downward trend, indicating divergence.",,True,,2.4615821838378906,7,50,True
vasp-data-files/110110101000111000100000/OSZICAR,1,50,0,"The energy change (dE) and rms values show oscillations and inconsistent trends, indicating potential divergence.",,True,,1.8470182418823242,7,50,True
vasp-data-files/110100101001001101000001/OSZICAR,1,50,1,"The energy change (dE) and charge density residual (rms) show a consistent downward trend towards the end of the steps, indicating convergence is likely.",,True,,2.2436366081237793,7,50,True
vasp-data-files/100000110010011111011111/OSZICAR,1,50,1,"The energy change (dE) and charge density residual (rms) show a consistent downward trend towards smaller values, indicating the calculation is approaching convergence.",,True,,2.132882595062256,7,50,True
vasp-data-files/101111100100111011100011/OSZICAR,1,50,0,"The energy change (dE) and rms values show oscillatory behavior rather than a consistent downward trend, indicating potential divergence.",,True,,1.9850013256072998,7,50,True
vasp-data-files/101111001011100011100001/OSZICAR,1,50,1,"The energy change (dE) and charge density residual (rms) show a consistent downward trend, indicating the calculation is approaching convergence.",,True,,2.168210744857788,7,50,True
vasp-data-files/100010010101100100100000/OSZICAR,0,50,0,"The energy change (dE) and charge density residual (rms) show persistent oscillations and do not consistently decrease, indicating a lack of convergence.",,True,,2.0704548358917236,7,50,True
vasp-data-files/100000000001001100111100/OSZICAR,1,50,1,"The energy change (dE) and charge density residual (rms) show a consistent downward trend, indicating the calculation is approaching convergence.",,True,,2.4413862228393555,7,50,True
vasp-data-files/110110101001100101011011/OSZICAR,1,50,0,"The energy change (dE) and rms values show oscillatory behavior rather than a consistent downward trend, indicating potential divergence.",,True,,1.6061065196990967,7,50,True
vasp-data-files/110010101011000001111111/OSZICAR,0,50,0,"The energy change (dE) and rms values show persistent oscillations and no consistent downward trend, indicating divergence.",,True,,1.854071855545044,7,50,True
vasp-data-files/100100110010001101111001/OSZICAR,1,50,1,"Both energy change (dE) and charge density residual (rms) show a consistent downward trend, indicating the calculation is approaching convergence.",,True,,2.2505993843078613,7,50,True
vasp-data-files/111110101111000011110101/OSZICAR,0,50,0,"The energy change (dE) and rms values show oscillatory behavior rather than a consistent downward trend, indicating potential divergence.",,True,,2.166198492050171,7,50,True
vasp-data-files/101011110001111010000110/OSZICAR,1,50,0,"The energy change (dE) and rms values show oscillations and inconsistent trends, indicating potential divergence.",,True,,1.907228708267212,6,50,True
vasp-data-files/111110001001010000101000/OSZICAR,1,50,0,"The energy change (dE) and rms values show oscillations and inconsistent trends, indicating potential divergence.",,True,,2.263047695159912,6,50,True
vasp-data-files/100110001111000001111111/OSZICAR,1,50,0,"The energy change (dE) and rms values show oscillations and inconsistent trends, indicating lack of convergence.",,True,,2.041565418243408,7,50,True
vasp-data-files/100000111001001001011111/OSZICAR,1,50,0,"The energy change (dE) and rms values show oscillations and inconsistent trends, indicating potential divergence.",,True,,1.8476917743682861,7,50,True
vasp-data-files/111110010100111110100100/OSZICAR,1,50,1,"The energy change (dE) and charge density residual (rms) show a general trend of decreasing magnitude, indicating the calculation is approaching convergence despite some oscillations.",,True,,2.150805950164795,7,50,True
vasp-data-files/110010111001001011111111/OSZICAR,1,50,0,"The energy change (dE) and rms values show oscillatory behavior and do not consistently decrease, indicating potential divergence.",,True,,2.1330525875091553,7,50,True
vasp-data-files/101101000101110010100100/OSZICAR,1,50,1,"The energy change (dE) and charge density residual (rms) show a consistent downward trend, indicating the calculation is approaching convergence.",,True,,2.13513445854187,7,50,True
vasp-data-files/111100001100111100100000/OSZICAR,0,50,0,"The energy (E) and charge density residual (rms) show persistent oscillations and no consistent downward trend, indicating divergence.",,True,,2.2087814807891846,7,50,True
vasp-data-files/110100001111100001000011/OSZICAR,0,50,1,"The energy change (dE) and charge density residual (rms) show a general downward trend, indicating the calculation is approaching convergence.",,True,,2.0719552040100098,7,50,True
vasp-data-files/100001111100011010111110/OSZICAR,1,50,0,"The energy change (dE) and rms values show oscillatory behavior rather than a consistent downward trend, indicating potential divergence.",,True,,2.8456735610961914,7,50,True
vasp-data-files/110010111011101011000111/OSZICAR,1,50,0,"The energy change (dE) and rms values show oscillatory behavior rather than a consistent downward trend, indicating potential divergence.",,True,,2.2518231868743896,7,50,True
vasp-data-files/111110000101011000101000/OSZICAR,1,50,0,"The energy change (dE) and rms values show oscillations and inconsistent trends, indicating potential divergence.",,True,,2.1566696166992188,6,50,True
vasp-data-files/111100001101110010100000/OSZICAR,1,50,1,"The energy change (dE) and charge density residual (rms) show a consistent downward trend towards smaller values, indicating the calculation is approaching convergence.",,True,,2.37811279296875,7,50,True
vasp-data-files/101100010111110001011100/OSZICAR,1,50,0,"The energy change (dE) and rms values show oscillations and inconsistent trends, indicating potential divergence.",,True,,2.235901355743408,7,50,True
vasp-data-files/101100011100010001010110/OSZICAR,1,50,1,"The energy change (dE) and charge density residual (rms) show a consistent downward trend, indicating the calculation is approaching convergence.",,True,,2.1450963020324707,7,50,True
vasp-data-files/111101000101111111100100/OSZICAR,0,50,0,"The energy change (dE) and rms values show persistent oscillations without a clear downward trend, indicating divergence.",,True,,2.674405336380005,7,50,True
vasp-data-files/111110001011100010101001/OSZICAR,0,50,0,"The energy change (dE) and rms values show persistent oscillations and no consistent downward trend, indicating divergence.",,True,,2.0245578289031982,7,50,True
vasp-data-files/100011111001011000000100/OSZICAR,1,50,0,"The energy change (dE) and charge density residual (rms) show oscillatory behavior rather than a consistent downward trend, indicating potential divergence.",,True,,2.055180549621582,7,50,True
vasp-data-files/100011111100111010000100/OSZICAR,1,50,1,"Both energy change (dE) and charge density residual (rms) show a consistent downward trend towards smaller values, indicating convergence.",,True,,2.0300276279449463,7,50,True
vasp-data-files/110100101111001001011101/OSZICAR,0,50,0,"The energy change (dE) and rms values show oscillations and inconsistent trends, indicating potential divergence.",,True,,1.84328293800354,6,50,True
vasp-data-files/111100100000010110111001/OSZICAR,1,50,0,"The energy change (dE) and rms values show oscillatory behavior rather than a consistent downward trend, indicating potential divergence.",,True,,2.480498790740967,7,50,True
vasp-data-files/110110101000001110101011/OSZICAR,1,50,0,"The energy change (dE) and charge density residual (rms) show oscillatory behavior rather than a consistent downward trend, indicating potential divergence.",,True,,2.506995916366577,7,50,True
vasp-data-files/111110001010000110111001/OSZICAR,0,50,0,"The energy change (dE) and rms values show oscillatory behavior rather than a consistent downward trend, indicating potential divergence.",,True,,2.237833261489868,7,50,True
vasp-data-files/100010010111001011110101/OSZICAR,1,50,1,"The energy change (dE) and charge density residual (rms) show a consistent downward trend, indicating the calculation is progressing toward convergence.",,True,,2.1330199241638184,7,50,True
vasp-data-files/111110001001010010110001/OSZICAR,1,50,0,"The energy change (dE) and charge density residual (rms) show oscillatory behavior rather than a consistent downward trend, indicating potential divergence.",,True,,2.3990585803985596,7,50,True
vasp-data-files/101011111000111010100111/OSZICAR,1,50,0,"The energy change (dE) and rms values show persistent oscillations without a clear downward trend, indicating divergence.",,True,,1.9779059886932373,7,50,True
vasp-data-files/111001111101101001111111/OSZICAR,1,50,0,"The energy change (dE) and charge density residual (rms) show persistent oscillations and no consistent downward trend, indicating divergence.",,True,,2.3813223838806152,7,50,True
vasp-data-files/101100000000101101100001/OSZICAR,1,50,0,"The energy change (dE) and charge density residual (rms) show oscillatory behavior rather than a consistent downward trend, indicating potential divergence.",,True,,1.9998514652252197,7,50,True
vasp-data-files/101111000101000010011010/OSZICAR,1,50,1,"The energy change (dE) and charge density residual (rms) show a consistent downward trend, indicating the calculation is approaching convergence.",,True,,2.1321353912353516,7,50,True
vasp-data-files/100010001011000001111111/OSZICAR,1,50,0,"The energy change (dE) and rms values show persistent oscillations and do not consistently decrease, indicating a lack of convergence.",,True,,2.3820507526397705,7,50,True
vasp-data-files/111100000101111101100000/OSZICAR,1,50,1,"The energy change (dE) and charge density residual (rms) show a consistent downward trend, indicating the calculation is approaching convergence.",,True,,2.212592601776123,7,50,True
vasp-data-files/110000110001111111010001/OSZICAR,1,50,1,"The energy change (dE) and charge density residual (rms) show a consistent downward trend, indicating the calculation is approaching convergence.",,True,,3.1327686309814453,7,50,True
vasp-data-files/100001110101001111010001/OSZICAR,1,50,0,"The energy change (dE) and charge density residual (rms) show oscillatory behavior rather than a consistent downward trend, indicating potential divergence.",,True,,2.1080667972564697,7,50,True
vasp-data-files/110100001101110001000111/OSZICAR,0,50,0,"The energy change (dE) and rms values show persistent oscillations and no consistent downward trend, indicating divergence.",,True,,1.8209259510040283,7,50,True
vasp-data-files/111010001100100111110110/OSZICAR,1,50,0,"The energy change (dE) and rms values show persistent oscillations and no consistent downward trend, indicating divergence.",,True,,1.8766045570373535,7,50,True
vasp-data-files/110111001100110110010101/OSZICAR,1,50,0,"The energy change (dE) and rms values show oscillatory behavior rather than a consistent downward trend, indicating potential divergence.",,True,,1.9088821411132812,7,50,True
vasp-data-files/100010110010001111111101/OSZICAR,1,50,0,"The energy change (dE) and charge density residual (rms) show oscillatory behavior rather than a consistent downward trend, indicating potential divergence.",,True,,2.097604751586914,7,50,True
vasp-data-files/101011000101001010011111/OSZICAR,1,50,1,"The energy change (dE) and charge density residual (rms) show a consistent downward trend, indicating the calculation is progressing toward convergence.",,True,,2.1957175731658936,7,50,True
vasp-data-files/100001010111111111011000/OSZICAR,1,50,1,"The energy change (dE) and charge density residual (rms) show a consistent downward trend, indicating the calculation is approaching convergence.",,True,,1.919773817062378,7,50,True
vasp-data-files/101011010001111010100000/OSZICAR,1,50,0,"The energy change (dE) and charge density residual (rms) show persistent oscillations and no consistent downward trend, indicating divergence.",,True,,2.0145370960235596,7,50,True
vasp-data-files/110110101010110000111001/OSZICAR,1,50,0,"The energy change (dE) and rms values show oscillatory behavior rather than a consistent downward trend, indicating potential divergence.",,True,,2.0852487087249756,7,50,True
vasp-data-files/100001111011000011011111/OSZICAR,1,50,0,"The energy change (dE) and rms values show oscillatory behavior without a clear downward trend, indicating potential divergence.",,True,,2.282625198364258,7,50,True
vasp-data-files/100110101011000001111111/OSZICAR,1,50,0,"The energy change (dE) and rms values show oscillatory behavior rather than a consistent downward trend, indicating potential divergence.",,True,,1.9507391452789307,7,50,True
vasp-data-files/101101000101000000011110/OSZICAR,1,50,0,"The energy change (dE) and rms values show oscillations and inconsistent trends, indicating potential divergence.",,True,,2.241015672683716,7,50,True
vasp-data-files/100110100000111001100100/OSZICAR,1,50,1,"Both dE and rms show a consistent downward trend, indicating the calculation is approaching convergence.",,True,,1.945946216583252,7,50,True
vasp-data-files/101001010101111110100000/OSZICAR,1,50,0,"The energy change (dE) and rms values show oscillations and inconsistent trends, indicating potential divergence.",,True,,2.0238306522369385,6,50,True
vasp-data-files/101110011001010001000110/OSZICAR,0,50,0,"The energy change (dE) and rms values show persistent oscillations and no consistent downward trend, indicating divergence.",,True,,2.347546100616455,7,50,True
vasp-data-files/110000111000110101111001/OSZICAR,1,50,1,"The energy change (dE) and charge density residual (rms) show a consistent downward trend, indicating the calculation is approaching convergence.",,True,,2.1810922622680664,7,50,True
vasp-data-files/101001000101010010111000/OSZICAR,1,50,1,"The energy change (dE) and charge density residual (rms) show a consistent downward trend, indicating the calculation is approaching convergence.",,True,,2.341726303100586,7,50,True
vasp-data-files/100001111111000011011111/OSZICAR,1,50,0,"The energy change (dE) and rms values show oscillations and inconsistent trends, indicating potential divergence.",,True,,2.1529769897460938,7,50,True
vasp-data-files/101101000000110010100011/OSZICAR,0,50,0,"The energy change (dE) and rms values show persistent oscillations and do not consistently decrease, indicating a lack of convergence.",,True,,2.1000218391418457,7,50,True
vasp-data-files/101101011100110011011100/OSZICAR,0,50,0,"The energy change (dE) and rms values show persistent oscillations and no consistent downward trend, indicating divergence.",,True,,2.3290774822235107,7,50,True
vasp-data-files/110111001001101100101100/OSZICAR,0,50,0,"The energy change (dE) and rms values show oscillatory behavior rather than a consistent downward trend, indicating potential divergence.",,True,,2.365340232849121,7,50,True
vasp-data-files/111100000100110110100000/OSZICAR,1,50,1,"The energy change (dE) and charge density residual (rms) show a consistent downward trend, indicating the calculation is approaching convergence.",,True,,2.0395450592041016,7,50,True
vasp-data-files/111101001100111110100000/OSZICAR,0,50,0,"The energy change (dE) and charge density residual (rms) show oscillatory behavior rather than a consistent downward trend, indicating potential divergence.",,True,,2.11008620262146,6,50,True
vasp-data-files/100011010111000010111111/OSZICAR,1,50,1,"The energy change (dE) and charge density residual (rms) show a consistent downward trend, indicating the calculation is approaching convergence.",,True,,1.9905319213867188,7,50,True
vasp-data-files/110110000111011010110100/OSZICAR,1,50,0,"The energy change (dE) and charge density residual (rms) show oscillatory behavior rather than a consistent downward trend, indicating potential divergence.",,True,,2.1251916885375977,6,50,True
vasp-data-files/100011110001111111100100/OSZICAR,0,50,0,"The energy change (dE) and rms values show persistent oscillations without a clear downward trend, indicating divergence.",,True,,2.0666162967681885,7,50,True
vasp-data-files/101010110101110010100110/OSZICAR,1,50,1,"The energy change (dE) and charge density residual (rms) show a consistent downward trend, indicating the calculation is approaching convergence.",,True,,2.0518035888671875,7,50,True
vasp-data-files/111100110101110000101000/OSZICAR,0,50,0,"The energy change (dE) and charge density residual (rms) show persistent oscillations and no consistent downward trend, indicating divergence.",,True,,2.668828248977661,7,50,True
vasp-data-files/111001110011110001010100/OSZICAR,1,50,1,"The energy change (dE) and charge density residual (rms) show a consistent downward trend, indicating the calculation is approaching convergence.",,True,,2.065601110458374,7,50,True
vasp-data-files/111111010101110010100010/OSZICAR,1,50,0,"The energy change (dE) and rms values show persistent oscillations and no consistent downward trend, indicating divergence.",,True,,2.0457663536071777,7,50,True
vasp-data-files/101010010101111010100100/OSZICAR,1,50,1,"The energy change (dE) and charge density residual (rms) show a consistent downward trend, indicating the calculation is approaching convergence.",,True,,1.6222875118255615,7,50,True
vasp-data-files/111111000100011100100000/OSZICAR,1,50,1,"The energy change (dE) and charge density residual (rms) show a consistent downward trend, indicating the calculation is approaching convergence.",,True,,2.0921294689178467,7,50,True
vasp-data-files/101001010100111010001000/OSZICAR,1,50,0,"The energy change (dE) and rms show oscillations and inconsistent trends, indicating potential divergence.",,True,,1.7347443103790283,6,50,True
vasp-data-files/101001001101111000000000/OSZICAR,1,50,0,"The energy change (dE) and rms values show oscillations and inconsistent trends, indicating potential divergence.",,True,,1.8468847274780273,7,50,True
vasp-data-files/101011110100111111010110/OSZICAR,0,50,0,"The energy change (dE) and rms values show oscillatory behavior rather than a consistent downward trend, indicating potential divergence.",,True,,2.2679450511932373,7,50,True
vasp-data-files/110001111111111010000110/OSZICAR,1,50,1,"The energy change (dE) and charge density residual (rms) show a consistent downward trend, indicating the calculation is approaching convergence.",,True,,1.9745900630950928,7,50,True
vasp-data-files/101001111100101011011111/OSZICAR,1,50,0,"The energy change (dE) and rms values show oscillatory behavior rather than a consistent downward trend, indicating potential divergence.",,True,,1.968385934829712,7,50,True
vasp-data-files/100000010110101000101101/OSZICAR,1,50,1,"The energy change (dE) and charge density residual (rms) show a consistent downward trend, indicating the calculation is approaching convergence.",,True,,2.1006500720977783,7,50,True
vasp-data-files/100110101011000101111111/OSZICAR,1,50,0,"The energy (E) and charge density residual (rms) show persistent oscillations without a clear downward trend, indicating divergence.",,True,,2.046051502227783,7,50,True
vasp-data-files/100001111000111101011001/OSZICAR,1,50,0,"The energy change (dE) and rms values show oscillatory behavior rather than a consistent downward trend, indicating potential divergence.",,True,,2.026535987854004,7,50,True
vasp-data-files/100111000000111100101001/OSZICAR,1,50,0,"The energy change (dE) and rms values show oscillations and inconsistent trends, indicating potential divergence.",,True,,1.9901607036590576,7,50,True
vasp-data-files/101010010111101011110111/OSZICAR,1,50,0,"The energy change (dE) and rms values show oscillations and inconsistent trends, indicating potential divergence.",,True,,1.7642261981964111,6,50,True
vasp-data-files/110001010101000001010111/OSZICAR,1,50,0,"The energy change (dE) and rms values show oscillatory behavior rather than a consistent downward trend, indicating potential divergence.",,True,,1.977367639541626,7,50,True
vasp-data-files/100001110110011010010111/OSZICAR,1,50,1,"The energy change (dE) and charge density residual (rms) show a consistent downward trend, indicating the calculation is approaching convergence.",,True,,1.9982733726501465,7,50,True
vasp-data-files/110110001001000111111001/OSZICAR,1,50,0,"The energy change (dE) and rms values show oscillations and inconsistent trends, indicating potential divergence.",,True,,1.9602539539337158,6,50,True
vasp-data-files/111110111011100101101101/OSZICAR,0,50,0,"The energy change (dE) and charge density residual (rms) show persistent oscillations and no consistent downward trend, indicating divergence.",,True,,1.7162158489227295,7,50,True
vasp-data-files/111100111100111111010001/OSZICAR,1,50,1,"The energy change (dE) and charge density residual (rms) show a consistent downward trend, indicating the calculation is approaching convergence.",,True,,2.992868423461914,7,50,True
vasp-data-files/111101001101010100100000/OSZICAR,1,50,0,"The energy change (dE) and rms show oscillations and inconsistent trends, indicating potential divergence.",,True,,1.9903879165649414,6,50,True
vasp-data-files/111101011101111000001110/OSZICAR,0,50,0,"The energy change (dE) and rms values show persistent oscillations and no consistent downward trend, indicating divergence.",,True,,1.8819901943206787,7,50,True
vasp-data-files/110001011111111010000110/OSZICAR,1,50,0,"The energy change (dE) and rms values show oscillations and inconsistent trends, indicating potential divergence.",,True,,1.8444509506225586,7,50,True
vasp-data-files/101101000011001011000001/OSZICAR,0,50,0,"The energy change (dE) and charge density residual (rms) show persistent oscillations and do not consistently decrease, indicating divergence.",,True,,2.1640214920043945,7,50,True
vasp-data-files/101001011110101011010111/OSZICAR,1,50,1,"The energy change (dE) and charge density residual (rms) show a consistent downward trend towards smaller values, indicating the calculation is approaching convergence.",,True,,1.9460070133209229,7,50,True
vasp-data-files/111010110010100111010001/OSZICAR,1,50,1,"The energy change (dE) and charge density residual (rms) show a general downward trend, albeit with some oscillations, indicating the calculation is likely to converge.",,True,,2.156796455383301,7,50,True
vasp-data-files/100111100010000011111111/OSZICAR,0,50,0,"The energy (E) and charge density residual (rms) show persistent oscillations without a clear downward trend, indicating divergence.",,True,,2.2122507095336914,7,50,True
vasp-data-files/111110001011110110101000/OSZICAR,1,50,0,"The energy change (dE) and rms values show oscillations and inconsistent trends, indicating lack of convergence.",,True,,2.0943562984466553,7,50,True
vasp-data-files/110000010011000011011001/OSZICAR,0,50,0,"The energy change (dE) and rms values show oscillations and inconsistent trends, indicating potential divergence.",,True,,2.9852824211120605,6,50,True
vasp-data-files/111011111001110010110010/OSZICAR,1,50,0,"The energy change (dE) and charge density residual (rms) show oscillatory behavior and do not consistently decrease, indicating potential divergence.",,True,,2.025662660598755,7,50,True
vasp-data-files/111110001100111010100000/OSZICAR,1,50,0,"The energy change (dE) and rms values show oscillatory behavior rather than a consistent downward trend, indicating potential divergence.",,True,,2.1692352294921875,7,50,True
vasp-data-files/100100101010000001111111/OSZICAR,1,50,1,"The energy change (dE) and charge density residual (rms) show a consistent downward trend, indicating the calculation is approaching convergence.",,True,,1.945744514465332,7,50,True
vasp-data-files/100110111101011101000100/OSZICAR,0,50,1,"The energy change (dE) and charge density residual (rms) show a consistent downward trend towards smaller values, indicating the calculation is approaching convergence.",,True,,2.265498399734497,7,50,True
vasp-data-files/100001110110111001000111/OSZICAR,1,50,1,"The energy change (dE) and charge density residual (rms) show a consistent downward trend towards smaller values, indicating the calculation is approaching convergence.",,True,,2.15570068359375,7,50,True
vasp-data-files/101101000101110010100000/OSZICAR,1,50,1,"Both energy change (dE) and charge density residual (rms) show a consistent downward trend, indicating the calculation is approaching convergence.",,True,,2.308617115020752,7,50,True
vasp-data-files/101000010101111010100100/OSZICAR,0,50,0,"The energy (E) and charge density residual (rms) show persistent oscillations and no consistent downward trend, indicating divergence.",,True,,2.1874401569366455,7,50,True
vasp-data-files/111101000101011010111110/OSZICAR,1,50,0,"The energy change (dE) and rms values show oscillatory behavior and do not consistently decrease, indicating potential divergence.",,True,,2.0120413303375244,7,50,True
vasp-data-files/101011110100111110100000/OSZICAR,1,50,1,"The energy change (dE) and charge density residual (rms) show a consistent downward trend, indicating the calculation is approaching convergence.",,True,,2.2039387226104736,7,50,True
vasp-data-files/110010111011110000101100/OSZICAR,0,50,1,"The energy change (dE) and charge density residual (rms) show a consistent downward trend towards smaller values, indicating the calculation is approaching convergence.",,True,,2.164884090423584,7,50,True
vasp-data-files/101001110100110011000011/OSZICAR,0,50,0,"The energy change (dE) and charge density residual (rms) show oscillatory behavior rather than a consistent downward trend, indicating potential divergence.",,True,,2.0744049549102783,7,50,True
vasp-data-files/100101100101010001010011/OSZICAR,1,50,0,"The energy change (dE) and rms values show oscillations and inconsistent trends, indicating potential divergence.",,True,,1.7983932495117188,7,50,True
vasp-data-files/111111111011011111101000/OSZICAR,0,50,0,"The energy change (dE) and charge density residual (rms) show persistent oscillations and no consistent downward trend, indicating divergence.",,True,,2.1677961349487305,7,50,True
vasp-data-files/111111100001000100110110/OSZICAR,1,50,1,"The energy change (dE) and charge density residual (rms) show a consistent downward trend, indicating the calculation is approaching convergence.",,True,,1.8784730434417725,7,50,True
vasp-data-files/110010101110011101000111/OSZICAR,1,50,1,"The energy change (dE) and charge density residual (rms) show a consistent downward trend, indicating the calculation is approaching convergence.",,True,,1.714500904083252,7,50,True
vasp-data-files/101011001110010111111001/OSZICAR,0,50,0,"The energy change (dE) and rms values show persistent oscillations and no consistent downward trend, indicating divergence.",,True,,1.652486801147461,7,50,True
vasp-data-files/111100001101110101100000/OSZICAR,1,50,0,"The energy change (dE) and rms values show oscillatory behavior rather than a consistent downward trend, indicating potential divergence.",,True,,1.8468847274780273,6,50,True
vasp-data-files/101001010101101101010011/OSZICAR,1,50,0,"The energy change (dE) and rms values show oscillations and inconsistent trends, indicating potential divergence.",,True,,1.8582429885864258,7,50,True
vasp-data-files/111010001101100111110111/OSZICAR,1,50,0,"The energy change (dE) and rms values show oscillations and inconsistent trends, indicating potential divergence.",,True,,2.1164865493774414,7,50,True
vasp-data-files/100001111101001111010001/OSZICAR,1,50,1,"The energy change (dE) and charge density residual (rms) show a consistent downward trend, indicating the calculation is approaching convergence.",,True,,2.17116117477417,7,50,True
vasp-data-files/111100000000000000111010/OSZICAR,1,50,0,"The energy change (dE) and rms values show oscillations and inconsistent trends, indicating potential divergence.",,True,,1.8399407863616943,7,50,True
vasp-data-files/111100000001011100110001/OSZICAR,0,50,0,"The energy change (dE) and charge density residual (rms) show oscillatory behavior rather than a consistent downward trend, indicating potential divergence.",,True,,3.605992317199707,7,50,True
vasp-data-files/110110100001001100111100/OSZICAR,1,50,1,"Both dE and rms show a consistent downward trend, indicating the calculation is approaching convergence.",,True,,2.148059606552124,7,50,True
vasp-data-files/101110010100111001000100/OSZICAR,1,50,1,"The energy change (dE) and charge density residual (rms) show a consistent downward trend, indicating the calculation is approaching convergence.",,True,,2.3700616359710693,7,50,True
vasp-data-files/111101000101010010110000/OSZICAR,0,50,0,"The energy change (dE) and rms values show oscillatory behavior rather than a consistent downward trend, indicating potential divergence.",,True,,2.9992828369140625,7,50,True
vasp-data-files/101100001101110001100001/OSZICAR,1,50,0,"The energy change (dE) and rms values show oscillatory behavior rather than a consistent downward trend, indicating potential divergence.",,True,,1.9285175800323486,7,50,True
vasp-data-files/100100001000110000100001/OSZICAR,1,50,0,"The energy change (dE) and rms values show oscillatory behavior and do not consistently decrease, indicating potential divergence.",,True,,2.042681932449341,7,50,True
vasp-data-files/111101011101111001001000/OSZICAR,1,50,0,"The energy change (dE) and rms values show oscillatory behavior without a clear downward trend, indicating potential divergence.",,True,,2.1039459705352783,7,50,True
vasp-data-files/111110000100011100100000/OSZICAR,1,50,0,"The energy change (dE) and rms values show oscillations and inconsistent trends, indicating potential divergence.",,True,,2.063028335571289,7,50,True
vasp-data-files/101000010001100011101011/OSZICAR,1,50,0,"The energy change (dE) and rms values show oscillatory behavior rather than a consistent downward trend, indicating potential divergence.",,True,,2.099745988845825,7,50,True
vasp-data-files/100010111010001101011111/OSZICAR,1,50,0,"The energy change (dE) and charge density residual (rms) show persistent oscillations without a clear downward trend, indicating divergence.",,True,,2.0060930252075195,7,50,True
vasp-data-files/111111001101000000100100/OSZICAR,1,50,1,"The energy change (dE) and charge density residual (rms) show a consistent downward trend, indicating the calculation is approaching convergence.",,True,,2.1943724155426025,7,50,True
vasp-data-files/111101000101011010110110/OSZICAR,1,50,1,"The energy change (dE) and charge density residual (rms) show a consistent downward trend towards smaller values, indicating the calculation is approaching convergence.",,True,,2.1523029804229736,7,50,True
vasp-data-files/110100001111000001011111/OSZICAR,1,50,1,"The energy change (dE) and charge density residual (rms) show a consistent downward trend, indicating the calculation is approaching convergence.",,True,,2.148451089859009,7,50,True
vasp-data-files/101000010100011110100010/OSZICAR,1,50,1,"The energy change (dE) and charge density residual (rms) show a consistent downward trend, indicating the calculation is progressing toward convergence.",,True,,1.895857810974121,7,50,True
vasp-data-files/101100000001011100100000/OSZICAR,0,50,0,"The energy change (dE) and rms values show persistent oscillations and no consistent downward trend, indicating divergence.",,True,,2.338106632232666,7,50,True
vasp-data-files/100000111101000011011111/OSZICAR,1,50,0,"The energy change (dE) and rms values show oscillatory behavior rather than a consistent downward trend, indicating potential divergence.",,True,,2.1409542560577393,7,50,True
vasp-data-files/110110001111000001111111/OSZICAR,1,50,0,"The energy change (dE) and rms values show oscillations and inconsistent trends, indicating potential divergence.",,True,,2.1571710109710693,7,50,True
vasp-data-files/111110000111011010110110/OSZICAR,0,50,0,"The energy change (dE) and charge density residual (rms) show inconsistent behavior with oscillations and no clear downward trend, indicating potential divergence.",,True,,2.24666166305542,7,50,True
vasp-data-files/101101000011100011101011/OSZICAR,0,50,0,"The energy change (dE) and charge density residual (rms) show oscillatory behavior rather than a consistent downward trend, indicating potential divergence.",,True,,2.0751383304595947,7,50,True
vasp-data-files/100010110000111010000100/OSZICAR,1,50,1,"The energy change (dE) and charge density residual (rms) show a consistent downward trend, indicating the calculation is approaching convergence.",,True,,2.1527533531188965,7,50,True
vasp-data-files/100001111101001111010011/OSZICAR,1,50,0,"The energy change (dE) and rms values show oscillations and inconsistent trends, indicating potential divergence.",,True,,1.935133457183838,7,50,True
vasp-data-files/111110000011000001111111/OSZICAR,1,50,0,"The energy change (dE) and charge density residual (rms) show oscillatory behavior rather than a consistent downward trend, indicating potential divergence.",,True,,2.347726821899414,7,50,True
vasp-data-files/101001100111010000100111/OSZICAR,1,50,1,"The energy change (dE) and charge density residual (rms) show a consistent downward trend, indicating the calculation is approaching convergence.",,True,,2.069507122039795,7,50,True
vasp-data-files/110101110010001101011001/OSZICAR,1,50,0,"The energy change (dE) and charge density residual (rms) show persistent oscillations and do not consistently decrease, indicating divergence.",,True,,2.6584136486053467,7,50,True
vasp-data-files/100010010100111100100000/OSZICAR,0,50,0,"The energy change (dE) and rms values show oscillatory behavior and do not consistently decrease, indicating potential divergence.",,True,,1.919553518295288,7,50,True
vasp-data-files/110101110010111101011001/OSZICAR,1,50,0,"The energy change (dE) and rms values show oscillatory behavior rather than a consistent downward trend, indicating potential divergence.",,True,,2.0858309268951416,7,50,True
vasp-data-files/110110101000010000101100/OSZICAR,1,50,1,"The energy change (dE) and charge density residual (rms) show a consistent downward trend, indicating the calculation is approaching convergence.",,True,,2.346114158630371,7,50,True
vasp-data-files/101010010100111111100101/OSZICAR,1,50,0,"The energy change (dE) and rms values show oscillations and inconsistent trends, indicating potential divergence.",,True,,1.8579230308532715,7,50,True
vasp-data-files/110011110011111110010000/OSZICAR,1,50,0,"The energy change (dE) and rms values show oscillatory behavior rather than a consistent downward trend, indicating potential divergence.",,True,,1.7286581993103027,7,50,True
vasp-data-files/100110001000010110100000/OSZICAR,1,50,1,"The energy change (dE) and charge density residual (rms) show a consistent downward trend, indicating the calculation is approaching convergence.",,True,,2.142000675201416,7,50,True
vasp-data-files/101001110001111010100101/OSZICAR,0,50,0,"The energy change (dE) and rms values show persistent oscillations and do not consistently decrease, indicating a lack of convergence.",,True,,2.0496294498443604,7,50,True
vasp-data-files/111110001100001000110010/OSZICAR,1,50,0,"The energy change (dE) and charge density residual (rms) show oscillatory behavior rather than a consistent downward trend, indicating potential divergence.",,True,,2.34785795211792,7,50,True
vasp-data-files/101011010101111111100100/OSZICAR,1,50,0,"The energy change (dE) and rms values show oscillations and inconsistent trends, indicating potential divergence.",,True,,1.9210376739501953,7,50,True
vasp-data-files/111100100000111101100000/OSZICAR,1,50,1,"The energy change (dE) and charge density residual (rms) show a consistent downward trend, indicating the calculation is approaching convergence.",,True,,2.0961811542510986,7,50,True
vasp-data-files/110000111010111001011111/OSZICAR,1,50,0,"The energy change (dE) and rms values show oscillations and inconsistent trends, indicating lack of convergence.",,True,,1.7788569927215576,7,50,True
vasp-data-files/100001010111111111011001/OSZICAR,1,50,0,"The energy change (dE) and rms values show oscillations and inconsistent trends, indicating potential divergence.",,True,,1.920003890991211,7,50,True
vasp-data-files/111100000100110100100000/OSZICAR,1,50,1,"The energy change (dE) and charge density residual (rms) show a consistent downward trend towards smaller values, indicating the calculation is approaching convergence.",,True,,2.5526695251464844,7,50,True
vasp-data-files/101001100101000010111111/OSZICAR,1,50,1,"The energy change (dE) and charge density residual (rms) show a consistent downward trend towards smaller values, indicating the calculation is approaching convergence.",,True,,2.4736645221710205,7,50,True
vasp-data-files/100011010011001011110101/OSZICAR,1,50,1,"Both energy change (dE) and charge density residual (rms) show a consistent downward trend, indicating the calculation is approaching convergence.",,True,,2.0420310497283936,8,50,True
vasp-data-files/111100001101001111000001/OSZICAR,0,50,0,"The energy change (dE) and rms values show oscillatory behavior and do not consistently decrease, indicating potential divergence.",,True,,2.1691370010375977,7,50,True
vasp-data-files/101110001100010000110011/OSZICAR,1,50,0,"The energy change (dE) and rms values show oscillations and inconsistent trends, indicating potential divergence.",,True,,2.0475292205810547,7,50,True
vasp-data-files/100001001111110011011101/OSZICAR,1,50,0,"The energy change (dE) and rms values show oscillations and inconsistent trends, indicating lack of convergence.",,True,,1.952364444732666,7,50,True
vasp-data-files/101101100101000010111100/OSZICAR,1,50,0,"The energy change (dE) and rms values show oscillatory behavior rather than a consistent downward trend, indicating potential divergence.",,True,,1.937331199645996,7,50,True
vasp-data-files/101101000001110010100001/OSZICAR,0,50,0,"The energy change (dE) and rms values show oscillatory behavior rather than a consistent downward trend, indicating potential divergence.",,True,,2.2382986545562744,7,50,True
vasp-data-files/101001010101111110100100/OSZICAR,1,50,0,"The energy change (dE) and rms show oscillations and inconsistent trends, indicating potential divergence.",,True,,2.0725905895233154,6,50,True
vasp-data-files/101100000000111110000000/OSZICAR,1,50,0,"The energy change (dE) and rms values show oscillatory behavior rather than a consistent downward trend, indicating potential divergence.",,True,,2.183737277984619,7,50,True
vasp-data-files/100010110010110001101101/OSZICAR,1,50,1,"Both dE and rms show a consistent downward trend, indicating the calculation is approaching convergence.",,True,,1.8875789642333984,8,50,True
vasp-data-files/100100100110110101111001/OSZICAR,0,50,0,"The energy change (dE) and charge density residual (rms) show oscillatory behavior rather than a consistent downward trend, indicating potential divergence.",,True,,2.2028093338012695,7,50,True
vasp-data-files/110001111011110001001111/OSZICAR,1,50,0,"The energy change (dE) and rms values show oscillations and inconsistent trends, indicating lack of convergence.",,True,,1.7519240379333496,7,50,True
vasp-data-files/111011110101110000100010/OSZICAR,1,50,1,"The energy change (dE) and charge density residual (rms) show a consistent downward trend towards smaller values, indicating the calculation is approaching convergence.",,True,,2.07082462310791,7,50,True
vasp-data-files/110100110011001101111001/OSZICAR,1,50,0,"The energy change (dE) and rms values show oscillatory behavior rather than a consistent downward trend, indicating potential divergence.",,True,,1.9882938861846924,6,50,True
vasp-data-files/101101111110111111010001/OSZICAR,0,50,0,"The energy change (dE) and rms values show oscillatory behavior and do not consistently decrease, indicating potential divergence.",,True,,1.9536857604980469,6,50,True
vasp-data-files/111011011011011101101001/OSZICAR,1,50,1,"The energy change (dE) and charge density residual (rms) show a consistent downward trend towards smaller values, indicating the calculation is approaching convergence.",,True,,1.7478272914886475,7,50,True
vasp-data-files/101111000000111110100000/OSZICAR,1,50,1,"The energy change (dE) and charge density residual (rms) show a consistent downward trend, indicating the calculation is approaching convergence.",,True,,2.068794012069702,7,50,True
vasp-data-files/111110001101100011110111/OSZICAR,1,50,1,"The energy change (dE) and charge density residual (rms) show a consistent downward trend, indicating the calculation is approaching convergence.",,True,,1.6530728340148926,7,50,True
vasp-data-files/101011110001111111100100/OSZICAR,1,50,0,"The energy change (dE) and rms values show persistent oscillations and no consistent downward trend, indicating divergence.",,True,,1.6544480323791504,7,50,True
vasp-data-files/110110101010000001111000/OSZICAR,1,50,1,"The energy change (dE) and charge density residual (rms) show a consistent downward trend, indicating the calculation is approaching convergence.",,True,,1.6509888172149658,7,50,True
vasp-data-files/101001001100111111000101/OSZICAR,1,50,1,"The energy change (dE) and charge density residual (rms) show a consistent downward trend towards smaller values, indicating the calculation is approaching convergence.",,True,,2.4611587524414062,7,50,True
vasp-data-files/111011010110111110100000/OSZICAR,1,50,0,"The energy change (dE) and rms values show oscillatory behavior rather than a consistent downward trend, indicating potential divergence.",,True,,2.9648869037628174,6,50,True
vasp-data-files/111110000001000000111110/OSZICAR,0,50,0,"The energy change (dE) and rms values show persistent oscillations and no consistent downward trend, indicating divergence.",,True,,1.7541284561157227,7,50,True
vasp-data-files/101100000100111110000001/OSZICAR,0,50,0,"The energy change (dE) and rms values show persistent oscillations and no consistent downward trend, indicating divergence.",,True,,1.5457642078399658,7,50,True
vasp-data-files/110010111011000101111111/OSZICAR,1,50,0,"The energy change (dE) and rms values show oscillatory behavior rather than a consistent downward trend, indicating potential divergence.",,True,,2.3469345569610596,7,50,True
vasp-data-files/101001010100111010100000/OSZICAR,1,50,0,"The energy change (dE) and rms values show oscillations and inconsistent trends, indicating potential divergence.",,True,,1.55830979347229,7,50,True
vasp-data-files/110110101000001010101101/OSZICAR,1,50,1,"The energy change (dE) and charge density residual (rms) show a consistent downward trend, indicating the calculation is approaching convergence.",,True,,1.8488998413085938,7,50,True
vasp-data-files/100011111100011010011110/OSZICAR,1,50,0,"The energy change (dE) and rms values show persistent oscillations and no consistent downward trend, indicating divergence.",,True,,1.5362823009490967,7,50,True
vasp-data-files/110110100100000100110100/OSZICAR,1,50,0,"The energy change (dE) and rms values show oscillatory behavior rather than a consistent downward trend, indicating potential divergence.",,True,,1.9390842914581299,7,50,True
vasp-data-files/100101011101111011000011/OSZICAR,0,50,0,"The energy change (dE) and rms values show persistent oscillations and no consistent downward trend, indicating divergence.",,True,,2.350076675415039,7,50,True
vasp-data-files/101100000100011110111110/OSZICAR,1,50,1,"The energy change (dE) and charge density residual (rms) show a consistent downward trend towards the end of the steps, indicating convergence is likely.",,True,,2.1621339321136475,7,50,True
vasp-data-files/100011011111000010111111/OSZICAR,0,50,0,"The energy change (dE) and rms values show oscillatory behavior rather than a consistent downward trend, indicating potential divergence.",,True,,1.8873076438903809,7,50,True
vasp-data-files/100101011100111011000011/OSZICAR,1,50,1,"Both energy change (dE) and charge density residual (rms) show a consistent downward trend towards smaller values, indicating the calculation is progressing toward convergence.",,True,,3.552335739135742,7,50,True
vasp-data-files/100001111100111101010011/OSZICAR,0,50,0,"The energy change (dE) and rms values show persistent oscillations without a clear downward trend, indicating divergence.",,True,,2.1481592655181885,7,50,True
vasp-data-files/111101110111100111101010/OSZICAR,1,50,1,"The energy change (dE) and charge density residual (rms) show a consistent downward trend, indicating the calculation is approaching convergence.",,True,,2.049543857574463,7,50,True
vasp-data-files/101000010001110011111101/OSZICAR,1,50,1,"The energy change (dE) and charge density residual (rms) show a consistent downward trend, indicating the calculation is approaching convergence.",,True,,2.006539821624756,7,50,True
vasp-data-files/111011010101111110100000/OSZICAR,1,50,0,"The energy change (dE) and rms values show oscillatory behavior rather than a consistent downward trend, indicating potential divergence.",,True,,2.0230159759521484,7,50,True
vasp-data-files/101001001111010011011111/OSZICAR,1,50,0,"The energy change (dE) and rms values show oscillatory behavior and do not consistently decrease, indicating potential divergence.",,True,,2.045095443725586,6,50,True
vasp-data-files/100001010111011100010001/OSZICAR,0,50,0,"The energy change (dE) and rms values show oscillations and inconsistent trends, indicating potential divergence.",,True,,1.9465539455413818,7,50,True
vasp-data-files/100001110101000011011111/OSZICAR,0,50,0,"The energy change (dE) and rms values show oscillatory behavior rather than a consistent downward trend, indicating potential divergence.",,True,,2.041776657104492,7,50,True
vasp-data-files/111101000001001010110010/OSZICAR,1,50,0,"The energy change (dE) and rms show oscillations and inconsistent trends, indicating potential divergence.",,True,,1.912013053894043,6,50,True
vasp-data-files/101111001100010011100010/OSZICAR,1,50,0,"The energy change (dE) and rms values show oscillations and inconsistent trends, indicating potential divergence.",,True,,2.407676935195923,7,50,True
vasp-data-files/111110001100010000100010/OSZICAR,1,50,0,"The energy change (dE) and rms values show oscillatory behavior rather than a consistent downward trend, indicating potential divergence.",,True,,2.164787530899048,7,50,True
vasp-data-files/101100000001111100100000/OSZICAR,1,50,0,"The energy change (dE) and rms values show oscillations and inconsistent trends, indicating potential divergence.",,True,,2.2574124336242676,7,50,True
vasp-data-files/101011111001110010011110/OSZICAR,0,50,0,"The energy change (dE) and charge density residual (rms) show inconsistent behavior with oscillations and no clear downward trend, indicating divergence.",,True,,1.9867608547210693,7,50,True
vasp-data-files/110101111011111111111010/OSZICAR,1,50,0,"The energy change (dE) and rms values show oscillations and inconsistent trends, indicating potential divergence.",,True,,2.3294765949249268,7,50,True
vasp-data-files/111110000010111100110000/OSZICAR,1,50,0,"The energy change (dE) and rms values show oscillations and inconsistent trends, indicating potential divergence.",,True,,1.9451560974121094,7,50,True
vasp-data-files/111110001100010010111110/OSZICAR,0,50,0,"The energy change (dE) and rms values show persistent oscillations and no consistent downward trend, indicating divergence.",,True,,1.8475227355957031,7,50,True
vasp-data-files/100100011110001111000110/OSZICAR,1,50,1,"The energy change (dE) and charge density residual (rms) show a consistent downward trend, indicating the calculation is approaching convergence.",,True,,2.0626888275146484,7,50,True
vasp-data-files/101111000100011100100100/OSZICAR,1,50,0,"The energy change (dE) and rms values show oscillations and inconsistent trends, indicating potential divergence.",,True,,1.9493868350982666,6,50,True
vasp-data-files/100011111111000011011111/OSZICAR,1,50,1,"The energy change (dE) and charge density residual (rms) show a consistent downward trend towards smaller values, indicating the calculation is approaching convergence.",,True,,3.068361520767212,7,50,True
vasp-data-files/111110000101110010101000/OSZICAR,1,50,1,"Both energy change (dE) and charge density residual (rms) show a consistent downward trend, indicating the calculation is approaching convergence.",,True,,2.4690911769866943,8,50,True
vasp-data-files/110100001001000011011111/OSZICAR,1,50,1,"The energy change (dE) and charge density residual (rms) show a consistent downward trend towards smaller values, indicating the calculation is approaching convergence.",,True,,2.7760190963745117,7,50,True
vasp-data-files/111100000111000001010110/OSZICAR,1,50,0,"The energy change (dE) and charge density residual (rms) show persistent oscillations and no consistent downward trend, indicating divergence.",,True,,2.0327136516571045,7,50,True
vasp-data-files/111111000101110010100100/OSZICAR,1,50,1,"The energy change (dE) and charge density residual (rms) show a consistent downward trend, indicating the calculation is approaching convergence.",,True,,1.9325497150421143,7,50,True
vasp-data-files/110010010011000000101000/OSZICAR,1,50,1,"The energy change (dE) and charge density residual (rms) show a consistent downward trend, indicating the calculation is approaching convergence.",,True,,2.2320358753204346,7,50,True
vasp-data-files/101101001100111000001000/OSZICAR,1,50,0,"The energy change (dE) and rms show oscillations and inconsistent trends, indicating potential divergence.",,True,,1.8452885150909424,7,50,True
vasp-data-files/101011110101101011011111/OSZICAR,0,50,0,"The energy change (dE) and charge density residual (rms) show persistent oscillations and no consistent downward trend, indicating divergence.",,True,,2.0612289905548096,7,50,True
vasp-data-files/110111000111000011111111/OSZICAR,1,50,1,"The energy change (dE) and charge density residual (rms) show a consistent downward trend towards smaller values, indicating the calculation is approaching convergence.",,True,,2.160529136657715,7,50,True
vasp-data-files/101100000001101111000001/OSZICAR,1,50,0,"The energy change (dE) and charge density residual (rms) show oscillatory behavior rather than a consistent downward trend, indicating potential divergence.",,True,,3.275052785873413,7,50,True
vasp-data-files/111110100000001100110001/OSZICAR,0,50,0,"The energy change (dE) and rms values show persistent oscillations and no consistent downward trend, indicating divergence.",,True,,1.6572940349578857,7,50,True
vasp-data-files/100111100010001100011001/OSZICAR,1,50,0,"The energy change (dE) and rms values show oscillatory behavior rather than a consistent downward trend, indicating potential divergence.",,True,,2.140798568725586,7,50,True
vasp-data-files/111110000100000000111110/OSZICAR,1,50,0,"The energy change (dE) and rms values show oscillations and inconsistent trends, indicating potential divergence.",,True,,1.9558234214782715,7,50,True
vasp-data-files/110000011001000011111010/OSZICAR,1,50,0,"The energy change (dE) and charge density residual (rms) show oscillatory behavior rather than a consistent downward trend, indicating potential divergence.",,True,,2.144839286804199,6,50,True
vasp-data-files/101011110001110011110101/OSZICAR,0,50,0,"The energy change (dE) and rms values show oscillatory behavior rather than a consistent downward trend, indicating potential divergence.",,True,,1.9573338031768799,7,50,True
vasp-data-files/111110001111111010110001/OSZICAR,0,50,0,"The energy change (dE) and rms values show oscillatory behavior rather than a consistent downward trend, indicating potential divergence.",,True,,2.1574251651763916,7,50,True
vasp-data-files/101010110001110000111100/OSZICAR,1,50,1,"The energy change (dE) and charge density residual (rms) show a consistent downward trend, indicating the calculation is approaching convergence.",,True,,2.353506565093994,7,50,True
vasp-data-files/111110000001010100101000/OSZICAR,1,50,1,"The energy change (dE) and charge density residual (rms) show a consistent downward trend towards smaller values, indicating the calculation is approaching convergence.",,True,,2.5575451850891113,7,50,True
vasp-data-files/101110000100111110100000/OSZICAR,0,50,0,"The energy change (dE) and rms values show persistent oscillations and no consistent downward trend, indicating divergence.",,True,,2.173837661743164,7,50,True
vasp-data-files/101101000001010000111100/OSZICAR,1,50,1,"The energy change (dE) and charge density residual (rms) show a consistent downward trend towards smaller values, indicating the calculation is approaching convergence.",,True,,2.0655229091644287,7,50,True
vasp-data-files/111011010101110000100110/OSZICAR,1,50,1,"The energy change (dE) and charge density residual (rms) show a consistent downward trend, indicating the calculation is approaching convergence.",,True,,2.030519723892212,7,50,True
vasp-data-files/111110000001011100100000/OSZICAR,1,50,1,"The energy change (dE) and charge density residual (rms) show a consistent downward trend, indicating the calculation is approaching convergence.",,True,,2.001335382461548,7,50,True
vasp-data-files/100100101110010010111110/OSZICAR,1,50,0,"The energy change (dE) and rms values show oscillatory behavior rather than a consistent downward trend, indicating potential divergence.",,True,,2.0972557067871094,7,50,True
vasp-data-files/110010110010100111010001/OSZICAR,1,50,0,"The energy change (dE) and charge density residual (rms) show oscillatory behavior rather than a consistent downward trend, indicating potential divergence.",,True,,2.368767261505127,6,50,True
vasp-data-files/101011010110110010010100/OSZICAR,0,50,0,"The energy change (dE) and rms values show oscillatory behavior rather than a consistent downward trend, indicating potential divergence.",,True,,1.8510315418243408,6,50,True
vasp-data-files/111111000001000000111010/OSZICAR,1,50,1,"The energy change (dE) and charge density residual (rms) show a consistent downward trend towards smaller values, indicating convergence.",,True,,2.0521509647369385,7,50,True
vasp-data-files/100011111011011001010111/OSZICAR,1,50,0,"The energy change (dE) and charge density residual (rms) show oscillatory behavior rather than a consistent downward trend, indicating potential divergence.",,True,,3.0694191455841064,7,50,True
vasp-data-files/111110000100001100101010/OSZICAR,1,50,1,"Both energy change (dE) and charge density residual (rms) show a consistent downward trend, indicating the calculation is approaching convergence.",,True,,2.9836947917938232,7,50,True
vasp-data-files/101001110111111111000001/OSZICAR,0,50,0,"The energy change (dE) and charge density residual (rms) show persistent oscillations without a clear downward trend, indicating divergence.",,True,,2.5305287837982178,7,50,True
vasp-data-files/111110000101111010100000/OSZICAR,1,50,1,"The energy change (dE) and charge density residual (rms) show a consistent downward trend, indicating the calculation is approaching convergence.",,True,,2.7077980041503906,7,50,True
vasp-data-files/110010111011100011111101/OSZICAR,1,50,0,"The energy change (dE) and rms values show oscillatory behavior rather than a consistent downward trend, indicating potential divergence.",,True,,2.0186095237731934,7,50,True
vasp-data-files/101100000101000011101101/OSZICAR,1,50,0,"The energy change (dE) and rms values show oscillatory behavior and do not consistently decrease, indicating potential divergence.",,True,,2.1673431396484375,7,50,True
vasp-data-files/111001010101110110100001/OSZICAR,1,50,1,"The energy change (dE) and charge density residual (rms) show a consistent downward trend towards smaller values, indicating the calculation is approaching convergence.",,True,,2.4291183948516846,7,50,True
vasp-data-files/101100110010100101111101/OSZICAR,0,50,0,"The energy change (dE) and rms values show persistent oscillations without a clear downward trend, indicating divergence.",,True,,2.1715891361236572,7,50,True
vasp-data-files/111110000101000010101110/OSZICAR,1,50,1,"The energy change (dE) and charge density residual (rms) show a consistent downward trend, indicating the calculation is approaching convergence.",,True,,2.2588424682617188,7,50,True
vasp-data-files/100001001101000001011111/OSZICAR,1,50,0,"The energy change (dE) and rms values show oscillations and inconsistent trends, indicating potential divergence.",,True,,1.9051992893218994,6,50,True
vasp-data-files/110001111011001101110111/OSZICAR,1,50,0,"The energy change (dE) and rms values show oscillations and inconsistent trends, indicating potential divergence.",,True,,2.1902363300323486,7,50,True
vasp-data-files/101111100110001111111101/OSZICAR,1,50,0,"The energy change (dE) and rms values show oscillatory behavior rather than a consistent downward trend, indicating potential divergence.",,True,,2.1514594554901123,7,50,True
vasp-data-files/111110010101100000111000/OSZICAR,1,50,1,"The energy change (dE) and charge density residual (rms) show a consistent downward trend, indicating the calculation is approaching convergence.",,True,,2.0851588249206543,7,50,True
vasp-data-files/101000111001111010100100/OSZICAR,1,50,0,"The energy change (dE) and rms values show oscillatory behavior rather than a consistent downward trend, indicating potential divergence.",,True,,2.026693105697632,7,50,True
vasp-data-files/101111101101011010111100/OSZICAR,1,50,0,"The energy change (dE) and rms values show oscillatory behavior rather than a consistent downward trend, indicating potential divergence.",,True,,2.2630531787872314,7,50,True
vasp-data-files/100111000111010000100000/OSZICAR,1,50,0,"The energy change (dE) and rms values show oscillatory behavior rather than a consistent downward trend, indicating potential divergence.",,True,,2.0438730716705322,6,50,True
vasp-data-files/101010110001111110100100/OSZICAR,1,50,1,"The energy change (dE) and charge density residual (rms) show a consistent downward trend, indicating the calculation is progressing toward convergence.",,True,,2.0673887729644775,7,50,True
vasp-data-files/111110000101011010101000/OSZICAR,1,50,1,"The energy change (dE) and charge density residual (rms) show a consistent downward trend towards smaller values, indicating the calculation is approaching convergence.",,True,,2.452338457107544,7,50,True
vasp-data-files/100011111010101011011111/OSZICAR,0,50,0,"The energy change (dE) and rms values show oscillatory behavior rather than a consistent downward trend, indicating potential divergence.",,True,,2.0647008419036865,7,50,True
vasp-data-files/111101001100110010100000/OSZICAR,1,50,0,"The energy change (dE) and rms values show oscillations and inconsistent trends, indicating potential divergence.",,True,,1.94036865234375,7,50,True
vasp-data-files/101111000101010010100000/OSZICAR,1,50,1,"The energy change (dE) and charge density residual (rms) show a consistent downward trend towards smaller values, indicating the calculation is approaching convergence.",,True,,2.359109878540039,7,50,True
vasp-data-files/100001110101111111010111/OSZICAR,1,50,0,"The energy change (dE) and rms values show oscillations and inconsistent trends, indicating lack of convergence.",,True,,2.044610023498535,7,50,True
vasp-data-files/111110001001000001111110/OSZICAR,1,50,1,"The energy change (dE) and charge density residual (rms) show a consistent downward trend, indicating the calculation is approaching convergence.",,True,,2.0737900733947754,7,50,True
vasp-data-files/100101100000111110110101/OSZICAR,1,50,0,"The energy change (dE) and rms values show oscillatory behavior rather than a consistent downward trend, indicating potential divergence.",,True,,2.033118724822998,7,50,True
vasp-data-files/101011010101111010100100/OSZICAR,1,50,1,"The energy change (dE) and charge density residual (rms) show a consistent downward trend, indicating the calculation is approaching convergence.",,True,,2.0636589527130127,7,50,True
vasp-data-files/111110000001000000111000/OSZICAR,1,50,0,"The energy change (dE) and rms values show oscillations and inconsistent trends, indicating potential divergence.",,True,,1.5269134044647217,7,50,True
vasp-data-files/111110010100011100110010/OSZICAR,0,50,0,"The energy change (dE) and rms values show oscillations and inconsistent trends, indicating potential divergence.",,True,,2.0493173599243164,7,50,True
vasp-data-files/101011110001111110100100/OSZICAR,1,50,1,"The energy change (dE) and charge density residual (rms) show a consistent downward trend towards smaller values, indicating the calculation is approaching convergence.",,True,,2.2596170902252197,7,50,True
vasp-data-files/101011110000111010100101/OSZICAR,0,50,0,"The energy change (dE) and rms values show persistent oscillations and do not consistently decrease, indicating divergence.",,True,,2.053875207901001,7,50,True
vasp-data-files/110000101000000110101100/OSZICAR,0,50,0,"The energy change (dE) and charge density residual (rms) show persistent oscillations and no consistent downward trend, indicating divergence.",,True,,1.957613468170166,7,50,True
vasp-data-files/101011100101001010111110/OSZICAR,0,50,0,"The energy change (dE) and charge density residual (rms) show oscillatory behavior rather than a consistent downward trend, indicating potential divergence.",,True,,2.674903631210327,7,50,True
vasp-data-files/101101000101001111000001/OSZICAR,1,50,0,"The energy change (dE) and rms values show oscillatory behavior rather than a consistent downward trend, indicating potential divergence.",,True,,3.0957043170928955,7,50,True
vasp-data-files/110010111010000010101010/OSZICAR,0,50,0,"The energy change (dE) and rms values show oscillations and inconsistent trends, indicating potential divergence.",,True,,1.9725043773651123,6,50,True
vasp-data-files/111110000001011110100000/OSZICAR,1,50,1,"The energy change (dE) and charge density residual (rms) show a general downward trend, indicating the calculation is progressing toward convergence.",,True,,2.263739824295044,7,50,True
vasp-data-files/101011010110111110100000/OSZICAR,1,50,1,"The energy change (dE) and charge density residual (rms) show a consistent downward trend towards smaller values, indicating the calculation is approaching convergence.",,True,,2.724872589111328,7,50,True
vasp-data-files/100100010110111001001000/OSZICAR,1,50,1,"The energy change (dE) and charge density residual (rms) show a consistent downward trend towards smaller values, indicating the calculation is approaching convergence.",,True,,2.5086638927459717,7,50,True
vasp-data-files/111110001100001110100010/OSZICAR,1,50,0,"The energy change (dE) and rms values show oscillatory behavior rather than a consistent downward trend, indicating potential divergence.",,True,,2.302180051803589,7,50,True
vasp-data-files/101110000101000001101111/OSZICAR,1,50,0,"The energy change (dE) and rms show oscillations and inconsistent trends, indicating potential divergence.",,True,,2.7676219940185547,6,50,True
vasp-data-files/110010111010110010101000/OSZICAR,1,50,0,"The energy change (dE) and rms values show oscillatory behavior rather than a consistent downward trend, indicating potential divergence.",,True,,2.062290906906128,7,50,True
vasp-data-files/101100000101110010100000/OSZICAR,1,50,0,"The energy change (dE) and rms values show oscillatory behavior rather than a consistent downward trend, indicating potential divergence.",,True,,2.076106309890747,7,50,True
vasp-data-files/110110000011000100101000/OSZICAR,1,50,0,"The energy change (dE) and rms values show oscillations and inconsistent trends, indicating potential divergence.",,True,,1.9181737899780273,7,50,True
vasp-data-files/111101111011110011111000/OSZICAR,1,50,0,"The energy change (dE) and rms values show oscillatory behavior rather than a consistent downward trend, indicating potential divergence.",,True,,2.365266799926758,7,50,True
vasp-data-files/111110000000010000110110/OSZICAR,1,50,1,"The energy change (dE) and charge density residual (rms) show a consistent downward trend towards smaller values, indicating the calculation is approaching convergence.",,True,,2.207444429397583,7,50,True
vasp-data-files/100001110110111111011001/OSZICAR,0,50,0,"The energy change (dE) and charge density residual (rms) show persistent oscillations and no consistent downward trend, indicating divergence.",,True,,2.250389337539673,7,50,True
vasp-data-files/110011111010011101101001/OSZICAR,0,50,0,"The energy change (dE) and rms values show oscillatory behavior rather than a consistent downward trend, indicating potential divergence.",,True,,2.1064791679382324,7,50,True
vasp-data-files/100000110110100011010111/OSZICAR,1,50,1,"Both dE and rms show a consistent downward trend towards smaller values, indicating the calculation is approaching convergence.",,True,,1.9505043029785156,7,50,True
vasp-data-files/101101000101110010001000/OSZICAR,1,50,0,"The energy change (dE) and rms show oscillations and inconsistent trends, indicating potential divergence.",,True,,2.7713091373443604,7,50,True
vasp-data-files/101111010101010001101100/OSZICAR,1,50,0,"The energy change (dE) and rms values show oscillatory behavior rather than a consistent downward trend, indicating potential divergence.",,True,,2.022824764251709,7,50,True
vasp-data-files/110001011011111101111011/OSZICAR,1,50,0,"The energy change (dE) and rms values show oscillatory behavior rather than a consistent downward trend, indicating potential divergence.",,True,,2.036545753479004,7,50,True
vasp-data-files/101111000001111110100000/OSZICAR,0,50,0,"The energy change (dE) and charge density residual (rms) show persistent oscillations and no consistent downward trend, indicating divergence.",,True,,2.061823844909668,7,50,True
vasp-data-files/100000110100101101010001/OSZICAR,1,50,0,"The energy change (dE) and rms show oscillations and inconsistent trends, indicating potential divergence.",,True,,1.987483024597168,7,50,True
vasp-data-files/101101111111110011010001/OSZICAR,1,50,0,"The energy change (dE) and rms values show oscillatory behavior rather than a consistent downward trend, indicating potential divergence.",,True,,2.127633810043335,7,50,True
vasp-data-files/100001111101111011010101/OSZICAR,1,50,1,"The energy change (dE) and charge density residual (rms) show a consistent downward trend towards smaller values, indicating the calculation is approaching convergence.",,True,,2.091766595840454,7,50,True
vasp-data-files/101100000101110010101100/OSZICAR,1,50,1,"The energy change (dE) and charge density residual (rms) show a consistent downward trend towards the end of the steps, indicating convergence is likely.",,True,,2.3654515743255615,7,50,True
vasp-data-files/111110000100111010100000/OSZICAR,1,50,0,"The energy change (dE) and rms values show oscillations and inconsistent trends, indicating potential divergence.",,True,,2.4086966514587402,6,50,True
vasp-data-files/111110010101110000111100/OSZICAR,1,50,1,"The energy change (dE) and charge density residual (rms) show a consistent downward trend, indicating the calculation is approaching convergence.",,True,,2.579991102218628,7,50,True
vasp-data-files/111110000101011010110110/OSZICAR,1,50,1,"The energy change (dE) and charge density residual (rms) show a consistent downward trend towards smaller values, indicating the calculation is approaching convergence.",,True,,2.487060308456421,7,50,True
vasp-data-files/100000111100111001000001/OSZICAR,1,50,0,"The energy change (dE) and charge density residual (rms) show oscillatory behavior and do not consistently decrease, indicating potential divergence.",,True,,2.3563945293426514,7,50,True
vasp-data-files/111100000101010100100000/OSZICAR,1,50,0,"The energy change (dE) and rms values show oscillations and inconsistent trends, indicating potential divergence.",,True,,1.8862807750701904,7,50,True
vasp-data-files/111101011100111111000011/OSZICAR,0,50,0,"The energy change (dE) and rms values show persistent oscillations without a clear downward trend, indicating divergence.",,True,,2.0310842990875244,7,50,True
vasp-data-files/101000000000001100110001/OSZICAR,1,50,0,"The energy change (dE) and charge density residual (rms) show oscillatory behavior rather than a consistent downward trend, indicating potential divergence.",,True,,1.980295181274414,7,50,True
vasp-data-files/110110000011010100101000/OSZICAR,1,50,1,"The energy change (dE) and charge density residual (rms) show a consistent downward trend, indicating the calculation is approaching convergence.",,True,,2.1359384059906006,7,50,True
vasp-data-files/101100010101110001100100/OSZICAR,1,50,0,"The energy change (dE) and charge density residual (rms) show persistent oscillations and no consistent downward trend, indicating divergence.",,True,,2.3484575748443604,7,50,True
vasp-data-files/111100000101111110000000/OSZICAR,1,50,0,"The energy change (dE) and rms values show oscillatory behavior rather than a consistent downward trend, indicating potential divergence.",,True,,2.0563805103302,6,50,True
vasp-data-files/101001111100101111010001/OSZICAR,1,50,0,"The energy change (dE) and rms values show oscillatory behavior rather than a consistent downward trend, indicating potential divergence.",,True,,2.4599313735961914,7,50,True
vasp-data-files/101100000001110010100000/OSZICAR,0,50,0,"The energy change (dE) and rms values show oscillations and inconsistent trends, indicating potential divergence.",,True,,2.261845350265503,7,50,True
vasp-data-files/110100110011001101010101/OSZICAR,1,50,1,"The energy change (dE) and charge density residual (rms) show a consistent downward trend towards smaller values, indicating the calculation is approaching convergence.",,True,,2.1459076404571533,7,50,True
vasp-data-files/110001101111010110111011/OSZICAR,1,50,0,"The energy change (dE) and rms values show oscillatory behavior rather than a consistent downward trend, indicating potential divergence.",,True,,2.0640201568603516,7,50,True
vasp-data-files/100001010000011010111110/OSZICAR,1,50,0,"The energy change (dE) and rms values show oscillations and inconsistent trends, indicating potential divergence.",,True,,1.9542930126190186,6,50,True
vasp-data-files/111110110000110100111100/OSZICAR,0,50,0,"The energy change (dE) and charge density residual (rms) show persistent oscillations and no consistent downward trend, indicating divergence.",,True,,2.0507733821868896,7,50,True
vasp-data-files/100100010100110000110100/OSZICAR,1,50,1,"The energy change (dE) and charge density residual (rms) show a consistent downward trend towards smaller values, indicating the calculation is approaching convergence.",,True,,2.358062267303467,7,50,True
vasp-data-files/101110000100001010011000/OSZICAR,1,50,0,"The energy change (dE) and rms values show oscillatory behavior rather than a consistent downward trend, indicating potential divergence.",,True,,1.8480024337768555,7,50,True
vasp-data-files/111110000010001100111000/OSZICAR,1,50,1,"The energy change (dE) and charge density residual (rms) show a consistent downward trend in the later steps, indicating convergence is likely.",,True,,2.158480644226074,7,50,True
vasp-data-files/100101001111000001011111/OSZICAR,1,50,1,"Both energy change (dE) and charge density residual (rms) show a consistent downward trend towards smaller values, indicating the calculation is approaching convergence.",,True,,2.10898494720459,7,50,True
vasp-data-files/111100000100111000100000/OSZICAR,1,50,1,"The energy change (dE) and charge density residual (rms) show a consistent downward trend, indicating the calculation is approaching convergence.",,True,,3.3208277225494385,7,50,True
vasp-data-files/111110000101010010100001/OSZICAR,1,50,0,"The energy change (dE) and charge density residual (rms) show oscillatory behavior rather than a consistent downward trend, indicating potential divergence.",,True,,2.092313766479492,7,50,True
vasp-data-files/101011010101111010100110/OSZICAR,1,50,0,"The energy change (dE) and rms values show oscillatory behavior rather than a consistent downward trend, indicating potential divergence.",,True,,2.2466063499450684,6,50,True
vasp-data-files/110011010011110110110000/OSZICAR,1,50,1,"Both dE and rms show a consistent downward trend, indicating the calculation is approaching convergence.",,True,,1.9219093322753906,8,50,True
vasp-data-files/111110001100001110100011/OSZICAR,1,50,1,"The energy change (dE) and charge density residual (rms) show a general downward trend, indicating the calculation is progressing toward convergence.",,True,,2.1570839881896973,7,50,True
vasp-data-files/101011010101000100111110/OSZICAR,1,50,1,"The energy change (dE) and charge density residual (rms) show a consistent downward trend, indicating the calculation is approaching convergence.",,True,,2.2581911087036133,7,50,True
vasp-data-files/101001011101111010110110/OSZICAR,0,50,0,"The energy change (dE) and charge density residual (rms) show persistent oscillations and no consistent downward trend, indicating divergence.",,True,,2.176657199859619,7,50,True
vasp-data-files/101101000101111100100000/OSZICAR,1,50,0,"The energy change (dE) and rms values show oscillatory behavior rather than a consistent downward trend, indicating potential divergence.",,True,,1.9232048988342285,7,50,True
vasp-data-files/100100001111000001011111/OSZICAR,0,50,1,"The energy change (dE) and charge density residual (rms) show a consistent downward trend, indicating the calculation is approaching convergence.",,True,,2.0139808654785156,7,50,True
vasp-data-files/111110000000000000111110/OSZICAR,1,50,1,"The energy change (dE) and charge density residual (rms) show a consistent downward trend, indicating the calculation is approaching convergence.",,True,,1.6896350383758545,7,50,True
vasp-data-files/101001010100111110000000/OSZICAR,1,50,1,"The energy change (dE) and charge density residual (rms) show a consistent downward trend, indicating the calculation is approaching convergence.",,True,,1.939185619354248,7,50,True
vasp-data-files/111001111010110001111011/OSZICAR,0,50,0,"The energy change (dE) and rms values show persistent oscillations and no consistent downward trend, indicating divergence.",,True,,2.26493239402771,7,50,True
vasp-data-files/101101010101111010000011/OSZICAR,1,50,1,"The energy change (dE) and charge density residual (rms) show a consistent downward trend towards smaller values, indicating the calculation is approaching convergence.",,True,,2.2424886226654053,7,50,True
vasp-data-files/110010100010001101001111/OSZICAR,0,50,0,"The energy change (dE) and rms values show oscillations and inconsistent trends, indicating potential divergence.",,True,,1.867041826248169,6,50,True
vasp-data-files/101010010100001011010111/OSZICAR,1,50,1,"The energy change (dE) and charge density residual (rms) show a consistent downward trend towards smaller values, indicating the calculation is approaching convergence.",,True,,2.1444642543792725,7,50,True
vasp-data-files/100111111100111011000111/OSZICAR,1,50,0,"The energy change (dE) and rms values show persistent oscillations and no consistent downward trend, indicating divergence.",,True,,1.910961627960205,6,50,True
vasp-data-files/100011010111111010000110/OSZICAR,1,50,0,"The energy change (dE) and rms values show oscillatory behavior rather than a consistent downward trend, indicating potential divergence.",,True,,1.9868741035461426,6,50,True
vasp-data-files/101011010100111010100000/OSZICAR,1,50,1,"The energy change (dE) and charge density residual (rms) show a consistent downward trend towards smaller values, indicating convergence.",,True,,2.104440450668335,7,50,True
vasp-data-files/101100010101100001101100/OSZICAR,1,50,0,"The energy change (dE) and rms values show oscillatory behavior rather than a consistent downward trend, indicating potential divergence.",,True,,2.185086250305176,7,50,True
vasp-data-files/111100000001101101000001/OSZICAR,1,50,1,"Both dE and rms show a consistent downward trend, indicating the calculation is approaching convergence.",,True,,1.8507354259490967,7,50,True
vasp-data-files/100000010110101000100111/OSZICAR,0,50,0,"The energy change (dE) and rms values show oscillatory behavior rather than a consistent downward trend, indicating potential divergence.",,True,,2.2500815391540527,7,50,True
vasp-data-files/101011010101111010100111/OSZICAR,1,50,1,"The energy change (dE) and charge density residual (rms) show a consistent downward trend, indicating the calculation is approaching convergence.",,True,,2.130732297897339,7,50,True
vasp-data-files/110100001101000001011111/OSZICAR,1,50,0,"The energy change (dE) and rms values show oscillations and inconsistent trends, indicating potential divergence.",,True,,2.0031697750091553,7,50,True
vasp-data-files/101100000100111100100000/OSZICAR,1,50,0,"The energy change (dE) and rms show oscillations and inconsistent trends, indicating potential divergence.",,True,,2.1179592609405518,7,50,True
vasp-data-files/101111100101011111100100/OSZICAR,1,50,1,"The energy change (dE) and charge density residual (rms) show a consistent downward trend, indicating the calculation is approaching convergence.",,True,,2.3654370307922363,7,50,True
vasp-data-files/100101000011000010011111/OSZICAR,1,50,0,"The energy change (dE) and rms values show oscillatory behavior and do not consistently decrease, indicating potential divergence.",,True,,2.156254768371582,7,50,True
vasp-data-files/111001101101000111001011/OSZICAR,1,50,0,"The energy change (dE) and rms values show oscillatory behavior rather than a consistent downward trend, indicating potential divergence.",,True,,2.1574413776397705,7,50,True
vasp-data-files/111110000101111110100000/OSZICAR,1,50,1,"Both energy change (dE) and charge density residual (rms) show a consistent downward trend, indicating the calculation is approaching convergence.",,True,,2.455557346343994,8,50,True
vasp-data-files/101001010100111110100000/OSZICAR,1,50,0,"The energy change (dE) and charge density residual (rms) show inconsistent trends with oscillations and no clear downward convergence, indicating divergence.",,True,,2.1488852500915527,7,50,True
vasp-data-files/101001110001111010000110/OSZICAR,0,50,0,"The energy change (dE) and rms values show oscillations and inconsistent trends, indicating potential divergence.",,True,,1.9485139846801758,6,50,True
vasp-data-files/110000111011001011011101/OSZICAR,1,50,1,"The energy change (dE) and charge density residual (rms) show a consistent downward trend towards smaller values, indicating the calculation is approaching convergence.",,True,,1.8915963172912598,7,50,True
vasp-data-files/111110111011101100101011/OSZICAR,1,50,1,"The energy change (dE) and charge density residual (rms) show a consistent downward trend towards smaller values, indicating the calculation is approaching convergence.",,True,,2.0629098415374756,7,50,True
vasp-data-files/110110001111010100100000/OSZICAR,0,50,0,"The energy change (dE) and rms values show oscillations and inconsistent trends, indicating potential divergence.",,True,,1.9290523529052734,7,50,True
vasp-data-files/110110101101010111000011/OSZICAR,1,50,0,"The energy change (dE) and rms values show oscillations and inconsistent trends, indicating potential divergence.",,True,,1.8912196159362793,6,50,True
vasp-data-files/110110011110111000000110/OSZICAR,0,50,0,"The energy change (dE) and charge density residual (rms) show persistent oscillations and no consistent downward trend, indicating divergence.",,True,,2.05413818359375,7,50,True
vasp-data-files/101011010101111110100100/OSZICAR,1,50,1,"The energy change (dE) and charge density residual (rms) show a consistent downward trend towards smaller values, indicating convergence.",,True,,1.9035441875457764,7,50,True
vasp-data-files/101101000001100010011000/OSZICAR,1,50,0,"The energy change (dE) and rms values show oscillations and inconsistent trends, indicating potential divergence.",,True,,1.7263705730438232,6,50,True
vasp-data-files/110110101100001000111110/OSZICAR,0,50,0,"The energy change (dE) and rms values show persistent oscillations and do not consistently decrease, indicating a lack of convergence.",,True,,1.9114782810211182,7,50,True
vasp-data-files/111101010101111011011000/OSZICAR,1,50,0,"The energy change (dE) and charge density residual (rms) show persistent oscillations and no consistent downward trend, indicating divergence.",,True,,2.258350372314453,7,50,True
vasp-data-files/100101110010001101011001/OSZICAR,1,50,1,"The energy change (dE) and charge density residual (rms) show a consistent downward trend towards smaller values, indicating the calculation is approaching convergence.",,True,,2.1320931911468506,7,50,True
vasp-data-files/111111010111000011010011/OSZICAR,1,50,1,"The energy change (dE) and charge density residual (rms) show a consistent downward trend towards the end of the steps, indicating convergence is likely.",,True,,2.3084628582000732,7,50,True
vasp-data-files/100100110010000101111001/OSZICAR,1,50,1,"Both energy change (dE) and charge density residual (rms) show a consistent downward trend, indicating the calculation is approaching convergence.",,True,,2.037229299545288,7,50,True
vasp-data-files/100011011011100110111001/OSZICAR,0,50,0,"The energy change (dE) and charge density residual (rms) show inconsistent behavior with oscillations and no clear downward trend, indicating divergence.",,True,,2.0818028450012207,7,50,True
vasp-data-files/111110000101001100101010/OSZICAR,1,50,0,"The energy change (dE) and rms values show oscillatory behavior rather than a consistent downward trend, indicating potential divergence.",,True,,2.043508768081665,6,50,True
vasp-data-files/101101010101011001000100/OSZICAR,0,50,0,"The energy change (dE) and rms values show oscillatory behavior rather than a consistent downward trend, indicating potential divergence.",,True,,1.9630584716796875,7,50,True
vasp-data-files/111101001101111011110000/OSZICAR,1,50,0,"The energy change (dE) and rms show oscillations and inconsistent trends, indicating potential divergence.",,True,,1.925286054611206,7,50,True
vasp-data-files/101001010001111100000000/OSZICAR,1,50,1,"The energy change (dE) and charge density residual (rms) show a consistent downward trend towards smaller values, indicating the calculation is approaching convergence.",,True,,2.457646608352661,7,50,True
vasp-data-files/111010010000111010100100/OSZICAR,0,50,0,"The energy change (dE) and rms values show oscillatory behavior rather than a consistent downward trend, indicating potential divergence.",,True,,1.9161689281463623,7,50,True
vasp-data-files/101101000100011011000011/OSZICAR,1,50,1,"Both energy change (dE) and charge density residual (rms) show a consistent downward trend towards smaller values, indicating the calculation is progressing toward convergence.",,True,,2.2069356441497803,7,50,True
vasp-data-files/100110010100110010111100/OSZICAR,0,50,0,"The energy change (dE) and charge density residual (rms) show inconsistent behavior with oscillations and no clear downward trend, indicating potential divergence.",,True,,2.131563186645508,7,50,True
vasp-data-files/110101011111001001011011/OSZICAR,1,50,0,"The energy change (dE) and rms values show oscillations and inconsistent trends, indicating potential divergence.",,True,,1.955937385559082,7,50,True
vasp-data-files/111110000101111010100100/OSZICAR,1,50,1,"The energy change (dE) and charge density residual (rms) show a consistent downward trend towards smaller values, indicating the calculation is approaching convergence.",,True,,2.339141845703125,7,50,True
vasp-data-files/110010111010001100010010/OSZICAR,1,50,1,"Both dE and rms show a consistent downward trend, indicating the calculation is approaching convergence.",,True,,1.85758376121521,7,50,True
vasp-data-files/101001111011100001100001/OSZICAR,0,50,0,"The energy change (dE) and charge density residual (rms) show oscillatory behavior and do not consistently decrease, indicating potential divergence.",,True,,2.3504488468170166,7,50,True
vasp-data-files/101101110000000110000011/OSZICAR,0,50,0,"The energy change (dE) and charge density residual (rms) show oscillatory behavior rather than a consistent downward trend, indicating potential divergence.",,True,,2.0932695865631104,7,50,True
vasp-data-files/110110000011010010101100/OSZICAR,1,50,0,"The energy change (dE) and rms values show oscillatory behavior rather than a consistent downward trend, indicating potential divergence.",,True,,2.112811326980591,7,50,True
vasp-data-files/100101001101111100001000/OSZICAR,1,50,1,"Both energy change (dE) and charge density residual (rms) show a consistent downward trend, indicating the calculation is approaching convergence.",,True,,2.028803825378418,8,50,True
vasp-data-files/111011110001110110010000/OSZICAR,0,50,0,"The energy change (dE) and charge density residual (rms) show inconsistent behavior with oscillations and no clear downward trend, indicating divergence.",,True,,2.693267583847046,7,50,True
vasp-data-files/101101001011001001100101/OSZICAR,0,50,1,"The energy change (dE) and charge density residual (rms) show a consistent downward trend, indicating the calculation is approaching convergence.",,True,,2.0634775161743164,7,50,True
vasp-data-files/110000010110101101010011/OSZICAR,0,50,0,"The energy change (dE) and rms values show oscillatory behavior rather than a consistent downward trend, indicating potential divergence.",,True,,1.956214189529419,7,50,True
vasp-data-files/111010001101110010100110/OSZICAR,0,50,0,"The energy change (dE) and charge density residual (rms) show oscillatory behavior rather than a consistent downward trend, indicating potential divergence.",,True,,1.9455146789550781,7,50,True
vasp-data-files/110110001001000011111111/OSZICAR,0,50,0,"The energy change (dE) and rms values show persistent oscillations without a clear downward trend, indicating divergence.",,True,,2.022334098815918,7,50,True
vasp-data-files/100010110110111111110001/OSZICAR,1,50,0,"The energy change (dE) and rms values show oscillatory behavior rather than a consistent downward trend, indicating potential divergence.",,True,,2.1908411979675293,7,50,True
vasp-data-files/101100010101110001101100/OSZICAR,0,50,0,"The energy change (dE) and rms values show oscillatory behavior rather than a consistent downward trend, indicating potential divergence.",,True,,2.1366114616394043,6,50,True
vasp-data-files/101100101001000101010100/OSZICAR,0,50,0,"The energy change (dE) and charge density residual (rms) show oscillatory behavior rather than a consistent downward trend, indicating potential divergence.",,True,,2.1821939945220947,7,50,True
vasp-data-files/101010100000111110110001/OSZICAR,1,50,0,"The energy change (dE) and charge density residual (rms) show oscillatory behavior rather than a consistent downward trend, indicating potential divergence.",,True,,2.2365334033966064,7,50,True
